ISO-10303-21;
HEADER;
FILE_DESCRIPTION(('FreeCAD Model'),'2;1');
FILE_NAME('Open CASCADE Shape Model','2026-04-01T09:00:33',(''),(''),
  'Open CASCADE STEP processor 7.8','FreeCAD','Unknown');
FILE_SCHEMA(('AUTOMOTIVE_DESIGN { 1 0 10303 214 1 1 1 1 }'));
ENDSEC;
DATA;
#1 = APPLICATION_PROTOCOL_DEFINITION('international standard',
  'automotive_design',2000,#2);
#2 = APPLICATION_CONTEXT(
  'core data for automotive mechanical design processes');
#3 = SHAPE_DEFINITION_REPRESENTATION(#4,#10);
#4 = PRODUCT_DEFINITION_SHAPE('','',#5);
#5 = PRODUCT_DEFINITION('design','',#6,#9);
#6 = PRODUCT_DEFINITION_FORMATION('','',#7);
#7 = PRODUCT('Lid','Lid','',(#8));
#8 = PRODUCT_CONTEXT('',#2,'mechanical');
#9 = PRODUCT_DEFINITION_CONTEXT('part definition',#2,'design');
#10 = ADVANCED_BREP_SHAPE_REPRESENTATION('',(#11,#15),#4466);
#11 = AXIS2_PLACEMENT_3D('',#12,#13,#14);
#12 = CARTESIAN_POINT('',(0.,0.,0.));
#13 = DIRECTION('',(0.,0.,1.));
#14 = DIRECTION('',(1.,0.,-0.));
#15 = MANIFOLD_SOLID_BREP('',#16);
#16 = CLOSED_SHELL('',(#17,#870,#901,#925,#1001,#1025,#1109,#1133,#1157,
    #1174,#1205,#1229,#1253,#1277,#1301,#1318,#1349,#1373,#1397,#1421,
    #1445,#1462,#1493,#1517,#1541,#1565,#1589,#1606,#1637,#1661,#1685,
    #1709,#1733,#1750,#1781,#1806,#1831,#1855,#1879,#1904,#1929,#1946,
    #1977,#2001,#2025,#2049,#2073,#2090,#2121,#2145,#2169,#2193,#2217,
    #2234,#2265,#2289,#2313,#2337,#2361,#2378,#2409,#2433,#2457,#2481,
    #2505,#2522,#2553,#2577,#2601,#2625,#2649,#2666,#2697,#2721,#2745,
    #2769,#2793,#2810,#2841,#2865,#2889,#2913,#2937,#2954,#2985,#3009,
    #3033,#3057,#3081,#3098,#3129,#3153,#3177,#3201,#3225,#3242,#3273,
    #3297,#3321,#3345,#3369,#3386,#3518,#3900,#3928,#3939,#3967,#3978,
    #4049,#4071,#4088,#4129,#4146,#4163,#4180,#4197,#4214,#4231,#4248,
    #4291,#4303,#4331,#4359,#4376,#4393,#4410,#4427,#4444,#4455));
#17 = ADVANCED_FACE('',(#18,#95,#145,#195,#245,#295,#365,#415,#465,#515,
    #565,#615,#665,#715,#765,#815),#865,.F.);
#18 = FACE_BOUND('',#19,.F.);
#19 = EDGE_LOOP('',(#20,#30,#38,#46,#55,#63,#71,#79,#88));
#20 = ORIENTED_EDGE('',*,*,#21,.F.);
#21 = EDGE_CURVE('',#22,#24,#26,.T.);
#22 = VERTEX_POINT('',#23);
#23 = CARTESIAN_POINT('',(-79.930446,-25.85,56.));
#24 = VERTEX_POINT('',#25);
#25 = CARTESIAN_POINT('',(-79.930446,-23.4180410907,56.));
#26 = LINE('',#27,#28);
#27 = CARTESIAN_POINT('',(-79.930446,42.075,56.));
#28 = VECTOR('',#29,1.);
#29 = DIRECTION('',(0.,1.,0.));
#30 = ORIENTED_EDGE('',*,*,#31,.F.);
#31 = EDGE_CURVE('',#32,#22,#34,.T.);
#32 = VERTEX_POINT('',#33);
#33 = CARTESIAN_POINT('',(90.069554,-25.85,56.));
#34 = LINE('',#35,#36);
#35 = CARTESIAN_POINT('',(-39.965223,-25.85,56.));
#36 = VECTOR('',#37,1.);
#37 = DIRECTION('',(-1.,0.,0.));
#38 = ORIENTED_EDGE('',*,*,#39,.F.);
#39 = EDGE_CURVE('',#40,#32,#42,.T.);
#40 = VERTEX_POINT('',#41);
#41 = CARTESIAN_POINT('',(90.069554,-23.4180410907,56.));
#42 = LINE('',#43,#44);
#43 = CARTESIAN_POINT('',(90.069554,-12.925,56.));
#44 = VECTOR('',#45,1.);
#45 = DIRECTION('',(0.,-1.,0.));
#46 = ORIENTED_EDGE('',*,*,#47,.F.);
#47 = EDGE_CURVE('',#48,#40,#50,.T.);
#48 = VERTEX_POINT('',#49);
#49 = CARTESIAN_POINT('',(90.069554,-20.63415890929,56.));
#50 = CIRCLE('',#51,1.4);
#51 = AXIS2_PLACEMENT_3D('',#52,#53,#54);
#52 = CARTESIAN_POINT('',(89.919554,-22.0261,56.));
#53 = DIRECTION('',(0.,0.,1.));
#54 = DIRECTION('',(1.,0.,0.));
#55 = ORIENTED_EDGE('',*,*,#56,.F.);
#56 = EDGE_CURVE('',#57,#48,#59,.T.);
#57 = VERTEX_POINT('',#58);
#58 = CARTESIAN_POINT('',(90.069554,84.15,56.));
#59 = LINE('',#60,#61);
#60 = CARTESIAN_POINT('',(90.069554,-12.925,56.));
#61 = VECTOR('',#62,1.);
#62 = DIRECTION('',(0.,-1.,0.));
#63 = ORIENTED_EDGE('',*,*,#64,.F.);
#64 = EDGE_CURVE('',#65,#57,#67,.T.);
#65 = VERTEX_POINT('',#66);
#66 = CARTESIAN_POINT('',(-79.930446,84.15,56.));
#67 = LINE('',#68,#69);
#68 = CARTESIAN_POINT('',(45.034777,84.15,56.));
#69 = VECTOR('',#70,1.);
#70 = DIRECTION('',(1.,0.,0.));
#71 = ORIENTED_EDGE('',*,*,#72,.F.);
#72 = EDGE_CURVE('',#73,#65,#75,.T.);
#73 = VERTEX_POINT('',#74);
#74 = CARTESIAN_POINT('',(-79.930446,-20.63415890929,56.));
#75 = LINE('',#76,#77);
#76 = CARTESIAN_POINT('',(-79.930446,42.075,56.));
#77 = VECTOR('',#78,1.);
#78 = DIRECTION('',(0.,1.,0.));
#79 = ORIENTED_EDGE('',*,*,#80,.F.);
#80 = EDGE_CURVE('',#81,#73,#83,.T.);
#81 = VERTEX_POINT('',#82);
#82 = CARTESIAN_POINT('',(-78.680446,-22.0261,56.));
#83 = CIRCLE('',#84,1.4);
#84 = AXIS2_PLACEMENT_3D('',#85,#86,#87);
#85 = CARTESIAN_POINT('',(-80.080446,-22.0261,56.));
#86 = DIRECTION('',(0.,0.,1.));
#87 = DIRECTION('',(1.,0.,0.));
#88 = ORIENTED_EDGE('',*,*,#89,.F.);
#89 = EDGE_CURVE('',#24,#81,#90,.T.);
#90 = CIRCLE('',#91,1.4);
#91 = AXIS2_PLACEMENT_3D('',#92,#93,#94);
#92 = CARTESIAN_POINT('',(-80.080446,-22.0261,56.));
#93 = DIRECTION('',(0.,0.,1.));
#94 = DIRECTION('',(1.,0.,0.));
#95 = FACE_BOUND('',#96,.F.);
#96 = EDGE_LOOP('',(#97,#107,#115,#123,#131,#139));
#97 = ORIENTED_EDGE('',*,*,#98,.F.);
#98 = EDGE_CURVE('',#99,#101,#103,.T.);
#99 = VERTEX_POINT('',#100);
#100 = CARTESIAN_POINT('',(-59.4651776792,25.083657427307,56.));
#101 = VERTEX_POINT('',#102);
#102 = CARTESIAN_POINT('',(-68.12543171705,20.083657427307,56.));
#103 = LINE('',#104,#105);
#104 = CARTESIAN_POINT('',(-42.59650718747,34.822788876581,56.));
#105 = VECTOR('',#106,1.);
#106 = DIRECTION('',(-0.866025403784,-0.5,0.));
#107 = ORIENTED_EDGE('',*,*,#108,.F.);
#108 = EDGE_CURVE('',#109,#99,#111,.T.);
#109 = VERTEX_POINT('',#110);
#110 = CARTESIAN_POINT('',(-50.80492364136,20.083657427307,56.));
#111 = LINE('',#112,#113);
#112 = CARTESIAN_POINT('',(-27.40483789261,6.573611621207,56.));
#113 = VECTOR('',#114,1.);
#114 = DIRECTION('',(-0.866025403784,0.5,0.));
#115 = ORIENTED_EDGE('',*,*,#116,.F.);
#116 = EDGE_CURVE('',#117,#109,#119,.T.);
#117 = VERTEX_POINT('',#118);
#118 = CARTESIAN_POINT('',(-50.80492364136,10.083657427307,56.));
#119 = LINE('',#120,#121);
#120 = CARTESIAN_POINT('',(-50.80492364136,5.041828713654,56.));
#121 = VECTOR('',#122,1.);
#122 = DIRECTION('',(0.,1.,0.));
#123 = ORIENTED_EDGE('',*,*,#124,.F.);
#124 = EDGE_CURVE('',#125,#117,#127,.T.);
#125 = VERTEX_POINT('',#126);
#126 = CARTESIAN_POINT('',(-59.4651776792,5.083657427307,56.));
#127 = LINE('',#128,#129);
#128 = CARTESIAN_POINT('',(-38.26638016855,17.322788876581,56.));
#129 = VECTOR('',#130,1.);
#130 = DIRECTION('',(0.866025403784,0.5,0.));
#131 = ORIENTED_EDGE('',*,*,#132,.F.);
#132 = EDGE_CURVE('',#133,#125,#135,.T.);
#133 = VERTEX_POINT('',#134);
#134 = CARTESIAN_POINT('',(-68.12543171705,10.083657427307,56.));
#135 = LINE('',#136,#137);
#136 = CARTESIAN_POINT('',(-40.39521894937,-5.926388378793,56.));
#137 = VECTOR('',#138,1.);
#138 = DIRECTION('',(0.866025403784,-0.5,0.));
#139 = ORIENTED_EDGE('',*,*,#140,.F.);
#140 = EDGE_CURVE('',#101,#133,#141,.T.);
#141 = LINE('',#142,#143);
#142 = CARTESIAN_POINT('',(-68.12543171705,10.041828713654,56.));
#143 = VECTOR('',#144,1.);
#144 = DIRECTION('',(0.,-1.,0.));
#145 = FACE_BOUND('',#146,.F.);
#146 = EDGE_LOOP('',(#147,#157,#165,#173,#181,#189));
#147 = ORIENTED_EDGE('',*,*,#148,.F.);
#148 = EDGE_CURVE('',#149,#151,#153,.T.);
#149 = VERTEX_POINT('',#150);
#150 = CARTESIAN_POINT('',(-39.47004993562,24.64222054875,56.));
#151 = VERTEX_POINT('',#152);
#152 = CARTESIAN_POINT('',(-48.13030397346,19.64222054875,56.));
#153 = LINE('',#154,#155);
#154 = CARTESIAN_POINT('',(-30.00397845998,30.107459463379,56.));
#155 = VECTOR('',#156,1.);
#156 = DIRECTION('',(-0.866025403784,-0.5,0.));
#157 = ORIENTED_EDGE('',*,*,#158,.F.);
#158 = EDGE_CURVE('',#159,#149,#161,.T.);
#159 = VERTEX_POINT('',#160);
#160 = CARTESIAN_POINT('',(-30.80979589777,19.64222054875,56.));
#161 = LINE('',#162,#163);
#162 = CARTESIAN_POINT('',(-15.00345694062,10.516426496934,56.));
#163 = VECTOR('',#164,1.);
#164 = DIRECTION('',(-0.866025403784,0.5,0.));
#165 = ORIENTED_EDGE('',*,*,#166,.F.);
#166 = EDGE_CURVE('',#167,#159,#169,.T.);
#167 = VERTEX_POINT('',#168);
#168 = CARTESIAN_POINT('',(-30.80979589777,9.64222054875,56.));
#169 = LINE('',#170,#171);
#170 = CARTESIAN_POINT('',(-30.80979589777,4.821110274375,56.));
#171 = VECTOR('',#172,1.);
#172 = DIRECTION('',(0.,1.,0.));
#173 = ORIENTED_EDGE('',*,*,#174,.F.);
#174 = EDGE_CURVE('',#175,#167,#177,.T.);
#175 = VERTEX_POINT('',#176);
#176 = CARTESIAN_POINT('',(-39.47004993562,4.64222054875,56.));
#177 = LINE('',#178,#179);
#178 = CARTESIAN_POINT('',(-25.67385144106,12.607459463379,56.));
#179 = VECTOR('',#180,1.);
#180 = DIRECTION('',(0.866025403784,0.5,0.));
#181 = ORIENTED_EDGE('',*,*,#182,.F.);
#182 = EDGE_CURVE('',#183,#175,#185,.T.);
#183 = VERTEX_POINT('',#184);
#184 = CARTESIAN_POINT('',(-48.13030397346,9.64222054875,56.));
#185 = LINE('',#186,#187);
#186 = CARTESIAN_POINT('',(-27.99383799738,-1.983573503066,56.));
#187 = VECTOR('',#188,1.);
#188 = DIRECTION('',(0.866025403784,-0.5,0.));
#189 = ORIENTED_EDGE('',*,*,#190,.F.);
#190 = EDGE_CURVE('',#151,#183,#191,.T.);
#191 = LINE('',#192,#193);
#192 = CARTESIAN_POINT('',(-48.13030397346,9.821110274375,56.));
#193 = VECTOR('',#194,1.);
#194 = DIRECTION('',(0.,-1.,0.));
#195 = FACE_BOUND('',#196,.F.);
#196 = EDGE_LOOP('',(#197,#207,#215,#223,#231,#239));
#197 = ORIENTED_EDGE('',*,*,#198,.F.);
#198 = EDGE_CURVE('',#199,#201,#203,.T.);
#199 = VERTEX_POINT('',#200);
#200 = CARTESIAN_POINT('',(57.204820871471,17.699102295531,56.));
#201 = VERTEX_POINT('',#202);
#202 = CARTESIAN_POINT('',(48.544566833627,22.699102295533,56.));
#203 = LINE('',#204,#205);
#204 = CARTESIAN_POINT('',(39.584981097701,27.871921531999,56.));
#205 = VECTOR('',#206,1.);
#206 = DIRECTION('',(-0.866025403784,0.5,0.));
#207 = ORIENTED_EDGE('',*,*,#208,.F.);
#208 = EDGE_CURVE('',#209,#199,#211,.T.);
#209 = VERTEX_POINT('',#210);
#210 = CARTESIAN_POINT('',(57.204820871471,7.699102295531,56.));
#211 = LINE('',#212,#213);
#212 = CARTESIAN_POINT('',(57.204820871471,3.849551147765,56.));
#213 = VECTOR('',#214,1.);
#214 = DIRECTION('',(1.847411112976E-14,1.,0.));
#215 = ORIENTED_EDGE('',*,*,#216,.F.);
#216 = EDGE_CURVE('',#217,#209,#219,.T.);
#217 = VERTEX_POINT('',#218);
#218 = CARTESIAN_POINT('',(48.544566833626,2.699102295531,56.));
#219 = LINE('',#220,#221);
#220 = CARTESIAN_POINT('',(29.75598148218,-8.148492514818,56.));
#221 = VECTOR('',#222,1.);
#222 = DIRECTION('',(0.866025403784,0.5,0.));
#223 = ORIENTED_EDGE('',*,*,#224,.F.);
#224 = EDGE_CURVE('',#225,#217,#227,.T.);
#225 = VERTEX_POINT('',#226);
#226 = CARTESIAN_POINT('',(39.884312795782,7.699102295532,56.));
#227 = LINE('',#228,#229);
#228 = CARTESIAN_POINT('',(26.594600040932,15.371921531999,56.));
#229 = VECTOR('',#230,1.);
#230 = DIRECTION('',(0.866025403784,-0.5,0.));
#231 = ORIENTED_EDGE('',*,*,#232,.F.);
#232 = EDGE_CURVE('',#233,#225,#235,.T.);
#233 = VERTEX_POINT('',#234);
#234 = CARTESIAN_POINT('',(39.884312795782,17.699102295533,56.));
#235 = LINE('',#236,#237);
#236 = CARTESIAN_POINT('',(39.884312795782,8.849551147765,56.));
#237 = VECTOR('',#238,1.);
#238 = DIRECTION('',(-5.400124791777E-14,-1.,0.));
#239 = ORIENTED_EDGE('',*,*,#240,.F.);
#240 = EDGE_CURVE('',#201,#233,#241,.T.);
#241 = LINE('',#242,#243);
#242 = CARTESIAN_POINT('',(25.425854463258,9.351507485183,56.));
#243 = VECTOR('',#244,1.);
#244 = DIRECTION('',(-0.866025403784,-0.5,0.));
#245 = FACE_BOUND('',#246,.F.);
#246 = EDGE_LOOP('',(#247,#257,#265,#273,#281,#289));
#247 = ORIENTED_EDGE('',*,*,#248,.F.);
#248 = EDGE_CURVE('',#249,#251,#253,.T.);
#249 = VERTEX_POINT('',#250);
#250 = CARTESIAN_POINT('',(77.199948615055,17.257665416974,56.));
#251 = VERTEX_POINT('',#252);
#252 = CARTESIAN_POINT('',(68.539694577212,22.257665416978,56.));
#253 = LINE('',#254,#255);
#254 = CARTESIAN_POINT('',(51.986362049702,31.814736407729,56.));
#255 = VECTOR('',#256,1.);
#256 = DIRECTION('',(-0.866025403784,0.5,0.));
#257 = ORIENTED_EDGE('',*,*,#258,.F.);
#258 = EDGE_CURVE('',#259,#249,#261,.T.);
#259 = VERTEX_POINT('',#260);
#260 = CARTESIAN_POINT('',(77.199948615055,7.257665416973,56.));
#261 = LINE('',#262,#263);
#262 = CARTESIAN_POINT('',(77.199948615055,3.628832708486,56.));
#263 = VECTOR('',#264,1.);
#264 = DIRECTION('',(9.94759830064E-15,1.,0.));
#265 = ORIENTED_EDGE('',*,*,#266,.F.);
#266 = EDGE_CURVE('',#267,#259,#269,.T.);
#267 = VERTEX_POINT('',#268);
#268 = CARTESIAN_POINT('',(68.53969457721,2.257665416972,56.));
#269 = LINE('',#270,#271);
#270 = CARTESIAN_POINT('',(42.348510209673,-12.86382192802,56.));
#271 = VECTOR('',#272,1.);
#272 = DIRECTION('',(0.866025403784,0.5,0.));
#273 = ORIENTED_EDGE('',*,*,#274,.F.);
#274 = EDGE_CURVE('',#275,#267,#277,.T.);
#275 = VERTEX_POINT('',#276);
#276 = CARTESIAN_POINT('',(59.879440539365,7.257665416975,56.));
#277 = LINE('',#278,#279);
#278 = CARTESIAN_POINT('',(38.995980992928,19.314736407729,56.));
#279 = VECTOR('',#280,1.);
#280 = DIRECTION('',(0.866025403784,-0.5,0.));
#281 = ORIENTED_EDGE('',*,*,#282,.F.);
#282 = EDGE_CURVE('',#283,#275,#285,.T.);
#283 = VERTEX_POINT('',#284);
#284 = CARTESIAN_POINT('',(59.879440539367,17.257665416976,56.));
#285 = LINE('',#286,#287);
#286 = CARTESIAN_POINT('',(59.879440539366,8.628832708484,56.));
#287 = VECTOR('',#288,1.);
#288 = DIRECTION('',(-1.27187149701E-13,-1.,0.));
#289 = ORIENTED_EDGE('',*,*,#290,.F.);
#290 = EDGE_CURVE('',#251,#283,#291,.T.);
#291 = LINE('',#292,#293);
#292 = CARTESIAN_POINT('',(38.01838319075,4.636178071981,56.));
#293 = VECTOR('',#294,1.);
#294 = DIRECTION('',(-0.866025403784,-0.5,0.));
#295 = FACE_BOUND('',#296,.F.);
#296 = EDGE_LOOP('',(#297,#307,#316,#324,#333,#341,#350,#358));
#297 = ORIENTED_EDGE('',*,*,#298,.F.);
#298 = EDGE_CURVE('',#299,#301,#303,.T.);
#299 = VERTEX_POINT('',#300);
#300 = CARTESIAN_POINT('',(-15.930446,46.15,56.));
#301 = VERTEX_POINT('',#302);
#302 = CARTESIAN_POINT('',(-15.930446,12.15,56.));
#303 = LINE('',#304,#305);
#304 = CARTESIAN_POINT('',(-15.930446,25.075,56.));
#305 = VECTOR('',#306,1.);
#306 = DIRECTION('',(0.,-1.,0.));
#307 = ORIENTED_EDGE('',*,*,#308,.T.);
#308 = EDGE_CURVE('',#299,#309,#311,.T.);
#309 = VERTEX_POINT('',#310);
#310 = CARTESIAN_POINT('',(-11.930446,50.15,56.));
#311 = CIRCLE('',#312,4.);
#312 = AXIS2_PLACEMENT_3D('',#313,#314,#315);
#313 = CARTESIAN_POINT('',(-11.930446,46.15,56.));
#314 = DIRECTION('',(0.,0.,-1.));
#315 = DIRECTION('',(0.,1.,0.));
#316 = ORIENTED_EDGE('',*,*,#317,.F.);
#317 = EDGE_CURVE('',#318,#309,#320,.T.);
#318 = VERTEX_POINT('',#319);
#319 = CARTESIAN_POINT('',(22.069554,50.15,56.));
#320 = LINE('',#321,#322);
#321 = CARTESIAN_POINT('',(13.034777,50.15,56.));
#322 = VECTOR('',#323,1.);
#323 = DIRECTION('',(-1.,0.,0.));
#324 = ORIENTED_EDGE('',*,*,#325,.F.);
#325 = EDGE_CURVE('',#326,#318,#328,.T.);
#326 = VERTEX_POINT('',#327);
#327 = CARTESIAN_POINT('',(26.069554,46.15,56.));
#328 = CIRCLE('',#329,4.);
#329 = AXIS2_PLACEMENT_3D('',#330,#331,#332);
#330 = CARTESIAN_POINT('',(22.069554,46.15,56.));
#331 = DIRECTION('',(0.,-0.,1.));
#332 = DIRECTION('',(0.,1.,0.));
#333 = ORIENTED_EDGE('',*,*,#334,.F.);
#334 = EDGE_CURVE('',#335,#326,#337,.T.);
#335 = VERTEX_POINT('',#336);
#336 = CARTESIAN_POINT('',(26.069554,12.15,56.));
#337 = LINE('',#338,#339);
#338 = CARTESIAN_POINT('',(26.069554,4.075,56.));
#339 = VECTOR('',#340,1.);
#340 = DIRECTION('',(0.,1.,0.));
#341 = ORIENTED_EDGE('',*,*,#342,.F.);
#342 = EDGE_CURVE('',#343,#335,#345,.T.);
#343 = VERTEX_POINT('',#344);
#344 = CARTESIAN_POINT('',(22.069554,8.15,56.));
#345 = CIRCLE('',#346,4.);
#346 = AXIS2_PLACEMENT_3D('',#347,#348,#349);
#347 = CARTESIAN_POINT('',(22.069554,12.15,56.));
#348 = DIRECTION('',(0.,-0.,1.));
#349 = DIRECTION('',(0.,1.,0.));
#350 = ORIENTED_EDGE('',*,*,#351,.F.);
#351 = EDGE_CURVE('',#352,#343,#354,.T.);
#352 = VERTEX_POINT('',#353);
#353 = CARTESIAN_POINT('',(-11.930446,8.15,56.));
#354 = LINE('',#355,#356);
#355 = CARTESIAN_POINT('',(-7.965223,8.15,56.));
#356 = VECTOR('',#357,1.);
#357 = DIRECTION('',(1.,0.,0.));
#358 = ORIENTED_EDGE('',*,*,#359,.F.);
#359 = EDGE_CURVE('',#301,#352,#360,.T.);
#360 = CIRCLE('',#361,4.);
#361 = AXIS2_PLACEMENT_3D('',#362,#363,#364);
#362 = CARTESIAN_POINT('',(-11.930446,12.15,56.));
#363 = DIRECTION('',(0.,-0.,1.));
#364 = DIRECTION('',(0.,1.,0.));
#365 = FACE_BOUND('',#366,.F.);
#366 = EDGE_LOOP('',(#367,#377,#385,#393,#401,#409));
#367 = ORIENTED_EDGE('',*,*,#368,.F.);
#368 = EDGE_CURVE('',#369,#371,#373,.T.);
#369 = VERTEX_POINT('',#370);
#370 = CARTESIAN_POINT('',(47.589552550676,35.236109312669,56.));
#371 = VERTEX_POINT('',#372);
#372 = CARTESIAN_POINT('',(38.929298512832,40.236109312669,56.));
#373 = LINE('',#374,#375);
#374 = CARTESIAN_POINT('',(37.372311792998,41.13503601449,56.));
#375 = VECTOR('',#376,1.);
#376 = DIRECTION('',(-0.866025403784,0.5,0.));
#377 = ORIENTED_EDGE('',*,*,#378,.F.);
#378 = EDGE_CURVE('',#379,#369,#381,.T.);
#379 = VERTEX_POINT('',#380);
#380 = CARTESIAN_POINT('',(47.589552550676,25.236109312669,56.));
#381 = LINE('',#382,#383);
#382 = CARTESIAN_POINT('',(47.589552550676,12.618054656334,56.));
#383 = VECTOR('',#384,1.);
#384 = DIRECTION('',(7.815970093361E-15,1.,0.));
#385 = ORIENTED_EDGE('',*,*,#386,.F.);
#386 = EDGE_CURVE('',#387,#379,#389,.T.);
#387 = VERTEX_POINT('',#388);
#388 = CARTESIAN_POINT('',(38.929298512832,20.236109312669,56.));
#389 = LINE('',#390,#391);
#390 = CARTESIAN_POINT('',(19.949565385887,9.278155282681,56.));
#391 = VECTOR('',#392,1.);
#392 = DIRECTION('',(0.866025403784,0.5,0.));
#393 = ORIENTED_EDGE('',*,*,#394,.F.);
#394 = EDGE_CURVE('',#395,#387,#397,.T.);
#395 = VERTEX_POINT('',#396);
#396 = CARTESIAN_POINT('',(30.269044474987,25.236109312669,56.));
#397 = LINE('',#398,#399);
#398 = CARTESIAN_POINT('',(24.38193073623,28.63503601449,56.));
#399 = VECTOR('',#400,1.);
#400 = DIRECTION('',(0.866025403784,-0.5,0.));
#401 = ORIENTED_EDGE('',*,*,#402,.F.);
#402 = EDGE_CURVE('',#403,#395,#405,.T.);
#403 = VERTEX_POINT('',#404);
#404 = CARTESIAN_POINT('',(30.269044474987,35.236109312669,56.));
#405 = LINE('',#406,#407);
#406 = CARTESIAN_POINT('',(30.269044474987,17.618054656334,56.));
#407 = VECTOR('',#408,1.);
#408 = DIRECTION('',(-2.629008122312E-14,-1.,0.));
#409 = ORIENTED_EDGE('',*,*,#410,.F.);
#410 = EDGE_CURVE('',#371,#403,#411,.T.);
#411 = LINE('',#412,#413);
#412 = CARTESIAN_POINT('',(15.619438366965,26.778155282681,56.));
#413 = VECTOR('',#414,1.);
#414 = DIRECTION('',(-0.866025403784,-0.5,0.));
#415 = FACE_BOUND('',#416,.F.);
#416 = EDGE_LOOP('',(#417,#427,#435,#443,#451,#459));
#417 = ORIENTED_EDGE('',*,*,#418,.F.);
#418 = EDGE_CURVE('',#419,#421,#423,.T.);
#419 = VERTEX_POINT('',#420);
#420 = CARTESIAN_POINT('',(67.58468029426,34.794672434112,56.));
#421 = VERTEX_POINT('',#422);
#422 = CARTESIAN_POINT('',(58.924426256416,39.794672434113,56.));
#423 = LINE('',#424,#425);
#424 = CARTESIAN_POINT('',(49.773692744991,45.077850890218,56.));
#425 = VECTOR('',#426,1.);
#426 = DIRECTION('',(-0.866025403784,0.5,0.));
#427 = ORIENTED_EDGE('',*,*,#428,.F.);
#428 = EDGE_CURVE('',#429,#419,#431,.T.);
#429 = VERTEX_POINT('',#430);
#430 = CARTESIAN_POINT('',(67.58468029426,24.794672434112,56.));
#431 = LINE('',#432,#433);
#432 = CARTESIAN_POINT('',(67.58468029426,12.397336217056,56.));
#433 = VECTOR('',#434,1.);
#434 = DIRECTION('',(4.263256414561E-15,1.,0.));
#435 = ORIENTED_EDGE('',*,*,#436,.F.);
#436 = EDGE_CURVE('',#437,#429,#439,.T.);
#437 = VERTEX_POINT('',#438);
#438 = CARTESIAN_POINT('',(58.924426256416,19.794672434112,56.));
#439 = LINE('',#440,#441);
#440 = CARTESIAN_POINT('',(32.542094113377,4.562825869478,56.));
#441 = VECTOR('',#442,1.);
#442 = DIRECTION('',(0.866025403784,0.5,0.));
#443 = ORIENTED_EDGE('',*,*,#444,.F.);
#444 = EDGE_CURVE('',#445,#437,#447,.T.);
#445 = VERTEX_POINT('',#446);
#446 = CARTESIAN_POINT('',(50.264172218571,24.794672434112,56.));
#447 = LINE('',#448,#449);
#448 = CARTESIAN_POINT('',(36.783311688221,32.577850890218,56.));
#449 = VECTOR('',#450,1.);
#450 = DIRECTION('',(0.866025403784,-0.5,0.));
#451 = ORIENTED_EDGE('',*,*,#452,.F.);
#452 = EDGE_CURVE('',#453,#445,#455,.T.);
#453 = VERTEX_POINT('',#454);
#454 = CARTESIAN_POINT('',(50.264172218572,34.794672434113,56.));
#455 = LINE('',#456,#457);
#456 = CARTESIAN_POINT('',(50.26417221857,17.397336217055,56.));
#457 = VECTOR('',#458,1.);
#458 = DIRECTION('',(-7.034373084025E-14,-1.,0.));
#459 = ORIENTED_EDGE('',*,*,#460,.F.);
#460 = EDGE_CURVE('',#421,#453,#461,.T.);
#461 = LINE('',#462,#463);
#462 = CARTESIAN_POINT('',(28.211967094455,22.062825869479,56.));
#463 = VECTOR('',#464,1.);
#464 = DIRECTION('',(-0.866025403784,-0.5,0.));
#465 = FACE_BOUND('',#466,.F.);
#466 = EDGE_LOOP('',(#467,#477,#485,#493,#501,#509));
#467 = ORIENTED_EDGE('',*,*,#468,.F.);
#468 = EDGE_CURVE('',#469,#471,#473,.T.);
#469 = VERTEX_POINT('',#470);
#470 = CARTESIAN_POINT('',(87.579808037845,34.353235555555,56.));
#471 = VERTEX_POINT('',#472);
#472 = CARTESIAN_POINT('',(78.919554000001,39.353235555558,56.));
#473 = LINE('',#474,#475);
#474 = CARTESIAN_POINT('',(62.175073696993,49.020665765947,56.));
#475 = VECTOR('',#476,1.);
#476 = DIRECTION('',(-0.866025403784,0.5,0.));
#477 = ORIENTED_EDGE('',*,*,#478,.F.);
#478 = EDGE_CURVE('',#479,#469,#481,.T.);
#479 = VERTEX_POINT('',#480);
#480 = CARTESIAN_POINT('',(87.579808037845,24.353235555554,56.));
#481 = LINE('',#482,#483);
#482 = CARTESIAN_POINT('',(87.579808037845,12.176617777777,56.));
#483 = VECTOR('',#484,1.);
#484 = DIRECTION('',(1.42108547152E-15,1.,0.));
#485 = ORIENTED_EDGE('',*,*,#486,.F.);
#486 = EDGE_CURVE('',#487,#479,#489,.T.);
#487 = VERTEX_POINT('',#488);
#488 = CARTESIAN_POINT('',(78.919554,19.353235555553,56.));
#489 = LINE('',#490,#491);
#490 = CARTESIAN_POINT('',(45.134622840869,-0.152503543727,56.));
#491 = VECTOR('',#492,1.);
#492 = DIRECTION('',(0.866025403784,0.5,0.));
#493 = ORIENTED_EDGE('',*,*,#494,.F.);
#494 = EDGE_CURVE('',#495,#487,#497,.T.);
#495 = VERTEX_POINT('',#496);
#496 = CARTESIAN_POINT('',(70.259299962154,24.353235555555,56.));
#497 = LINE('',#498,#499);
#498 = CARTESIAN_POINT('',(49.184692640212,36.520665765945,56.));
#499 = VECTOR('',#500,1.);
#500 = DIRECTION('',(0.866025403784,-0.5,0.));
#501 = ORIENTED_EDGE('',*,*,#502,.F.);
#502 = EDGE_CURVE('',#503,#495,#505,.T.);
#503 = VERTEX_POINT('',#504);
#504 = CARTESIAN_POINT('',(70.259299962156,34.353235555557,56.));
#505 = LINE('',#506,#507);
#506 = CARTESIAN_POINT('',(70.259299962153,17.176617777771,56.));
#507 = VECTOR('',#508,1.);
#508 = DIRECTION('',(-1.961097950697E-13,-1.,0.));
#509 = ORIENTED_EDGE('',*,*,#510,.F.);
#510 = EDGE_CURVE('',#471,#503,#511,.T.);
#511 = LINE('',#512,#513);
#512 = CARTESIAN_POINT('',(40.804495821946,17.347496456276,56.));
#513 = VECTOR('',#514,1.);
#514 = DIRECTION('',(-0.866025403784,-0.5,0.));
#515 = FACE_BOUND('',#516,.F.);
#516 = EDGE_LOOP('',(#517,#527,#535,#543,#551,#559));
#517 = ORIENTED_EDGE('',*,*,#518,.F.);
#518 = EDGE_CURVE('',#519,#521,#523,.T.);
#519 = VERTEX_POINT('',#520);
#520 = CARTESIAN_POINT('',(-60.42019196215,27.620664444444,56.));
#521 = VERTEX_POINT('',#522);
#522 = CARTESIAN_POINT('',(-60.42019196215,37.620664444444,56.));
#523 = LINE('',#524,#525);
#524 = CARTESIAN_POINT('',(-60.42019196215,13.810332222222,56.));
#525 = VECTOR('',#526,1.);
#526 = DIRECTION('',(0.,1.,0.));
#527 = ORIENTED_EDGE('',*,*,#528,.F.);
#528 = EDGE_CURVE('',#529,#519,#531,.T.);
#529 = VERTEX_POINT('',#530);
#530 = CARTESIAN_POINT('',(-69.080446,22.620664444444,56.));
#531 = LINE('',#532,#533);
#532 = CARTESIAN_POINT('',(-48.07279626484,34.749436674079,56.));
#533 = VECTOR('',#534,1.);
#534 = DIRECTION('',(0.866025403784,0.5,0.));
#535 = ORIENTED_EDGE('',*,*,#536,.F.);
#536 = EDGE_CURVE('',#537,#529,#539,.T.);
#537 = VERTEX_POINT('',#538);
#538 = CARTESIAN_POINT('',(-77.74070003784,27.620664444444,56.));
#539 = LINE('',#540,#541);
#540 = CARTESIAN_POINT('',(-42.60788825407,7.336726103699,56.));
#541 = VECTOR('',#542,1.);
#542 = DIRECTION('',(0.866025403784,-0.5,0.));
#543 = ORIENTED_EDGE('',*,*,#544,.F.);
#544 = EDGE_CURVE('',#545,#537,#547,.T.);
#545 = VERTEX_POINT('',#546);
#546 = CARTESIAN_POINT('',(-77.74070003784,37.620664444444,56.));
#547 = LINE('',#548,#549);
#548 = CARTESIAN_POINT('',(-77.74070003784,18.810332222222,56.));
#549 = VECTOR('',#550,1.);
#550 = DIRECTION('',(0.,-1.,0.));
#551 = ORIENTED_EDGE('',*,*,#552,.F.);
#552 = EDGE_CURVE('',#553,#545,#555,.T.);
#553 = VERTEX_POINT('',#554);
#554 = CARTESIAN_POINT('',(-69.080446,42.620664444444,56.));
#555 = LINE('',#556,#557);
#556 = CARTESIAN_POINT('',(-52.40292328376,52.249436674079,56.));
#557 = VECTOR('',#558,1.);
#558 = DIRECTION('',(-0.866025403784,-0.5,0.));
#559 = ORIENTED_EDGE('',*,*,#560,.F.);
#560 = EDGE_CURVE('',#521,#553,#561,.T.);
#561 = LINE('',#562,#563);
#562 = CARTESIAN_POINT('',(-29.61750719731,19.836726103699,56.));
#563 = VECTOR('',#564,1.);
#564 = DIRECTION('',(-0.866025403784,0.5,0.));
#565 = FACE_BOUND('',#566,.F.);
#566 = EDGE_LOOP('',(#567,#577,#585,#593,#601,#609));
#567 = ORIENTED_EDGE('',*,*,#568,.F.);
#568 = EDGE_CURVE('',#569,#571,#573,.T.);
#569 = VERTEX_POINT('',#570);
#570 = CARTESIAN_POINT('',(-40.42506421857,37.179227565888,56.));
#571 = VERTEX_POINT('',#572);
#572 = CARTESIAN_POINT('',(-49.08531825641,42.179227565888,56.));
#573 = LINE('',#574,#575);
#574 = CARTESIAN_POINT('',(-17.21612624532,23.779540979427,56.));
#575 = VECTOR('',#576,1.);
#576 = DIRECTION('',(-0.866025403784,0.5,0.));
#577 = ORIENTED_EDGE('',*,*,#578,.F.);
#578 = EDGE_CURVE('',#579,#569,#581,.T.);
#579 = VERTEX_POINT('',#580);
#580 = CARTESIAN_POINT('',(-40.42506421857,27.179227565888,56.));
#581 = LINE('',#582,#583);
#582 = CARTESIAN_POINT('',(-40.42506421857,13.589613782944,56.));
#583 = VECTOR('',#584,1.);
#584 = DIRECTION('',(0.,1.,0.));
#585 = ORIENTED_EDGE('',*,*,#586,.F.);
#586 = EDGE_CURVE('',#587,#579,#589,.T.);
#587 = VERTEX_POINT('',#588);
#588 = CARTESIAN_POINT('',(-49.08531825641,22.179227565888,56.));
#589 = LINE('',#590,#591);
#590 = CARTESIAN_POINT('',(-35.48026753735,30.034107260877,56.));
#591 = VECTOR('',#592,1.);
#592 = DIRECTION('',(0.866025403784,0.5,0.));
#593 = ORIENTED_EDGE('',*,*,#594,.F.);
#594 = EDGE_CURVE('',#595,#587,#597,.T.);
#595 = VERTEX_POINT('',#596);
#596 = CARTESIAN_POINT('',(-57.74557229426,27.179227565888,56.));
#597 = LINE('',#598,#599);
#598 = CARTESIAN_POINT('',(-30.20650730208,11.279540979427,56.));
#599 = VECTOR('',#600,1.);
#600 = DIRECTION('',(0.866025403784,-0.5,0.));
#601 = ORIENTED_EDGE('',*,*,#602,.F.);
#602 = EDGE_CURVE('',#603,#595,#605,.T.);
#603 = VERTEX_POINT('',#604);
#604 = CARTESIAN_POINT('',(-57.74557229426,37.179227565888,56.));
#605 = LINE('',#606,#607);
#606 = CARTESIAN_POINT('',(-57.74557229426,18.589613782944,56.));
#607 = VECTOR('',#608,1.);
#608 = DIRECTION('',(0.,-1.,0.));
#609 = ORIENTED_EDGE('',*,*,#610,.F.);
#610 = EDGE_CURVE('',#571,#603,#611,.T.);
#611 = LINE('',#612,#613);
#612 = CARTESIAN_POINT('',(-39.81039455627,47.534107260877,56.));
#613 = VECTOR('',#614,1.);
#614 = DIRECTION('',(-0.866025403784,-0.5,0.));
#615 = FACE_BOUND('',#616,.F.);
#616 = EDGE_LOOP('',(#617,#627,#635,#643,#651,#659));
#617 = ORIENTED_EDGE('',*,*,#618,.F.);
#618 = EDGE_CURVE('',#619,#621,#623,.T.);
#619 = VERTEX_POINT('',#620);
#620 = CARTESIAN_POINT('',(-20.42993647498,36.737790687331,56.));
#621 = VERTEX_POINT('',#622);
#622 = CARTESIAN_POINT('',(-29.09019051283,41.737790687331,56.));
#623 = LINE('',#624,#625);
#624 = CARTESIAN_POINT('',(-4.814745293331,27.722355855154,56.));
#625 = VECTOR('',#626,1.);
#626 = DIRECTION('',(-0.866025403784,0.5,0.));
#627 = ORIENTED_EDGE('',*,*,#628,.F.);
#628 = EDGE_CURVE('',#629,#619,#631,.T.);
#629 = VERTEX_POINT('',#630);
#630 = CARTESIAN_POINT('',(-20.42993647498,26.737790687331,56.));
#631 = LINE('',#632,#633);
#632 = CARTESIAN_POINT('',(-20.42993647498,13.368895343665,56.));
#633 = VECTOR('',#634,1.);
#634 = DIRECTION('',(0.,1.,0.));
#635 = ORIENTED_EDGE('',*,*,#636,.F.);
#636 = EDGE_CURVE('',#637,#629,#639,.T.);
#637 = VERTEX_POINT('',#638);
#638 = CARTESIAN_POINT('',(-29.09019051283,21.737790687331,56.));
#639 = LINE('',#640,#641);
#640 = CARTESIAN_POINT('',(-22.88773880986,25.318777847675,56.));
#641 = VECTOR('',#642,1.);
#642 = DIRECTION('',(0.866025403784,0.5,0.));
#643 = ORIENTED_EDGE('',*,*,#644,.F.);
#644 = EDGE_CURVE('',#645,#637,#647,.T.);
#645 = VERTEX_POINT('',#646);
#646 = CARTESIAN_POINT('',(-37.75044455067,26.737790687331,56.));
#647 = LINE('',#648,#649);
#648 = CARTESIAN_POINT('',(-17.80512635009,15.222355855154,56.));
#649 = VECTOR('',#650,1.);
#650 = DIRECTION('',(0.866025403784,-0.5,0.));
#651 = ORIENTED_EDGE('',*,*,#652,.F.);
#652 = EDGE_CURVE('',#653,#645,#655,.T.);
#653 = VERTEX_POINT('',#654);
#654 = CARTESIAN_POINT('',(-37.75044455067,36.737790687331,56.));
#655 = LINE('',#656,#657);
#656 = CARTESIAN_POINT('',(-37.75044455067,18.368895343665,56.));
#657 = VECTOR('',#658,1.);
#658 = DIRECTION('',(0.,-1.,0.));
#659 = ORIENTED_EDGE('',*,*,#660,.F.);
#660 = EDGE_CURVE('',#621,#653,#661,.T.);
#661 = LINE('',#662,#663);
#662 = CARTESIAN_POINT('',(-27.21786582878,42.818777847675,56.));
#663 = VECTOR('',#664,1.);
#664 = DIRECTION('',(-0.866025403784,-0.5,0.));
#665 = FACE_BOUND('',#666,.F.);
#666 = EDGE_LOOP('',(#667,#677,#685,#693,#701,#709));
#667 = ORIENTED_EDGE('',*,*,#668,.F.);
#668 = EDGE_CURVE('',#669,#671,#673,.T.);
#669 = VERTEX_POINT('',#670);
#670 = CARTESIAN_POINT('',(-50.04033253936,54.716234583025,56.));
#671 = VERTEX_POINT('',#672);
#672 = CARTESIAN_POINT('',(-58.70058657721,59.716234583025,56.));
#673 = LINE('',#674,#675);
#674 = CARTESIAN_POINT('',(-19.42879555002,37.042655461919,56.));
#675 = VECTOR('',#676,1.);
#676 = DIRECTION('',(-0.866025403784,0.5,0.));
#677 = ORIENTED_EDGE('',*,*,#678,.F.);
#678 = EDGE_CURVE('',#679,#669,#681,.T.);
#679 = VERTEX_POINT('',#680);
#680 = CARTESIAN_POINT('',(-50.04033253936,44.716234583025,56.));
#681 = LINE('',#682,#683);
#682 = CARTESIAN_POINT('',(-50.04033253936,22.358117291512,56.));
#683 = VECTOR('',#684,1.);
#684 = DIRECTION('',(0.,1.,0.));
#685 = ORIENTED_EDGE('',*,*,#686,.F.);
#686 = EDGE_CURVE('',#687,#679,#689,.T.);
#687 = VERTEX_POINT('',#688);
#688 = CARTESIAN_POINT('',(-58.70058657721,39.716234583025,56.));
#689 = LINE('',#690,#691);
#690 = CARTESIAN_POINT('',(-45.28668363364,47.460755058375,56.));
#691 = VECTOR('',#692,1.);
#692 = DIRECTION('',(0.866025403784,0.5,0.));
#693 = ORIENTED_EDGE('',*,*,#694,.F.);
#694 = EDGE_CURVE('',#695,#687,#697,.T.);
#695 = VERTEX_POINT('',#696);
#696 = CARTESIAN_POINT('',(-67.36084061505,44.716234583025,56.));
#697 = LINE('',#698,#699);
#698 = CARTESIAN_POINT('',(-32.41917660678,24.542655461919,56.));
#699 = VECTOR('',#700,1.);
#700 = DIRECTION('',(0.866025403784,-0.5,0.));
#701 = ORIENTED_EDGE('',*,*,#702,.F.);
#702 = EDGE_CURVE('',#703,#695,#705,.T.);
#703 = VERTEX_POINT('',#704);
#704 = CARTESIAN_POINT('',(-67.36084061505,54.716234583025,56.));
#705 = LINE('',#706,#707);
#706 = CARTESIAN_POINT('',(-67.36084061505,27.358117291512,56.));
#707 = VECTOR('',#708,1.);
#708 = DIRECTION('',(0.,-1.,0.));
#709 = ORIENTED_EDGE('',*,*,#710,.F.);
#710 = EDGE_CURVE('',#671,#703,#711,.T.);
#711 = LINE('',#712,#713);
#712 = CARTESIAN_POINT('',(-49.61681065256,64.960755058375,56.));
#713 = VECTOR('',#714,1.);
#714 = DIRECTION('',(-0.866025403784,-0.5,0.));
#715 = FACE_BOUND('',#716,.F.);
#716 = EDGE_LOOP('',(#717,#727,#735,#743,#751,#759));
#717 = ORIENTED_EDGE('',*,*,#718,.F.);
#718 = EDGE_CURVE('',#719,#721,#723,.T.);
#719 = VERTEX_POINT('',#720);
#720 = CARTESIAN_POINT('',(-30.04520479578,54.274797704468,56.));
#721 = VERTEX_POINT('',#722);
#722 = CARTESIAN_POINT('',(-38.70545883362,59.274797704468,56.));
#723 = LINE('',#724,#725);
#724 = CARTESIAN_POINT('',(-7.027414598031,40.985470337646,56.));
#725 = VECTOR('',#726,1.);
#726 = DIRECTION('',(-0.866025403784,0.5,0.));
#727 = ORIENTED_EDGE('',*,*,#728,.F.);
#728 = EDGE_CURVE('',#729,#719,#731,.T.);
#729 = VERTEX_POINT('',#730);
#730 = CARTESIAN_POINT('',(-30.04520479578,44.274797704468,56.));
#731 = LINE('',#732,#733);
#732 = CARTESIAN_POINT('',(-30.04520479578,22.137398852234,56.));
#733 = VECTOR('',#734,1.);
#734 = DIRECTION('',(0.,1.,0.));
#735 = ORIENTED_EDGE('',*,*,#736,.F.);
#736 = EDGE_CURVE('',#737,#729,#739,.T.);
#737 = VERTEX_POINT('',#738);
#738 = CARTESIAN_POINT('',(-38.70545883362,39.274797704468,56.));
#739 = LINE('',#740,#741);
#740 = CARTESIAN_POINT('',(-32.69415490615,42.745425645173,56.));
#741 = VECTOR('',#742,1.);
#742 = DIRECTION('',(0.866025403784,0.5,0.));
#743 = ORIENTED_EDGE('',*,*,#744,.F.);
#744 = EDGE_CURVE('',#745,#737,#747,.T.);
#745 = VERTEX_POINT('',#746);
#746 = CARTESIAN_POINT('',(-47.36571287147,44.274797704468,56.));
#747 = LINE('',#748,#749);
#748 = CARTESIAN_POINT('',(-20.01779565479,28.485470337646,56.));
#749 = VECTOR('',#750,1.);
#750 = DIRECTION('',(0.866025403784,-0.5,0.));
#751 = ORIENTED_EDGE('',*,*,#752,.F.);
#752 = EDGE_CURVE('',#753,#745,#755,.T.);
#753 = VERTEX_POINT('',#754);
#754 = CARTESIAN_POINT('',(-47.36571287147,54.274797704468,56.));
#755 = LINE('',#756,#757);
#756 = CARTESIAN_POINT('',(-47.36571287147,27.137398852234,56.));
#757 = VECTOR('',#758,1.);
#758 = DIRECTION('',(0.,-1.,0.));
#759 = ORIENTED_EDGE('',*,*,#760,.F.);
#760 = EDGE_CURVE('',#721,#753,#761,.T.);
#761 = LINE('',#762,#763);
#762 = CARTESIAN_POINT('',(-37.02428192508,60.245425645173,56.));
#763 = VECTOR('',#764,1.);
#764 = DIRECTION('',(-0.866025403784,-0.5,0.));
#765 = FACE_BOUND('',#766,.F.);
#766 = EDGE_LOOP('',(#767,#777,#785,#793,#801,#809));
#767 = ORIENTED_EDGE('',*,*,#768,.F.);
#768 = EDGE_CURVE('',#769,#771,#773,.T.);
#769 = VERTEX_POINT('',#770);
#770 = CARTESIAN_POINT('',(57.969411973466,52.33167945125,56.));
#771 = VERTEX_POINT('',#772);
#772 = CARTESIAN_POINT('',(49.309157935621,57.33167945125,56.));
#773 = LINE('',#774,#775);
#774 = CARTESIAN_POINT('',(47.561023440288,58.34096537271,56.));
#775 = VECTOR('',#776,1.);
#776 = DIRECTION('',(-0.866025403784,0.5,0.));
#777 = ORIENTED_EDGE('',*,*,#778,.F.);
#778 = EDGE_CURVE('',#779,#769,#781,.T.);
#779 = VERTEX_POINT('',#780);
#780 = CARTESIAN_POINT('',(57.969411973466,42.33167945125,56.));
#781 = LINE('',#782,#783);
#782 = CARTESIAN_POINT('',(57.969411973466,21.165839725625,56.));
#783 = VECTOR('',#784,1.);
#784 = DIRECTION('',(0.,1.,0.));
#785 = ORIENTED_EDGE('',*,*,#786,.F.);
#786 = EDGE_CURVE('',#787,#779,#789,.T.);
#787 = VERTEX_POINT('',#788);
#788 = CARTESIAN_POINT('',(49.309157935621,37.33167945125,56.));
#789 = LINE('',#790,#791);
#790 = CARTESIAN_POINT('',(22.735678017083,21.989473666977,56.));
#791 = VECTOR('',#792,1.);
#792 = DIRECTION('',(0.866025403784,0.5,0.));
#793 = ORIENTED_EDGE('',*,*,#794,.F.);
#794 = EDGE_CURVE('',#795,#787,#797,.T.);
#795 = VERTEX_POINT('',#796);
#796 = CARTESIAN_POINT('',(40.648903897776,42.331679451249,56.));
#797 = LINE('',#798,#799);
#798 = CARTESIAN_POINT('',(34.570642383519,45.84096537271,56.));
#799 = VECTOR('',#800,1.);
#800 = DIRECTION('',(0.866025403784,-0.5,0.));
#801 = ORIENTED_EDGE('',*,*,#802,.F.);
#802 = EDGE_CURVE('',#803,#795,#805,.T.);
#803 = VERTEX_POINT('',#804);
#804 = CARTESIAN_POINT('',(40.648903897777,52.33167945125,56.));
#805 = LINE('',#806,#807);
#806 = CARTESIAN_POINT('',(40.648903897776,26.165839725624,56.));
#807 = VECTOR('',#808,1.);
#808 = DIRECTION('',(-2.700062395888E-14,-1.,0.));
#809 = ORIENTED_EDGE('',*,*,#810,.F.);
#810 = EDGE_CURVE('',#771,#803,#811,.T.);
#811 = LINE('',#812,#813);
#812 = CARTESIAN_POINT('',(18.405550998161,39.489473666977,56.));
#813 = VECTOR('',#814,1.);
#814 = DIRECTION('',(-0.866025403784,-0.5,0.));
#815 = FACE_BOUND('',#816,.F.);
#816 = EDGE_LOOP('',(#817,#827,#835,#843,#851,#859));
#817 = ORIENTED_EDGE('',*,*,#818,.F.);
#818 = EDGE_CURVE('',#819,#821,#823,.T.);
#819 = VERTEX_POINT('',#820);
#820 = CARTESIAN_POINT('',(77.96453971705,51.890242572693,56.));
#821 = VERTEX_POINT('',#822);
#822 = CARTESIAN_POINT('',(69.304285679206,56.890242572693,56.));
#823 = LINE('',#824,#825);
#824 = CARTESIAN_POINT('',(59.96240439228,62.283780248438,56.));
#825 = VECTOR('',#826,1.);
#826 = DIRECTION('',(-0.866025403784,0.5,0.));
#827 = ORIENTED_EDGE('',*,*,#828,.F.);
#828 = EDGE_CURVE('',#829,#819,#831,.T.);
#829 = VERTEX_POINT('',#830);
#830 = CARTESIAN_POINT('',(77.96453971705,41.890242572693,56.));
#831 = LINE('',#832,#833);
#832 = CARTESIAN_POINT('',(77.96453971705,20.945121286346,56.));
#833 = VECTOR('',#834,1.);
#834 = DIRECTION('',(1.42108547152E-15,1.,0.));
#835 = ORIENTED_EDGE('',*,*,#836,.F.);
#836 = EDGE_CURVE('',#837,#829,#839,.T.);
#837 = VERTEX_POINT('',#838);
#838 = CARTESIAN_POINT('',(69.304285679205,36.890242572693,56.));
#839 = LINE('',#840,#841);
#840 = CARTESIAN_POINT('',(35.328206744572,17.274144253775,56.));
#841 = VECTOR('',#842,1.);
#842 = DIRECTION('',(0.866025403784,0.5,0.));
#843 = ORIENTED_EDGE('',*,*,#844,.F.);
#844 = EDGE_CURVE('',#845,#837,#847,.T.);
#845 = VERTEX_POINT('',#846);
#846 = CARTESIAN_POINT('',(60.64403164136,41.890242572692,56.));
#847 = LINE('',#848,#849);
#848 = CARTESIAN_POINT('',(46.972023335506,49.783780248437,56.));
#849 = VECTOR('',#850,1.);
#850 = DIRECTION('',(0.866025403785,-0.5,0.));
#851 = ORIENTED_EDGE('',*,*,#852,.F.);
#852 = EDGE_CURVE('',#853,#845,#855,.T.);
#853 = VERTEX_POINT('',#854);
#854 = CARTESIAN_POINT('',(60.644031641361,51.890242572693,56.));
#855 = LINE('',#856,#857);
#856 = CARTESIAN_POINT('',(60.644031641358,25.945121286344,56.));
#857 = VECTOR('',#858,1.);
#858 = DIRECTION('',(-9.23705556488E-14,-1.,0.));
#859 = ORIENTED_EDGE('',*,*,#860,.F.);
#860 = EDGE_CURVE('',#821,#853,#861,.T.);
#861 = LINE('',#862,#863);
#862 = CARTESIAN_POINT('',(30.99807972565,34.774144253776,56.));
#863 = VECTOR('',#864,1.);
#864 = DIRECTION('',(-0.866025403784,-0.5,0.));
#865 = PLANE('',#866);
#866 = AXIS2_PLACEMENT_3D('',#867,#868,#869);
#867 = CARTESIAN_POINT('',(0.,0.,56.));
#868 = DIRECTION('',(0.,0.,1.));
#869 = DIRECTION('',(1.,0.,0.));
#870 = ADVANCED_FACE('',(#871),#896,.T.);
#871 = FACE_BOUND('',#872,.T.);
#872 = EDGE_LOOP('',(#873,#883,#889,#890));
#873 = ORIENTED_EDGE('',*,*,#874,.F.);
#874 = EDGE_CURVE('',#875,#877,#879,.T.);
#875 = VERTEX_POINT('',#876);
#876 = CARTESIAN_POINT('',(-79.930446,-23.4180410907,60.));
#877 = VERTEX_POINT('',#878);
#878 = CARTESIAN_POINT('',(-79.930446,-25.85,60.));
#879 = LINE('',#880,#881);
#880 = CARTESIAN_POINT('',(-79.930446,84.15,60.));
#881 = VECTOR('',#882,1.);
#882 = DIRECTION('',(0.,-1.,0.));
#883 = ORIENTED_EDGE('',*,*,#884,.F.);
#884 = EDGE_CURVE('',#24,#875,#885,.T.);
#885 = LINE('',#886,#887);
#886 = CARTESIAN_POINT('',(-79.930446,-23.4180410907,64.));
#887 = VECTOR('',#888,1.);
#888 = DIRECTION('',(0.,0.,1.));
#889 = ORIENTED_EDGE('',*,*,#21,.F.);
#890 = ORIENTED_EDGE('',*,*,#891,.F.);
#891 = EDGE_CURVE('',#877,#22,#892,.T.);
#892 = LINE('',#893,#894);
#893 = CARTESIAN_POINT('',(-79.930446,-25.85,60.));
#894 = VECTOR('',#895,1.);
#895 = DIRECTION('',(-0.,-0.,-1.));
#896 = PLANE('',#897);
#897 = AXIS2_PLACEMENT_3D('',#898,#899,#900);
#898 = CARTESIAN_POINT('',(-79.930446,84.15,60.));
#899 = DIRECTION('',(-1.,0.,0.));
#900 = DIRECTION('',(0.,-1.,0.));
#901 = ADVANCED_FACE('',(#902),#920,.T.);
#902 = FACE_BOUND('',#903,.T.);
#903 = EDGE_LOOP('',(#904,#912,#913,#914));
#904 = ORIENTED_EDGE('',*,*,#905,.F.);
#905 = EDGE_CURVE('',#877,#906,#908,.T.);
#906 = VERTEX_POINT('',#907);
#907 = CARTESIAN_POINT('',(90.069554,-25.85,60.));
#908 = LINE('',#909,#910);
#909 = CARTESIAN_POINT('',(-79.930446,-25.85,60.));
#910 = VECTOR('',#911,1.);
#911 = DIRECTION('',(1.,0.,0.));
#912 = ORIENTED_EDGE('',*,*,#891,.T.);
#913 = ORIENTED_EDGE('',*,*,#31,.F.);
#914 = ORIENTED_EDGE('',*,*,#915,.F.);
#915 = EDGE_CURVE('',#906,#32,#916,.T.);
#916 = LINE('',#917,#918);
#917 = CARTESIAN_POINT('',(90.069554,-25.85,60.));
#918 = VECTOR('',#919,1.);
#919 = DIRECTION('',(-0.,-0.,-1.));
#920 = PLANE('',#921);
#921 = AXIS2_PLACEMENT_3D('',#922,#923,#924);
#922 = CARTESIAN_POINT('',(-79.930446,-25.85,60.));
#923 = DIRECTION('',(0.,-1.,0.));
#924 = DIRECTION('',(1.,0.,0.));
#925 = ADVANCED_FACE('',(#926),#996,.F.);
#926 = FACE_BOUND('',#927,.F.);
#927 = EDGE_LOOP('',(#928,#939,#945,#946,#954,#961,#962,#963,#964,#973,
    #981,#990));
#928 = ORIENTED_EDGE('',*,*,#929,.F.);
#929 = EDGE_CURVE('',#930,#932,#934,.T.);
#930 = VERTEX_POINT('',#931);
#931 = CARTESIAN_POINT('',(-78.680446,-22.0261,64.));
#932 = VERTEX_POINT('',#933);
#933 = CARTESIAN_POINT('',(-80.84029883919,-23.20195018721,64.));
#934 = CIRCLE('',#935,1.4);
#935 = AXIS2_PLACEMENT_3D('',#936,#937,#938);
#936 = CARTESIAN_POINT('',(-80.080446,-22.0261,64.));
#937 = DIRECTION('',(0.,0.,1.));
#938 = DIRECTION('',(1.,0.,0.));
#939 = ORIENTED_EDGE('',*,*,#940,.T.);
#940 = EDGE_CURVE('',#930,#81,#941,.T.);
#941 = LINE('',#942,#943);
#942 = CARTESIAN_POINT('',(-78.680446,-22.0261,64.));
#943 = VECTOR('',#944,1.);
#944 = DIRECTION('',(-0.,-0.,-1.));
#945 = ORIENTED_EDGE('',*,*,#80,.T.);
#946 = ORIENTED_EDGE('',*,*,#947,.T.);
#947 = EDGE_CURVE('',#73,#948,#950,.T.);
#948 = VERTEX_POINT('',#949);
#949 = CARTESIAN_POINT('',(-79.930446,-20.63415890929,60.));
#950 = LINE('',#951,#952);
#951 = CARTESIAN_POINT('',(-79.930446,-20.63415890929,64.));
#952 = VECTOR('',#953,1.);
#953 = DIRECTION('',(0.,0.,1.));
#954 = ORIENTED_EDGE('',*,*,#955,.T.);
#955 = EDGE_CURVE('',#948,#875,#956,.T.);
#956 = CIRCLE('',#957,1.4);
#957 = AXIS2_PLACEMENT_3D('',#958,#959,#960);
#958 = CARTESIAN_POINT('',(-80.080446,-22.0261,60.));
#959 = DIRECTION('',(0.,0.,1.));
#960 = DIRECTION('',(1.,0.,0.));
#961 = ORIENTED_EDGE('',*,*,#884,.F.);
#962 = ORIENTED_EDGE('',*,*,#89,.T.);
#963 = ORIENTED_EDGE('',*,*,#940,.F.);
#964 = ORIENTED_EDGE('',*,*,#965,.F.);
#965 = EDGE_CURVE('',#966,#930,#968,.T.);
#966 = VERTEX_POINT('',#967);
#967 = CARTESIAN_POINT('',(-79.23081968131,-23.13881520102,64.));
#968 = CIRCLE('',#969,1.4);
#969 = AXIS2_PLACEMENT_3D('',#970,#971,#972);
#970 = CARTESIAN_POINT('',(-80.080446,-22.0261,64.));
#971 = DIRECTION('',(0.,0.,1.));
#972 = DIRECTION('',(1.,0.,0.));
#973 = ORIENTED_EDGE('',*,*,#974,.F.);
#974 = EDGE_CURVE('',#975,#966,#977,.T.);
#975 = VERTEX_POINT('',#976);
#976 = CARTESIAN_POINT('',(-79.23081968131,-23.13881520102,62.));
#977 = LINE('',#978,#979);
#978 = CARTESIAN_POINT('',(-79.23081968131,-23.13881520102,64.));
#979 = VECTOR('',#980,1.);
#980 = DIRECTION('',(0.,0.,1.));
#981 = ORIENTED_EDGE('',*,*,#982,.F.);
#982 = EDGE_CURVE('',#983,#975,#985,.T.);
#983 = VERTEX_POINT('',#984);
#984 = CARTESIAN_POINT('',(-80.84029883919,-23.20195018721,62.));
#985 = CIRCLE('',#986,1.4);
#986 = AXIS2_PLACEMENT_3D('',#987,#988,#989);
#987 = CARTESIAN_POINT('',(-80.080446,-22.0261,62.));
#988 = DIRECTION('',(0.,0.,1.));
#989 = DIRECTION('',(1.,0.,0.));
#990 = ORIENTED_EDGE('',*,*,#991,.T.);
#991 = EDGE_CURVE('',#983,#932,#992,.T.);
#992 = LINE('',#993,#994);
#993 = CARTESIAN_POINT('',(-80.84029883919,-23.20195018721,64.));
#994 = VECTOR('',#995,1.);
#995 = DIRECTION('',(0.,0.,1.));
#996 = CYLINDRICAL_SURFACE('',#997,1.4);
#997 = AXIS2_PLACEMENT_3D('',#998,#999,#1000);
#998 = CARTESIAN_POINT('',(-80.080446,-22.0261,64.));
#999 = DIRECTION('',(0.,0.,1.));
#1000 = DIRECTION('',(1.,0.,0.));
#1001 = ADVANCED_FACE('',(#1002),#1020,.T.);
#1002 = FACE_BOUND('',#1003,.T.);
#1003 = EDGE_LOOP('',(#1004,#1012,#1013,#1014));
#1004 = ORIENTED_EDGE('',*,*,#1005,.F.);
#1005 = EDGE_CURVE('',#906,#1006,#1008,.T.);
#1006 = VERTEX_POINT('',#1007);
#1007 = CARTESIAN_POINT('',(90.069554,-23.4180410907,60.));
#1008 = LINE('',#1009,#1010);
#1009 = CARTESIAN_POINT('',(90.069554,-25.85,60.));
#1010 = VECTOR('',#1011,1.);
#1011 = DIRECTION('',(0.,1.,0.));
#1012 = ORIENTED_EDGE('',*,*,#915,.T.);
#1013 = ORIENTED_EDGE('',*,*,#39,.F.);
#1014 = ORIENTED_EDGE('',*,*,#1015,.T.);
#1015 = EDGE_CURVE('',#40,#1006,#1016,.T.);
#1016 = LINE('',#1017,#1018);
#1017 = CARTESIAN_POINT('',(90.069554,-23.4180410907,64.));
#1018 = VECTOR('',#1019,1.);
#1019 = DIRECTION('',(0.,0.,1.));
#1020 = PLANE('',#1021);
#1021 = AXIS2_PLACEMENT_3D('',#1022,#1023,#1024);
#1022 = CARTESIAN_POINT('',(90.069554,-25.85,60.));
#1023 = DIRECTION('',(1.,0.,0.));
#1024 = DIRECTION('',(0.,1.,0.));
#1025 = ADVANCED_FACE('',(#1026),#1104,.F.);
#1026 = FACE_BOUND('',#1027,.F.);
#1027 = EDGE_LOOP('',(#1028,#1039,#1047,#1056,#1062,#1063,#1064,#1071,
    #1072,#1081,#1089,#1098));
#1028 = ORIENTED_EDGE('',*,*,#1029,.F.);
#1029 = EDGE_CURVE('',#1030,#1032,#1034,.T.);
#1030 = VERTEX_POINT('',#1031);
#1031 = CARTESIAN_POINT('',(91.319554,-22.0261,64.));
#1032 = VERTEX_POINT('',#1033);
#1033 = CARTESIAN_POINT('',(89.159701160804,-23.20195018721,64.));
#1034 = CIRCLE('',#1035,1.4);
#1035 = AXIS2_PLACEMENT_3D('',#1036,#1037,#1038);
#1036 = CARTESIAN_POINT('',(89.919554,-22.0261,64.));
#1037 = DIRECTION('',(0.,0.,1.));
#1038 = DIRECTION('',(1.,0.,0.));
#1039 = ORIENTED_EDGE('',*,*,#1040,.T.);
#1040 = EDGE_CURVE('',#1030,#1041,#1043,.T.);
#1041 = VERTEX_POINT('',#1042);
#1042 = CARTESIAN_POINT('',(91.319554,-22.0261,60.));
#1043 = LINE('',#1044,#1045);
#1044 = CARTESIAN_POINT('',(91.319554,-22.0261,64.));
#1045 = VECTOR('',#1046,1.);
#1046 = DIRECTION('',(-0.,-0.,-1.));
#1047 = ORIENTED_EDGE('',*,*,#1048,.T.);
#1048 = EDGE_CURVE('',#1041,#1049,#1051,.T.);
#1049 = VERTEX_POINT('',#1050);
#1050 = CARTESIAN_POINT('',(90.069554,-20.63415890929,60.));
#1051 = CIRCLE('',#1052,1.4);
#1052 = AXIS2_PLACEMENT_3D('',#1053,#1054,#1055);
#1053 = CARTESIAN_POINT('',(89.919554,-22.0261,60.));
#1054 = DIRECTION('',(0.,0.,1.));
#1055 = DIRECTION('',(1.,0.,0.));
#1056 = ORIENTED_EDGE('',*,*,#1057,.F.);
#1057 = EDGE_CURVE('',#48,#1049,#1058,.T.);
#1058 = LINE('',#1059,#1060);
#1059 = CARTESIAN_POINT('',(90.069554,-20.63415890929,64.));
#1060 = VECTOR('',#1061,1.);
#1061 = DIRECTION('',(0.,0.,1.));
#1062 = ORIENTED_EDGE('',*,*,#47,.T.);
#1063 = ORIENTED_EDGE('',*,*,#1015,.T.);
#1064 = ORIENTED_EDGE('',*,*,#1065,.T.);
#1065 = EDGE_CURVE('',#1006,#1041,#1066,.T.);
#1066 = CIRCLE('',#1067,1.4);
#1067 = AXIS2_PLACEMENT_3D('',#1068,#1069,#1070);
#1068 = CARTESIAN_POINT('',(89.919554,-22.0261,60.));
#1069 = DIRECTION('',(0.,0.,1.));
#1070 = DIRECTION('',(1.,0.,0.));
#1071 = ORIENTED_EDGE('',*,*,#1040,.F.);
#1072 = ORIENTED_EDGE('',*,*,#1073,.F.);
#1073 = EDGE_CURVE('',#1074,#1030,#1076,.T.);
#1074 = VERTEX_POINT('',#1075);
#1075 = CARTESIAN_POINT('',(90.769180318689,-23.13881520102,64.));
#1076 = CIRCLE('',#1077,1.4);
#1077 = AXIS2_PLACEMENT_3D('',#1078,#1079,#1080);
#1078 = CARTESIAN_POINT('',(89.919554,-22.0261,64.));
#1079 = DIRECTION('',(0.,0.,1.));
#1080 = DIRECTION('',(1.,0.,0.));
#1081 = ORIENTED_EDGE('',*,*,#1082,.F.);
#1082 = EDGE_CURVE('',#1083,#1074,#1085,.T.);
#1083 = VERTEX_POINT('',#1084);
#1084 = CARTESIAN_POINT('',(90.769180318689,-23.13881520102,62.));
#1085 = LINE('',#1086,#1087);
#1086 = CARTESIAN_POINT('',(90.769180318689,-23.13881520102,64.));
#1087 = VECTOR('',#1088,1.);
#1088 = DIRECTION('',(0.,0.,1.));
#1089 = ORIENTED_EDGE('',*,*,#1090,.F.);
#1090 = EDGE_CURVE('',#1091,#1083,#1093,.T.);
#1091 = VERTEX_POINT('',#1092);
#1092 = CARTESIAN_POINT('',(89.159701160804,-23.20195018721,62.));
#1093 = CIRCLE('',#1094,1.4);
#1094 = AXIS2_PLACEMENT_3D('',#1095,#1096,#1097);
#1095 = CARTESIAN_POINT('',(89.919554,-22.0261,62.));
#1096 = DIRECTION('',(0.,0.,1.));
#1097 = DIRECTION('',(1.,0.,0.));
#1098 = ORIENTED_EDGE('',*,*,#1099,.T.);
#1099 = EDGE_CURVE('',#1091,#1032,#1100,.T.);
#1100 = LINE('',#1101,#1102);
#1101 = CARTESIAN_POINT('',(89.159701160804,-23.20195018721,64.));
#1102 = VECTOR('',#1103,1.);
#1103 = DIRECTION('',(0.,0.,1.));
#1104 = CYLINDRICAL_SURFACE('',#1105,1.4);
#1105 = AXIS2_PLACEMENT_3D('',#1106,#1107,#1108);
#1106 = CARTESIAN_POINT('',(89.919554,-22.0261,64.));
#1107 = DIRECTION('',(0.,0.,1.));
#1108 = DIRECTION('',(1.,0.,0.));
#1109 = ADVANCED_FACE('',(#1110),#1128,.T.);
#1110 = FACE_BOUND('',#1111,.T.);
#1111 = EDGE_LOOP('',(#1112,#1120,#1126,#1127));
#1112 = ORIENTED_EDGE('',*,*,#1113,.F.);
#1113 = EDGE_CURVE('',#1114,#948,#1116,.T.);
#1114 = VERTEX_POINT('',#1115);
#1115 = CARTESIAN_POINT('',(-79.930446,84.15,60.));
#1116 = LINE('',#1117,#1118);
#1117 = CARTESIAN_POINT('',(-79.930446,84.15,60.));
#1118 = VECTOR('',#1119,1.);
#1119 = DIRECTION('',(0.,-1.,0.));
#1120 = ORIENTED_EDGE('',*,*,#1121,.T.);
#1121 = EDGE_CURVE('',#1114,#65,#1122,.T.);
#1122 = LINE('',#1123,#1124);
#1123 = CARTESIAN_POINT('',(-79.930446,84.15,60.));
#1124 = VECTOR('',#1125,1.);
#1125 = DIRECTION('',(-0.,-0.,-1.));
#1126 = ORIENTED_EDGE('',*,*,#72,.F.);
#1127 = ORIENTED_EDGE('',*,*,#947,.T.);
#1128 = PLANE('',#1129);
#1129 = AXIS2_PLACEMENT_3D('',#1130,#1131,#1132);
#1130 = CARTESIAN_POINT('',(-79.930446,84.15,60.));
#1131 = DIRECTION('',(-1.,0.,0.));
#1132 = DIRECTION('',(0.,-1.,0.));
#1133 = ADVANCED_FACE('',(#1134),#1152,.T.);
#1134 = FACE_BOUND('',#1135,.T.);
#1135 = EDGE_LOOP('',(#1136,#1144,#1145,#1146));
#1136 = ORIENTED_EDGE('',*,*,#1137,.F.);
#1137 = EDGE_CURVE('',#1049,#1138,#1140,.T.);
#1138 = VERTEX_POINT('',#1139);
#1139 = CARTESIAN_POINT('',(90.069554,84.15,60.));
#1140 = LINE('',#1141,#1142);
#1141 = CARTESIAN_POINT('',(90.069554,-25.85,60.));
#1142 = VECTOR('',#1143,1.);
#1143 = DIRECTION('',(0.,1.,0.));
#1144 = ORIENTED_EDGE('',*,*,#1057,.F.);
#1145 = ORIENTED_EDGE('',*,*,#56,.F.);
#1146 = ORIENTED_EDGE('',*,*,#1147,.F.);
#1147 = EDGE_CURVE('',#1138,#57,#1148,.T.);
#1148 = LINE('',#1149,#1150);
#1149 = CARTESIAN_POINT('',(90.069554,84.15,60.));
#1150 = VECTOR('',#1151,1.);
#1151 = DIRECTION('',(-0.,-0.,-1.));
#1152 = PLANE('',#1153);
#1153 = AXIS2_PLACEMENT_3D('',#1154,#1155,#1156);
#1154 = CARTESIAN_POINT('',(90.069554,-25.85,60.));
#1155 = DIRECTION('',(1.,0.,0.));
#1156 = DIRECTION('',(0.,1.,0.));
#1157 = ADVANCED_FACE('',(#1158),#1169,.T.);
#1158 = FACE_BOUND('',#1159,.T.);
#1159 = EDGE_LOOP('',(#1160,#1166,#1167,#1168));
#1160 = ORIENTED_EDGE('',*,*,#1161,.F.);
#1161 = EDGE_CURVE('',#1138,#1114,#1162,.T.);
#1162 = LINE('',#1163,#1164);
#1163 = CARTESIAN_POINT('',(90.069554,84.15,60.));
#1164 = VECTOR('',#1165,1.);
#1165 = DIRECTION('',(-1.,0.,0.));
#1166 = ORIENTED_EDGE('',*,*,#1147,.T.);
#1167 = ORIENTED_EDGE('',*,*,#64,.F.);
#1168 = ORIENTED_EDGE('',*,*,#1121,.F.);
#1169 = PLANE('',#1170);
#1170 = AXIS2_PLACEMENT_3D('',#1171,#1172,#1173);
#1171 = CARTESIAN_POINT('',(90.069554,84.15,60.));
#1172 = DIRECTION('',(0.,1.,0.));
#1173 = DIRECTION('',(-1.,0.,0.));
#1174 = ADVANCED_FACE('',(#1175),#1200,.F.);
#1175 = FACE_BOUND('',#1176,.F.);
#1176 = EDGE_LOOP('',(#1177,#1187,#1193,#1194));
#1177 = ORIENTED_EDGE('',*,*,#1178,.F.);
#1178 = EDGE_CURVE('',#1179,#1181,#1183,.T.);
#1179 = VERTEX_POINT('',#1180);
#1180 = CARTESIAN_POINT('',(-59.4651776792,25.083657427307,64.));
#1181 = VERTEX_POINT('',#1182);
#1182 = CARTESIAN_POINT('',(-68.12543171705,20.083657427307,64.));
#1183 = LINE('',#1184,#1185);
#1184 = CARTESIAN_POINT('',(-59.4651776792,25.083657427307,64.));
#1185 = VECTOR('',#1186,1.);
#1186 = DIRECTION('',(-0.866025403784,-0.5,0.));
#1187 = ORIENTED_EDGE('',*,*,#1188,.T.);
#1188 = EDGE_CURVE('',#1179,#99,#1189,.T.);
#1189 = LINE('',#1190,#1191);
#1190 = CARTESIAN_POINT('',(-59.4651776792,25.083657427307,64.));
#1191 = VECTOR('',#1192,1.);
#1192 = DIRECTION('',(-0.,-0.,-1.));
#1193 = ORIENTED_EDGE('',*,*,#98,.T.);
#1194 = ORIENTED_EDGE('',*,*,#1195,.F.);
#1195 = EDGE_CURVE('',#1181,#101,#1196,.T.);
#1196 = LINE('',#1197,#1198);
#1197 = CARTESIAN_POINT('',(-68.12543171705,20.083657427307,64.));
#1198 = VECTOR('',#1199,1.);
#1199 = DIRECTION('',(-0.,-0.,-1.));
#1200 = PLANE('',#1201);
#1201 = AXIS2_PLACEMENT_3D('',#1202,#1203,#1204);
#1202 = CARTESIAN_POINT('',(-59.4651776792,25.083657427307,64.));
#1203 = DIRECTION('',(-0.5,0.866025403784,0.));
#1204 = DIRECTION('',(-0.866025403784,-0.5,0.));
#1205 = ADVANCED_FACE('',(#1206),#1224,.F.);
#1206 = FACE_BOUND('',#1207,.F.);
#1207 = EDGE_LOOP('',(#1208,#1216,#1217,#1218));
#1208 = ORIENTED_EDGE('',*,*,#1209,.F.);
#1209 = EDGE_CURVE('',#1181,#1210,#1212,.T.);
#1210 = VERTEX_POINT('',#1211);
#1211 = CARTESIAN_POINT('',(-68.12543171705,10.083657427307,64.));
#1212 = LINE('',#1213,#1214);
#1213 = CARTESIAN_POINT('',(-68.12543171705,20.083657427307,64.));
#1214 = VECTOR('',#1215,1.);
#1215 = DIRECTION('',(0.,-1.,0.));
#1216 = ORIENTED_EDGE('',*,*,#1195,.T.);
#1217 = ORIENTED_EDGE('',*,*,#140,.T.);
#1218 = ORIENTED_EDGE('',*,*,#1219,.F.);
#1219 = EDGE_CURVE('',#1210,#133,#1220,.T.);
#1220 = LINE('',#1221,#1222);
#1221 = CARTESIAN_POINT('',(-68.12543171705,10.083657427307,64.));
#1222 = VECTOR('',#1223,1.);
#1223 = DIRECTION('',(-0.,-0.,-1.));
#1224 = PLANE('',#1225);
#1225 = AXIS2_PLACEMENT_3D('',#1226,#1227,#1228);
#1226 = CARTESIAN_POINT('',(-68.12543171705,20.083657427307,64.));
#1227 = DIRECTION('',(-1.,0.,0.));
#1228 = DIRECTION('',(0.,-1.,0.));
#1229 = ADVANCED_FACE('',(#1230),#1248,.F.);
#1230 = FACE_BOUND('',#1231,.F.);
#1231 = EDGE_LOOP('',(#1232,#1240,#1241,#1242));
#1232 = ORIENTED_EDGE('',*,*,#1233,.F.);
#1233 = EDGE_CURVE('',#1210,#1234,#1236,.T.);
#1234 = VERTEX_POINT('',#1235);
#1235 = CARTESIAN_POINT('',(-59.4651776792,5.083657427307,64.));
#1236 = LINE('',#1237,#1238);
#1237 = CARTESIAN_POINT('',(-68.12543171705,10.083657427307,64.));
#1238 = VECTOR('',#1239,1.);
#1239 = DIRECTION('',(0.866025403784,-0.5,0.));
#1240 = ORIENTED_EDGE('',*,*,#1219,.T.);
#1241 = ORIENTED_EDGE('',*,*,#132,.T.);
#1242 = ORIENTED_EDGE('',*,*,#1243,.F.);
#1243 = EDGE_CURVE('',#1234,#125,#1244,.T.);
#1244 = LINE('',#1245,#1246);
#1245 = CARTESIAN_POINT('',(-59.4651776792,5.083657427307,64.));
#1246 = VECTOR('',#1247,1.);
#1247 = DIRECTION('',(-0.,-0.,-1.));
#1248 = PLANE('',#1249);
#1249 = AXIS2_PLACEMENT_3D('',#1250,#1251,#1252);
#1250 = CARTESIAN_POINT('',(-68.12543171705,10.083657427307,64.));
#1251 = DIRECTION('',(-0.5,-0.866025403784,0.));
#1252 = DIRECTION('',(0.866025403784,-0.5,0.));
#1253 = ADVANCED_FACE('',(#1254),#1272,.F.);
#1254 = FACE_BOUND('',#1255,.F.);
#1255 = EDGE_LOOP('',(#1256,#1264,#1265,#1266));
#1256 = ORIENTED_EDGE('',*,*,#1257,.F.);
#1257 = EDGE_CURVE('',#1234,#1258,#1260,.T.);
#1258 = VERTEX_POINT('',#1259);
#1259 = CARTESIAN_POINT('',(-50.80492364136,10.083657427307,64.));
#1260 = LINE('',#1261,#1262);
#1261 = CARTESIAN_POINT('',(-59.4651776792,5.083657427307,64.));
#1262 = VECTOR('',#1263,1.);
#1263 = DIRECTION('',(0.866025403784,0.5,0.));
#1264 = ORIENTED_EDGE('',*,*,#1243,.T.);
#1265 = ORIENTED_EDGE('',*,*,#124,.T.);
#1266 = ORIENTED_EDGE('',*,*,#1267,.F.);
#1267 = EDGE_CURVE('',#1258,#117,#1268,.T.);
#1268 = LINE('',#1269,#1270);
#1269 = CARTESIAN_POINT('',(-50.80492364136,10.083657427307,64.));
#1270 = VECTOR('',#1271,1.);
#1271 = DIRECTION('',(-0.,-0.,-1.));
#1272 = PLANE('',#1273);
#1273 = AXIS2_PLACEMENT_3D('',#1274,#1275,#1276);
#1274 = CARTESIAN_POINT('',(-59.4651776792,5.083657427307,64.));
#1275 = DIRECTION('',(0.5,-0.866025403784,0.));
#1276 = DIRECTION('',(0.866025403784,0.5,0.));
#1277 = ADVANCED_FACE('',(#1278),#1296,.F.);
#1278 = FACE_BOUND('',#1279,.F.);
#1279 = EDGE_LOOP('',(#1280,#1288,#1289,#1290));
#1280 = ORIENTED_EDGE('',*,*,#1281,.F.);
#1281 = EDGE_CURVE('',#1258,#1282,#1284,.T.);
#1282 = VERTEX_POINT('',#1283);
#1283 = CARTESIAN_POINT('',(-50.80492364136,20.083657427307,64.));
#1284 = LINE('',#1285,#1286);
#1285 = CARTESIAN_POINT('',(-50.80492364136,10.083657427307,64.));
#1286 = VECTOR('',#1287,1.);
#1287 = DIRECTION('',(0.,1.,0.));
#1288 = ORIENTED_EDGE('',*,*,#1267,.T.);
#1289 = ORIENTED_EDGE('',*,*,#116,.T.);
#1290 = ORIENTED_EDGE('',*,*,#1291,.F.);
#1291 = EDGE_CURVE('',#1282,#109,#1292,.T.);
#1292 = LINE('',#1293,#1294);
#1293 = CARTESIAN_POINT('',(-50.80492364136,20.083657427307,64.));
#1294 = VECTOR('',#1295,1.);
#1295 = DIRECTION('',(-0.,-0.,-1.));
#1296 = PLANE('',#1297);
#1297 = AXIS2_PLACEMENT_3D('',#1298,#1299,#1300);
#1298 = CARTESIAN_POINT('',(-50.80492364136,10.083657427307,64.));
#1299 = DIRECTION('',(1.,0.,0.));
#1300 = DIRECTION('',(0.,1.,0.));
#1301 = ADVANCED_FACE('',(#1302),#1313,.F.);
#1302 = FACE_BOUND('',#1303,.F.);
#1303 = EDGE_LOOP('',(#1304,#1310,#1311,#1312));
#1304 = ORIENTED_EDGE('',*,*,#1305,.F.);
#1305 = EDGE_CURVE('',#1282,#1179,#1306,.T.);
#1306 = LINE('',#1307,#1308);
#1307 = CARTESIAN_POINT('',(-50.80492364136,20.083657427307,64.));
#1308 = VECTOR('',#1309,1.);
#1309 = DIRECTION('',(-0.866025403784,0.5,0.));
#1310 = ORIENTED_EDGE('',*,*,#1291,.T.);
#1311 = ORIENTED_EDGE('',*,*,#108,.T.);
#1312 = ORIENTED_EDGE('',*,*,#1188,.F.);
#1313 = PLANE('',#1314);
#1314 = AXIS2_PLACEMENT_3D('',#1315,#1316,#1317);
#1315 = CARTESIAN_POINT('',(-50.80492364136,20.083657427307,64.));
#1316 = DIRECTION('',(0.5,0.866025403784,0.));
#1317 = DIRECTION('',(-0.866025403784,0.5,0.));
#1318 = ADVANCED_FACE('',(#1319),#1344,.F.);
#1319 = FACE_BOUND('',#1320,.F.);
#1320 = EDGE_LOOP('',(#1321,#1331,#1337,#1338));
#1321 = ORIENTED_EDGE('',*,*,#1322,.F.);
#1322 = EDGE_CURVE('',#1323,#1325,#1327,.T.);
#1323 = VERTEX_POINT('',#1324);
#1324 = CARTESIAN_POINT('',(-39.47004993562,24.64222054875,64.));
#1325 = VERTEX_POINT('',#1326);
#1326 = CARTESIAN_POINT('',(-48.13030397346,19.64222054875,64.));
#1327 = LINE('',#1328,#1329);
#1328 = CARTESIAN_POINT('',(-39.47004993562,24.64222054875,64.));
#1329 = VECTOR('',#1330,1.);
#1330 = DIRECTION('',(-0.866025403784,-0.5,0.));
#1331 = ORIENTED_EDGE('',*,*,#1332,.T.);
#1332 = EDGE_CURVE('',#1323,#149,#1333,.T.);
#1333 = LINE('',#1334,#1335);
#1334 = CARTESIAN_POINT('',(-39.47004993562,24.64222054875,64.));
#1335 = VECTOR('',#1336,1.);
#1336 = DIRECTION('',(-0.,-0.,-1.));
#1337 = ORIENTED_EDGE('',*,*,#148,.T.);
#1338 = ORIENTED_EDGE('',*,*,#1339,.F.);
#1339 = EDGE_CURVE('',#1325,#151,#1340,.T.);
#1340 = LINE('',#1341,#1342);
#1341 = CARTESIAN_POINT('',(-48.13030397346,19.64222054875,64.));
#1342 = VECTOR('',#1343,1.);
#1343 = DIRECTION('',(-0.,-0.,-1.));
#1344 = PLANE('',#1345);
#1345 = AXIS2_PLACEMENT_3D('',#1346,#1347,#1348);
#1346 = CARTESIAN_POINT('',(-39.47004993562,24.64222054875,64.));
#1347 = DIRECTION('',(-0.5,0.866025403784,0.));
#1348 = DIRECTION('',(-0.866025403784,-0.5,0.));
#1349 = ADVANCED_FACE('',(#1350),#1368,.F.);
#1350 = FACE_BOUND('',#1351,.F.);
#1351 = EDGE_LOOP('',(#1352,#1360,#1361,#1362));
#1352 = ORIENTED_EDGE('',*,*,#1353,.F.);
#1353 = EDGE_CURVE('',#1325,#1354,#1356,.T.);
#1354 = VERTEX_POINT('',#1355);
#1355 = CARTESIAN_POINT('',(-48.13030397346,9.64222054875,64.));
#1356 = LINE('',#1357,#1358);
#1357 = CARTESIAN_POINT('',(-48.13030397346,19.64222054875,64.));
#1358 = VECTOR('',#1359,1.);
#1359 = DIRECTION('',(0.,-1.,0.));
#1360 = ORIENTED_EDGE('',*,*,#1339,.T.);
#1361 = ORIENTED_EDGE('',*,*,#190,.T.);
#1362 = ORIENTED_EDGE('',*,*,#1363,.F.);
#1363 = EDGE_CURVE('',#1354,#183,#1364,.T.);
#1364 = LINE('',#1365,#1366);
#1365 = CARTESIAN_POINT('',(-48.13030397346,9.64222054875,64.));
#1366 = VECTOR('',#1367,1.);
#1367 = DIRECTION('',(-0.,-0.,-1.));
#1368 = PLANE('',#1369);
#1369 = AXIS2_PLACEMENT_3D('',#1370,#1371,#1372);
#1370 = CARTESIAN_POINT('',(-48.13030397346,19.64222054875,64.));
#1371 = DIRECTION('',(-1.,0.,0.));
#1372 = DIRECTION('',(0.,-1.,0.));
#1373 = ADVANCED_FACE('',(#1374),#1392,.F.);
#1374 = FACE_BOUND('',#1375,.F.);
#1375 = EDGE_LOOP('',(#1376,#1384,#1385,#1386));
#1376 = ORIENTED_EDGE('',*,*,#1377,.F.);
#1377 = EDGE_CURVE('',#1354,#1378,#1380,.T.);
#1378 = VERTEX_POINT('',#1379);
#1379 = CARTESIAN_POINT('',(-39.47004993562,4.64222054875,64.));
#1380 = LINE('',#1381,#1382);
#1381 = CARTESIAN_POINT('',(-48.13030397346,9.64222054875,64.));
#1382 = VECTOR('',#1383,1.);
#1383 = DIRECTION('',(0.866025403784,-0.5,0.));
#1384 = ORIENTED_EDGE('',*,*,#1363,.T.);
#1385 = ORIENTED_EDGE('',*,*,#182,.T.);
#1386 = ORIENTED_EDGE('',*,*,#1387,.F.);
#1387 = EDGE_CURVE('',#1378,#175,#1388,.T.);
#1388 = LINE('',#1389,#1390);
#1389 = CARTESIAN_POINT('',(-39.47004993562,4.64222054875,64.));
#1390 = VECTOR('',#1391,1.);
#1391 = DIRECTION('',(-0.,-0.,-1.));
#1392 = PLANE('',#1393);
#1393 = AXIS2_PLACEMENT_3D('',#1394,#1395,#1396);
#1394 = CARTESIAN_POINT('',(-48.13030397346,9.64222054875,64.));
#1395 = DIRECTION('',(-0.5,-0.866025403784,0.));
#1396 = DIRECTION('',(0.866025403784,-0.5,0.));
#1397 = ADVANCED_FACE('',(#1398),#1416,.F.);
#1398 = FACE_BOUND('',#1399,.F.);
#1399 = EDGE_LOOP('',(#1400,#1408,#1409,#1410));
#1400 = ORIENTED_EDGE('',*,*,#1401,.F.);
#1401 = EDGE_CURVE('',#1378,#1402,#1404,.T.);
#1402 = VERTEX_POINT('',#1403);
#1403 = CARTESIAN_POINT('',(-30.80979589777,9.64222054875,64.));
#1404 = LINE('',#1405,#1406);
#1405 = CARTESIAN_POINT('',(-39.47004993562,4.64222054875,64.));
#1406 = VECTOR('',#1407,1.);
#1407 = DIRECTION('',(0.866025403784,0.5,0.));
#1408 = ORIENTED_EDGE('',*,*,#1387,.T.);
#1409 = ORIENTED_EDGE('',*,*,#174,.T.);
#1410 = ORIENTED_EDGE('',*,*,#1411,.F.);
#1411 = EDGE_CURVE('',#1402,#167,#1412,.T.);
#1412 = LINE('',#1413,#1414);
#1413 = CARTESIAN_POINT('',(-30.80979589777,9.64222054875,64.));
#1414 = VECTOR('',#1415,1.);
#1415 = DIRECTION('',(-0.,-0.,-1.));
#1416 = PLANE('',#1417);
#1417 = AXIS2_PLACEMENT_3D('',#1418,#1419,#1420);
#1418 = CARTESIAN_POINT('',(-39.47004993562,4.64222054875,64.));
#1419 = DIRECTION('',(0.5,-0.866025403784,0.));
#1420 = DIRECTION('',(0.866025403784,0.5,0.));
#1421 = ADVANCED_FACE('',(#1422),#1440,.F.);
#1422 = FACE_BOUND('',#1423,.F.);
#1423 = EDGE_LOOP('',(#1424,#1432,#1433,#1434));
#1424 = ORIENTED_EDGE('',*,*,#1425,.F.);
#1425 = EDGE_CURVE('',#1402,#1426,#1428,.T.);
#1426 = VERTEX_POINT('',#1427);
#1427 = CARTESIAN_POINT('',(-30.80979589777,19.64222054875,64.));
#1428 = LINE('',#1429,#1430);
#1429 = CARTESIAN_POINT('',(-30.80979589777,9.64222054875,64.));
#1430 = VECTOR('',#1431,1.);
#1431 = DIRECTION('',(0.,1.,0.));
#1432 = ORIENTED_EDGE('',*,*,#1411,.T.);
#1433 = ORIENTED_EDGE('',*,*,#166,.T.);
#1434 = ORIENTED_EDGE('',*,*,#1435,.F.);
#1435 = EDGE_CURVE('',#1426,#159,#1436,.T.);
#1436 = LINE('',#1437,#1438);
#1437 = CARTESIAN_POINT('',(-30.80979589777,19.64222054875,64.));
#1438 = VECTOR('',#1439,1.);
#1439 = DIRECTION('',(-0.,-0.,-1.));
#1440 = PLANE('',#1441);
#1441 = AXIS2_PLACEMENT_3D('',#1442,#1443,#1444);
#1442 = CARTESIAN_POINT('',(-30.80979589777,9.64222054875,64.));
#1443 = DIRECTION('',(1.,0.,0.));
#1444 = DIRECTION('',(0.,1.,0.));
#1445 = ADVANCED_FACE('',(#1446),#1457,.F.);
#1446 = FACE_BOUND('',#1447,.F.);
#1447 = EDGE_LOOP('',(#1448,#1454,#1455,#1456));
#1448 = ORIENTED_EDGE('',*,*,#1449,.F.);
#1449 = EDGE_CURVE('',#1426,#1323,#1450,.T.);
#1450 = LINE('',#1451,#1452);
#1451 = CARTESIAN_POINT('',(-30.80979589777,19.64222054875,64.));
#1452 = VECTOR('',#1453,1.);
#1453 = DIRECTION('',(-0.866025403784,0.5,0.));
#1454 = ORIENTED_EDGE('',*,*,#1435,.T.);
#1455 = ORIENTED_EDGE('',*,*,#158,.T.);
#1456 = ORIENTED_EDGE('',*,*,#1332,.F.);
#1457 = PLANE('',#1458);
#1458 = AXIS2_PLACEMENT_3D('',#1459,#1460,#1461);
#1459 = CARTESIAN_POINT('',(-30.80979589777,19.64222054875,64.));
#1460 = DIRECTION('',(0.5,0.866025403784,0.));
#1461 = DIRECTION('',(-0.866025403784,0.5,0.));
#1462 = ADVANCED_FACE('',(#1463),#1488,.F.);
#1463 = FACE_BOUND('',#1464,.F.);
#1464 = EDGE_LOOP('',(#1465,#1475,#1481,#1482));
#1465 = ORIENTED_EDGE('',*,*,#1466,.F.);
#1466 = EDGE_CURVE('',#1467,#1469,#1471,.T.);
#1467 = VERTEX_POINT('',#1468);
#1468 = CARTESIAN_POINT('',(57.204820871471,17.699102295531,64.));
#1469 = VERTEX_POINT('',#1470);
#1470 = CARTESIAN_POINT('',(48.544566833627,22.699102295533,64.));
#1471 = LINE('',#1472,#1473);
#1472 = CARTESIAN_POINT('',(57.204820871471,17.699102295531,64.));
#1473 = VECTOR('',#1474,1.);
#1474 = DIRECTION('',(-0.866025403784,0.5,0.));
#1475 = ORIENTED_EDGE('',*,*,#1476,.T.);
#1476 = EDGE_CURVE('',#1467,#199,#1477,.T.);
#1477 = LINE('',#1478,#1479);
#1478 = CARTESIAN_POINT('',(57.204820871471,17.699102295531,64.));
#1479 = VECTOR('',#1480,1.);
#1480 = DIRECTION('',(-0.,-0.,-1.));
#1481 = ORIENTED_EDGE('',*,*,#198,.T.);
#1482 = ORIENTED_EDGE('',*,*,#1483,.F.);
#1483 = EDGE_CURVE('',#1469,#201,#1484,.T.);
#1484 = LINE('',#1485,#1486);
#1485 = CARTESIAN_POINT('',(48.544566833627,22.699102295533,64.));
#1486 = VECTOR('',#1487,1.);
#1487 = DIRECTION('',(-0.,-0.,-1.));
#1488 = PLANE('',#1489);
#1489 = AXIS2_PLACEMENT_3D('',#1490,#1491,#1492);
#1490 = CARTESIAN_POINT('',(57.204820871471,17.699102295531,64.));
#1491 = DIRECTION('',(0.5,0.866025403784,0.));
#1492 = DIRECTION('',(-0.866025403784,0.5,0.));
#1493 = ADVANCED_FACE('',(#1494),#1512,.F.);
#1494 = FACE_BOUND('',#1495,.F.);
#1495 = EDGE_LOOP('',(#1496,#1504,#1505,#1506));
#1496 = ORIENTED_EDGE('',*,*,#1497,.F.);
#1497 = EDGE_CURVE('',#1469,#1498,#1500,.T.);
#1498 = VERTEX_POINT('',#1499);
#1499 = CARTESIAN_POINT('',(39.884312795782,17.699102295533,64.));
#1500 = LINE('',#1501,#1502);
#1501 = CARTESIAN_POINT('',(48.544566833627,22.699102295533,64.));
#1502 = VECTOR('',#1503,1.);
#1503 = DIRECTION('',(-0.866025403784,-0.5,0.));
#1504 = ORIENTED_EDGE('',*,*,#1483,.T.);
#1505 = ORIENTED_EDGE('',*,*,#240,.T.);
#1506 = ORIENTED_EDGE('',*,*,#1507,.F.);
#1507 = EDGE_CURVE('',#1498,#233,#1508,.T.);
#1508 = LINE('',#1509,#1510);
#1509 = CARTESIAN_POINT('',(39.884312795782,17.699102295533,64.));
#1510 = VECTOR('',#1511,1.);
#1511 = DIRECTION('',(-0.,-0.,-1.));
#1512 = PLANE('',#1513);
#1513 = AXIS2_PLACEMENT_3D('',#1514,#1515,#1516);
#1514 = CARTESIAN_POINT('',(48.544566833627,22.699102295533,64.));
#1515 = DIRECTION('',(-0.5,0.866025403784,0.));
#1516 = DIRECTION('',(-0.866025403784,-0.5,0.));
#1517 = ADVANCED_FACE('',(#1518),#1536,.F.);
#1518 = FACE_BOUND('',#1519,.F.);
#1519 = EDGE_LOOP('',(#1520,#1528,#1529,#1530));
#1520 = ORIENTED_EDGE('',*,*,#1521,.F.);
#1521 = EDGE_CURVE('',#1498,#1522,#1524,.T.);
#1522 = VERTEX_POINT('',#1523);
#1523 = CARTESIAN_POINT('',(39.884312795782,7.699102295532,64.));
#1524 = LINE('',#1525,#1526);
#1525 = CARTESIAN_POINT('',(39.884312795782,17.699102295533,64.));
#1526 = VECTOR('',#1527,1.);
#1527 = DIRECTION('',(-5.400124791777E-14,-1.,0.));
#1528 = ORIENTED_EDGE('',*,*,#1507,.T.);
#1529 = ORIENTED_EDGE('',*,*,#232,.T.);
#1530 = ORIENTED_EDGE('',*,*,#1531,.F.);
#1531 = EDGE_CURVE('',#1522,#225,#1532,.T.);
#1532 = LINE('',#1533,#1534);
#1533 = CARTESIAN_POINT('',(39.884312795782,7.699102295532,64.));
#1534 = VECTOR('',#1535,1.);
#1535 = DIRECTION('',(-0.,-0.,-1.));
#1536 = PLANE('',#1537);
#1537 = AXIS2_PLACEMENT_3D('',#1538,#1539,#1540);
#1538 = CARTESIAN_POINT('',(39.884312795782,17.699102295533,64.));
#1539 = DIRECTION('',(-1.,5.400124791777E-14,0.));
#1540 = DIRECTION('',(-5.400124791777E-14,-1.,0.));
#1541 = ADVANCED_FACE('',(#1542),#1560,.F.);
#1542 = FACE_BOUND('',#1543,.F.);
#1543 = EDGE_LOOP('',(#1544,#1552,#1553,#1554));
#1544 = ORIENTED_EDGE('',*,*,#1545,.F.);
#1545 = EDGE_CURVE('',#1522,#1546,#1548,.T.);
#1546 = VERTEX_POINT('',#1547);
#1547 = CARTESIAN_POINT('',(48.544566833626,2.699102295531,64.));
#1548 = LINE('',#1549,#1550);
#1549 = CARTESIAN_POINT('',(39.884312795782,7.699102295532,64.));
#1550 = VECTOR('',#1551,1.);
#1551 = DIRECTION('',(0.866025403784,-0.5,0.));
#1552 = ORIENTED_EDGE('',*,*,#1531,.T.);
#1553 = ORIENTED_EDGE('',*,*,#224,.T.);
#1554 = ORIENTED_EDGE('',*,*,#1555,.F.);
#1555 = EDGE_CURVE('',#1546,#217,#1556,.T.);
#1556 = LINE('',#1557,#1558);
#1557 = CARTESIAN_POINT('',(48.544566833626,2.699102295531,64.));
#1558 = VECTOR('',#1559,1.);
#1559 = DIRECTION('',(-0.,-0.,-1.));
#1560 = PLANE('',#1561);
#1561 = AXIS2_PLACEMENT_3D('',#1562,#1563,#1564);
#1562 = CARTESIAN_POINT('',(39.884312795782,7.699102295532,64.));
#1563 = DIRECTION('',(-0.5,-0.866025403784,0.));
#1564 = DIRECTION('',(0.866025403784,-0.5,0.));
#1565 = ADVANCED_FACE('',(#1566),#1584,.F.);
#1566 = FACE_BOUND('',#1567,.F.);
#1567 = EDGE_LOOP('',(#1568,#1576,#1577,#1578));
#1568 = ORIENTED_EDGE('',*,*,#1569,.F.);
#1569 = EDGE_CURVE('',#1546,#1570,#1572,.T.);
#1570 = VERTEX_POINT('',#1571);
#1571 = CARTESIAN_POINT('',(57.204820871471,7.699102295531,64.));
#1572 = LINE('',#1573,#1574);
#1573 = CARTESIAN_POINT('',(48.544566833626,2.699102295531,64.));
#1574 = VECTOR('',#1575,1.);
#1575 = DIRECTION('',(0.866025403784,0.5,0.));
#1576 = ORIENTED_EDGE('',*,*,#1555,.T.);
#1577 = ORIENTED_EDGE('',*,*,#216,.T.);
#1578 = ORIENTED_EDGE('',*,*,#1579,.F.);
#1579 = EDGE_CURVE('',#1570,#209,#1580,.T.);
#1580 = LINE('',#1581,#1582);
#1581 = CARTESIAN_POINT('',(57.204820871471,7.699102295531,64.));
#1582 = VECTOR('',#1583,1.);
#1583 = DIRECTION('',(-0.,-0.,-1.));
#1584 = PLANE('',#1585);
#1585 = AXIS2_PLACEMENT_3D('',#1586,#1587,#1588);
#1586 = CARTESIAN_POINT('',(48.544566833626,2.699102295531,64.));
#1587 = DIRECTION('',(0.5,-0.866025403784,0.));
#1588 = DIRECTION('',(0.866025403784,0.5,0.));
#1589 = ADVANCED_FACE('',(#1590),#1601,.F.);
#1590 = FACE_BOUND('',#1591,.F.);
#1591 = EDGE_LOOP('',(#1592,#1598,#1599,#1600));
#1592 = ORIENTED_EDGE('',*,*,#1593,.F.);
#1593 = EDGE_CURVE('',#1570,#1467,#1594,.T.);
#1594 = LINE('',#1595,#1596);
#1595 = CARTESIAN_POINT('',(57.204820871471,7.699102295531,64.));
#1596 = VECTOR('',#1597,1.);
#1597 = DIRECTION('',(1.847411112976E-14,1.,0.));
#1598 = ORIENTED_EDGE('',*,*,#1579,.T.);
#1599 = ORIENTED_EDGE('',*,*,#208,.T.);
#1600 = ORIENTED_EDGE('',*,*,#1476,.F.);
#1601 = PLANE('',#1602);
#1602 = AXIS2_PLACEMENT_3D('',#1603,#1604,#1605);
#1603 = CARTESIAN_POINT('',(57.204820871471,7.699102295531,64.));
#1604 = DIRECTION('',(1.,-1.847411112976E-14,0.));
#1605 = DIRECTION('',(1.847411112976E-14,1.,0.));
#1606 = ADVANCED_FACE('',(#1607),#1632,.F.);
#1607 = FACE_BOUND('',#1608,.F.);
#1608 = EDGE_LOOP('',(#1609,#1619,#1625,#1626));
#1609 = ORIENTED_EDGE('',*,*,#1610,.F.);
#1610 = EDGE_CURVE('',#1611,#1613,#1615,.T.);
#1611 = VERTEX_POINT('',#1612);
#1612 = CARTESIAN_POINT('',(77.199948615055,17.257665416974,64.));
#1613 = VERTEX_POINT('',#1614);
#1614 = CARTESIAN_POINT('',(68.539694577212,22.257665416978,64.));
#1615 = LINE('',#1616,#1617);
#1616 = CARTESIAN_POINT('',(77.199948615055,17.257665416974,64.));
#1617 = VECTOR('',#1618,1.);
#1618 = DIRECTION('',(-0.866025403784,0.5,0.));
#1619 = ORIENTED_EDGE('',*,*,#1620,.T.);
#1620 = EDGE_CURVE('',#1611,#249,#1621,.T.);
#1621 = LINE('',#1622,#1623);
#1622 = CARTESIAN_POINT('',(77.199948615055,17.257665416974,64.));
#1623 = VECTOR('',#1624,1.);
#1624 = DIRECTION('',(-0.,-0.,-1.));
#1625 = ORIENTED_EDGE('',*,*,#248,.T.);
#1626 = ORIENTED_EDGE('',*,*,#1627,.F.);
#1627 = EDGE_CURVE('',#1613,#251,#1628,.T.);
#1628 = LINE('',#1629,#1630);
#1629 = CARTESIAN_POINT('',(68.539694577212,22.257665416978,64.));
#1630 = VECTOR('',#1631,1.);
#1631 = DIRECTION('',(-0.,-0.,-1.));
#1632 = PLANE('',#1633);
#1633 = AXIS2_PLACEMENT_3D('',#1634,#1635,#1636);
#1634 = CARTESIAN_POINT('',(77.199948615055,17.257665416974,64.));
#1635 = DIRECTION('',(0.5,0.866025403784,0.));
#1636 = DIRECTION('',(-0.866025403784,0.5,0.));
#1637 = ADVANCED_FACE('',(#1638),#1656,.F.);
#1638 = FACE_BOUND('',#1639,.F.);
#1639 = EDGE_LOOP('',(#1640,#1648,#1649,#1650));
#1640 = ORIENTED_EDGE('',*,*,#1641,.F.);
#1641 = EDGE_CURVE('',#1613,#1642,#1644,.T.);
#1642 = VERTEX_POINT('',#1643);
#1643 = CARTESIAN_POINT('',(59.879440539367,17.257665416976,64.));
#1644 = LINE('',#1645,#1646);
#1645 = CARTESIAN_POINT('',(68.539694577212,22.257665416978,64.));
#1646 = VECTOR('',#1647,1.);
#1647 = DIRECTION('',(-0.866025403784,-0.5,0.));
#1648 = ORIENTED_EDGE('',*,*,#1627,.T.);
#1649 = ORIENTED_EDGE('',*,*,#290,.T.);
#1650 = ORIENTED_EDGE('',*,*,#1651,.F.);
#1651 = EDGE_CURVE('',#1642,#283,#1652,.T.);
#1652 = LINE('',#1653,#1654);
#1653 = CARTESIAN_POINT('',(59.879440539367,17.257665416976,64.));
#1654 = VECTOR('',#1655,1.);
#1655 = DIRECTION('',(-0.,-0.,-1.));
#1656 = PLANE('',#1657);
#1657 = AXIS2_PLACEMENT_3D('',#1658,#1659,#1660);
#1658 = CARTESIAN_POINT('',(68.539694577212,22.257665416978,64.));
#1659 = DIRECTION('',(-0.5,0.866025403784,0.));
#1660 = DIRECTION('',(-0.866025403784,-0.5,0.));
#1661 = ADVANCED_FACE('',(#1662),#1680,.F.);
#1662 = FACE_BOUND('',#1663,.F.);
#1663 = EDGE_LOOP('',(#1664,#1672,#1673,#1674));
#1664 = ORIENTED_EDGE('',*,*,#1665,.F.);
#1665 = EDGE_CURVE('',#1642,#1666,#1668,.T.);
#1666 = VERTEX_POINT('',#1667);
#1667 = CARTESIAN_POINT('',(59.879440539365,7.257665416975,64.));
#1668 = LINE('',#1669,#1670);
#1669 = CARTESIAN_POINT('',(59.879440539367,17.257665416976,64.));
#1670 = VECTOR('',#1671,1.);
#1671 = DIRECTION('',(-1.27187149701E-13,-1.,0.));
#1672 = ORIENTED_EDGE('',*,*,#1651,.T.);
#1673 = ORIENTED_EDGE('',*,*,#282,.T.);
#1674 = ORIENTED_EDGE('',*,*,#1675,.F.);
#1675 = EDGE_CURVE('',#1666,#275,#1676,.T.);
#1676 = LINE('',#1677,#1678);
#1677 = CARTESIAN_POINT('',(59.879440539365,7.257665416975,64.));
#1678 = VECTOR('',#1679,1.);
#1679 = DIRECTION('',(-0.,-0.,-1.));
#1680 = PLANE('',#1681);
#1681 = AXIS2_PLACEMENT_3D('',#1682,#1683,#1684);
#1682 = CARTESIAN_POINT('',(59.879440539367,17.257665416976,64.));
#1683 = DIRECTION('',(-1.,1.27187149701E-13,0.));
#1684 = DIRECTION('',(-1.27187149701E-13,-1.,0.));
#1685 = ADVANCED_FACE('',(#1686),#1704,.F.);
#1686 = FACE_BOUND('',#1687,.F.);
#1687 = EDGE_LOOP('',(#1688,#1696,#1697,#1698));
#1688 = ORIENTED_EDGE('',*,*,#1689,.F.);
#1689 = EDGE_CURVE('',#1666,#1690,#1692,.T.);
#1690 = VERTEX_POINT('',#1691);
#1691 = CARTESIAN_POINT('',(68.53969457721,2.257665416972,64.));
#1692 = LINE('',#1693,#1694);
#1693 = CARTESIAN_POINT('',(59.879440539365,7.257665416975,64.));
#1694 = VECTOR('',#1695,1.);
#1695 = DIRECTION('',(0.866025403784,-0.5,0.));
#1696 = ORIENTED_EDGE('',*,*,#1675,.T.);
#1697 = ORIENTED_EDGE('',*,*,#274,.T.);
#1698 = ORIENTED_EDGE('',*,*,#1699,.F.);
#1699 = EDGE_CURVE('',#1690,#267,#1700,.T.);
#1700 = LINE('',#1701,#1702);
#1701 = CARTESIAN_POINT('',(68.53969457721,2.257665416972,64.));
#1702 = VECTOR('',#1703,1.);
#1703 = DIRECTION('',(-0.,-0.,-1.));
#1704 = PLANE('',#1705);
#1705 = AXIS2_PLACEMENT_3D('',#1706,#1707,#1708);
#1706 = CARTESIAN_POINT('',(59.879440539365,7.257665416975,64.));
#1707 = DIRECTION('',(-0.5,-0.866025403784,0.));
#1708 = DIRECTION('',(0.866025403784,-0.5,0.));
#1709 = ADVANCED_FACE('',(#1710),#1728,.F.);
#1710 = FACE_BOUND('',#1711,.F.);
#1711 = EDGE_LOOP('',(#1712,#1720,#1721,#1722));
#1712 = ORIENTED_EDGE('',*,*,#1713,.F.);
#1713 = EDGE_CURVE('',#1690,#1714,#1716,.T.);
#1714 = VERTEX_POINT('',#1715);
#1715 = CARTESIAN_POINT('',(77.199948615055,7.257665416973,64.));
#1716 = LINE('',#1717,#1718);
#1717 = CARTESIAN_POINT('',(68.53969457721,2.257665416972,64.));
#1718 = VECTOR('',#1719,1.);
#1719 = DIRECTION('',(0.866025403784,0.5,0.));
#1720 = ORIENTED_EDGE('',*,*,#1699,.T.);
#1721 = ORIENTED_EDGE('',*,*,#266,.T.);
#1722 = ORIENTED_EDGE('',*,*,#1723,.F.);
#1723 = EDGE_CURVE('',#1714,#259,#1724,.T.);
#1724 = LINE('',#1725,#1726);
#1725 = CARTESIAN_POINT('',(77.199948615055,7.257665416973,64.));
#1726 = VECTOR('',#1727,1.);
#1727 = DIRECTION('',(-0.,-0.,-1.));
#1728 = PLANE('',#1729);
#1729 = AXIS2_PLACEMENT_3D('',#1730,#1731,#1732);
#1730 = CARTESIAN_POINT('',(68.53969457721,2.257665416972,64.));
#1731 = DIRECTION('',(0.5,-0.866025403784,0.));
#1732 = DIRECTION('',(0.866025403784,0.5,0.));
#1733 = ADVANCED_FACE('',(#1734),#1745,.F.);
#1734 = FACE_BOUND('',#1735,.F.);
#1735 = EDGE_LOOP('',(#1736,#1742,#1743,#1744));
#1736 = ORIENTED_EDGE('',*,*,#1737,.F.);
#1737 = EDGE_CURVE('',#1714,#1611,#1738,.T.);
#1738 = LINE('',#1739,#1740);
#1739 = CARTESIAN_POINT('',(77.199948615055,7.257665416973,64.));
#1740 = VECTOR('',#1741,1.);
#1741 = DIRECTION('',(9.94759830064E-15,1.,0.));
#1742 = ORIENTED_EDGE('',*,*,#1723,.T.);
#1743 = ORIENTED_EDGE('',*,*,#258,.T.);
#1744 = ORIENTED_EDGE('',*,*,#1620,.F.);
#1745 = PLANE('',#1746);
#1746 = AXIS2_PLACEMENT_3D('',#1747,#1748,#1749);
#1747 = CARTESIAN_POINT('',(77.199948615055,7.257665416973,64.));
#1748 = DIRECTION('',(1.,-9.94759830064E-15,0.));
#1749 = DIRECTION('',(9.94759830064E-15,1.,0.));
#1750 = ADVANCED_FACE('',(#1751),#1776,.F.);
#1751 = FACE_BOUND('',#1752,.F.);
#1752 = EDGE_LOOP('',(#1753,#1763,#1769,#1770));
#1753 = ORIENTED_EDGE('',*,*,#1754,.F.);
#1754 = EDGE_CURVE('',#1755,#1757,#1759,.T.);
#1755 = VERTEX_POINT('',#1756);
#1756 = CARTESIAN_POINT('',(-15.930446,46.15,60.));
#1757 = VERTEX_POINT('',#1758);
#1758 = CARTESIAN_POINT('',(-15.930446,12.15,60.));
#1759 = LINE('',#1760,#1761);
#1760 = CARTESIAN_POINT('',(-15.930446,50.15,60.));
#1761 = VECTOR('',#1762,1.);
#1762 = DIRECTION('',(0.,-1.,0.));
#1763 = ORIENTED_EDGE('',*,*,#1764,.T.);
#1764 = EDGE_CURVE('',#1755,#299,#1765,.T.);
#1765 = LINE('',#1766,#1767);
#1766 = CARTESIAN_POINT('',(-15.930446,46.15,60.));
#1767 = VECTOR('',#1768,1.);
#1768 = DIRECTION('',(-0.,-0.,-1.));
#1769 = ORIENTED_EDGE('',*,*,#298,.T.);
#1770 = ORIENTED_EDGE('',*,*,#1771,.F.);
#1771 = EDGE_CURVE('',#1757,#301,#1772,.T.);
#1772 = LINE('',#1773,#1774);
#1773 = CARTESIAN_POINT('',(-15.930446,12.15,60.));
#1774 = VECTOR('',#1775,1.);
#1775 = DIRECTION('',(-0.,-0.,-1.));
#1776 = PLANE('',#1777);
#1777 = AXIS2_PLACEMENT_3D('',#1778,#1779,#1780);
#1778 = CARTESIAN_POINT('',(-15.930446,50.15,60.));
#1779 = DIRECTION('',(-1.,0.,0.));
#1780 = DIRECTION('',(0.,-1.,0.));
#1781 = ADVANCED_FACE('',(#1782),#1801,.F.);
#1782 = FACE_BOUND('',#1783,.F.);
#1783 = EDGE_LOOP('',(#1784,#1793,#1799,#1800));
#1784 = ORIENTED_EDGE('',*,*,#1785,.T.);
#1785 = EDGE_CURVE('',#1755,#1786,#1788,.T.);
#1786 = VERTEX_POINT('',#1787);
#1787 = CARTESIAN_POINT('',(-11.930446,50.15,60.));
#1788 = CIRCLE('',#1789,4.);
#1789 = AXIS2_PLACEMENT_3D('',#1790,#1791,#1792);
#1790 = CARTESIAN_POINT('',(-11.930446,46.15,60.));
#1791 = DIRECTION('',(0.,0.,-1.));
#1792 = DIRECTION('',(0.,1.,0.));
#1793 = ORIENTED_EDGE('',*,*,#1794,.T.);
#1794 = EDGE_CURVE('',#1786,#309,#1795,.T.);
#1795 = LINE('',#1796,#1797);
#1796 = CARTESIAN_POINT('',(-11.930446,50.15,60.));
#1797 = VECTOR('',#1798,1.);
#1798 = DIRECTION('',(-0.,-0.,-1.));
#1799 = ORIENTED_EDGE('',*,*,#308,.F.);
#1800 = ORIENTED_EDGE('',*,*,#1764,.F.);
#1801 = CYLINDRICAL_SURFACE('',#1802,4.);
#1802 = AXIS2_PLACEMENT_3D('',#1803,#1804,#1805);
#1803 = CARTESIAN_POINT('',(-11.930446,46.15,60.));
#1804 = DIRECTION('',(-0.,-0.,-1.));
#1805 = DIRECTION('',(-1.,0.,0.));
#1806 = ADVANCED_FACE('',(#1807),#1826,.F.);
#1807 = FACE_BOUND('',#1808,.T.);
#1808 = EDGE_LOOP('',(#1809,#1818,#1824,#1825));
#1809 = ORIENTED_EDGE('',*,*,#1810,.T.);
#1810 = EDGE_CURVE('',#1757,#1811,#1813,.T.);
#1811 = VERTEX_POINT('',#1812);
#1812 = CARTESIAN_POINT('',(-11.930446,8.15,60.));
#1813 = CIRCLE('',#1814,4.);
#1814 = AXIS2_PLACEMENT_3D('',#1815,#1816,#1817);
#1815 = CARTESIAN_POINT('',(-11.930446,12.15,60.));
#1816 = DIRECTION('',(0.,-0.,1.));
#1817 = DIRECTION('',(0.,1.,0.));
#1818 = ORIENTED_EDGE('',*,*,#1819,.T.);
#1819 = EDGE_CURVE('',#1811,#352,#1820,.T.);
#1820 = LINE('',#1821,#1822);
#1821 = CARTESIAN_POINT('',(-11.930446,8.15,60.));
#1822 = VECTOR('',#1823,1.);
#1823 = DIRECTION('',(-0.,-0.,-1.));
#1824 = ORIENTED_EDGE('',*,*,#359,.F.);
#1825 = ORIENTED_EDGE('',*,*,#1771,.F.);
#1826 = CYLINDRICAL_SURFACE('',#1827,4.);
#1827 = AXIS2_PLACEMENT_3D('',#1828,#1829,#1830);
#1828 = CARTESIAN_POINT('',(-11.930446,12.15,60.));
#1829 = DIRECTION('',(-0.,-0.,-1.));
#1830 = DIRECTION('',(-1.,0.,0.));
#1831 = ADVANCED_FACE('',(#1832),#1850,.F.);
#1832 = FACE_BOUND('',#1833,.F.);
#1833 = EDGE_LOOP('',(#1834,#1842,#1848,#1849));
#1834 = ORIENTED_EDGE('',*,*,#1835,.F.);
#1835 = EDGE_CURVE('',#1836,#1786,#1838,.T.);
#1836 = VERTEX_POINT('',#1837);
#1837 = CARTESIAN_POINT('',(22.069554,50.15,60.));
#1838 = LINE('',#1839,#1840);
#1839 = CARTESIAN_POINT('',(26.069554,50.15,60.));
#1840 = VECTOR('',#1841,1.);
#1841 = DIRECTION('',(-1.,0.,0.));
#1842 = ORIENTED_EDGE('',*,*,#1843,.T.);
#1843 = EDGE_CURVE('',#1836,#318,#1844,.T.);
#1844 = LINE('',#1845,#1846);
#1845 = CARTESIAN_POINT('',(22.069554,50.15,60.));
#1846 = VECTOR('',#1847,1.);
#1847 = DIRECTION('',(-0.,-0.,-1.));
#1848 = ORIENTED_EDGE('',*,*,#317,.T.);
#1849 = ORIENTED_EDGE('',*,*,#1794,.F.);
#1850 = PLANE('',#1851);
#1851 = AXIS2_PLACEMENT_3D('',#1852,#1853,#1854);
#1852 = CARTESIAN_POINT('',(26.069554,50.15,60.));
#1853 = DIRECTION('',(0.,1.,0.));
#1854 = DIRECTION('',(-1.,0.,0.));
#1855 = ADVANCED_FACE('',(#1856),#1874,.F.);
#1856 = FACE_BOUND('',#1857,.F.);
#1857 = EDGE_LOOP('',(#1858,#1866,#1867,#1868));
#1858 = ORIENTED_EDGE('',*,*,#1859,.F.);
#1859 = EDGE_CURVE('',#1811,#1860,#1862,.T.);
#1860 = VERTEX_POINT('',#1861);
#1861 = CARTESIAN_POINT('',(22.069554,8.15,60.));
#1862 = LINE('',#1863,#1864);
#1863 = CARTESIAN_POINT('',(-15.930446,8.15,60.));
#1864 = VECTOR('',#1865,1.);
#1865 = DIRECTION('',(1.,0.,0.));
#1866 = ORIENTED_EDGE('',*,*,#1819,.T.);
#1867 = ORIENTED_EDGE('',*,*,#351,.T.);
#1868 = ORIENTED_EDGE('',*,*,#1869,.F.);
#1869 = EDGE_CURVE('',#1860,#343,#1870,.T.);
#1870 = LINE('',#1871,#1872);
#1871 = CARTESIAN_POINT('',(22.069554,8.15,60.));
#1872 = VECTOR('',#1873,1.);
#1873 = DIRECTION('',(-0.,-0.,-1.));
#1874 = PLANE('',#1875);
#1875 = AXIS2_PLACEMENT_3D('',#1876,#1877,#1878);
#1876 = CARTESIAN_POINT('',(-15.930446,8.15,60.));
#1877 = DIRECTION('',(0.,-1.,0.));
#1878 = DIRECTION('',(1.,0.,0.));
#1879 = ADVANCED_FACE('',(#1880),#1899,.F.);
#1880 = FACE_BOUND('',#1881,.T.);
#1881 = EDGE_LOOP('',(#1882,#1891,#1892,#1893));
#1882 = ORIENTED_EDGE('',*,*,#1883,.T.);
#1883 = EDGE_CURVE('',#1884,#1836,#1886,.T.);
#1884 = VERTEX_POINT('',#1885);
#1885 = CARTESIAN_POINT('',(26.069554,46.15,60.));
#1886 = CIRCLE('',#1887,4.);
#1887 = AXIS2_PLACEMENT_3D('',#1888,#1889,#1890);
#1888 = CARTESIAN_POINT('',(22.069554,46.15,60.));
#1889 = DIRECTION('',(0.,-0.,1.));
#1890 = DIRECTION('',(0.,1.,0.));
#1891 = ORIENTED_EDGE('',*,*,#1843,.T.);
#1892 = ORIENTED_EDGE('',*,*,#325,.F.);
#1893 = ORIENTED_EDGE('',*,*,#1894,.F.);
#1894 = EDGE_CURVE('',#1884,#326,#1895,.T.);
#1895 = LINE('',#1896,#1897);
#1896 = CARTESIAN_POINT('',(26.069554,46.15,60.));
#1897 = VECTOR('',#1898,1.);
#1898 = DIRECTION('',(-0.,-0.,-1.));
#1899 = CYLINDRICAL_SURFACE('',#1900,4.);
#1900 = AXIS2_PLACEMENT_3D('',#1901,#1902,#1903);
#1901 = CARTESIAN_POINT('',(22.069554,46.15,60.));
#1902 = DIRECTION('',(-0.,-0.,-1.));
#1903 = DIRECTION('',(1.,0.,0.));
#1904 = ADVANCED_FACE('',(#1905),#1924,.F.);
#1905 = FACE_BOUND('',#1906,.T.);
#1906 = EDGE_LOOP('',(#1907,#1916,#1922,#1923));
#1907 = ORIENTED_EDGE('',*,*,#1908,.T.);
#1908 = EDGE_CURVE('',#1860,#1909,#1911,.T.);
#1909 = VERTEX_POINT('',#1910);
#1910 = CARTESIAN_POINT('',(26.069554,12.15,60.));
#1911 = CIRCLE('',#1912,4.);
#1912 = AXIS2_PLACEMENT_3D('',#1913,#1914,#1915);
#1913 = CARTESIAN_POINT('',(22.069554,12.15,60.));
#1914 = DIRECTION('',(0.,-0.,1.));
#1915 = DIRECTION('',(0.,1.,0.));
#1916 = ORIENTED_EDGE('',*,*,#1917,.T.);
#1917 = EDGE_CURVE('',#1909,#335,#1918,.T.);
#1918 = LINE('',#1919,#1920);
#1919 = CARTESIAN_POINT('',(26.069554,12.15,60.));
#1920 = VECTOR('',#1921,1.);
#1921 = DIRECTION('',(-0.,-0.,-1.));
#1922 = ORIENTED_EDGE('',*,*,#342,.F.);
#1923 = ORIENTED_EDGE('',*,*,#1869,.F.);
#1924 = CYLINDRICAL_SURFACE('',#1925,4.);
#1925 = AXIS2_PLACEMENT_3D('',#1926,#1927,#1928);
#1926 = CARTESIAN_POINT('',(22.069554,12.15,60.));
#1927 = DIRECTION('',(-0.,-0.,-1.));
#1928 = DIRECTION('',(0.,-1.,0.));
#1929 = ADVANCED_FACE('',(#1930),#1941,.F.);
#1930 = FACE_BOUND('',#1931,.F.);
#1931 = EDGE_LOOP('',(#1932,#1938,#1939,#1940));
#1932 = ORIENTED_EDGE('',*,*,#1933,.F.);
#1933 = EDGE_CURVE('',#1909,#1884,#1934,.T.);
#1934 = LINE('',#1935,#1936);
#1935 = CARTESIAN_POINT('',(26.069554,8.15,60.));
#1936 = VECTOR('',#1937,1.);
#1937 = DIRECTION('',(0.,1.,0.));
#1938 = ORIENTED_EDGE('',*,*,#1917,.T.);
#1939 = ORIENTED_EDGE('',*,*,#334,.T.);
#1940 = ORIENTED_EDGE('',*,*,#1894,.F.);
#1941 = PLANE('',#1942);
#1942 = AXIS2_PLACEMENT_3D('',#1943,#1944,#1945);
#1943 = CARTESIAN_POINT('',(26.069554,8.15,60.));
#1944 = DIRECTION('',(1.,0.,0.));
#1945 = DIRECTION('',(0.,1.,0.));
#1946 = ADVANCED_FACE('',(#1947),#1972,.F.);
#1947 = FACE_BOUND('',#1948,.F.);
#1948 = EDGE_LOOP('',(#1949,#1959,#1965,#1966));
#1949 = ORIENTED_EDGE('',*,*,#1950,.F.);
#1950 = EDGE_CURVE('',#1951,#1953,#1955,.T.);
#1951 = VERTEX_POINT('',#1952);
#1952 = CARTESIAN_POINT('',(47.589552550676,35.236109312669,64.));
#1953 = VERTEX_POINT('',#1954);
#1954 = CARTESIAN_POINT('',(38.929298512832,40.236109312669,64.));
#1955 = LINE('',#1956,#1957);
#1956 = CARTESIAN_POINT('',(47.589552550676,35.236109312669,64.));
#1957 = VECTOR('',#1958,1.);
#1958 = DIRECTION('',(-0.866025403784,0.5,0.));
#1959 = ORIENTED_EDGE('',*,*,#1960,.T.);
#1960 = EDGE_CURVE('',#1951,#369,#1961,.T.);
#1961 = LINE('',#1962,#1963);
#1962 = CARTESIAN_POINT('',(47.589552550676,35.236109312669,64.));
#1963 = VECTOR('',#1964,1.);
#1964 = DIRECTION('',(-0.,-0.,-1.));
#1965 = ORIENTED_EDGE('',*,*,#368,.T.);
#1966 = ORIENTED_EDGE('',*,*,#1967,.F.);
#1967 = EDGE_CURVE('',#1953,#371,#1968,.T.);
#1968 = LINE('',#1969,#1970);
#1969 = CARTESIAN_POINT('',(38.929298512832,40.236109312669,64.));
#1970 = VECTOR('',#1971,1.);
#1971 = DIRECTION('',(-0.,-0.,-1.));
#1972 = PLANE('',#1973);
#1973 = AXIS2_PLACEMENT_3D('',#1974,#1975,#1976);
#1974 = CARTESIAN_POINT('',(47.589552550676,35.236109312669,64.));
#1975 = DIRECTION('',(0.5,0.866025403784,0.));
#1976 = DIRECTION('',(-0.866025403784,0.5,0.));
#1977 = ADVANCED_FACE('',(#1978),#1996,.F.);
#1978 = FACE_BOUND('',#1979,.F.);
#1979 = EDGE_LOOP('',(#1980,#1988,#1989,#1990));
#1980 = ORIENTED_EDGE('',*,*,#1981,.F.);
#1981 = EDGE_CURVE('',#1953,#1982,#1984,.T.);
#1982 = VERTEX_POINT('',#1983);
#1983 = CARTESIAN_POINT('',(30.269044474987,35.236109312669,64.));
#1984 = LINE('',#1985,#1986);
#1985 = CARTESIAN_POINT('',(38.929298512832,40.236109312669,64.));
#1986 = VECTOR('',#1987,1.);
#1987 = DIRECTION('',(-0.866025403784,-0.5,0.));
#1988 = ORIENTED_EDGE('',*,*,#1967,.T.);
#1989 = ORIENTED_EDGE('',*,*,#410,.T.);
#1990 = ORIENTED_EDGE('',*,*,#1991,.F.);
#1991 = EDGE_CURVE('',#1982,#403,#1992,.T.);
#1992 = LINE('',#1993,#1994);
#1993 = CARTESIAN_POINT('',(30.269044474987,35.236109312669,64.));
#1994 = VECTOR('',#1995,1.);
#1995 = DIRECTION('',(-0.,-0.,-1.));
#1996 = PLANE('',#1997);
#1997 = AXIS2_PLACEMENT_3D('',#1998,#1999,#2000);
#1998 = CARTESIAN_POINT('',(38.929298512832,40.236109312669,64.));
#1999 = DIRECTION('',(-0.5,0.866025403784,0.));
#2000 = DIRECTION('',(-0.866025403784,-0.5,0.));
#2001 = ADVANCED_FACE('',(#2002),#2020,.F.);
#2002 = FACE_BOUND('',#2003,.F.);
#2003 = EDGE_LOOP('',(#2004,#2012,#2013,#2014));
#2004 = ORIENTED_EDGE('',*,*,#2005,.F.);
#2005 = EDGE_CURVE('',#1982,#2006,#2008,.T.);
#2006 = VERTEX_POINT('',#2007);
#2007 = CARTESIAN_POINT('',(30.269044474987,25.236109312669,64.));
#2008 = LINE('',#2009,#2010);
#2009 = CARTESIAN_POINT('',(30.269044474987,35.236109312669,64.));
#2010 = VECTOR('',#2011,1.);
#2011 = DIRECTION('',(-2.629008122312E-14,-1.,0.));
#2012 = ORIENTED_EDGE('',*,*,#1991,.T.);
#2013 = ORIENTED_EDGE('',*,*,#402,.T.);
#2014 = ORIENTED_EDGE('',*,*,#2015,.F.);
#2015 = EDGE_CURVE('',#2006,#395,#2016,.T.);
#2016 = LINE('',#2017,#2018);
#2017 = CARTESIAN_POINT('',(30.269044474987,25.236109312669,64.));
#2018 = VECTOR('',#2019,1.);
#2019 = DIRECTION('',(-0.,-0.,-1.));
#2020 = PLANE('',#2021);
#2021 = AXIS2_PLACEMENT_3D('',#2022,#2023,#2024);
#2022 = CARTESIAN_POINT('',(30.269044474987,35.236109312669,64.));
#2023 = DIRECTION('',(-1.,2.629008122312E-14,0.));
#2024 = DIRECTION('',(-2.629008122312E-14,-1.,0.));
#2025 = ADVANCED_FACE('',(#2026),#2044,.F.);
#2026 = FACE_BOUND('',#2027,.F.);
#2027 = EDGE_LOOP('',(#2028,#2036,#2037,#2038));
#2028 = ORIENTED_EDGE('',*,*,#2029,.F.);
#2029 = EDGE_CURVE('',#2006,#2030,#2032,.T.);
#2030 = VERTEX_POINT('',#2031);
#2031 = CARTESIAN_POINT('',(38.929298512832,20.236109312669,64.));
#2032 = LINE('',#2033,#2034);
#2033 = CARTESIAN_POINT('',(30.269044474987,25.236109312669,64.));
#2034 = VECTOR('',#2035,1.);
#2035 = DIRECTION('',(0.866025403784,-0.5,0.));
#2036 = ORIENTED_EDGE('',*,*,#2015,.T.);
#2037 = ORIENTED_EDGE('',*,*,#394,.T.);
#2038 = ORIENTED_EDGE('',*,*,#2039,.F.);
#2039 = EDGE_CURVE('',#2030,#387,#2040,.T.);
#2040 = LINE('',#2041,#2042);
#2041 = CARTESIAN_POINT('',(38.929298512832,20.236109312669,64.));
#2042 = VECTOR('',#2043,1.);
#2043 = DIRECTION('',(-0.,-0.,-1.));
#2044 = PLANE('',#2045);
#2045 = AXIS2_PLACEMENT_3D('',#2046,#2047,#2048);
#2046 = CARTESIAN_POINT('',(30.269044474987,25.236109312669,64.));
#2047 = DIRECTION('',(-0.5,-0.866025403784,0.));
#2048 = DIRECTION('',(0.866025403784,-0.5,0.));
#2049 = ADVANCED_FACE('',(#2050),#2068,.F.);
#2050 = FACE_BOUND('',#2051,.F.);
#2051 = EDGE_LOOP('',(#2052,#2060,#2061,#2062));
#2052 = ORIENTED_EDGE('',*,*,#2053,.F.);
#2053 = EDGE_CURVE('',#2030,#2054,#2056,.T.);
#2054 = VERTEX_POINT('',#2055);
#2055 = CARTESIAN_POINT('',(47.589552550676,25.236109312669,64.));
#2056 = LINE('',#2057,#2058);
#2057 = CARTESIAN_POINT('',(38.929298512832,20.236109312669,64.));
#2058 = VECTOR('',#2059,1.);
#2059 = DIRECTION('',(0.866025403784,0.5,0.));
#2060 = ORIENTED_EDGE('',*,*,#2039,.T.);
#2061 = ORIENTED_EDGE('',*,*,#386,.T.);
#2062 = ORIENTED_EDGE('',*,*,#2063,.F.);
#2063 = EDGE_CURVE('',#2054,#379,#2064,.T.);
#2064 = LINE('',#2065,#2066);
#2065 = CARTESIAN_POINT('',(47.589552550676,25.236109312669,64.));
#2066 = VECTOR('',#2067,1.);
#2067 = DIRECTION('',(-0.,-0.,-1.));
#2068 = PLANE('',#2069);
#2069 = AXIS2_PLACEMENT_3D('',#2070,#2071,#2072);
#2070 = CARTESIAN_POINT('',(38.929298512832,20.236109312669,64.));
#2071 = DIRECTION('',(0.5,-0.866025403784,0.));
#2072 = DIRECTION('',(0.866025403784,0.5,0.));
#2073 = ADVANCED_FACE('',(#2074),#2085,.F.);
#2074 = FACE_BOUND('',#2075,.F.);
#2075 = EDGE_LOOP('',(#2076,#2082,#2083,#2084));
#2076 = ORIENTED_EDGE('',*,*,#2077,.F.);
#2077 = EDGE_CURVE('',#2054,#1951,#2078,.T.);
#2078 = LINE('',#2079,#2080);
#2079 = CARTESIAN_POINT('',(47.589552550676,25.236109312669,64.));
#2080 = VECTOR('',#2081,1.);
#2081 = DIRECTION('',(7.815970093361E-15,1.,0.));
#2082 = ORIENTED_EDGE('',*,*,#2063,.T.);
#2083 = ORIENTED_EDGE('',*,*,#378,.T.);
#2084 = ORIENTED_EDGE('',*,*,#1960,.F.);
#2085 = PLANE('',#2086);
#2086 = AXIS2_PLACEMENT_3D('',#2087,#2088,#2089);
#2087 = CARTESIAN_POINT('',(47.589552550676,25.236109312669,64.));
#2088 = DIRECTION('',(1.,-7.815970093361E-15,0.));
#2089 = DIRECTION('',(7.815970093361E-15,1.,0.));
#2090 = ADVANCED_FACE('',(#2091),#2116,.F.);
#2091 = FACE_BOUND('',#2092,.F.);
#2092 = EDGE_LOOP('',(#2093,#2103,#2109,#2110));
#2093 = ORIENTED_EDGE('',*,*,#2094,.F.);
#2094 = EDGE_CURVE('',#2095,#2097,#2099,.T.);
#2095 = VERTEX_POINT('',#2096);
#2096 = CARTESIAN_POINT('',(67.58468029426,34.794672434112,64.));
#2097 = VERTEX_POINT('',#2098);
#2098 = CARTESIAN_POINT('',(58.924426256416,39.794672434113,64.));
#2099 = LINE('',#2100,#2101);
#2100 = CARTESIAN_POINT('',(67.58468029426,34.794672434112,64.));
#2101 = VECTOR('',#2102,1.);
#2102 = DIRECTION('',(-0.866025403784,0.5,0.));
#2103 = ORIENTED_EDGE('',*,*,#2104,.T.);
#2104 = EDGE_CURVE('',#2095,#419,#2105,.T.);
#2105 = LINE('',#2106,#2107);
#2106 = CARTESIAN_POINT('',(67.58468029426,34.794672434112,64.));
#2107 = VECTOR('',#2108,1.);
#2108 = DIRECTION('',(-0.,-0.,-1.));
#2109 = ORIENTED_EDGE('',*,*,#418,.T.);
#2110 = ORIENTED_EDGE('',*,*,#2111,.F.);
#2111 = EDGE_CURVE('',#2097,#421,#2112,.T.);
#2112 = LINE('',#2113,#2114);
#2113 = CARTESIAN_POINT('',(58.924426256416,39.794672434113,64.));
#2114 = VECTOR('',#2115,1.);
#2115 = DIRECTION('',(-0.,-0.,-1.));
#2116 = PLANE('',#2117);
#2117 = AXIS2_PLACEMENT_3D('',#2118,#2119,#2120);
#2118 = CARTESIAN_POINT('',(67.58468029426,34.794672434112,64.));
#2119 = DIRECTION('',(0.5,0.866025403784,0.));
#2120 = DIRECTION('',(-0.866025403784,0.5,0.));
#2121 = ADVANCED_FACE('',(#2122),#2140,.F.);
#2122 = FACE_BOUND('',#2123,.F.);
#2123 = EDGE_LOOP('',(#2124,#2132,#2133,#2134));
#2124 = ORIENTED_EDGE('',*,*,#2125,.F.);
#2125 = EDGE_CURVE('',#2097,#2126,#2128,.T.);
#2126 = VERTEX_POINT('',#2127);
#2127 = CARTESIAN_POINT('',(50.264172218572,34.794672434113,64.));
#2128 = LINE('',#2129,#2130);
#2129 = CARTESIAN_POINT('',(58.924426256416,39.794672434113,64.));
#2130 = VECTOR('',#2131,1.);
#2131 = DIRECTION('',(-0.866025403784,-0.5,0.));
#2132 = ORIENTED_EDGE('',*,*,#2111,.T.);
#2133 = ORIENTED_EDGE('',*,*,#460,.T.);
#2134 = ORIENTED_EDGE('',*,*,#2135,.F.);
#2135 = EDGE_CURVE('',#2126,#453,#2136,.T.);
#2136 = LINE('',#2137,#2138);
#2137 = CARTESIAN_POINT('',(50.264172218572,34.794672434113,64.));
#2138 = VECTOR('',#2139,1.);
#2139 = DIRECTION('',(-0.,-0.,-1.));
#2140 = PLANE('',#2141);
#2141 = AXIS2_PLACEMENT_3D('',#2142,#2143,#2144);
#2142 = CARTESIAN_POINT('',(58.924426256416,39.794672434113,64.));
#2143 = DIRECTION('',(-0.5,0.866025403784,0.));
#2144 = DIRECTION('',(-0.866025403784,-0.5,0.));
#2145 = ADVANCED_FACE('',(#2146),#2164,.F.);
#2146 = FACE_BOUND('',#2147,.F.);
#2147 = EDGE_LOOP('',(#2148,#2156,#2157,#2158));
#2148 = ORIENTED_EDGE('',*,*,#2149,.F.);
#2149 = EDGE_CURVE('',#2126,#2150,#2152,.T.);
#2150 = VERTEX_POINT('',#2151);
#2151 = CARTESIAN_POINT('',(50.264172218571,24.794672434112,64.));
#2152 = LINE('',#2153,#2154);
#2153 = CARTESIAN_POINT('',(50.264172218572,34.794672434113,64.));
#2154 = VECTOR('',#2155,1.);
#2155 = DIRECTION('',(-7.034373084025E-14,-1.,0.));
#2156 = ORIENTED_EDGE('',*,*,#2135,.T.);
#2157 = ORIENTED_EDGE('',*,*,#452,.T.);
#2158 = ORIENTED_EDGE('',*,*,#2159,.F.);
#2159 = EDGE_CURVE('',#2150,#445,#2160,.T.);
#2160 = LINE('',#2161,#2162);
#2161 = CARTESIAN_POINT('',(50.264172218571,24.794672434112,64.));
#2162 = VECTOR('',#2163,1.);
#2163 = DIRECTION('',(-0.,-0.,-1.));
#2164 = PLANE('',#2165);
#2165 = AXIS2_PLACEMENT_3D('',#2166,#2167,#2168);
#2166 = CARTESIAN_POINT('',(50.264172218572,34.794672434113,64.));
#2167 = DIRECTION('',(-1.,7.034373084025E-14,0.));
#2168 = DIRECTION('',(-7.034373084025E-14,-1.,0.));
#2169 = ADVANCED_FACE('',(#2170),#2188,.F.);
#2170 = FACE_BOUND('',#2171,.F.);
#2171 = EDGE_LOOP('',(#2172,#2180,#2181,#2182));
#2172 = ORIENTED_EDGE('',*,*,#2173,.F.);
#2173 = EDGE_CURVE('',#2150,#2174,#2176,.T.);
#2174 = VERTEX_POINT('',#2175);
#2175 = CARTESIAN_POINT('',(58.924426256416,19.794672434112,64.));
#2176 = LINE('',#2177,#2178);
#2177 = CARTESIAN_POINT('',(50.264172218571,24.794672434112,64.));
#2178 = VECTOR('',#2179,1.);
#2179 = DIRECTION('',(0.866025403784,-0.5,0.));
#2180 = ORIENTED_EDGE('',*,*,#2159,.T.);
#2181 = ORIENTED_EDGE('',*,*,#444,.T.);
#2182 = ORIENTED_EDGE('',*,*,#2183,.F.);
#2183 = EDGE_CURVE('',#2174,#437,#2184,.T.);
#2184 = LINE('',#2185,#2186);
#2185 = CARTESIAN_POINT('',(58.924426256416,19.794672434112,64.));
#2186 = VECTOR('',#2187,1.);
#2187 = DIRECTION('',(-0.,-0.,-1.));
#2188 = PLANE('',#2189);
#2189 = AXIS2_PLACEMENT_3D('',#2190,#2191,#2192);
#2190 = CARTESIAN_POINT('',(50.264172218571,24.794672434112,64.));
#2191 = DIRECTION('',(-0.5,-0.866025403784,0.));
#2192 = DIRECTION('',(0.866025403784,-0.5,0.));
#2193 = ADVANCED_FACE('',(#2194),#2212,.F.);
#2194 = FACE_BOUND('',#2195,.F.);
#2195 = EDGE_LOOP('',(#2196,#2204,#2205,#2206));
#2196 = ORIENTED_EDGE('',*,*,#2197,.F.);
#2197 = EDGE_CURVE('',#2174,#2198,#2200,.T.);
#2198 = VERTEX_POINT('',#2199);
#2199 = CARTESIAN_POINT('',(67.58468029426,24.794672434112,64.));
#2200 = LINE('',#2201,#2202);
#2201 = CARTESIAN_POINT('',(58.924426256416,19.794672434112,64.));
#2202 = VECTOR('',#2203,1.);
#2203 = DIRECTION('',(0.866025403784,0.5,0.));
#2204 = ORIENTED_EDGE('',*,*,#2183,.T.);
#2205 = ORIENTED_EDGE('',*,*,#436,.T.);
#2206 = ORIENTED_EDGE('',*,*,#2207,.F.);
#2207 = EDGE_CURVE('',#2198,#429,#2208,.T.);
#2208 = LINE('',#2209,#2210);
#2209 = CARTESIAN_POINT('',(67.58468029426,24.794672434112,64.));
#2210 = VECTOR('',#2211,1.);
#2211 = DIRECTION('',(-0.,-0.,-1.));
#2212 = PLANE('',#2213);
#2213 = AXIS2_PLACEMENT_3D('',#2214,#2215,#2216);
#2214 = CARTESIAN_POINT('',(58.924426256416,19.794672434112,64.));
#2215 = DIRECTION('',(0.5,-0.866025403784,0.));
#2216 = DIRECTION('',(0.866025403784,0.5,0.));
#2217 = ADVANCED_FACE('',(#2218),#2229,.F.);
#2218 = FACE_BOUND('',#2219,.F.);
#2219 = EDGE_LOOP('',(#2220,#2226,#2227,#2228));
#2220 = ORIENTED_EDGE('',*,*,#2221,.F.);
#2221 = EDGE_CURVE('',#2198,#2095,#2222,.T.);
#2222 = LINE('',#2223,#2224);
#2223 = CARTESIAN_POINT('',(67.58468029426,24.794672434112,64.));
#2224 = VECTOR('',#2225,1.);
#2225 = DIRECTION('',(4.263256414561E-15,1.,0.));
#2226 = ORIENTED_EDGE('',*,*,#2207,.T.);
#2227 = ORIENTED_EDGE('',*,*,#428,.T.);
#2228 = ORIENTED_EDGE('',*,*,#2104,.F.);
#2229 = PLANE('',#2230);
#2230 = AXIS2_PLACEMENT_3D('',#2231,#2232,#2233);
#2231 = CARTESIAN_POINT('',(67.58468029426,24.794672434112,64.));
#2232 = DIRECTION('',(1.,-4.263256414561E-15,0.));
#2233 = DIRECTION('',(4.263256414561E-15,1.,0.));
#2234 = ADVANCED_FACE('',(#2235),#2260,.F.);
#2235 = FACE_BOUND('',#2236,.F.);
#2236 = EDGE_LOOP('',(#2237,#2247,#2253,#2254));
#2237 = ORIENTED_EDGE('',*,*,#2238,.F.);
#2238 = EDGE_CURVE('',#2239,#2241,#2243,.T.);
#2239 = VERTEX_POINT('',#2240);
#2240 = CARTESIAN_POINT('',(87.579808037845,34.353235555555,64.));
#2241 = VERTEX_POINT('',#2242);
#2242 = CARTESIAN_POINT('',(78.919554000001,39.353235555558,64.));
#2243 = LINE('',#2244,#2245);
#2244 = CARTESIAN_POINT('',(87.579808037845,34.353235555555,64.));
#2245 = VECTOR('',#2246,1.);
#2246 = DIRECTION('',(-0.866025403784,0.5,0.));
#2247 = ORIENTED_EDGE('',*,*,#2248,.T.);
#2248 = EDGE_CURVE('',#2239,#469,#2249,.T.);
#2249 = LINE('',#2250,#2251);
#2250 = CARTESIAN_POINT('',(87.579808037845,34.353235555555,64.));
#2251 = VECTOR('',#2252,1.);
#2252 = DIRECTION('',(-0.,-0.,-1.));
#2253 = ORIENTED_EDGE('',*,*,#468,.T.);
#2254 = ORIENTED_EDGE('',*,*,#2255,.F.);
#2255 = EDGE_CURVE('',#2241,#471,#2256,.T.);
#2256 = LINE('',#2257,#2258);
#2257 = CARTESIAN_POINT('',(78.919554000001,39.353235555558,64.));
#2258 = VECTOR('',#2259,1.);
#2259 = DIRECTION('',(-0.,-0.,-1.));
#2260 = PLANE('',#2261);
#2261 = AXIS2_PLACEMENT_3D('',#2262,#2263,#2264);
#2262 = CARTESIAN_POINT('',(87.579808037845,34.353235555555,64.));
#2263 = DIRECTION('',(0.5,0.866025403784,0.));
#2264 = DIRECTION('',(-0.866025403784,0.5,0.));
#2265 = ADVANCED_FACE('',(#2266),#2284,.F.);
#2266 = FACE_BOUND('',#2267,.F.);
#2267 = EDGE_LOOP('',(#2268,#2276,#2277,#2278));
#2268 = ORIENTED_EDGE('',*,*,#2269,.F.);
#2269 = EDGE_CURVE('',#2241,#2270,#2272,.T.);
#2270 = VERTEX_POINT('',#2271);
#2271 = CARTESIAN_POINT('',(70.259299962156,34.353235555557,64.));
#2272 = LINE('',#2273,#2274);
#2273 = CARTESIAN_POINT('',(78.919554000001,39.353235555558,64.));
#2274 = VECTOR('',#2275,1.);
#2275 = DIRECTION('',(-0.866025403784,-0.5,0.));
#2276 = ORIENTED_EDGE('',*,*,#2255,.T.);
#2277 = ORIENTED_EDGE('',*,*,#510,.T.);
#2278 = ORIENTED_EDGE('',*,*,#2279,.F.);
#2279 = EDGE_CURVE('',#2270,#503,#2280,.T.);
#2280 = LINE('',#2281,#2282);
#2281 = CARTESIAN_POINT('',(70.259299962156,34.353235555557,64.));
#2282 = VECTOR('',#2283,1.);
#2283 = DIRECTION('',(-0.,-0.,-1.));
#2284 = PLANE('',#2285);
#2285 = AXIS2_PLACEMENT_3D('',#2286,#2287,#2288);
#2286 = CARTESIAN_POINT('',(78.919554000001,39.353235555558,64.));
#2287 = DIRECTION('',(-0.5,0.866025403784,0.));
#2288 = DIRECTION('',(-0.866025403784,-0.5,0.));
#2289 = ADVANCED_FACE('',(#2290),#2308,.F.);
#2290 = FACE_BOUND('',#2291,.F.);
#2291 = EDGE_LOOP('',(#2292,#2300,#2301,#2302));
#2292 = ORIENTED_EDGE('',*,*,#2293,.F.);
#2293 = EDGE_CURVE('',#2270,#2294,#2296,.T.);
#2294 = VERTEX_POINT('',#2295);
#2295 = CARTESIAN_POINT('',(70.259299962154,24.353235555555,64.));
#2296 = LINE('',#2297,#2298);
#2297 = CARTESIAN_POINT('',(70.259299962156,34.353235555557,64.));
#2298 = VECTOR('',#2299,1.);
#2299 = DIRECTION('',(-1.961097950697E-13,-1.,0.));
#2300 = ORIENTED_EDGE('',*,*,#2279,.T.);
#2301 = ORIENTED_EDGE('',*,*,#502,.T.);
#2302 = ORIENTED_EDGE('',*,*,#2303,.F.);
#2303 = EDGE_CURVE('',#2294,#495,#2304,.T.);
#2304 = LINE('',#2305,#2306);
#2305 = CARTESIAN_POINT('',(70.259299962154,24.353235555555,64.));
#2306 = VECTOR('',#2307,1.);
#2307 = DIRECTION('',(-0.,-0.,-1.));
#2308 = PLANE('',#2309);
#2309 = AXIS2_PLACEMENT_3D('',#2310,#2311,#2312);
#2310 = CARTESIAN_POINT('',(70.259299962156,34.353235555557,64.));
#2311 = DIRECTION('',(-1.,1.961097950697E-13,0.));
#2312 = DIRECTION('',(-1.961097950697E-13,-1.,0.));
#2313 = ADVANCED_FACE('',(#2314),#2332,.F.);
#2314 = FACE_BOUND('',#2315,.F.);
#2315 = EDGE_LOOP('',(#2316,#2324,#2325,#2326));
#2316 = ORIENTED_EDGE('',*,*,#2317,.F.);
#2317 = EDGE_CURVE('',#2294,#2318,#2320,.T.);
#2318 = VERTEX_POINT('',#2319);
#2319 = CARTESIAN_POINT('',(78.919554,19.353235555553,64.));
#2320 = LINE('',#2321,#2322);
#2321 = CARTESIAN_POINT('',(70.259299962154,24.353235555555,64.));
#2322 = VECTOR('',#2323,1.);
#2323 = DIRECTION('',(0.866025403784,-0.5,0.));
#2324 = ORIENTED_EDGE('',*,*,#2303,.T.);
#2325 = ORIENTED_EDGE('',*,*,#494,.T.);
#2326 = ORIENTED_EDGE('',*,*,#2327,.F.);
#2327 = EDGE_CURVE('',#2318,#487,#2328,.T.);
#2328 = LINE('',#2329,#2330);
#2329 = CARTESIAN_POINT('',(78.919554,19.353235555553,64.));
#2330 = VECTOR('',#2331,1.);
#2331 = DIRECTION('',(-0.,-0.,-1.));
#2332 = PLANE('',#2333);
#2333 = AXIS2_PLACEMENT_3D('',#2334,#2335,#2336);
#2334 = CARTESIAN_POINT('',(70.259299962154,24.353235555555,64.));
#2335 = DIRECTION('',(-0.5,-0.866025403784,0.));
#2336 = DIRECTION('',(0.866025403784,-0.5,0.));
#2337 = ADVANCED_FACE('',(#2338),#2356,.F.);
#2338 = FACE_BOUND('',#2339,.F.);
#2339 = EDGE_LOOP('',(#2340,#2348,#2349,#2350));
#2340 = ORIENTED_EDGE('',*,*,#2341,.F.);
#2341 = EDGE_CURVE('',#2318,#2342,#2344,.T.);
#2342 = VERTEX_POINT('',#2343);
#2343 = CARTESIAN_POINT('',(87.579808037845,24.353235555554,64.));
#2344 = LINE('',#2345,#2346);
#2345 = CARTESIAN_POINT('',(78.919554,19.353235555553,64.));
#2346 = VECTOR('',#2347,1.);
#2347 = DIRECTION('',(0.866025403784,0.5,0.));
#2348 = ORIENTED_EDGE('',*,*,#2327,.T.);
#2349 = ORIENTED_EDGE('',*,*,#486,.T.);
#2350 = ORIENTED_EDGE('',*,*,#2351,.F.);
#2351 = EDGE_CURVE('',#2342,#479,#2352,.T.);
#2352 = LINE('',#2353,#2354);
#2353 = CARTESIAN_POINT('',(87.579808037845,24.353235555554,64.));
#2354 = VECTOR('',#2355,1.);
#2355 = DIRECTION('',(-0.,-0.,-1.));
#2356 = PLANE('',#2357);
#2357 = AXIS2_PLACEMENT_3D('',#2358,#2359,#2360);
#2358 = CARTESIAN_POINT('',(78.919554,19.353235555553,64.));
#2359 = DIRECTION('',(0.5,-0.866025403784,0.));
#2360 = DIRECTION('',(0.866025403784,0.5,0.));
#2361 = ADVANCED_FACE('',(#2362),#2373,.F.);
#2362 = FACE_BOUND('',#2363,.F.);
#2363 = EDGE_LOOP('',(#2364,#2370,#2371,#2372));
#2364 = ORIENTED_EDGE('',*,*,#2365,.F.);
#2365 = EDGE_CURVE('',#2342,#2239,#2366,.T.);
#2366 = LINE('',#2367,#2368);
#2367 = CARTESIAN_POINT('',(87.579808037845,24.353235555554,64.));
#2368 = VECTOR('',#2369,1.);
#2369 = DIRECTION('',(1.42108547152E-15,1.,0.));
#2370 = ORIENTED_EDGE('',*,*,#2351,.T.);
#2371 = ORIENTED_EDGE('',*,*,#478,.T.);
#2372 = ORIENTED_EDGE('',*,*,#2248,.F.);
#2373 = PLANE('',#2374);
#2374 = AXIS2_PLACEMENT_3D('',#2375,#2376,#2377);
#2375 = CARTESIAN_POINT('',(87.579808037845,24.353235555554,64.));
#2376 = DIRECTION('',(1.,-1.42108547152E-15,0.));
#2377 = DIRECTION('',(1.42108547152E-15,1.,0.));
#2378 = ADVANCED_FACE('',(#2379),#2404,.F.);
#2379 = FACE_BOUND('',#2380,.F.);
#2380 = EDGE_LOOP('',(#2381,#2391,#2397,#2398));
#2381 = ORIENTED_EDGE('',*,*,#2382,.F.);
#2382 = EDGE_CURVE('',#2383,#2385,#2387,.T.);
#2383 = VERTEX_POINT('',#2384);
#2384 = CARTESIAN_POINT('',(-60.42019196215,27.620664444444,64.));
#2385 = VERTEX_POINT('',#2386);
#2386 = CARTESIAN_POINT('',(-60.42019196215,37.620664444444,64.));
#2387 = LINE('',#2388,#2389);
#2388 = CARTESIAN_POINT('',(-60.42019196215,27.620664444444,64.));
#2389 = VECTOR('',#2390,1.);
#2390 = DIRECTION('',(0.,1.,0.));
#2391 = ORIENTED_EDGE('',*,*,#2392,.T.);
#2392 = EDGE_CURVE('',#2383,#519,#2393,.T.);
#2393 = LINE('',#2394,#2395);
#2394 = CARTESIAN_POINT('',(-60.42019196215,27.620664444444,64.));
#2395 = VECTOR('',#2396,1.);
#2396 = DIRECTION('',(-0.,-0.,-1.));
#2397 = ORIENTED_EDGE('',*,*,#518,.T.);
#2398 = ORIENTED_EDGE('',*,*,#2399,.F.);
#2399 = EDGE_CURVE('',#2385,#521,#2400,.T.);
#2400 = LINE('',#2401,#2402);
#2401 = CARTESIAN_POINT('',(-60.42019196215,37.620664444444,64.));
#2402 = VECTOR('',#2403,1.);
#2403 = DIRECTION('',(-0.,-0.,-1.));
#2404 = PLANE('',#2405);
#2405 = AXIS2_PLACEMENT_3D('',#2406,#2407,#2408);
#2406 = CARTESIAN_POINT('',(-60.42019196215,27.620664444444,64.));
#2407 = DIRECTION('',(1.,0.,0.));
#2408 = DIRECTION('',(0.,1.,0.));
#2409 = ADVANCED_FACE('',(#2410),#2428,.F.);
#2410 = FACE_BOUND('',#2411,.F.);
#2411 = EDGE_LOOP('',(#2412,#2420,#2421,#2422));
#2412 = ORIENTED_EDGE('',*,*,#2413,.F.);
#2413 = EDGE_CURVE('',#2385,#2414,#2416,.T.);
#2414 = VERTEX_POINT('',#2415);
#2415 = CARTESIAN_POINT('',(-69.080446,42.620664444444,64.));
#2416 = LINE('',#2417,#2418);
#2417 = CARTESIAN_POINT('',(-60.42019196215,37.620664444444,64.));
#2418 = VECTOR('',#2419,1.);
#2419 = DIRECTION('',(-0.866025403784,0.5,0.));
#2420 = ORIENTED_EDGE('',*,*,#2399,.T.);
#2421 = ORIENTED_EDGE('',*,*,#560,.T.);
#2422 = ORIENTED_EDGE('',*,*,#2423,.F.);
#2423 = EDGE_CURVE('',#2414,#553,#2424,.T.);
#2424 = LINE('',#2425,#2426);
#2425 = CARTESIAN_POINT('',(-69.080446,42.620664444444,64.));
#2426 = VECTOR('',#2427,1.);
#2427 = DIRECTION('',(-0.,-0.,-1.));
#2428 = PLANE('',#2429);
#2429 = AXIS2_PLACEMENT_3D('',#2430,#2431,#2432);
#2430 = CARTESIAN_POINT('',(-60.42019196215,37.620664444444,64.));
#2431 = DIRECTION('',(0.5,0.866025403784,0.));
#2432 = DIRECTION('',(-0.866025403784,0.5,0.));
#2433 = ADVANCED_FACE('',(#2434),#2452,.F.);
#2434 = FACE_BOUND('',#2435,.F.);
#2435 = EDGE_LOOP('',(#2436,#2444,#2445,#2446));
#2436 = ORIENTED_EDGE('',*,*,#2437,.F.);
#2437 = EDGE_CURVE('',#2414,#2438,#2440,.T.);
#2438 = VERTEX_POINT('',#2439);
#2439 = CARTESIAN_POINT('',(-77.74070003784,37.620664444444,64.));
#2440 = LINE('',#2441,#2442);
#2441 = CARTESIAN_POINT('',(-69.080446,42.620664444444,64.));
#2442 = VECTOR('',#2443,1.);
#2443 = DIRECTION('',(-0.866025403784,-0.5,0.));
#2444 = ORIENTED_EDGE('',*,*,#2423,.T.);
#2445 = ORIENTED_EDGE('',*,*,#552,.T.);
#2446 = ORIENTED_EDGE('',*,*,#2447,.F.);
#2447 = EDGE_CURVE('',#2438,#545,#2448,.T.);
#2448 = LINE('',#2449,#2450);
#2449 = CARTESIAN_POINT('',(-77.74070003784,37.620664444444,64.));
#2450 = VECTOR('',#2451,1.);
#2451 = DIRECTION('',(-0.,-0.,-1.));
#2452 = PLANE('',#2453);
#2453 = AXIS2_PLACEMENT_3D('',#2454,#2455,#2456);
#2454 = CARTESIAN_POINT('',(-69.080446,42.620664444444,64.));
#2455 = DIRECTION('',(-0.5,0.866025403784,0.));
#2456 = DIRECTION('',(-0.866025403784,-0.5,0.));
#2457 = ADVANCED_FACE('',(#2458),#2476,.F.);
#2458 = FACE_BOUND('',#2459,.F.);
#2459 = EDGE_LOOP('',(#2460,#2468,#2469,#2470));
#2460 = ORIENTED_EDGE('',*,*,#2461,.F.);
#2461 = EDGE_CURVE('',#2438,#2462,#2464,.T.);
#2462 = VERTEX_POINT('',#2463);
#2463 = CARTESIAN_POINT('',(-77.74070003784,27.620664444444,64.));
#2464 = LINE('',#2465,#2466);
#2465 = CARTESIAN_POINT('',(-77.74070003784,37.620664444444,64.));
#2466 = VECTOR('',#2467,1.);
#2467 = DIRECTION('',(0.,-1.,0.));
#2468 = ORIENTED_EDGE('',*,*,#2447,.T.);
#2469 = ORIENTED_EDGE('',*,*,#544,.T.);
#2470 = ORIENTED_EDGE('',*,*,#2471,.F.);
#2471 = EDGE_CURVE('',#2462,#537,#2472,.T.);
#2472 = LINE('',#2473,#2474);
#2473 = CARTESIAN_POINT('',(-77.74070003784,27.620664444444,64.));
#2474 = VECTOR('',#2475,1.);
#2475 = DIRECTION('',(-0.,-0.,-1.));
#2476 = PLANE('',#2477);
#2477 = AXIS2_PLACEMENT_3D('',#2478,#2479,#2480);
#2478 = CARTESIAN_POINT('',(-77.74070003784,37.620664444444,64.));
#2479 = DIRECTION('',(-1.,0.,0.));
#2480 = DIRECTION('',(0.,-1.,0.));
#2481 = ADVANCED_FACE('',(#2482),#2500,.F.);
#2482 = FACE_BOUND('',#2483,.F.);
#2483 = EDGE_LOOP('',(#2484,#2492,#2493,#2494));
#2484 = ORIENTED_EDGE('',*,*,#2485,.F.);
#2485 = EDGE_CURVE('',#2462,#2486,#2488,.T.);
#2486 = VERTEX_POINT('',#2487);
#2487 = CARTESIAN_POINT('',(-69.080446,22.620664444444,64.));
#2488 = LINE('',#2489,#2490);
#2489 = CARTESIAN_POINT('',(-77.74070003784,27.620664444444,64.));
#2490 = VECTOR('',#2491,1.);
#2491 = DIRECTION('',(0.866025403784,-0.5,0.));
#2492 = ORIENTED_EDGE('',*,*,#2471,.T.);
#2493 = ORIENTED_EDGE('',*,*,#536,.T.);
#2494 = ORIENTED_EDGE('',*,*,#2495,.F.);
#2495 = EDGE_CURVE('',#2486,#529,#2496,.T.);
#2496 = LINE('',#2497,#2498);
#2497 = CARTESIAN_POINT('',(-69.080446,22.620664444444,64.));
#2498 = VECTOR('',#2499,1.);
#2499 = DIRECTION('',(-0.,-0.,-1.));
#2500 = PLANE('',#2501);
#2501 = AXIS2_PLACEMENT_3D('',#2502,#2503,#2504);
#2502 = CARTESIAN_POINT('',(-77.74070003784,27.620664444444,64.));
#2503 = DIRECTION('',(-0.5,-0.866025403784,0.));
#2504 = DIRECTION('',(0.866025403784,-0.5,0.));
#2505 = ADVANCED_FACE('',(#2506),#2517,.F.);
#2506 = FACE_BOUND('',#2507,.F.);
#2507 = EDGE_LOOP('',(#2508,#2514,#2515,#2516));
#2508 = ORIENTED_EDGE('',*,*,#2509,.F.);
#2509 = EDGE_CURVE('',#2486,#2383,#2510,.T.);
#2510 = LINE('',#2511,#2512);
#2511 = CARTESIAN_POINT('',(-69.080446,22.620664444444,64.));
#2512 = VECTOR('',#2513,1.);
#2513 = DIRECTION('',(0.866025403784,0.5,0.));
#2514 = ORIENTED_EDGE('',*,*,#2495,.T.);
#2515 = ORIENTED_EDGE('',*,*,#528,.T.);
#2516 = ORIENTED_EDGE('',*,*,#2392,.F.);
#2517 = PLANE('',#2518);
#2518 = AXIS2_PLACEMENT_3D('',#2519,#2520,#2521);
#2519 = CARTESIAN_POINT('',(-69.080446,22.620664444444,64.));
#2520 = DIRECTION('',(0.5,-0.866025403784,0.));
#2521 = DIRECTION('',(0.866025403784,0.5,0.));
#2522 = ADVANCED_FACE('',(#2523),#2548,.F.);
#2523 = FACE_BOUND('',#2524,.F.);
#2524 = EDGE_LOOP('',(#2525,#2535,#2541,#2542));
#2525 = ORIENTED_EDGE('',*,*,#2526,.F.);
#2526 = EDGE_CURVE('',#2527,#2529,#2531,.T.);
#2527 = VERTEX_POINT('',#2528);
#2528 = CARTESIAN_POINT('',(-40.42506421857,37.179227565888,64.));
#2529 = VERTEX_POINT('',#2530);
#2530 = CARTESIAN_POINT('',(-49.08531825641,42.179227565888,64.));
#2531 = LINE('',#2532,#2533);
#2532 = CARTESIAN_POINT('',(-40.42506421857,37.179227565888,64.));
#2533 = VECTOR('',#2534,1.);
#2534 = DIRECTION('',(-0.866025403784,0.5,0.));
#2535 = ORIENTED_EDGE('',*,*,#2536,.T.);
#2536 = EDGE_CURVE('',#2527,#569,#2537,.T.);
#2537 = LINE('',#2538,#2539);
#2538 = CARTESIAN_POINT('',(-40.42506421857,37.179227565888,64.));
#2539 = VECTOR('',#2540,1.);
#2540 = DIRECTION('',(-0.,-0.,-1.));
#2541 = ORIENTED_EDGE('',*,*,#568,.T.);
#2542 = ORIENTED_EDGE('',*,*,#2543,.F.);
#2543 = EDGE_CURVE('',#2529,#571,#2544,.T.);
#2544 = LINE('',#2545,#2546);
#2545 = CARTESIAN_POINT('',(-49.08531825641,42.179227565888,64.));
#2546 = VECTOR('',#2547,1.);
#2547 = DIRECTION('',(-0.,-0.,-1.));
#2548 = PLANE('',#2549);
#2549 = AXIS2_PLACEMENT_3D('',#2550,#2551,#2552);
#2550 = CARTESIAN_POINT('',(-40.42506421857,37.179227565888,64.));
#2551 = DIRECTION('',(0.5,0.866025403784,0.));
#2552 = DIRECTION('',(-0.866025403784,0.5,0.));
#2553 = ADVANCED_FACE('',(#2554),#2572,.F.);
#2554 = FACE_BOUND('',#2555,.F.);
#2555 = EDGE_LOOP('',(#2556,#2564,#2565,#2566));
#2556 = ORIENTED_EDGE('',*,*,#2557,.F.);
#2557 = EDGE_CURVE('',#2529,#2558,#2560,.T.);
#2558 = VERTEX_POINT('',#2559);
#2559 = CARTESIAN_POINT('',(-57.74557229426,37.179227565888,64.));
#2560 = LINE('',#2561,#2562);
#2561 = CARTESIAN_POINT('',(-49.08531825641,42.179227565888,64.));
#2562 = VECTOR('',#2563,1.);
#2563 = DIRECTION('',(-0.866025403784,-0.5,0.));
#2564 = ORIENTED_EDGE('',*,*,#2543,.T.);
#2565 = ORIENTED_EDGE('',*,*,#610,.T.);
#2566 = ORIENTED_EDGE('',*,*,#2567,.F.);
#2567 = EDGE_CURVE('',#2558,#603,#2568,.T.);
#2568 = LINE('',#2569,#2570);
#2569 = CARTESIAN_POINT('',(-57.74557229426,37.179227565888,64.));
#2570 = VECTOR('',#2571,1.);
#2571 = DIRECTION('',(-0.,-0.,-1.));
#2572 = PLANE('',#2573);
#2573 = AXIS2_PLACEMENT_3D('',#2574,#2575,#2576);
#2574 = CARTESIAN_POINT('',(-49.08531825641,42.179227565888,64.));
#2575 = DIRECTION('',(-0.5,0.866025403784,0.));
#2576 = DIRECTION('',(-0.866025403784,-0.5,0.));
#2577 = ADVANCED_FACE('',(#2578),#2596,.F.);
#2578 = FACE_BOUND('',#2579,.F.);
#2579 = EDGE_LOOP('',(#2580,#2588,#2589,#2590));
#2580 = ORIENTED_EDGE('',*,*,#2581,.F.);
#2581 = EDGE_CURVE('',#2558,#2582,#2584,.T.);
#2582 = VERTEX_POINT('',#2583);
#2583 = CARTESIAN_POINT('',(-57.74557229426,27.179227565888,64.));
#2584 = LINE('',#2585,#2586);
#2585 = CARTESIAN_POINT('',(-57.74557229426,37.179227565888,64.));
#2586 = VECTOR('',#2587,1.);
#2587 = DIRECTION('',(0.,-1.,0.));
#2588 = ORIENTED_EDGE('',*,*,#2567,.T.);
#2589 = ORIENTED_EDGE('',*,*,#602,.T.);
#2590 = ORIENTED_EDGE('',*,*,#2591,.F.);
#2591 = EDGE_CURVE('',#2582,#595,#2592,.T.);
#2592 = LINE('',#2593,#2594);
#2593 = CARTESIAN_POINT('',(-57.74557229426,27.179227565888,64.));
#2594 = VECTOR('',#2595,1.);
#2595 = DIRECTION('',(-0.,-0.,-1.));
#2596 = PLANE('',#2597);
#2597 = AXIS2_PLACEMENT_3D('',#2598,#2599,#2600);
#2598 = CARTESIAN_POINT('',(-57.74557229426,37.179227565888,64.));
#2599 = DIRECTION('',(-1.,0.,0.));
#2600 = DIRECTION('',(0.,-1.,0.));
#2601 = ADVANCED_FACE('',(#2602),#2620,.F.);
#2602 = FACE_BOUND('',#2603,.F.);
#2603 = EDGE_LOOP('',(#2604,#2612,#2613,#2614));
#2604 = ORIENTED_EDGE('',*,*,#2605,.F.);
#2605 = EDGE_CURVE('',#2582,#2606,#2608,.T.);
#2606 = VERTEX_POINT('',#2607);
#2607 = CARTESIAN_POINT('',(-49.08531825641,22.179227565888,64.));
#2608 = LINE('',#2609,#2610);
#2609 = CARTESIAN_POINT('',(-57.74557229426,27.179227565888,64.));
#2610 = VECTOR('',#2611,1.);
#2611 = DIRECTION('',(0.866025403784,-0.5,0.));
#2612 = ORIENTED_EDGE('',*,*,#2591,.T.);
#2613 = ORIENTED_EDGE('',*,*,#594,.T.);
#2614 = ORIENTED_EDGE('',*,*,#2615,.F.);
#2615 = EDGE_CURVE('',#2606,#587,#2616,.T.);
#2616 = LINE('',#2617,#2618);
#2617 = CARTESIAN_POINT('',(-49.08531825641,22.179227565888,64.));
#2618 = VECTOR('',#2619,1.);
#2619 = DIRECTION('',(-0.,-0.,-1.));
#2620 = PLANE('',#2621);
#2621 = AXIS2_PLACEMENT_3D('',#2622,#2623,#2624);
#2622 = CARTESIAN_POINT('',(-57.74557229426,27.179227565888,64.));
#2623 = DIRECTION('',(-0.5,-0.866025403784,0.));
#2624 = DIRECTION('',(0.866025403784,-0.5,0.));
#2625 = ADVANCED_FACE('',(#2626),#2644,.F.);
#2626 = FACE_BOUND('',#2627,.F.);
#2627 = EDGE_LOOP('',(#2628,#2636,#2637,#2638));
#2628 = ORIENTED_EDGE('',*,*,#2629,.F.);
#2629 = EDGE_CURVE('',#2606,#2630,#2632,.T.);
#2630 = VERTEX_POINT('',#2631);
#2631 = CARTESIAN_POINT('',(-40.42506421857,27.179227565888,64.));
#2632 = LINE('',#2633,#2634);
#2633 = CARTESIAN_POINT('',(-49.08531825641,22.179227565888,64.));
#2634 = VECTOR('',#2635,1.);
#2635 = DIRECTION('',(0.866025403784,0.5,0.));
#2636 = ORIENTED_EDGE('',*,*,#2615,.T.);
#2637 = ORIENTED_EDGE('',*,*,#586,.T.);
#2638 = ORIENTED_EDGE('',*,*,#2639,.F.);
#2639 = EDGE_CURVE('',#2630,#579,#2640,.T.);
#2640 = LINE('',#2641,#2642);
#2641 = CARTESIAN_POINT('',(-40.42506421857,27.179227565888,64.));
#2642 = VECTOR('',#2643,1.);
#2643 = DIRECTION('',(-0.,-0.,-1.));
#2644 = PLANE('',#2645);
#2645 = AXIS2_PLACEMENT_3D('',#2646,#2647,#2648);
#2646 = CARTESIAN_POINT('',(-49.08531825641,22.179227565888,64.));
#2647 = DIRECTION('',(0.5,-0.866025403784,0.));
#2648 = DIRECTION('',(0.866025403784,0.5,0.));
#2649 = ADVANCED_FACE('',(#2650),#2661,.F.);
#2650 = FACE_BOUND('',#2651,.F.);
#2651 = EDGE_LOOP('',(#2652,#2658,#2659,#2660));
#2652 = ORIENTED_EDGE('',*,*,#2653,.F.);
#2653 = EDGE_CURVE('',#2630,#2527,#2654,.T.);
#2654 = LINE('',#2655,#2656);
#2655 = CARTESIAN_POINT('',(-40.42506421857,27.179227565888,64.));
#2656 = VECTOR('',#2657,1.);
#2657 = DIRECTION('',(0.,1.,0.));
#2658 = ORIENTED_EDGE('',*,*,#2639,.T.);
#2659 = ORIENTED_EDGE('',*,*,#578,.T.);
#2660 = ORIENTED_EDGE('',*,*,#2536,.F.);
#2661 = PLANE('',#2662);
#2662 = AXIS2_PLACEMENT_3D('',#2663,#2664,#2665);
#2663 = CARTESIAN_POINT('',(-40.42506421857,27.179227565888,64.));
#2664 = DIRECTION('',(1.,0.,0.));
#2665 = DIRECTION('',(0.,1.,0.));
#2666 = ADVANCED_FACE('',(#2667),#2692,.F.);
#2667 = FACE_BOUND('',#2668,.F.);
#2668 = EDGE_LOOP('',(#2669,#2679,#2685,#2686));
#2669 = ORIENTED_EDGE('',*,*,#2670,.F.);
#2670 = EDGE_CURVE('',#2671,#2673,#2675,.T.);
#2671 = VERTEX_POINT('',#2672);
#2672 = CARTESIAN_POINT('',(-20.42993647498,36.737790687331,64.));
#2673 = VERTEX_POINT('',#2674);
#2674 = CARTESIAN_POINT('',(-29.09019051283,41.737790687331,64.));
#2675 = LINE('',#2676,#2677);
#2676 = CARTESIAN_POINT('',(-20.42993647498,36.737790687331,64.));
#2677 = VECTOR('',#2678,1.);
#2678 = DIRECTION('',(-0.866025403784,0.5,0.));
#2679 = ORIENTED_EDGE('',*,*,#2680,.T.);
#2680 = EDGE_CURVE('',#2671,#619,#2681,.T.);
#2681 = LINE('',#2682,#2683);
#2682 = CARTESIAN_POINT('',(-20.42993647498,36.737790687331,64.));
#2683 = VECTOR('',#2684,1.);
#2684 = DIRECTION('',(-0.,-0.,-1.));
#2685 = ORIENTED_EDGE('',*,*,#618,.T.);
#2686 = ORIENTED_EDGE('',*,*,#2687,.F.);
#2687 = EDGE_CURVE('',#2673,#621,#2688,.T.);
#2688 = LINE('',#2689,#2690);
#2689 = CARTESIAN_POINT('',(-29.09019051283,41.737790687331,64.));
#2690 = VECTOR('',#2691,1.);
#2691 = DIRECTION('',(-0.,-0.,-1.));
#2692 = PLANE('',#2693);
#2693 = AXIS2_PLACEMENT_3D('',#2694,#2695,#2696);
#2694 = CARTESIAN_POINT('',(-20.42993647498,36.737790687331,64.));
#2695 = DIRECTION('',(0.5,0.866025403784,0.));
#2696 = DIRECTION('',(-0.866025403784,0.5,0.));
#2697 = ADVANCED_FACE('',(#2698),#2716,.F.);
#2698 = FACE_BOUND('',#2699,.F.);
#2699 = EDGE_LOOP('',(#2700,#2708,#2709,#2710));
#2700 = ORIENTED_EDGE('',*,*,#2701,.F.);
#2701 = EDGE_CURVE('',#2673,#2702,#2704,.T.);
#2702 = VERTEX_POINT('',#2703);
#2703 = CARTESIAN_POINT('',(-37.75044455067,36.737790687331,64.));
#2704 = LINE('',#2705,#2706);
#2705 = CARTESIAN_POINT('',(-29.09019051283,41.737790687331,64.));
#2706 = VECTOR('',#2707,1.);
#2707 = DIRECTION('',(-0.866025403784,-0.5,0.));
#2708 = ORIENTED_EDGE('',*,*,#2687,.T.);
#2709 = ORIENTED_EDGE('',*,*,#660,.T.);
#2710 = ORIENTED_EDGE('',*,*,#2711,.F.);
#2711 = EDGE_CURVE('',#2702,#653,#2712,.T.);
#2712 = LINE('',#2713,#2714);
#2713 = CARTESIAN_POINT('',(-37.75044455067,36.737790687331,64.));
#2714 = VECTOR('',#2715,1.);
#2715 = DIRECTION('',(-0.,-0.,-1.));
#2716 = PLANE('',#2717);
#2717 = AXIS2_PLACEMENT_3D('',#2718,#2719,#2720);
#2718 = CARTESIAN_POINT('',(-29.09019051283,41.737790687331,64.));
#2719 = DIRECTION('',(-0.5,0.866025403784,0.));
#2720 = DIRECTION('',(-0.866025403784,-0.5,0.));
#2721 = ADVANCED_FACE('',(#2722),#2740,.F.);
#2722 = FACE_BOUND('',#2723,.F.);
#2723 = EDGE_LOOP('',(#2724,#2732,#2733,#2734));
#2724 = ORIENTED_EDGE('',*,*,#2725,.F.);
#2725 = EDGE_CURVE('',#2702,#2726,#2728,.T.);
#2726 = VERTEX_POINT('',#2727);
#2727 = CARTESIAN_POINT('',(-37.75044455067,26.737790687331,64.));
#2728 = LINE('',#2729,#2730);
#2729 = CARTESIAN_POINT('',(-37.75044455067,36.737790687331,64.));
#2730 = VECTOR('',#2731,1.);
#2731 = DIRECTION('',(0.,-1.,0.));
#2732 = ORIENTED_EDGE('',*,*,#2711,.T.);
#2733 = ORIENTED_EDGE('',*,*,#652,.T.);
#2734 = ORIENTED_EDGE('',*,*,#2735,.F.);
#2735 = EDGE_CURVE('',#2726,#645,#2736,.T.);
#2736 = LINE('',#2737,#2738);
#2737 = CARTESIAN_POINT('',(-37.75044455067,26.737790687331,64.));
#2738 = VECTOR('',#2739,1.);
#2739 = DIRECTION('',(-0.,-0.,-1.));
#2740 = PLANE('',#2741);
#2741 = AXIS2_PLACEMENT_3D('',#2742,#2743,#2744);
#2742 = CARTESIAN_POINT('',(-37.75044455067,36.737790687331,64.));
#2743 = DIRECTION('',(-1.,0.,0.));
#2744 = DIRECTION('',(0.,-1.,0.));
#2745 = ADVANCED_FACE('',(#2746),#2764,.F.);
#2746 = FACE_BOUND('',#2747,.F.);
#2747 = EDGE_LOOP('',(#2748,#2756,#2757,#2758));
#2748 = ORIENTED_EDGE('',*,*,#2749,.F.);
#2749 = EDGE_CURVE('',#2726,#2750,#2752,.T.);
#2750 = VERTEX_POINT('',#2751);
#2751 = CARTESIAN_POINT('',(-29.09019051283,21.737790687331,64.));
#2752 = LINE('',#2753,#2754);
#2753 = CARTESIAN_POINT('',(-37.75044455067,26.737790687331,64.));
#2754 = VECTOR('',#2755,1.);
#2755 = DIRECTION('',(0.866025403784,-0.5,0.));
#2756 = ORIENTED_EDGE('',*,*,#2735,.T.);
#2757 = ORIENTED_EDGE('',*,*,#644,.T.);
#2758 = ORIENTED_EDGE('',*,*,#2759,.F.);
#2759 = EDGE_CURVE('',#2750,#637,#2760,.T.);
#2760 = LINE('',#2761,#2762);
#2761 = CARTESIAN_POINT('',(-29.09019051283,21.737790687331,64.));
#2762 = VECTOR('',#2763,1.);
#2763 = DIRECTION('',(-0.,-0.,-1.));
#2764 = PLANE('',#2765);
#2765 = AXIS2_PLACEMENT_3D('',#2766,#2767,#2768);
#2766 = CARTESIAN_POINT('',(-37.75044455067,26.737790687331,64.));
#2767 = DIRECTION('',(-0.5,-0.866025403784,0.));
#2768 = DIRECTION('',(0.866025403784,-0.5,0.));
#2769 = ADVANCED_FACE('',(#2770),#2788,.F.);
#2770 = FACE_BOUND('',#2771,.F.);
#2771 = EDGE_LOOP('',(#2772,#2780,#2781,#2782));
#2772 = ORIENTED_EDGE('',*,*,#2773,.F.);
#2773 = EDGE_CURVE('',#2750,#2774,#2776,.T.);
#2774 = VERTEX_POINT('',#2775);
#2775 = CARTESIAN_POINT('',(-20.42993647498,26.737790687331,64.));
#2776 = LINE('',#2777,#2778);
#2777 = CARTESIAN_POINT('',(-29.09019051283,21.737790687331,64.));
#2778 = VECTOR('',#2779,1.);
#2779 = DIRECTION('',(0.866025403784,0.5,0.));
#2780 = ORIENTED_EDGE('',*,*,#2759,.T.);
#2781 = ORIENTED_EDGE('',*,*,#636,.T.);
#2782 = ORIENTED_EDGE('',*,*,#2783,.F.);
#2783 = EDGE_CURVE('',#2774,#629,#2784,.T.);
#2784 = LINE('',#2785,#2786);
#2785 = CARTESIAN_POINT('',(-20.42993647498,26.737790687331,64.));
#2786 = VECTOR('',#2787,1.);
#2787 = DIRECTION('',(-0.,-0.,-1.));
#2788 = PLANE('',#2789);
#2789 = AXIS2_PLACEMENT_3D('',#2790,#2791,#2792);
#2790 = CARTESIAN_POINT('',(-29.09019051283,21.737790687331,64.));
#2791 = DIRECTION('',(0.5,-0.866025403784,0.));
#2792 = DIRECTION('',(0.866025403784,0.5,0.));
#2793 = ADVANCED_FACE('',(#2794),#2805,.F.);
#2794 = FACE_BOUND('',#2795,.F.);
#2795 = EDGE_LOOP('',(#2796,#2802,#2803,#2804));
#2796 = ORIENTED_EDGE('',*,*,#2797,.F.);
#2797 = EDGE_CURVE('',#2774,#2671,#2798,.T.);
#2798 = LINE('',#2799,#2800);
#2799 = CARTESIAN_POINT('',(-20.42993647498,26.737790687331,64.));
#2800 = VECTOR('',#2801,1.);
#2801 = DIRECTION('',(0.,1.,0.));
#2802 = ORIENTED_EDGE('',*,*,#2783,.T.);
#2803 = ORIENTED_EDGE('',*,*,#628,.T.);
#2804 = ORIENTED_EDGE('',*,*,#2680,.F.);
#2805 = PLANE('',#2806);
#2806 = AXIS2_PLACEMENT_3D('',#2807,#2808,#2809);
#2807 = CARTESIAN_POINT('',(-20.42993647498,26.737790687331,64.));
#2808 = DIRECTION('',(1.,0.,0.));
#2809 = DIRECTION('',(0.,1.,0.));
#2810 = ADVANCED_FACE('',(#2811),#2836,.F.);
#2811 = FACE_BOUND('',#2812,.F.);
#2812 = EDGE_LOOP('',(#2813,#2823,#2829,#2830));
#2813 = ORIENTED_EDGE('',*,*,#2814,.F.);
#2814 = EDGE_CURVE('',#2815,#2817,#2819,.T.);
#2815 = VERTEX_POINT('',#2816);
#2816 = CARTESIAN_POINT('',(-50.04033253936,54.716234583025,64.));
#2817 = VERTEX_POINT('',#2818);
#2818 = CARTESIAN_POINT('',(-58.70058657721,59.716234583025,64.));
#2819 = LINE('',#2820,#2821);
#2820 = CARTESIAN_POINT('',(-50.04033253936,54.716234583025,64.));
#2821 = VECTOR('',#2822,1.);
#2822 = DIRECTION('',(-0.866025403784,0.5,0.));
#2823 = ORIENTED_EDGE('',*,*,#2824,.T.);
#2824 = EDGE_CURVE('',#2815,#669,#2825,.T.);
#2825 = LINE('',#2826,#2827);
#2826 = CARTESIAN_POINT('',(-50.04033253936,54.716234583025,64.));
#2827 = VECTOR('',#2828,1.);
#2828 = DIRECTION('',(-0.,-0.,-1.));
#2829 = ORIENTED_EDGE('',*,*,#668,.T.);
#2830 = ORIENTED_EDGE('',*,*,#2831,.F.);
#2831 = EDGE_CURVE('',#2817,#671,#2832,.T.);
#2832 = LINE('',#2833,#2834);
#2833 = CARTESIAN_POINT('',(-58.70058657721,59.716234583025,64.));
#2834 = VECTOR('',#2835,1.);
#2835 = DIRECTION('',(-0.,-0.,-1.));
#2836 = PLANE('',#2837);
#2837 = AXIS2_PLACEMENT_3D('',#2838,#2839,#2840);
#2838 = CARTESIAN_POINT('',(-50.04033253936,54.716234583025,64.));
#2839 = DIRECTION('',(0.5,0.866025403784,0.));
#2840 = DIRECTION('',(-0.866025403784,0.5,0.));
#2841 = ADVANCED_FACE('',(#2842),#2860,.F.);
#2842 = FACE_BOUND('',#2843,.F.);
#2843 = EDGE_LOOP('',(#2844,#2852,#2853,#2854));
#2844 = ORIENTED_EDGE('',*,*,#2845,.F.);
#2845 = EDGE_CURVE('',#2817,#2846,#2848,.T.);
#2846 = VERTEX_POINT('',#2847);
#2847 = CARTESIAN_POINT('',(-67.36084061505,54.716234583025,64.));
#2848 = LINE('',#2849,#2850);
#2849 = CARTESIAN_POINT('',(-58.70058657721,59.716234583025,64.));
#2850 = VECTOR('',#2851,1.);
#2851 = DIRECTION('',(-0.866025403784,-0.5,0.));
#2852 = ORIENTED_EDGE('',*,*,#2831,.T.);
#2853 = ORIENTED_EDGE('',*,*,#710,.T.);
#2854 = ORIENTED_EDGE('',*,*,#2855,.F.);
#2855 = EDGE_CURVE('',#2846,#703,#2856,.T.);
#2856 = LINE('',#2857,#2858);
#2857 = CARTESIAN_POINT('',(-67.36084061505,54.716234583025,64.));
#2858 = VECTOR('',#2859,1.);
#2859 = DIRECTION('',(-0.,-0.,-1.));
#2860 = PLANE('',#2861);
#2861 = AXIS2_PLACEMENT_3D('',#2862,#2863,#2864);
#2862 = CARTESIAN_POINT('',(-58.70058657721,59.716234583025,64.));
#2863 = DIRECTION('',(-0.5,0.866025403784,0.));
#2864 = DIRECTION('',(-0.866025403784,-0.5,0.));
#2865 = ADVANCED_FACE('',(#2866),#2884,.F.);
#2866 = FACE_BOUND('',#2867,.F.);
#2867 = EDGE_LOOP('',(#2868,#2876,#2877,#2878));
#2868 = ORIENTED_EDGE('',*,*,#2869,.F.);
#2869 = EDGE_CURVE('',#2846,#2870,#2872,.T.);
#2870 = VERTEX_POINT('',#2871);
#2871 = CARTESIAN_POINT('',(-67.36084061505,44.716234583025,64.));
#2872 = LINE('',#2873,#2874);
#2873 = CARTESIAN_POINT('',(-67.36084061505,54.716234583025,64.));
#2874 = VECTOR('',#2875,1.);
#2875 = DIRECTION('',(0.,-1.,0.));
#2876 = ORIENTED_EDGE('',*,*,#2855,.T.);
#2877 = ORIENTED_EDGE('',*,*,#702,.T.);
#2878 = ORIENTED_EDGE('',*,*,#2879,.F.);
#2879 = EDGE_CURVE('',#2870,#695,#2880,.T.);
#2880 = LINE('',#2881,#2882);
#2881 = CARTESIAN_POINT('',(-67.36084061505,44.716234583025,64.));
#2882 = VECTOR('',#2883,1.);
#2883 = DIRECTION('',(-0.,-0.,-1.));
#2884 = PLANE('',#2885);
#2885 = AXIS2_PLACEMENT_3D('',#2886,#2887,#2888);
#2886 = CARTESIAN_POINT('',(-67.36084061505,54.716234583025,64.));
#2887 = DIRECTION('',(-1.,0.,0.));
#2888 = DIRECTION('',(0.,-1.,0.));
#2889 = ADVANCED_FACE('',(#2890),#2908,.F.);
#2890 = FACE_BOUND('',#2891,.F.);
#2891 = EDGE_LOOP('',(#2892,#2900,#2901,#2902));
#2892 = ORIENTED_EDGE('',*,*,#2893,.F.);
#2893 = EDGE_CURVE('',#2870,#2894,#2896,.T.);
#2894 = VERTEX_POINT('',#2895);
#2895 = CARTESIAN_POINT('',(-58.70058657721,39.716234583025,64.));
#2896 = LINE('',#2897,#2898);
#2897 = CARTESIAN_POINT('',(-67.36084061505,44.716234583025,64.));
#2898 = VECTOR('',#2899,1.);
#2899 = DIRECTION('',(0.866025403784,-0.5,0.));
#2900 = ORIENTED_EDGE('',*,*,#2879,.T.);
#2901 = ORIENTED_EDGE('',*,*,#694,.T.);
#2902 = ORIENTED_EDGE('',*,*,#2903,.F.);
#2903 = EDGE_CURVE('',#2894,#687,#2904,.T.);
#2904 = LINE('',#2905,#2906);
#2905 = CARTESIAN_POINT('',(-58.70058657721,39.716234583025,64.));
#2906 = VECTOR('',#2907,1.);
#2907 = DIRECTION('',(-0.,-0.,-1.));
#2908 = PLANE('',#2909);
#2909 = AXIS2_PLACEMENT_3D('',#2910,#2911,#2912);
#2910 = CARTESIAN_POINT('',(-67.36084061505,44.716234583025,64.));
#2911 = DIRECTION('',(-0.5,-0.866025403784,0.));
#2912 = DIRECTION('',(0.866025403784,-0.5,0.));
#2913 = ADVANCED_FACE('',(#2914),#2932,.F.);
#2914 = FACE_BOUND('',#2915,.F.);
#2915 = EDGE_LOOP('',(#2916,#2924,#2925,#2926));
#2916 = ORIENTED_EDGE('',*,*,#2917,.F.);
#2917 = EDGE_CURVE('',#2894,#2918,#2920,.T.);
#2918 = VERTEX_POINT('',#2919);
#2919 = CARTESIAN_POINT('',(-50.04033253936,44.716234583025,64.));
#2920 = LINE('',#2921,#2922);
#2921 = CARTESIAN_POINT('',(-58.70058657721,39.716234583025,64.));
#2922 = VECTOR('',#2923,1.);
#2923 = DIRECTION('',(0.866025403784,0.5,0.));
#2924 = ORIENTED_EDGE('',*,*,#2903,.T.);
#2925 = ORIENTED_EDGE('',*,*,#686,.T.);
#2926 = ORIENTED_EDGE('',*,*,#2927,.F.);
#2927 = EDGE_CURVE('',#2918,#679,#2928,.T.);
#2928 = LINE('',#2929,#2930);
#2929 = CARTESIAN_POINT('',(-50.04033253936,44.716234583025,64.));
#2930 = VECTOR('',#2931,1.);
#2931 = DIRECTION('',(-0.,-0.,-1.));
#2932 = PLANE('',#2933);
#2933 = AXIS2_PLACEMENT_3D('',#2934,#2935,#2936);
#2934 = CARTESIAN_POINT('',(-58.70058657721,39.716234583025,64.));
#2935 = DIRECTION('',(0.5,-0.866025403784,0.));
#2936 = DIRECTION('',(0.866025403784,0.5,0.));
#2937 = ADVANCED_FACE('',(#2938),#2949,.F.);
#2938 = FACE_BOUND('',#2939,.F.);
#2939 = EDGE_LOOP('',(#2940,#2946,#2947,#2948));
#2940 = ORIENTED_EDGE('',*,*,#2941,.F.);
#2941 = EDGE_CURVE('',#2918,#2815,#2942,.T.);
#2942 = LINE('',#2943,#2944);
#2943 = CARTESIAN_POINT('',(-50.04033253936,44.716234583025,64.));
#2944 = VECTOR('',#2945,1.);
#2945 = DIRECTION('',(0.,1.,0.));
#2946 = ORIENTED_EDGE('',*,*,#2927,.T.);
#2947 = ORIENTED_EDGE('',*,*,#678,.T.);
#2948 = ORIENTED_EDGE('',*,*,#2824,.F.);
#2949 = PLANE('',#2950);
#2950 = AXIS2_PLACEMENT_3D('',#2951,#2952,#2953);
#2951 = CARTESIAN_POINT('',(-50.04033253936,44.716234583025,64.));
#2952 = DIRECTION('',(1.,0.,0.));
#2953 = DIRECTION('',(0.,1.,0.));
#2954 = ADVANCED_FACE('',(#2955),#2980,.F.);
#2955 = FACE_BOUND('',#2956,.F.);
#2956 = EDGE_LOOP('',(#2957,#2967,#2973,#2974));
#2957 = ORIENTED_EDGE('',*,*,#2958,.F.);
#2958 = EDGE_CURVE('',#2959,#2961,#2963,.T.);
#2959 = VERTEX_POINT('',#2960);
#2960 = CARTESIAN_POINT('',(-30.04520479578,54.274797704468,64.));
#2961 = VERTEX_POINT('',#2962);
#2962 = CARTESIAN_POINT('',(-38.70545883362,59.274797704468,64.));
#2963 = LINE('',#2964,#2965);
#2964 = CARTESIAN_POINT('',(-30.04520479578,54.274797704468,64.));
#2965 = VECTOR('',#2966,1.);
#2966 = DIRECTION('',(-0.866025403784,0.5,0.));
#2967 = ORIENTED_EDGE('',*,*,#2968,.T.);
#2968 = EDGE_CURVE('',#2959,#719,#2969,.T.);
#2969 = LINE('',#2970,#2971);
#2970 = CARTESIAN_POINT('',(-30.04520479578,54.274797704468,64.));
#2971 = VECTOR('',#2972,1.);
#2972 = DIRECTION('',(-0.,-0.,-1.));
#2973 = ORIENTED_EDGE('',*,*,#718,.T.);
#2974 = ORIENTED_EDGE('',*,*,#2975,.F.);
#2975 = EDGE_CURVE('',#2961,#721,#2976,.T.);
#2976 = LINE('',#2977,#2978);
#2977 = CARTESIAN_POINT('',(-38.70545883362,59.274797704468,64.));
#2978 = VECTOR('',#2979,1.);
#2979 = DIRECTION('',(-0.,-0.,-1.));
#2980 = PLANE('',#2981);
#2981 = AXIS2_PLACEMENT_3D('',#2982,#2983,#2984);
#2982 = CARTESIAN_POINT('',(-30.04520479578,54.274797704468,64.));
#2983 = DIRECTION('',(0.5,0.866025403784,0.));
#2984 = DIRECTION('',(-0.866025403784,0.5,0.));
#2985 = ADVANCED_FACE('',(#2986),#3004,.F.);
#2986 = FACE_BOUND('',#2987,.F.);
#2987 = EDGE_LOOP('',(#2988,#2996,#2997,#2998));
#2988 = ORIENTED_EDGE('',*,*,#2989,.F.);
#2989 = EDGE_CURVE('',#2961,#2990,#2992,.T.);
#2990 = VERTEX_POINT('',#2991);
#2991 = CARTESIAN_POINT('',(-47.36571287147,54.274797704468,64.));
#2992 = LINE('',#2993,#2994);
#2993 = CARTESIAN_POINT('',(-38.70545883362,59.274797704468,64.));
#2994 = VECTOR('',#2995,1.);
#2995 = DIRECTION('',(-0.866025403784,-0.5,0.));
#2996 = ORIENTED_EDGE('',*,*,#2975,.T.);
#2997 = ORIENTED_EDGE('',*,*,#760,.T.);
#2998 = ORIENTED_EDGE('',*,*,#2999,.F.);
#2999 = EDGE_CURVE('',#2990,#753,#3000,.T.);
#3000 = LINE('',#3001,#3002);
#3001 = CARTESIAN_POINT('',(-47.36571287147,54.274797704468,64.));
#3002 = VECTOR('',#3003,1.);
#3003 = DIRECTION('',(-0.,-0.,-1.));
#3004 = PLANE('',#3005);
#3005 = AXIS2_PLACEMENT_3D('',#3006,#3007,#3008);
#3006 = CARTESIAN_POINT('',(-38.70545883362,59.274797704468,64.));
#3007 = DIRECTION('',(-0.5,0.866025403784,0.));
#3008 = DIRECTION('',(-0.866025403784,-0.5,0.));
#3009 = ADVANCED_FACE('',(#3010),#3028,.F.);
#3010 = FACE_BOUND('',#3011,.F.);
#3011 = EDGE_LOOP('',(#3012,#3020,#3021,#3022));
#3012 = ORIENTED_EDGE('',*,*,#3013,.F.);
#3013 = EDGE_CURVE('',#2990,#3014,#3016,.T.);
#3014 = VERTEX_POINT('',#3015);
#3015 = CARTESIAN_POINT('',(-47.36571287147,44.274797704468,64.));
#3016 = LINE('',#3017,#3018);
#3017 = CARTESIAN_POINT('',(-47.36571287147,54.274797704468,64.));
#3018 = VECTOR('',#3019,1.);
#3019 = DIRECTION('',(0.,-1.,0.));
#3020 = ORIENTED_EDGE('',*,*,#2999,.T.);
#3021 = ORIENTED_EDGE('',*,*,#752,.T.);
#3022 = ORIENTED_EDGE('',*,*,#3023,.F.);
#3023 = EDGE_CURVE('',#3014,#745,#3024,.T.);
#3024 = LINE('',#3025,#3026);
#3025 = CARTESIAN_POINT('',(-47.36571287147,44.274797704468,64.));
#3026 = VECTOR('',#3027,1.);
#3027 = DIRECTION('',(-0.,-0.,-1.));
#3028 = PLANE('',#3029);
#3029 = AXIS2_PLACEMENT_3D('',#3030,#3031,#3032);
#3030 = CARTESIAN_POINT('',(-47.36571287147,54.274797704468,64.));
#3031 = DIRECTION('',(-1.,0.,0.));
#3032 = DIRECTION('',(0.,-1.,0.));
#3033 = ADVANCED_FACE('',(#3034),#3052,.F.);
#3034 = FACE_BOUND('',#3035,.F.);
#3035 = EDGE_LOOP('',(#3036,#3044,#3045,#3046));
#3036 = ORIENTED_EDGE('',*,*,#3037,.F.);
#3037 = EDGE_CURVE('',#3014,#3038,#3040,.T.);
#3038 = VERTEX_POINT('',#3039);
#3039 = CARTESIAN_POINT('',(-38.70545883362,39.274797704468,64.));
#3040 = LINE('',#3041,#3042);
#3041 = CARTESIAN_POINT('',(-47.36571287147,44.274797704468,64.));
#3042 = VECTOR('',#3043,1.);
#3043 = DIRECTION('',(0.866025403784,-0.5,0.));
#3044 = ORIENTED_EDGE('',*,*,#3023,.T.);
#3045 = ORIENTED_EDGE('',*,*,#744,.T.);
#3046 = ORIENTED_EDGE('',*,*,#3047,.F.);
#3047 = EDGE_CURVE('',#3038,#737,#3048,.T.);
#3048 = LINE('',#3049,#3050);
#3049 = CARTESIAN_POINT('',(-38.70545883362,39.274797704468,64.));
#3050 = VECTOR('',#3051,1.);
#3051 = DIRECTION('',(-0.,-0.,-1.));
#3052 = PLANE('',#3053);
#3053 = AXIS2_PLACEMENT_3D('',#3054,#3055,#3056);
#3054 = CARTESIAN_POINT('',(-47.36571287147,44.274797704468,64.));
#3055 = DIRECTION('',(-0.5,-0.866025403784,0.));
#3056 = DIRECTION('',(0.866025403784,-0.5,0.));
#3057 = ADVANCED_FACE('',(#3058),#3076,.F.);
#3058 = FACE_BOUND('',#3059,.F.);
#3059 = EDGE_LOOP('',(#3060,#3068,#3069,#3070));
#3060 = ORIENTED_EDGE('',*,*,#3061,.F.);
#3061 = EDGE_CURVE('',#3038,#3062,#3064,.T.);
#3062 = VERTEX_POINT('',#3063);
#3063 = CARTESIAN_POINT('',(-30.04520479578,44.274797704468,64.));
#3064 = LINE('',#3065,#3066);
#3065 = CARTESIAN_POINT('',(-38.70545883362,39.274797704468,64.));
#3066 = VECTOR('',#3067,1.);
#3067 = DIRECTION('',(0.866025403784,0.5,0.));
#3068 = ORIENTED_EDGE('',*,*,#3047,.T.);
#3069 = ORIENTED_EDGE('',*,*,#736,.T.);
#3070 = ORIENTED_EDGE('',*,*,#3071,.F.);
#3071 = EDGE_CURVE('',#3062,#729,#3072,.T.);
#3072 = LINE('',#3073,#3074);
#3073 = CARTESIAN_POINT('',(-30.04520479578,44.274797704468,64.));
#3074 = VECTOR('',#3075,1.);
#3075 = DIRECTION('',(-0.,-0.,-1.));
#3076 = PLANE('',#3077);
#3077 = AXIS2_PLACEMENT_3D('',#3078,#3079,#3080);
#3078 = CARTESIAN_POINT('',(-38.70545883362,39.274797704468,64.));
#3079 = DIRECTION('',(0.5,-0.866025403784,0.));
#3080 = DIRECTION('',(0.866025403784,0.5,0.));
#3081 = ADVANCED_FACE('',(#3082),#3093,.F.);
#3082 = FACE_BOUND('',#3083,.F.);
#3083 = EDGE_LOOP('',(#3084,#3090,#3091,#3092));
#3084 = ORIENTED_EDGE('',*,*,#3085,.F.);
#3085 = EDGE_CURVE('',#3062,#2959,#3086,.T.);
#3086 = LINE('',#3087,#3088);
#3087 = CARTESIAN_POINT('',(-30.04520479578,44.274797704468,64.));
#3088 = VECTOR('',#3089,1.);
#3089 = DIRECTION('',(0.,1.,0.));
#3090 = ORIENTED_EDGE('',*,*,#3071,.T.);
#3091 = ORIENTED_EDGE('',*,*,#728,.T.);
#3092 = ORIENTED_EDGE('',*,*,#2968,.F.);
#3093 = PLANE('',#3094);
#3094 = AXIS2_PLACEMENT_3D('',#3095,#3096,#3097);
#3095 = CARTESIAN_POINT('',(-30.04520479578,44.274797704468,64.));
#3096 = DIRECTION('',(1.,0.,0.));
#3097 = DIRECTION('',(0.,1.,0.));
#3098 = ADVANCED_FACE('',(#3099),#3124,.F.);
#3099 = FACE_BOUND('',#3100,.F.);
#3100 = EDGE_LOOP('',(#3101,#3111,#3117,#3118));
#3101 = ORIENTED_EDGE('',*,*,#3102,.F.);
#3102 = EDGE_CURVE('',#3103,#3105,#3107,.T.);
#3103 = VERTEX_POINT('',#3104);
#3104 = CARTESIAN_POINT('',(57.969411973466,52.33167945125,64.));
#3105 = VERTEX_POINT('',#3106);
#3106 = CARTESIAN_POINT('',(49.309157935621,57.33167945125,64.));
#3107 = LINE('',#3108,#3109);
#3108 = CARTESIAN_POINT('',(57.969411973466,52.33167945125,64.));
#3109 = VECTOR('',#3110,1.);
#3110 = DIRECTION('',(-0.866025403784,0.5,0.));
#3111 = ORIENTED_EDGE('',*,*,#3112,.T.);
#3112 = EDGE_CURVE('',#3103,#769,#3113,.T.);
#3113 = LINE('',#3114,#3115);
#3114 = CARTESIAN_POINT('',(57.969411973466,52.33167945125,64.));
#3115 = VECTOR('',#3116,1.);
#3116 = DIRECTION('',(-0.,-0.,-1.));
#3117 = ORIENTED_EDGE('',*,*,#768,.T.);
#3118 = ORIENTED_EDGE('',*,*,#3119,.F.);
#3119 = EDGE_CURVE('',#3105,#771,#3120,.T.);
#3120 = LINE('',#3121,#3122);
#3121 = CARTESIAN_POINT('',(49.309157935621,57.33167945125,64.));
#3122 = VECTOR('',#3123,1.);
#3123 = DIRECTION('',(-0.,-0.,-1.));
#3124 = PLANE('',#3125);
#3125 = AXIS2_PLACEMENT_3D('',#3126,#3127,#3128);
#3126 = CARTESIAN_POINT('',(57.969411973466,52.33167945125,64.));
#3127 = DIRECTION('',(0.5,0.866025403784,0.));
#3128 = DIRECTION('',(-0.866025403784,0.5,0.));
#3129 = ADVANCED_FACE('',(#3130),#3148,.F.);
#3130 = FACE_BOUND('',#3131,.F.);
#3131 = EDGE_LOOP('',(#3132,#3140,#3141,#3142));
#3132 = ORIENTED_EDGE('',*,*,#3133,.F.);
#3133 = EDGE_CURVE('',#3105,#3134,#3136,.T.);
#3134 = VERTEX_POINT('',#3135);
#3135 = CARTESIAN_POINT('',(40.648903897777,52.33167945125,64.));
#3136 = LINE('',#3137,#3138);
#3137 = CARTESIAN_POINT('',(49.309157935621,57.33167945125,64.));
#3138 = VECTOR('',#3139,1.);
#3139 = DIRECTION('',(-0.866025403784,-0.5,0.));
#3140 = ORIENTED_EDGE('',*,*,#3119,.T.);
#3141 = ORIENTED_EDGE('',*,*,#810,.T.);
#3142 = ORIENTED_EDGE('',*,*,#3143,.F.);
#3143 = EDGE_CURVE('',#3134,#803,#3144,.T.);
#3144 = LINE('',#3145,#3146);
#3145 = CARTESIAN_POINT('',(40.648903897777,52.33167945125,64.));
#3146 = VECTOR('',#3147,1.);
#3147 = DIRECTION('',(-0.,-0.,-1.));
#3148 = PLANE('',#3149);
#3149 = AXIS2_PLACEMENT_3D('',#3150,#3151,#3152);
#3150 = CARTESIAN_POINT('',(49.309157935621,57.33167945125,64.));
#3151 = DIRECTION('',(-0.5,0.866025403784,0.));
#3152 = DIRECTION('',(-0.866025403784,-0.5,0.));
#3153 = ADVANCED_FACE('',(#3154),#3172,.F.);
#3154 = FACE_BOUND('',#3155,.F.);
#3155 = EDGE_LOOP('',(#3156,#3164,#3165,#3166));
#3156 = ORIENTED_EDGE('',*,*,#3157,.F.);
#3157 = EDGE_CURVE('',#3134,#3158,#3160,.T.);
#3158 = VERTEX_POINT('',#3159);
#3159 = CARTESIAN_POINT('',(40.648903897776,42.331679451249,64.));
#3160 = LINE('',#3161,#3162);
#3161 = CARTESIAN_POINT('',(40.648903897777,52.33167945125,64.));
#3162 = VECTOR('',#3163,1.);
#3163 = DIRECTION('',(-2.700062395888E-14,-1.,0.));
#3164 = ORIENTED_EDGE('',*,*,#3143,.T.);
#3165 = ORIENTED_EDGE('',*,*,#802,.T.);
#3166 = ORIENTED_EDGE('',*,*,#3167,.F.);
#3167 = EDGE_CURVE('',#3158,#795,#3168,.T.);
#3168 = LINE('',#3169,#3170);
#3169 = CARTESIAN_POINT('',(40.648903897776,42.331679451249,64.));
#3170 = VECTOR('',#3171,1.);
#3171 = DIRECTION('',(-0.,-0.,-1.));
#3172 = PLANE('',#3173);
#3173 = AXIS2_PLACEMENT_3D('',#3174,#3175,#3176);
#3174 = CARTESIAN_POINT('',(40.648903897777,52.33167945125,64.));
#3175 = DIRECTION('',(-1.,2.700062395888E-14,0.));
#3176 = DIRECTION('',(-2.700062395888E-14,-1.,0.));
#3177 = ADVANCED_FACE('',(#3178),#3196,.F.);
#3178 = FACE_BOUND('',#3179,.F.);
#3179 = EDGE_LOOP('',(#3180,#3188,#3189,#3190));
#3180 = ORIENTED_EDGE('',*,*,#3181,.F.);
#3181 = EDGE_CURVE('',#3158,#3182,#3184,.T.);
#3182 = VERTEX_POINT('',#3183);
#3183 = CARTESIAN_POINT('',(49.309157935621,37.33167945125,64.));
#3184 = LINE('',#3185,#3186);
#3185 = CARTESIAN_POINT('',(40.648903897776,42.331679451249,64.));
#3186 = VECTOR('',#3187,1.);
#3187 = DIRECTION('',(0.866025403784,-0.5,0.));
#3188 = ORIENTED_EDGE('',*,*,#3167,.T.);
#3189 = ORIENTED_EDGE('',*,*,#794,.T.);
#3190 = ORIENTED_EDGE('',*,*,#3191,.F.);
#3191 = EDGE_CURVE('',#3182,#787,#3192,.T.);
#3192 = LINE('',#3193,#3194);
#3193 = CARTESIAN_POINT('',(49.309157935621,37.33167945125,64.));
#3194 = VECTOR('',#3195,1.);
#3195 = DIRECTION('',(-0.,-0.,-1.));
#3196 = PLANE('',#3197);
#3197 = AXIS2_PLACEMENT_3D('',#3198,#3199,#3200);
#3198 = CARTESIAN_POINT('',(40.648903897776,42.331679451249,64.));
#3199 = DIRECTION('',(-0.5,-0.866025403784,0.));
#3200 = DIRECTION('',(0.866025403784,-0.5,0.));
#3201 = ADVANCED_FACE('',(#3202),#3220,.F.);
#3202 = FACE_BOUND('',#3203,.F.);
#3203 = EDGE_LOOP('',(#3204,#3212,#3213,#3214));
#3204 = ORIENTED_EDGE('',*,*,#3205,.F.);
#3205 = EDGE_CURVE('',#3182,#3206,#3208,.T.);
#3206 = VERTEX_POINT('',#3207);
#3207 = CARTESIAN_POINT('',(57.969411973466,42.33167945125,64.));
#3208 = LINE('',#3209,#3210);
#3209 = CARTESIAN_POINT('',(49.309157935621,37.33167945125,64.));
#3210 = VECTOR('',#3211,1.);
#3211 = DIRECTION('',(0.866025403784,0.5,0.));
#3212 = ORIENTED_EDGE('',*,*,#3191,.T.);
#3213 = ORIENTED_EDGE('',*,*,#786,.T.);
#3214 = ORIENTED_EDGE('',*,*,#3215,.F.);
#3215 = EDGE_CURVE('',#3206,#779,#3216,.T.);
#3216 = LINE('',#3217,#3218);
#3217 = CARTESIAN_POINT('',(57.969411973466,42.33167945125,64.));
#3218 = VECTOR('',#3219,1.);
#3219 = DIRECTION('',(-0.,-0.,-1.));
#3220 = PLANE('',#3221);
#3221 = AXIS2_PLACEMENT_3D('',#3222,#3223,#3224);
#3222 = CARTESIAN_POINT('',(49.309157935621,37.33167945125,64.));
#3223 = DIRECTION('',(0.5,-0.866025403784,0.));
#3224 = DIRECTION('',(0.866025403784,0.5,0.));
#3225 = ADVANCED_FACE('',(#3226),#3237,.F.);
#3226 = FACE_BOUND('',#3227,.F.);
#3227 = EDGE_LOOP('',(#3228,#3234,#3235,#3236));
#3228 = ORIENTED_EDGE('',*,*,#3229,.F.);
#3229 = EDGE_CURVE('',#3206,#3103,#3230,.T.);
#3230 = LINE('',#3231,#3232);
#3231 = CARTESIAN_POINT('',(57.969411973466,42.33167945125,64.));
#3232 = VECTOR('',#3233,1.);
#3233 = DIRECTION('',(0.,1.,0.));
#3234 = ORIENTED_EDGE('',*,*,#3215,.T.);
#3235 = ORIENTED_EDGE('',*,*,#778,.T.);
#3236 = ORIENTED_EDGE('',*,*,#3112,.F.);
#3237 = PLANE('',#3238);
#3238 = AXIS2_PLACEMENT_3D('',#3239,#3240,#3241);
#3239 = CARTESIAN_POINT('',(57.969411973466,42.33167945125,64.));
#3240 = DIRECTION('',(1.,0.,0.));
#3241 = DIRECTION('',(0.,1.,0.));
#3242 = ADVANCED_FACE('',(#3243),#3268,.F.);
#3243 = FACE_BOUND('',#3244,.F.);
#3244 = EDGE_LOOP('',(#3245,#3255,#3261,#3262));
#3245 = ORIENTED_EDGE('',*,*,#3246,.F.);
#3246 = EDGE_CURVE('',#3247,#3249,#3251,.T.);
#3247 = VERTEX_POINT('',#3248);
#3248 = CARTESIAN_POINT('',(77.96453971705,51.890242572693,64.));
#3249 = VERTEX_POINT('',#3250);
#3250 = CARTESIAN_POINT('',(69.304285679206,56.890242572693,64.));
#3251 = LINE('',#3252,#3253);
#3252 = CARTESIAN_POINT('',(77.96453971705,51.890242572693,64.));
#3253 = VECTOR('',#3254,1.);
#3254 = DIRECTION('',(-0.866025403784,0.5,0.));
#3255 = ORIENTED_EDGE('',*,*,#3256,.T.);
#3256 = EDGE_CURVE('',#3247,#819,#3257,.T.);
#3257 = LINE('',#3258,#3259);
#3258 = CARTESIAN_POINT('',(77.96453971705,51.890242572693,64.));
#3259 = VECTOR('',#3260,1.);
#3260 = DIRECTION('',(-0.,-0.,-1.));
#3261 = ORIENTED_EDGE('',*,*,#818,.T.);
#3262 = ORIENTED_EDGE('',*,*,#3263,.F.);
#3263 = EDGE_CURVE('',#3249,#821,#3264,.T.);
#3264 = LINE('',#3265,#3266);
#3265 = CARTESIAN_POINT('',(69.304285679206,56.890242572693,64.));
#3266 = VECTOR('',#3267,1.);
#3267 = DIRECTION('',(-0.,-0.,-1.));
#3268 = PLANE('',#3269);
#3269 = AXIS2_PLACEMENT_3D('',#3270,#3271,#3272);
#3270 = CARTESIAN_POINT('',(77.96453971705,51.890242572693,64.));
#3271 = DIRECTION('',(0.5,0.866025403784,0.));
#3272 = DIRECTION('',(-0.866025403784,0.5,0.));
#3273 = ADVANCED_FACE('',(#3274),#3292,.F.);
#3274 = FACE_BOUND('',#3275,.F.);
#3275 = EDGE_LOOP('',(#3276,#3284,#3285,#3286));
#3276 = ORIENTED_EDGE('',*,*,#3277,.F.);
#3277 = EDGE_CURVE('',#3249,#3278,#3280,.T.);
#3278 = VERTEX_POINT('',#3279);
#3279 = CARTESIAN_POINT('',(60.644031641361,51.890242572693,64.));
#3280 = LINE('',#3281,#3282);
#3281 = CARTESIAN_POINT('',(69.304285679206,56.890242572693,64.));
#3282 = VECTOR('',#3283,1.);
#3283 = DIRECTION('',(-0.866025403784,-0.5,0.));
#3284 = ORIENTED_EDGE('',*,*,#3263,.T.);
#3285 = ORIENTED_EDGE('',*,*,#860,.T.);
#3286 = ORIENTED_EDGE('',*,*,#3287,.F.);
#3287 = EDGE_CURVE('',#3278,#853,#3288,.T.);
#3288 = LINE('',#3289,#3290);
#3289 = CARTESIAN_POINT('',(60.644031641361,51.890242572693,64.));
#3290 = VECTOR('',#3291,1.);
#3291 = DIRECTION('',(-0.,-0.,-1.));
#3292 = PLANE('',#3293);
#3293 = AXIS2_PLACEMENT_3D('',#3294,#3295,#3296);
#3294 = CARTESIAN_POINT('',(69.304285679206,56.890242572693,64.));
#3295 = DIRECTION('',(-0.5,0.866025403784,0.));
#3296 = DIRECTION('',(-0.866025403784,-0.5,0.));
#3297 = ADVANCED_FACE('',(#3298),#3316,.F.);
#3298 = FACE_BOUND('',#3299,.F.);
#3299 = EDGE_LOOP('',(#3300,#3308,#3309,#3310));
#3300 = ORIENTED_EDGE('',*,*,#3301,.F.);
#3301 = EDGE_CURVE('',#3278,#3302,#3304,.T.);
#3302 = VERTEX_POINT('',#3303);
#3303 = CARTESIAN_POINT('',(60.64403164136,41.890242572692,64.));
#3304 = LINE('',#3305,#3306);
#3305 = CARTESIAN_POINT('',(60.644031641361,51.890242572693,64.));
#3306 = VECTOR('',#3307,1.);
#3307 = DIRECTION('',(-9.23705556488E-14,-1.,0.));
#3308 = ORIENTED_EDGE('',*,*,#3287,.T.);
#3309 = ORIENTED_EDGE('',*,*,#852,.T.);
#3310 = ORIENTED_EDGE('',*,*,#3311,.F.);
#3311 = EDGE_CURVE('',#3302,#845,#3312,.T.);
#3312 = LINE('',#3313,#3314);
#3313 = CARTESIAN_POINT('',(60.64403164136,41.890242572692,64.));
#3314 = VECTOR('',#3315,1.);
#3315 = DIRECTION('',(-0.,-0.,-1.));
#3316 = PLANE('',#3317);
#3317 = AXIS2_PLACEMENT_3D('',#3318,#3319,#3320);
#3318 = CARTESIAN_POINT('',(60.644031641361,51.890242572693,64.));
#3319 = DIRECTION('',(-1.,9.23705556488E-14,0.));
#3320 = DIRECTION('',(-9.23705556488E-14,-1.,0.));
#3321 = ADVANCED_FACE('',(#3322),#3340,.F.);
#3322 = FACE_BOUND('',#3323,.F.);
#3323 = EDGE_LOOP('',(#3324,#3332,#3333,#3334));
#3324 = ORIENTED_EDGE('',*,*,#3325,.F.);
#3325 = EDGE_CURVE('',#3302,#3326,#3328,.T.);
#3326 = VERTEX_POINT('',#3327);
#3327 = CARTESIAN_POINT('',(69.304285679205,36.890242572693,64.));
#3328 = LINE('',#3329,#3330);
#3329 = CARTESIAN_POINT('',(60.64403164136,41.890242572692,64.));
#3330 = VECTOR('',#3331,1.);
#3331 = DIRECTION('',(0.866025403785,-0.5,0.));
#3332 = ORIENTED_EDGE('',*,*,#3311,.T.);
#3333 = ORIENTED_EDGE('',*,*,#844,.T.);
#3334 = ORIENTED_EDGE('',*,*,#3335,.F.);
#3335 = EDGE_CURVE('',#3326,#837,#3336,.T.);
#3336 = LINE('',#3337,#3338);
#3337 = CARTESIAN_POINT('',(69.304285679205,36.890242572693,64.));
#3338 = VECTOR('',#3339,1.);
#3339 = DIRECTION('',(-0.,-0.,-1.));
#3340 = PLANE('',#3341);
#3341 = AXIS2_PLACEMENT_3D('',#3342,#3343,#3344);
#3342 = CARTESIAN_POINT('',(60.64403164136,41.890242572692,64.));
#3343 = DIRECTION('',(-0.5,-0.866025403785,0.));
#3344 = DIRECTION('',(0.866025403785,-0.5,0.));
#3345 = ADVANCED_FACE('',(#3346),#3364,.F.);
#3346 = FACE_BOUND('',#3347,.F.);
#3347 = EDGE_LOOP('',(#3348,#3356,#3357,#3358));
#3348 = ORIENTED_EDGE('',*,*,#3349,.F.);
#3349 = EDGE_CURVE('',#3326,#3350,#3352,.T.);
#3350 = VERTEX_POINT('',#3351);
#3351 = CARTESIAN_POINT('',(77.96453971705,41.890242572693,64.));
#3352 = LINE('',#3353,#3354);
#3353 = CARTESIAN_POINT('',(69.304285679205,36.890242572693,64.));
#3354 = VECTOR('',#3355,1.);
#3355 = DIRECTION('',(0.866025403784,0.5,0.));
#3356 = ORIENTED_EDGE('',*,*,#3335,.T.);
#3357 = ORIENTED_EDGE('',*,*,#836,.T.);
#3358 = ORIENTED_EDGE('',*,*,#3359,.F.);
#3359 = EDGE_CURVE('',#3350,#829,#3360,.T.);
#3360 = LINE('',#3361,#3362);
#3361 = CARTESIAN_POINT('',(77.96453971705,41.890242572693,64.));
#3362 = VECTOR('',#3363,1.);
#3363 = DIRECTION('',(-0.,-0.,-1.));
#3364 = PLANE('',#3365);
#3365 = AXIS2_PLACEMENT_3D('',#3366,#3367,#3368);
#3366 = CARTESIAN_POINT('',(69.304285679205,36.890242572693,64.));
#3367 = DIRECTION('',(0.5,-0.866025403784,0.));
#3368 = DIRECTION('',(0.866025403784,0.5,0.));
#3369 = ADVANCED_FACE('',(#3370),#3381,.F.);
#3370 = FACE_BOUND('',#3371,.F.);
#3371 = EDGE_LOOP('',(#3372,#3378,#3379,#3380));
#3372 = ORIENTED_EDGE('',*,*,#3373,.F.);
#3373 = EDGE_CURVE('',#3350,#3247,#3374,.T.);
#3374 = LINE('',#3375,#3376);
#3375 = CARTESIAN_POINT('',(77.96453971705,41.890242572693,64.));
#3376 = VECTOR('',#3377,1.);
#3377 = DIRECTION('',(1.42108547152E-15,1.,0.));
#3378 = ORIENTED_EDGE('',*,*,#3359,.T.);
#3379 = ORIENTED_EDGE('',*,*,#828,.T.);
#3380 = ORIENTED_EDGE('',*,*,#3256,.F.);
#3381 = PLANE('',#3382);
#3382 = AXIS2_PLACEMENT_3D('',#3383,#3384,#3385);
#3383 = CARTESIAN_POINT('',(77.96453971705,41.890242572693,64.));
#3384 = DIRECTION('',(1.,-1.42108547152E-15,0.));
#3385 = DIRECTION('',(1.42108547152E-15,1.,0.));
#3386 = ADVANCED_FACE('',(#3387,#3502),#3513,.F.);
#3387 = FACE_BOUND('',#3388,.F.);
#3388 = EDGE_LOOP('',(#3389,#3399,#3408,#3417,#3426,#3435,#3443,#3452,
    #3460,#3469,#3477,#3486,#3495));
#3389 = ORIENTED_EDGE('',*,*,#3390,.F.);
#3390 = EDGE_CURVE('',#3391,#3393,#3395,.T.);
#3391 = VERTEX_POINT('',#3392);
#3392 = CARTESIAN_POINT('',(-77.58041265124,88.999999999963,60.));
#3393 = VERTEX_POINT('',#3394);
#3394 = CARTESIAN_POINT('',(87.419554,89.,60.));
#3395 = LINE('',#3396,#3397);
#3396 = CARTESIAN_POINT('',(-77.58041265124,89.,60.));
#3397 = VECTOR('',#3398,1.);
#3398 = DIRECTION('',(1.,0.,0.));
#3399 = ORIENTED_EDGE('',*,*,#3400,.T.);
#3400 = EDGE_CURVE('',#3391,#3401,#3403,.T.);
#3401 = VERTEX_POINT('',#3402);
#3402 = CARTESIAN_POINT('',(-79.00016442922,88.864400829783,60.));
#3403 = CIRCLE('',#3404,7.5);
#3404 = AXIS2_PLACEMENT_3D('',#3405,#3406,#3407);
#3405 = CARTESIAN_POINT('',(-77.580446,81.5,60.));
#3406 = DIRECTION('',(0.,0.,1.));
#3407 = DIRECTION('',(1.,0.,0.));
#3408 = ORIENTED_EDGE('',*,*,#3409,.F.);
#3409 = EDGE_CURVE('',#3410,#3401,#3412,.T.);
#3410 = VERTEX_POINT('',#3411);
#3411 = CARTESIAN_POINT('',(-78.680446,87.9739,60.));
#3412 = CIRCLE('',#3413,1.4);
#3413 = AXIS2_PLACEMENT_3D('',#3414,#3415,#3416);
#3414 = CARTESIAN_POINT('',(-80.080446,87.9739,60.));
#3415 = DIRECTION('',(0.,0.,1.));
#3416 = DIRECTION('',(1.,0.,0.));
#3417 = ORIENTED_EDGE('',*,*,#3418,.F.);
#3418 = EDGE_CURVE('',#3419,#3410,#3421,.T.);
#3419 = VERTEX_POINT('',#3420);
#3420 = CARTESIAN_POINT('',(-81.47885688081,87.907214106329,60.));
#3421 = CIRCLE('',#3422,1.4);
#3422 = AXIS2_PLACEMENT_3D('',#3423,#3424,#3425);
#3423 = CARTESIAN_POINT('',(-80.080446,87.9739,60.));
#3424 = DIRECTION('',(0.,0.,1.));
#3425 = DIRECTION('',(1.,0.,0.));
#3426 = ORIENTED_EDGE('',*,*,#3427,.T.);
#3427 = EDGE_CURVE('',#3419,#3428,#3430,.T.);
#3428 = VERTEX_POINT('',#3429);
#3429 = CARTESIAN_POINT('',(-85.08044599993,81.499967628592,60.));
#3430 = CIRCLE('',#3431,7.5);
#3431 = AXIS2_PLACEMENT_3D('',#3432,#3433,#3434);
#3432 = CARTESIAN_POINT('',(-77.580446,81.5,60.));
#3433 = DIRECTION('',(0.,0.,1.));
#3434 = DIRECTION('',(1.,0.,0.));
#3435 = ORIENTED_EDGE('',*,*,#3436,.T.);
#3436 = EDGE_CURVE('',#3428,#3437,#3439,.T.);
#3437 = VERTEX_POINT('',#3438);
#3438 = CARTESIAN_POINT('',(-85.080446,-23.5,60.));
#3439 = LINE('',#3440,#3441);
#3440 = CARTESIAN_POINT('',(-85.08044599993,81.499967628592,60.));
#3441 = VECTOR('',#3442,1.);
#3442 = DIRECTION('',(-6.652E-13,-1.,0.));
#3443 = ORIENTED_EDGE('',*,*,#3444,.T.);
#3444 = EDGE_CURVE('',#3437,#3445,#3447,.T.);
#3445 = VERTEX_POINT('',#3446);
#3446 = CARTESIAN_POINT('',(-77.580446,-31.,60.));
#3447 = CIRCLE('',#3448,7.5);
#3448 = AXIS2_PLACEMENT_3D('',#3449,#3450,#3451);
#3449 = CARTESIAN_POINT('',(-77.580446,-23.5,60.));
#3450 = DIRECTION('',(0.,0.,1.));
#3451 = DIRECTION('',(1.,0.,0.));
#3452 = ORIENTED_EDGE('',*,*,#3453,.F.);
#3453 = EDGE_CURVE('',#3454,#3445,#3456,.T.);
#3454 = VERTEX_POINT('',#3455);
#3455 = CARTESIAN_POINT('',(87.419551532378,-31.,60.));
#3456 = LINE('',#3457,#3458);
#3457 = CARTESIAN_POINT('',(87.419551532378,-31.,60.));
#3458 = VECTOR('',#3459,1.);
#3459 = DIRECTION('',(-1.,0.,0.));
#3460 = ORIENTED_EDGE('',*,*,#3461,.T.);
#3461 = EDGE_CURVE('',#3454,#3462,#3464,.T.);
#3462 = VERTEX_POINT('',#3463);
#3463 = CARTESIAN_POINT('',(94.919554,-23.5,60.));
#3464 = CIRCLE('',#3465,7.5);
#3465 = AXIS2_PLACEMENT_3D('',#3466,#3467,#3468);
#3466 = CARTESIAN_POINT('',(87.419554,-23.5,60.));
#3467 = DIRECTION('',(0.,0.,1.));
#3468 = DIRECTION('',(1.,0.,0.));
#3469 = ORIENTED_EDGE('',*,*,#3470,.F.);
#3470 = EDGE_CURVE('',#3471,#3462,#3473,.T.);
#3471 = VERTEX_POINT('',#3472);
#3472 = CARTESIAN_POINT('',(94.919554,81.5,60.));
#3473 = LINE('',#3474,#3475);
#3474 = CARTESIAN_POINT('',(94.919554,81.5,60.));
#3475 = VECTOR('',#3476,1.);
#3476 = DIRECTION('',(-1.4E-16,-1.,0.));
#3477 = ORIENTED_EDGE('',*,*,#3478,.T.);
#3478 = EDGE_CURVE('',#3471,#3479,#3481,.T.);
#3479 = VERTEX_POINT('',#3480);
#3480 = CARTESIAN_POINT('',(91.317964880816,87.907214106329,60.));
#3481 = CIRCLE('',#3482,7.5);
#3482 = AXIS2_PLACEMENT_3D('',#3483,#3484,#3485);
#3483 = CARTESIAN_POINT('',(87.419554,81.5,60.));
#3484 = DIRECTION('',(0.,0.,1.));
#3485 = DIRECTION('',(1.,0.,0.));
#3486 = ORIENTED_EDGE('',*,*,#3487,.F.);
#3487 = EDGE_CURVE('',#3488,#3479,#3490,.T.);
#3488 = VERTEX_POINT('',#3489);
#3489 = CARTESIAN_POINT('',(88.839272429226,88.864400829783,60.));
#3490 = CIRCLE('',#3491,1.4);
#3491 = AXIS2_PLACEMENT_3D('',#3492,#3493,#3494);
#3492 = CARTESIAN_POINT('',(89.919554,87.9739,60.));
#3493 = DIRECTION('',(0.,0.,1.));
#3494 = DIRECTION('',(1.,0.,0.));
#3495 = ORIENTED_EDGE('',*,*,#3496,.T.);
#3496 = EDGE_CURVE('',#3488,#3393,#3497,.T.);
#3497 = CIRCLE('',#3498,7.5);
#3498 = AXIS2_PLACEMENT_3D('',#3499,#3500,#3501);
#3499 = CARTESIAN_POINT('',(87.419554,81.5,60.));
#3500 = DIRECTION('',(0.,0.,1.));
#3501 = DIRECTION('',(1.,0.,0.));
#3502 = FACE_BOUND('',#3503,.F.);
#3503 = EDGE_LOOP('',(#3504,#3505,#3506,#3507,#3508,#3509,#3510,#3511,
    #3512));
#3504 = ORIENTED_EDGE('',*,*,#1113,.F.);
#3505 = ORIENTED_EDGE('',*,*,#1161,.F.);
#3506 = ORIENTED_EDGE('',*,*,#1137,.F.);
#3507 = ORIENTED_EDGE('',*,*,#1048,.F.);
#3508 = ORIENTED_EDGE('',*,*,#1065,.F.);
#3509 = ORIENTED_EDGE('',*,*,#1005,.F.);
#3510 = ORIENTED_EDGE('',*,*,#905,.F.);
#3511 = ORIENTED_EDGE('',*,*,#874,.F.);
#3512 = ORIENTED_EDGE('',*,*,#955,.F.);
#3513 = PLANE('',#3514);
#3514 = AXIS2_PLACEMENT_3D('',#3515,#3516,#3517);
#3515 = CARTESIAN_POINT('',(4.919554352124,28.99999975876,60.));
#3516 = DIRECTION('',(0.,0.,1.));
#3517 = DIRECTION('',(1.,0.,0.));
#3518 = ADVANCED_FACE('',(#3519,#3688,#3708,#3716,#3724,#3735,#3755,
    #3766,#3774,#3782,#3790,#3798,#3806,#3814,#3825,#3833,#3844,#3852,
    #3860,#3868,#3879,#3887),#3895,.T.);
#3519 = FACE_BOUND('',#3520,.T.);
#3520 = EDGE_LOOP('',(#3521,#3532,#3540,#3549,#3557,#3566,#3574,#3583,
    #3592,#3601,#3610,#3619,#3628,#3636,#3645,#3654,#3663,#3672,#3681));
#3521 = ORIENTED_EDGE('',*,*,#3522,.F.);
#3522 = EDGE_CURVE('',#3523,#3525,#3527,.T.);
#3523 = VERTEX_POINT('',#3524);
#3524 = CARTESIAN_POINT('',(-85.08044599993,81.499967628592,64.));
#3525 = VERTEX_POINT('',#3526);
#3526 = CARTESIAN_POINT('',(-81.47885688081,87.907214106328,64.));
#3527 = CIRCLE('',#3528,7.5);
#3528 = AXIS2_PLACEMENT_3D('',#3529,#3530,#3531);
#3529 = CARTESIAN_POINT('',(-77.580446,81.5,64.));
#3530 = DIRECTION('',(0.,0.,-1.));
#3531 = DIRECTION('',(1.,0.,0.));
#3532 = ORIENTED_EDGE('',*,*,#3533,.T.);
#3533 = EDGE_CURVE('',#3523,#3534,#3536,.T.);
#3534 = VERTEX_POINT('',#3535);
#3535 = CARTESIAN_POINT('',(-85.080446,-23.5,64.));
#3536 = LINE('',#3537,#3538);
#3537 = CARTESIAN_POINT('',(-85.08044599995,40.749983814324,64.));
#3538 = VECTOR('',#3539,1.);
#3539 = DIRECTION('',(-6.652E-13,-1.,0.));
#3540 = ORIENTED_EDGE('',*,*,#3541,.F.);
#3541 = EDGE_CURVE('',#3542,#3534,#3544,.T.);
#3542 = VERTEX_POINT('',#3543);
#3543 = CARTESIAN_POINT('',(-77.580446,-31.,64.));
#3544 = CIRCLE('',#3545,7.5);
#3545 = AXIS2_PLACEMENT_3D('',#3546,#3547,#3548);
#3546 = CARTESIAN_POINT('',(-77.580446,-23.5,64.));
#3547 = DIRECTION('',(0.,0.,-1.));
#3548 = DIRECTION('',(1.,0.,0.));
#3549 = ORIENTED_EDGE('',*,*,#3550,.F.);
#3550 = EDGE_CURVE('',#3551,#3542,#3553,.T.);
#3551 = VERTEX_POINT('',#3552);
#3552 = CARTESIAN_POINT('',(87.419551532378,-31.,64.));
#3553 = LINE('',#3554,#3555);
#3554 = CARTESIAN_POINT('',(43.709775766189,-31.,64.));
#3555 = VECTOR('',#3556,1.);
#3556 = DIRECTION('',(-1.,0.,0.));
#3557 = ORIENTED_EDGE('',*,*,#3558,.F.);
#3558 = EDGE_CURVE('',#3559,#3551,#3561,.T.);
#3559 = VERTEX_POINT('',#3560);
#3560 = CARTESIAN_POINT('',(94.919554,-23.5,64.));
#3561 = CIRCLE('',#3562,7.5);
#3562 = AXIS2_PLACEMENT_3D('',#3563,#3564,#3565);
#3563 = CARTESIAN_POINT('',(87.419554,-23.5,64.));
#3564 = DIRECTION('',(0.,0.,-1.));
#3565 = DIRECTION('',(1.,0.,0.));
#3566 = ORIENTED_EDGE('',*,*,#3567,.F.);
#3567 = EDGE_CURVE('',#3568,#3559,#3570,.T.);
#3568 = VERTEX_POINT('',#3569);
#3569 = CARTESIAN_POINT('',(94.919554,81.5,64.));
#3570 = LINE('',#3571,#3572);
#3571 = CARTESIAN_POINT('',(94.919554,40.75,64.));
#3572 = VECTOR('',#3573,1.);
#3573 = DIRECTION('',(-1.4E-16,-1.,0.));
#3574 = ORIENTED_EDGE('',*,*,#3575,.F.);
#3575 = EDGE_CURVE('',#3576,#3568,#3578,.T.);
#3576 = VERTEX_POINT('',#3577);
#3577 = CARTESIAN_POINT('',(91.317964880816,87.907214106328,64.));
#3578 = CIRCLE('',#3579,7.5);
#3579 = AXIS2_PLACEMENT_3D('',#3580,#3581,#3582);
#3580 = CARTESIAN_POINT('',(87.419554,81.5,64.));
#3581 = DIRECTION('',(0.,0.,-1.));
#3582 = DIRECTION('',(1.,0.,0.));
#3583 = ORIENTED_EDGE('',*,*,#3584,.F.);
#3584 = EDGE_CURVE('',#3585,#3576,#3587,.T.);
#3585 = VERTEX_POINT('',#3586);
#3586 = CARTESIAN_POINT('',(90.769180318689,86.861184798976,64.));
#3587 = CIRCLE('',#3588,1.4);
#3588 = AXIS2_PLACEMENT_3D('',#3589,#3590,#3591);
#3589 = CARTESIAN_POINT('',(89.919554,87.9739,64.));
#3590 = DIRECTION('',(0.,0.,1.));
#3591 = DIRECTION('',(1.,0.,0.));
#3592 = ORIENTED_EDGE('',*,*,#3593,.F.);
#3593 = EDGE_CURVE('',#3594,#3585,#3596,.T.);
#3594 = VERTEX_POINT('',#3595);
#3595 = CARTESIAN_POINT('',(92.869554,84.15,64.));
#3596 = CIRCLE('',#3597,2.8);
#3597 = AXIS2_PLACEMENT_3D('',#3598,#3599,#3600);
#3598 = CARTESIAN_POINT('',(90.069554,84.15,64.));
#3599 = DIRECTION('',(0.,0.,1.));
#3600 = DIRECTION('',(1.,0.,0.));
#3601 = ORIENTED_EDGE('',*,*,#3602,.F.);
#3602 = EDGE_CURVE('',#3603,#3594,#3605,.T.);
#3603 = VERTEX_POINT('',#3604);
#3604 = CARTESIAN_POINT('',(89.159701160804,86.798049812788,64.));
#3605 = CIRCLE('',#3606,2.8);
#3606 = AXIS2_PLACEMENT_3D('',#3607,#3608,#3609);
#3607 = CARTESIAN_POINT('',(90.069554,84.15,64.));
#3608 = DIRECTION('',(0.,0.,1.));
#3609 = DIRECTION('',(1.,0.,0.));
#3610 = ORIENTED_EDGE('',*,*,#3611,.F.);
#3611 = EDGE_CURVE('',#3612,#3603,#3614,.T.);
#3612 = VERTEX_POINT('',#3613);
#3613 = CARTESIAN_POINT('',(88.839272429226,88.864400829784,64.));
#3614 = CIRCLE('',#3615,1.4);
#3615 = AXIS2_PLACEMENT_3D('',#3616,#3617,#3618);
#3616 = CARTESIAN_POINT('',(89.919554,87.9739,64.));
#3617 = DIRECTION('',(0.,0.,1.));
#3618 = DIRECTION('',(1.,0.,0.));
#3619 = ORIENTED_EDGE('',*,*,#3620,.F.);
#3620 = EDGE_CURVE('',#3621,#3612,#3623,.T.);
#3621 = VERTEX_POINT('',#3622);
#3622 = CARTESIAN_POINT('',(87.419554,89.,64.));
#3623 = CIRCLE('',#3624,7.5);
#3624 = AXIS2_PLACEMENT_3D('',#3625,#3626,#3627);
#3625 = CARTESIAN_POINT('',(87.419554,81.5,64.));
#3626 = DIRECTION('',(0.,0.,-1.));
#3627 = DIRECTION('',(1.,0.,0.));
#3628 = ORIENTED_EDGE('',*,*,#3629,.F.);
#3629 = EDGE_CURVE('',#3630,#3621,#3632,.T.);
#3630 = VERTEX_POINT('',#3631);
#3631 = CARTESIAN_POINT('',(-77.58041265124,88.999999999963,64.));
#3632 = LINE('',#3633,#3634);
#3633 = CARTESIAN_POINT('',(-38.79020632562,89.,64.));
#3634 = VECTOR('',#3635,1.);
#3635 = DIRECTION('',(1.,0.,0.));
#3636 = ORIENTED_EDGE('',*,*,#3637,.F.);
#3637 = EDGE_CURVE('',#3638,#3630,#3640,.T.);
#3638 = VERTEX_POINT('',#3639);
#3639 = CARTESIAN_POINT('',(-79.00016442922,88.864400829784,64.));
#3640 = CIRCLE('',#3641,7.5);
#3641 = AXIS2_PLACEMENT_3D('',#3642,#3643,#3644);
#3642 = CARTESIAN_POINT('',(-77.580446,81.5,64.));
#3643 = DIRECTION('',(0.,0.,-1.));
#3644 = DIRECTION('',(1.,0.,0.));
#3645 = ORIENTED_EDGE('',*,*,#3646,.F.);
#3646 = EDGE_CURVE('',#3647,#3638,#3649,.T.);
#3647 = VERTEX_POINT('',#3648);
#3648 = CARTESIAN_POINT('',(-78.680446,87.9739,64.));
#3649 = CIRCLE('',#3650,1.4);
#3650 = AXIS2_PLACEMENT_3D('',#3651,#3652,#3653);
#3651 = CARTESIAN_POINT('',(-80.080446,87.9739,64.));
#3652 = DIRECTION('',(0.,0.,1.));
#3653 = DIRECTION('',(1.,0.,0.));
#3654 = ORIENTED_EDGE('',*,*,#3655,.F.);
#3655 = EDGE_CURVE('',#3656,#3647,#3658,.T.);
#3656 = VERTEX_POINT('',#3657);
#3657 = CARTESIAN_POINT('',(-79.23081968131,86.861184798976,64.));
#3658 = CIRCLE('',#3659,1.4);
#3659 = AXIS2_PLACEMENT_3D('',#3660,#3661,#3662);
#3660 = CARTESIAN_POINT('',(-80.080446,87.9739,64.));
#3661 = DIRECTION('',(0.,0.,1.));
#3662 = DIRECTION('',(1.,0.,0.));
#3663 = ORIENTED_EDGE('',*,*,#3664,.F.);
#3664 = EDGE_CURVE('',#3665,#3656,#3667,.T.);
#3665 = VERTEX_POINT('',#3666);
#3666 = CARTESIAN_POINT('',(-77.130446,84.15,64.));
#3667 = CIRCLE('',#3668,2.8);
#3668 = AXIS2_PLACEMENT_3D('',#3669,#3670,#3671);
#3669 = CARTESIAN_POINT('',(-79.930446,84.15,64.));
#3670 = DIRECTION('',(0.,0.,1.));
#3671 = DIRECTION('',(1.,0.,0.));
#3672 = ORIENTED_EDGE('',*,*,#3673,.F.);
#3673 = EDGE_CURVE('',#3674,#3665,#3676,.T.);
#3674 = VERTEX_POINT('',#3675);
#3675 = CARTESIAN_POINT('',(-80.84029883919,86.798049812788,64.));
#3676 = CIRCLE('',#3677,2.8);
#3677 = AXIS2_PLACEMENT_3D('',#3678,#3679,#3680);
#3678 = CARTESIAN_POINT('',(-79.930446,84.15,64.));
#3679 = DIRECTION('',(0.,0.,1.));
#3680 = DIRECTION('',(1.,0.,0.));
#3681 = ORIENTED_EDGE('',*,*,#3682,.F.);
#3682 = EDGE_CURVE('',#3525,#3674,#3683,.T.);
#3683 = CIRCLE('',#3684,1.4);
#3684 = AXIS2_PLACEMENT_3D('',#3685,#3686,#3687);
#3685 = CARTESIAN_POINT('',(-80.080446,87.9739,64.));
#3686 = DIRECTION('',(0.,0.,1.));
#3687 = DIRECTION('',(1.,0.,0.));
#3688 = FACE_BOUND('',#3689,.T.);
#3689 = EDGE_LOOP('',(#3690,#3699,#3706,#3707));
#3690 = ORIENTED_EDGE('',*,*,#3691,.F.);
#3691 = EDGE_CURVE('',#3692,#966,#3694,.T.);
#3692 = VERTEX_POINT('',#3693);
#3693 = CARTESIAN_POINT('',(-77.130446,-25.85,64.));
#3694 = CIRCLE('',#3695,2.8);
#3695 = AXIS2_PLACEMENT_3D('',#3696,#3697,#3698);
#3696 = CARTESIAN_POINT('',(-79.930446,-25.85,64.));
#3697 = DIRECTION('',(0.,0.,1.));
#3698 = DIRECTION('',(1.,0.,0.));
#3699 = ORIENTED_EDGE('',*,*,#3700,.F.);
#3700 = EDGE_CURVE('',#932,#3692,#3701,.T.);
#3701 = CIRCLE('',#3702,2.8);
#3702 = AXIS2_PLACEMENT_3D('',#3703,#3704,#3705);
#3703 = CARTESIAN_POINT('',(-79.930446,-25.85,64.));
#3704 = DIRECTION('',(0.,0.,1.));
#3705 = DIRECTION('',(1.,0.,0.));
#3706 = ORIENTED_EDGE('',*,*,#929,.F.);
#3707 = ORIENTED_EDGE('',*,*,#965,.F.);
#3708 = FACE_BOUND('',#3709,.T.);
#3709 = EDGE_LOOP('',(#3710,#3711,#3712,#3713,#3714,#3715));
#3710 = ORIENTED_EDGE('',*,*,#1178,.F.);
#3711 = ORIENTED_EDGE('',*,*,#1305,.F.);
#3712 = ORIENTED_EDGE('',*,*,#1281,.F.);
#3713 = ORIENTED_EDGE('',*,*,#1257,.F.);
#3714 = ORIENTED_EDGE('',*,*,#1233,.F.);
#3715 = ORIENTED_EDGE('',*,*,#1209,.F.);
#3716 = FACE_BOUND('',#3717,.T.);
#3717 = EDGE_LOOP('',(#3718,#3719,#3720,#3721,#3722,#3723));
#3718 = ORIENTED_EDGE('',*,*,#1322,.F.);
#3719 = ORIENTED_EDGE('',*,*,#1449,.F.);
#3720 = ORIENTED_EDGE('',*,*,#1425,.F.);
#3721 = ORIENTED_EDGE('',*,*,#1401,.F.);
#3722 = ORIENTED_EDGE('',*,*,#1377,.F.);
#3723 = ORIENTED_EDGE('',*,*,#1353,.F.);
#3724 = FACE_BOUND('',#3725,.T.);
#3725 = EDGE_LOOP('',(#3726));
#3726 = ORIENTED_EDGE('',*,*,#3727,.T.);
#3727 = EDGE_CURVE('',#3728,#3728,#3730,.T.);
#3728 = VERTEX_POINT('',#3729);
#3729 = CARTESIAN_POINT('',(-9.430446,13.15,64.));
#3730 = CIRCLE('',#3731,1.5);
#3731 = AXIS2_PLACEMENT_3D('',#3732,#3733,#3734);
#3732 = CARTESIAN_POINT('',(-10.930446,13.15,64.));
#3733 = DIRECTION('',(0.,0.,-1.));
#3734 = DIRECTION('',(1.,0.,0.));
#3735 = FACE_BOUND('',#3736,.T.);
#3736 = EDGE_LOOP('',(#3737,#3746,#3753,#3754));
#3737 = ORIENTED_EDGE('',*,*,#3738,.F.);
#3738 = EDGE_CURVE('',#3739,#1074,#3741,.T.);
#3739 = VERTEX_POINT('',#3740);
#3740 = CARTESIAN_POINT('',(92.869554,-25.85,64.));
#3741 = CIRCLE('',#3742,2.8);
#3742 = AXIS2_PLACEMENT_3D('',#3743,#3744,#3745);
#3743 = CARTESIAN_POINT('',(90.069554,-25.85,64.));
#3744 = DIRECTION('',(0.,0.,1.));
#3745 = DIRECTION('',(1.,0.,0.));
#3746 = ORIENTED_EDGE('',*,*,#3747,.F.);
#3747 = EDGE_CURVE('',#1032,#3739,#3748,.T.);
#3748 = CIRCLE('',#3749,2.8);
#3749 = AXIS2_PLACEMENT_3D('',#3750,#3751,#3752);
#3750 = CARTESIAN_POINT('',(90.069554,-25.85,64.));
#3751 = DIRECTION('',(0.,0.,1.));
#3752 = DIRECTION('',(1.,0.,0.));
#3753 = ORIENTED_EDGE('',*,*,#1029,.F.);
#3754 = ORIENTED_EDGE('',*,*,#1073,.F.);
#3755 = FACE_BOUND('',#3756,.T.);
#3756 = EDGE_LOOP('',(#3757));
#3757 = ORIENTED_EDGE('',*,*,#3758,.T.);
#3758 = EDGE_CURVE('',#3759,#3759,#3761,.T.);
#3759 = VERTEX_POINT('',#3760);
#3760 = CARTESIAN_POINT('',(22.569554,13.15,64.));
#3761 = CIRCLE('',#3762,1.5);
#3762 = AXIS2_PLACEMENT_3D('',#3763,#3764,#3765);
#3763 = CARTESIAN_POINT('',(21.069554,13.15,64.));
#3764 = DIRECTION('',(0.,0.,-1.));
#3765 = DIRECTION('',(1.,0.,0.));
#3766 = FACE_BOUND('',#3767,.T.);
#3767 = EDGE_LOOP('',(#3768,#3769,#3770,#3771,#3772,#3773));
#3768 = ORIENTED_EDGE('',*,*,#1466,.F.);
#3769 = ORIENTED_EDGE('',*,*,#1593,.F.);
#3770 = ORIENTED_EDGE('',*,*,#1569,.F.);
#3771 = ORIENTED_EDGE('',*,*,#1545,.F.);
#3772 = ORIENTED_EDGE('',*,*,#1521,.F.);
#3773 = ORIENTED_EDGE('',*,*,#1497,.F.);
#3774 = FACE_BOUND('',#3775,.T.);
#3775 = EDGE_LOOP('',(#3776,#3777,#3778,#3779,#3780,#3781));
#3776 = ORIENTED_EDGE('',*,*,#1610,.F.);
#3777 = ORIENTED_EDGE('',*,*,#1737,.F.);
#3778 = ORIENTED_EDGE('',*,*,#1713,.F.);
#3779 = ORIENTED_EDGE('',*,*,#1689,.F.);
#3780 = ORIENTED_EDGE('',*,*,#1665,.F.);
#3781 = ORIENTED_EDGE('',*,*,#1641,.F.);
#3782 = FACE_BOUND('',#3783,.T.);
#3783 = EDGE_LOOP('',(#3784,#3785,#3786,#3787,#3788,#3789));
#3784 = ORIENTED_EDGE('',*,*,#2382,.F.);
#3785 = ORIENTED_EDGE('',*,*,#2509,.F.);
#3786 = ORIENTED_EDGE('',*,*,#2485,.F.);
#3787 = ORIENTED_EDGE('',*,*,#2461,.F.);
#3788 = ORIENTED_EDGE('',*,*,#2437,.F.);
#3789 = ORIENTED_EDGE('',*,*,#2413,.F.);
#3790 = FACE_BOUND('',#3791,.T.);
#3791 = EDGE_LOOP('',(#3792,#3793,#3794,#3795,#3796,#3797));
#3792 = ORIENTED_EDGE('',*,*,#2526,.F.);
#3793 = ORIENTED_EDGE('',*,*,#2653,.F.);
#3794 = ORIENTED_EDGE('',*,*,#2629,.F.);
#3795 = ORIENTED_EDGE('',*,*,#2605,.F.);
#3796 = ORIENTED_EDGE('',*,*,#2581,.F.);
#3797 = ORIENTED_EDGE('',*,*,#2557,.F.);
#3798 = FACE_BOUND('',#3799,.T.);
#3799 = EDGE_LOOP('',(#3800,#3801,#3802,#3803,#3804,#3805));
#3800 = ORIENTED_EDGE('',*,*,#2670,.F.);
#3801 = ORIENTED_EDGE('',*,*,#2797,.F.);
#3802 = ORIENTED_EDGE('',*,*,#2773,.F.);
#3803 = ORIENTED_EDGE('',*,*,#2749,.F.);
#3804 = ORIENTED_EDGE('',*,*,#2725,.F.);
#3805 = ORIENTED_EDGE('',*,*,#2701,.F.);
#3806 = FACE_BOUND('',#3807,.T.);
#3807 = EDGE_LOOP('',(#3808,#3809,#3810,#3811,#3812,#3813));
#3808 = ORIENTED_EDGE('',*,*,#2814,.F.);
#3809 = ORIENTED_EDGE('',*,*,#2941,.F.);
#3810 = ORIENTED_EDGE('',*,*,#2917,.F.);
#3811 = ORIENTED_EDGE('',*,*,#2893,.F.);
#3812 = ORIENTED_EDGE('',*,*,#2869,.F.);
#3813 = ORIENTED_EDGE('',*,*,#2845,.F.);
#3814 = FACE_BOUND('',#3815,.T.);
#3815 = EDGE_LOOP('',(#3816));
#3816 = ORIENTED_EDGE('',*,*,#3817,.T.);
#3817 = EDGE_CURVE('',#3818,#3818,#3820,.T.);
#3818 = VERTEX_POINT('',#3819);
#3819 = CARTESIAN_POINT('',(-9.430446,45.15,64.));
#3820 = CIRCLE('',#3821,1.5);
#3821 = AXIS2_PLACEMENT_3D('',#3822,#3823,#3824);
#3822 = CARTESIAN_POINT('',(-10.930446,45.15,64.));
#3823 = DIRECTION('',(0.,0.,-1.));
#3824 = DIRECTION('',(1.,0.,0.));
#3825 = FACE_BOUND('',#3826,.T.);
#3826 = EDGE_LOOP('',(#3827,#3828,#3829,#3830,#3831,#3832));
#3827 = ORIENTED_EDGE('',*,*,#2958,.F.);
#3828 = ORIENTED_EDGE('',*,*,#3085,.F.);
#3829 = ORIENTED_EDGE('',*,*,#3061,.F.);
#3830 = ORIENTED_EDGE('',*,*,#3037,.F.);
#3831 = ORIENTED_EDGE('',*,*,#3013,.F.);
#3832 = ORIENTED_EDGE('',*,*,#2989,.F.);
#3833 = FACE_BOUND('',#3834,.T.);
#3834 = EDGE_LOOP('',(#3835));
#3835 = ORIENTED_EDGE('',*,*,#3836,.T.);
#3836 = EDGE_CURVE('',#3837,#3837,#3839,.T.);
#3837 = VERTEX_POINT('',#3838);
#3838 = CARTESIAN_POINT('',(24.069554,29.15,64.));
#3839 = CIRCLE('',#3840,19.);
#3840 = AXIS2_PLACEMENT_3D('',#3841,#3842,#3843);
#3841 = CARTESIAN_POINT('',(5.069554,29.15,64.));
#3842 = DIRECTION('',(0.,0.,-1.));
#3843 = DIRECTION('',(1.,0.,0.));
#3844 = FACE_BOUND('',#3845,.T.);
#3845 = EDGE_LOOP('',(#3846,#3847,#3848,#3849,#3850,#3851));
#3846 = ORIENTED_EDGE('',*,*,#1950,.F.);
#3847 = ORIENTED_EDGE('',*,*,#2077,.F.);
#3848 = ORIENTED_EDGE('',*,*,#2053,.F.);
#3849 = ORIENTED_EDGE('',*,*,#2029,.F.);
#3850 = ORIENTED_EDGE('',*,*,#2005,.F.);
#3851 = ORIENTED_EDGE('',*,*,#1981,.F.);
#3852 = FACE_BOUND('',#3853,.T.);
#3853 = EDGE_LOOP('',(#3854,#3855,#3856,#3857,#3858,#3859));
#3854 = ORIENTED_EDGE('',*,*,#2094,.F.);
#3855 = ORIENTED_EDGE('',*,*,#2221,.F.);
#3856 = ORIENTED_EDGE('',*,*,#2197,.F.);
#3857 = ORIENTED_EDGE('',*,*,#2173,.F.);
#3858 = ORIENTED_EDGE('',*,*,#2149,.F.);
#3859 = ORIENTED_EDGE('',*,*,#2125,.F.);
#3860 = FACE_BOUND('',#3861,.T.);
#3861 = EDGE_LOOP('',(#3862,#3863,#3864,#3865,#3866,#3867));
#3862 = ORIENTED_EDGE('',*,*,#2238,.F.);
#3863 = ORIENTED_EDGE('',*,*,#2365,.F.);
#3864 = ORIENTED_EDGE('',*,*,#2341,.F.);
#3865 = ORIENTED_EDGE('',*,*,#2317,.F.);
#3866 = ORIENTED_EDGE('',*,*,#2293,.F.);
#3867 = ORIENTED_EDGE('',*,*,#2269,.F.);
#3868 = FACE_BOUND('',#3869,.T.);
#3869 = EDGE_LOOP('',(#3870));
#3870 = ORIENTED_EDGE('',*,*,#3871,.T.);
#3871 = EDGE_CURVE('',#3872,#3872,#3874,.T.);
#3872 = VERTEX_POINT('',#3873);
#3873 = CARTESIAN_POINT('',(22.569554,45.15,64.));
#3874 = CIRCLE('',#3875,1.5);
#3875 = AXIS2_PLACEMENT_3D('',#3876,#3877,#3878);
#3876 = CARTESIAN_POINT('',(21.069554,45.15,64.));
#3877 = DIRECTION('',(0.,0.,-1.));
#3878 = DIRECTION('',(1.,0.,0.));
#3879 = FACE_BOUND('',#3880,.T.);
#3880 = EDGE_LOOP('',(#3881,#3882,#3883,#3884,#3885,#3886));
#3881 = ORIENTED_EDGE('',*,*,#3102,.F.);
#3882 = ORIENTED_EDGE('',*,*,#3229,.F.);
#3883 = ORIENTED_EDGE('',*,*,#3205,.F.);
#3884 = ORIENTED_EDGE('',*,*,#3181,.F.);
#3885 = ORIENTED_EDGE('',*,*,#3157,.F.);
#3886 = ORIENTED_EDGE('',*,*,#3133,.F.);
#3887 = FACE_BOUND('',#3888,.T.);
#3888 = EDGE_LOOP('',(#3889,#3890,#3891,#3892,#3893,#3894));
#3889 = ORIENTED_EDGE('',*,*,#3246,.F.);
#3890 = ORIENTED_EDGE('',*,*,#3373,.F.);
#3891 = ORIENTED_EDGE('',*,*,#3349,.F.);
#3892 = ORIENTED_EDGE('',*,*,#3325,.F.);
#3893 = ORIENTED_EDGE('',*,*,#3301,.F.);
#3894 = ORIENTED_EDGE('',*,*,#3277,.F.);
#3895 = PLANE('',#3896);
#3896 = AXIS2_PLACEMENT_3D('',#3897,#3898,#3899);
#3897 = CARTESIAN_POINT('',(0.,0.,64.));
#3898 = DIRECTION('',(0.,0.,1.));
#3899 = DIRECTION('',(1.,0.,0.));
#3900 = ADVANCED_FACE('',(#3901),#3923,.F.);
#3901 = FACE_BOUND('',#3902,.F.);
#3902 = EDGE_LOOP('',(#3903,#3904,#3913,#3920,#3921,#3922));
#3903 = ORIENTED_EDGE('',*,*,#991,.F.);
#3904 = ORIENTED_EDGE('',*,*,#3905,.T.);
#3905 = EDGE_CURVE('',#983,#3906,#3908,.T.);
#3906 = VERTEX_POINT('',#3907);
#3907 = CARTESIAN_POINT('',(-77.130446,-25.85,62.));
#3908 = CIRCLE('',#3909,2.8);
#3909 = AXIS2_PLACEMENT_3D('',#3910,#3911,#3912);
#3910 = CARTESIAN_POINT('',(-79.930446,-25.85,62.));
#3911 = DIRECTION('',(0.,0.,1.));
#3912 = DIRECTION('',(1.,0.,0.));
#3913 = ORIENTED_EDGE('',*,*,#3914,.T.);
#3914 = EDGE_CURVE('',#3906,#975,#3915,.T.);
#3915 = CIRCLE('',#3916,2.8);
#3916 = AXIS2_PLACEMENT_3D('',#3917,#3918,#3919);
#3917 = CARTESIAN_POINT('',(-79.930446,-25.85,62.));
#3918 = DIRECTION('',(0.,0.,1.));
#3919 = DIRECTION('',(1.,0.,0.));
#3920 = ORIENTED_EDGE('',*,*,#974,.T.);
#3921 = ORIENTED_EDGE('',*,*,#3691,.F.);
#3922 = ORIENTED_EDGE('',*,*,#3700,.F.);
#3923 = CYLINDRICAL_SURFACE('',#3924,2.8);
#3924 = AXIS2_PLACEMENT_3D('',#3925,#3926,#3927);
#3925 = CARTESIAN_POINT('',(-79.930446,-25.85,64.));
#3926 = DIRECTION('',(0.,0.,1.));
#3927 = DIRECTION('',(1.,0.,0.));
#3928 = ADVANCED_FACE('',(#3929),#3934,.T.);
#3929 = FACE_BOUND('',#3930,.T.);
#3930 = EDGE_LOOP('',(#3931,#3932,#3933));
#3931 = ORIENTED_EDGE('',*,*,#3905,.T.);
#3932 = ORIENTED_EDGE('',*,*,#3914,.T.);
#3933 = ORIENTED_EDGE('',*,*,#982,.F.);
#3934 = PLANE('',#3935);
#3935 = AXIS2_PLACEMENT_3D('',#3936,#3937,#3938);
#3936 = CARTESIAN_POINT('',(5.069554,29.15,62.));
#3937 = DIRECTION('',(0.,0.,1.));
#3938 = DIRECTION('',(1.,0.,0.));
#3939 = ADVANCED_FACE('',(#3940),#3962,.F.);
#3940 = FACE_BOUND('',#3941,.F.);
#3941 = EDGE_LOOP('',(#3942,#3943,#3952,#3959,#3960,#3961));
#3942 = ORIENTED_EDGE('',*,*,#1099,.F.);
#3943 = ORIENTED_EDGE('',*,*,#3944,.T.);
#3944 = EDGE_CURVE('',#1091,#3945,#3947,.T.);
#3945 = VERTEX_POINT('',#3946);
#3946 = CARTESIAN_POINT('',(92.869554,-25.85,62.));
#3947 = CIRCLE('',#3948,2.8);
#3948 = AXIS2_PLACEMENT_3D('',#3949,#3950,#3951);
#3949 = CARTESIAN_POINT('',(90.069554,-25.85,62.));
#3950 = DIRECTION('',(0.,0.,1.));
#3951 = DIRECTION('',(1.,0.,0.));
#3952 = ORIENTED_EDGE('',*,*,#3953,.T.);
#3953 = EDGE_CURVE('',#3945,#1083,#3954,.T.);
#3954 = CIRCLE('',#3955,2.8);
#3955 = AXIS2_PLACEMENT_3D('',#3956,#3957,#3958);
#3956 = CARTESIAN_POINT('',(90.069554,-25.85,62.));
#3957 = DIRECTION('',(0.,0.,1.));
#3958 = DIRECTION('',(1.,0.,0.));
#3959 = ORIENTED_EDGE('',*,*,#1082,.T.);
#3960 = ORIENTED_EDGE('',*,*,#3738,.F.);
#3961 = ORIENTED_EDGE('',*,*,#3747,.F.);
#3962 = CYLINDRICAL_SURFACE('',#3963,2.8);
#3963 = AXIS2_PLACEMENT_3D('',#3964,#3965,#3966);
#3964 = CARTESIAN_POINT('',(90.069554,-25.85,64.));
#3965 = DIRECTION('',(0.,0.,1.));
#3966 = DIRECTION('',(1.,0.,0.));
#3967 = ADVANCED_FACE('',(#3968),#3973,.T.);
#3968 = FACE_BOUND('',#3969,.T.);
#3969 = EDGE_LOOP('',(#3970,#3971,#3972));
#3970 = ORIENTED_EDGE('',*,*,#3944,.T.);
#3971 = ORIENTED_EDGE('',*,*,#3953,.T.);
#3972 = ORIENTED_EDGE('',*,*,#1090,.F.);
#3973 = PLANE('',#3974);
#3974 = AXIS2_PLACEMENT_3D('',#3975,#3976,#3977);
#3975 = CARTESIAN_POINT('',(5.069554,29.15,62.));
#3976 = DIRECTION('',(0.,0.,1.));
#3977 = DIRECTION('',(1.,0.,0.));
#3978 = ADVANCED_FACE('',(#3979,#3989,#4000,#4011,#4022,#4033),#4044,.F.
  );
#3979 = FACE_BOUND('',#3980,.F.);
#3980 = EDGE_LOOP('',(#3981,#3982,#3983,#3984,#3985,#3986,#3987,#3988));
#3981 = ORIENTED_EDGE('',*,*,#1754,.T.);
#3982 = ORIENTED_EDGE('',*,*,#1810,.T.);
#3983 = ORIENTED_EDGE('',*,*,#1859,.T.);
#3984 = ORIENTED_EDGE('',*,*,#1908,.T.);
#3985 = ORIENTED_EDGE('',*,*,#1933,.T.);
#3986 = ORIENTED_EDGE('',*,*,#1883,.T.);
#3987 = ORIENTED_EDGE('',*,*,#1835,.T.);
#3988 = ORIENTED_EDGE('',*,*,#1785,.F.);
#3989 = FACE_BOUND('',#3990,.F.);
#3990 = EDGE_LOOP('',(#3991));
#3991 = ORIENTED_EDGE('',*,*,#3992,.F.);
#3992 = EDGE_CURVE('',#3993,#3993,#3995,.T.);
#3993 = VERTEX_POINT('',#3994);
#3994 = CARTESIAN_POINT('',(-9.430446,13.15,60.));
#3995 = CIRCLE('',#3996,1.5);
#3996 = AXIS2_PLACEMENT_3D('',#3997,#3998,#3999);
#3997 = CARTESIAN_POINT('',(-10.930446,13.15,60.));
#3998 = DIRECTION('',(0.,0.,1.));
#3999 = DIRECTION('',(1.,0.,0.));
#4000 = FACE_BOUND('',#4001,.F.);
#4001 = EDGE_LOOP('',(#4002));
#4002 = ORIENTED_EDGE('',*,*,#4003,.F.);
#4003 = EDGE_CURVE('',#4004,#4004,#4006,.T.);
#4004 = VERTEX_POINT('',#4005);
#4005 = CARTESIAN_POINT('',(22.569554,13.15,60.));
#4006 = CIRCLE('',#4007,1.5);
#4007 = AXIS2_PLACEMENT_3D('',#4008,#4009,#4010);
#4008 = CARTESIAN_POINT('',(21.069554,13.15,60.));
#4009 = DIRECTION('',(0.,0.,1.));
#4010 = DIRECTION('',(1.,0.,0.));
#4011 = FACE_BOUND('',#4012,.F.);
#4012 = EDGE_LOOP('',(#4013));
#4013 = ORIENTED_EDGE('',*,*,#4014,.F.);
#4014 = EDGE_CURVE('',#4015,#4015,#4017,.T.);
#4015 = VERTEX_POINT('',#4016);
#4016 = CARTESIAN_POINT('',(-9.430446,45.15,60.));
#4017 = CIRCLE('',#4018,1.5);
#4018 = AXIS2_PLACEMENT_3D('',#4019,#4020,#4021);
#4019 = CARTESIAN_POINT('',(-10.930446,45.15,60.));
#4020 = DIRECTION('',(0.,0.,1.));
#4021 = DIRECTION('',(1.,0.,0.));
#4022 = FACE_BOUND('',#4023,.F.);
#4023 = EDGE_LOOP('',(#4024));
#4024 = ORIENTED_EDGE('',*,*,#4025,.F.);
#4025 = EDGE_CURVE('',#4026,#4026,#4028,.T.);
#4026 = VERTEX_POINT('',#4027);
#4027 = CARTESIAN_POINT('',(24.069554,29.15,60.));
#4028 = CIRCLE('',#4029,19.);
#4029 = AXIS2_PLACEMENT_3D('',#4030,#4031,#4032);
#4030 = CARTESIAN_POINT('',(5.069554,29.15,60.));
#4031 = DIRECTION('',(0.,0.,1.));
#4032 = DIRECTION('',(1.,0.,0.));
#4033 = FACE_BOUND('',#4034,.F.);
#4034 = EDGE_LOOP('',(#4035));
#4035 = ORIENTED_EDGE('',*,*,#4036,.F.);
#4036 = EDGE_CURVE('',#4037,#4037,#4039,.T.);
#4037 = VERTEX_POINT('',#4038);
#4038 = CARTESIAN_POINT('',(22.569554,45.15,60.));
#4039 = CIRCLE('',#4040,1.5);
#4040 = AXIS2_PLACEMENT_3D('',#4041,#4042,#4043);
#4041 = CARTESIAN_POINT('',(21.069554,45.15,60.));
#4042 = DIRECTION('',(0.,0.,1.));
#4043 = DIRECTION('',(1.,0.,0.));
#4044 = PLANE('',#4045);
#4045 = AXIS2_PLACEMENT_3D('',#4046,#4047,#4048);
#4046 = CARTESIAN_POINT('',(5.069554,29.15,60.));
#4047 = DIRECTION('',(0.,0.,1.));
#4048 = DIRECTION('',(1.,0.,0.));
#4049 = ADVANCED_FACE('',(#4050),#4066,.T.);
#4050 = FACE_BOUND('',#4051,.T.);
#4051 = EDGE_LOOP('',(#4052,#4053,#4059,#4060));
#4052 = ORIENTED_EDGE('',*,*,#3390,.F.);
#4053 = ORIENTED_EDGE('',*,*,#4054,.T.);
#4054 = EDGE_CURVE('',#3391,#3630,#4055,.T.);
#4055 = LINE('',#4056,#4057);
#4056 = CARTESIAN_POINT('',(-77.58041265124,88.999999999963,60.));
#4057 = VECTOR('',#4058,1.);
#4058 = DIRECTION('',(0.,0.,1.));
#4059 = ORIENTED_EDGE('',*,*,#3629,.T.);
#4060 = ORIENTED_EDGE('',*,*,#4061,.F.);
#4061 = EDGE_CURVE('',#3393,#3621,#4062,.T.);
#4062 = LINE('',#4063,#4064);
#4063 = CARTESIAN_POINT('',(87.419554,89.,60.));
#4064 = VECTOR('',#4065,1.);
#4065 = DIRECTION('',(0.,0.,1.));
#4066 = PLANE('',#4067);
#4067 = AXIS2_PLACEMENT_3D('',#4068,#4069,#4070);
#4068 = CARTESIAN_POINT('',(-77.58041265124,89.,60.));
#4069 = DIRECTION('',(0.,1.,0.));
#4070 = DIRECTION('',(1.,0.,0.));
#4071 = ADVANCED_FACE('',(#4072),#4083,.T.);
#4072 = FACE_BOUND('',#4073,.F.);
#4073 = EDGE_LOOP('',(#4074,#4075,#4081,#4082));
#4074 = ORIENTED_EDGE('',*,*,#3496,.F.);
#4075 = ORIENTED_EDGE('',*,*,#4076,.F.);
#4076 = EDGE_CURVE('',#3612,#3488,#4077,.T.);
#4077 = LINE('',#4078,#4079);
#4078 = CARTESIAN_POINT('',(88.839272429226,88.864400829784,60.));
#4079 = VECTOR('',#4080,1.);
#4080 = DIRECTION('',(-0.,-0.,-1.));
#4081 = ORIENTED_EDGE('',*,*,#3620,.F.);
#4082 = ORIENTED_EDGE('',*,*,#4061,.F.);
#4083 = CYLINDRICAL_SURFACE('',#4084,7.5);
#4084 = AXIS2_PLACEMENT_3D('',#4085,#4086,#4087);
#4085 = CARTESIAN_POINT('',(87.419554,81.5,60.));
#4086 = DIRECTION('',(-0.,-0.,-1.));
#4087 = DIRECTION('',(1.,0.,0.));
#4088 = ADVANCED_FACE('',(#4089),#4124,.F.);
#4089 = FACE_BOUND('',#4090,.F.);
#4090 = EDGE_LOOP('',(#4091,#4092,#4093,#4094,#4100,#4101,#4109,#4118));
#4091 = ORIENTED_EDGE('',*,*,#3611,.F.);
#4092 = ORIENTED_EDGE('',*,*,#4076,.T.);
#4093 = ORIENTED_EDGE('',*,*,#3487,.T.);
#4094 = ORIENTED_EDGE('',*,*,#4095,.F.);
#4095 = EDGE_CURVE('',#3576,#3479,#4096,.T.);
#4096 = LINE('',#4097,#4098);
#4097 = CARTESIAN_POINT('',(91.317964880816,87.907214106328,60.));
#4098 = VECTOR('',#4099,1.);
#4099 = DIRECTION('',(-0.,-0.,-1.));
#4100 = ORIENTED_EDGE('',*,*,#3584,.F.);
#4101 = ORIENTED_EDGE('',*,*,#4102,.F.);
#4102 = EDGE_CURVE('',#4103,#3585,#4105,.T.);
#4103 = VERTEX_POINT('',#4104);
#4104 = CARTESIAN_POINT('',(90.769180318688,86.861184798976,62.));
#4105 = LINE('',#4106,#4107);
#4106 = CARTESIAN_POINT('',(90.769180318689,86.861184798976,64.));
#4107 = VECTOR('',#4108,1.);
#4108 = DIRECTION('',(0.,0.,1.));
#4109 = ORIENTED_EDGE('',*,*,#4110,.F.);
#4110 = EDGE_CURVE('',#4111,#4103,#4113,.T.);
#4111 = VERTEX_POINT('',#4112);
#4112 = CARTESIAN_POINT('',(89.159701160806,86.798049812789,62.));
#4113 = CIRCLE('',#4114,1.4);
#4114 = AXIS2_PLACEMENT_3D('',#4115,#4116,#4117);
#4115 = CARTESIAN_POINT('',(89.919554,87.9739,62.));
#4116 = DIRECTION('',(0.,0.,1.));
#4117 = DIRECTION('',(1.,0.,0.));
#4118 = ORIENTED_EDGE('',*,*,#4119,.T.);
#4119 = EDGE_CURVE('',#4111,#3603,#4120,.T.);
#4120 = LINE('',#4121,#4122);
#4121 = CARTESIAN_POINT('',(89.159701160804,86.798049812788,64.));
#4122 = VECTOR('',#4123,1.);
#4123 = DIRECTION('',(0.,0.,1.));
#4124 = CYLINDRICAL_SURFACE('',#4125,1.4);
#4125 = AXIS2_PLACEMENT_3D('',#4126,#4127,#4128);
#4126 = CARTESIAN_POINT('',(89.919554,87.9739,64.));
#4127 = DIRECTION('',(0.,0.,1.));
#4128 = DIRECTION('',(1.,0.,0.));
#4129 = ADVANCED_FACE('',(#4130),#4141,.T.);
#4130 = FACE_BOUND('',#4131,.F.);
#4131 = EDGE_LOOP('',(#4132,#4133,#4139,#4140));
#4132 = ORIENTED_EDGE('',*,*,#3478,.F.);
#4133 = ORIENTED_EDGE('',*,*,#4134,.T.);
#4134 = EDGE_CURVE('',#3471,#3568,#4135,.T.);
#4135 = LINE('',#4136,#4137);
#4136 = CARTESIAN_POINT('',(94.919554,81.5,60.));
#4137 = VECTOR('',#4138,1.);
#4138 = DIRECTION('',(0.,0.,1.));
#4139 = ORIENTED_EDGE('',*,*,#3575,.F.);
#4140 = ORIENTED_EDGE('',*,*,#4095,.T.);
#4141 = CYLINDRICAL_SURFACE('',#4142,7.5);
#4142 = AXIS2_PLACEMENT_3D('',#4143,#4144,#4145);
#4143 = CARTESIAN_POINT('',(87.419554,81.5,60.));
#4144 = DIRECTION('',(-0.,-0.,-1.));
#4145 = DIRECTION('',(1.,0.,0.));
#4146 = ADVANCED_FACE('',(#4147),#4158,.T.);
#4147 = FACE_BOUND('',#4148,.T.);
#4148 = EDGE_LOOP('',(#4149,#4150,#4151,#4152));
#4149 = ORIENTED_EDGE('',*,*,#3470,.F.);
#4150 = ORIENTED_EDGE('',*,*,#4134,.T.);
#4151 = ORIENTED_EDGE('',*,*,#3567,.T.);
#4152 = ORIENTED_EDGE('',*,*,#4153,.F.);
#4153 = EDGE_CURVE('',#3462,#3559,#4154,.T.);
#4154 = LINE('',#4155,#4156);
#4155 = CARTESIAN_POINT('',(94.919554,-23.5,60.));
#4156 = VECTOR('',#4157,1.);
#4157 = DIRECTION('',(0.,0.,1.));
#4158 = PLANE('',#4159);
#4159 = AXIS2_PLACEMENT_3D('',#4160,#4161,#4162);
#4160 = CARTESIAN_POINT('',(94.919554,81.5,60.));
#4161 = DIRECTION('',(1.,-1.4E-16,0.));
#4162 = DIRECTION('',(-1.4E-16,-1.,0.));
#4163 = ADVANCED_FACE('',(#4164),#4175,.T.);
#4164 = FACE_BOUND('',#4165,.F.);
#4165 = EDGE_LOOP('',(#4166,#4167,#4173,#4174));
#4166 = ORIENTED_EDGE('',*,*,#3461,.F.);
#4167 = ORIENTED_EDGE('',*,*,#4168,.T.);
#4168 = EDGE_CURVE('',#3454,#3551,#4169,.T.);
#4169 = LINE('',#4170,#4171);
#4170 = CARTESIAN_POINT('',(87.419551532378,-31.,60.));
#4171 = VECTOR('',#4172,1.);
#4172 = DIRECTION('',(0.,0.,1.));
#4173 = ORIENTED_EDGE('',*,*,#3558,.F.);
#4174 = ORIENTED_EDGE('',*,*,#4153,.F.);
#4175 = CYLINDRICAL_SURFACE('',#4176,7.5);
#4176 = AXIS2_PLACEMENT_3D('',#4177,#4178,#4179);
#4177 = CARTESIAN_POINT('',(87.419554,-23.5,60.));
#4178 = DIRECTION('',(-0.,-0.,-1.));
#4179 = DIRECTION('',(1.,0.,0.));
#4180 = ADVANCED_FACE('',(#4181),#4192,.T.);
#4181 = FACE_BOUND('',#4182,.T.);
#4182 = EDGE_LOOP('',(#4183,#4184,#4185,#4186));
#4183 = ORIENTED_EDGE('',*,*,#3453,.F.);
#4184 = ORIENTED_EDGE('',*,*,#4168,.T.);
#4185 = ORIENTED_EDGE('',*,*,#3550,.T.);
#4186 = ORIENTED_EDGE('',*,*,#4187,.F.);
#4187 = EDGE_CURVE('',#3445,#3542,#4188,.T.);
#4188 = LINE('',#4189,#4190);
#4189 = CARTESIAN_POINT('',(-77.580446,-31.,60.));
#4190 = VECTOR('',#4191,1.);
#4191 = DIRECTION('',(0.,0.,1.));
#4192 = PLANE('',#4193);
#4193 = AXIS2_PLACEMENT_3D('',#4194,#4195,#4196);
#4194 = CARTESIAN_POINT('',(87.419551532378,-31.,60.));
#4195 = DIRECTION('',(0.,-1.,0.));
#4196 = DIRECTION('',(-1.,0.,0.));
#4197 = ADVANCED_FACE('',(#4198),#4209,.T.);
#4198 = FACE_BOUND('',#4199,.F.);
#4199 = EDGE_LOOP('',(#4200,#4201,#4207,#4208));
#4200 = ORIENTED_EDGE('',*,*,#3444,.F.);
#4201 = ORIENTED_EDGE('',*,*,#4202,.T.);
#4202 = EDGE_CURVE('',#3437,#3534,#4203,.T.);
#4203 = LINE('',#4204,#4205);
#4204 = CARTESIAN_POINT('',(-85.080446,-23.5,60.));
#4205 = VECTOR('',#4206,1.);
#4206 = DIRECTION('',(0.,0.,1.));
#4207 = ORIENTED_EDGE('',*,*,#3541,.F.);
#4208 = ORIENTED_EDGE('',*,*,#4187,.F.);
#4209 = CYLINDRICAL_SURFACE('',#4210,7.5);
#4210 = AXIS2_PLACEMENT_3D('',#4211,#4212,#4213);
#4211 = CARTESIAN_POINT('',(-77.580446,-23.5,60.));
#4212 = DIRECTION('',(-0.,-0.,-1.));
#4213 = DIRECTION('',(1.,0.,0.));
#4214 = ADVANCED_FACE('',(#4215),#4226,.F.);
#4215 = FACE_BOUND('',#4216,.F.);
#4216 = EDGE_LOOP('',(#4217,#4218,#4224,#4225));
#4217 = ORIENTED_EDGE('',*,*,#3436,.F.);
#4218 = ORIENTED_EDGE('',*,*,#4219,.T.);
#4219 = EDGE_CURVE('',#3428,#3523,#4220,.T.);
#4220 = LINE('',#4221,#4222);
#4221 = CARTESIAN_POINT('',(-85.08044599993,81.499967628592,60.));
#4222 = VECTOR('',#4223,1.);
#4223 = DIRECTION('',(0.,0.,1.));
#4224 = ORIENTED_EDGE('',*,*,#3533,.T.);
#4225 = ORIENTED_EDGE('',*,*,#4202,.F.);
#4226 = PLANE('',#4227);
#4227 = AXIS2_PLACEMENT_3D('',#4228,#4229,#4230);
#4228 = CARTESIAN_POINT('',(-85.08044599993,81.499967628592,60.));
#4229 = DIRECTION('',(1.,-6.652E-13,0.));
#4230 = DIRECTION('',(-6.652E-13,-1.,0.));
#4231 = ADVANCED_FACE('',(#4232),#4243,.T.);
#4232 = FACE_BOUND('',#4233,.F.);
#4233 = EDGE_LOOP('',(#4234,#4235,#4241,#4242));
#4234 = ORIENTED_EDGE('',*,*,#3427,.F.);
#4235 = ORIENTED_EDGE('',*,*,#4236,.F.);
#4236 = EDGE_CURVE('',#3525,#3419,#4237,.T.);
#4237 = LINE('',#4238,#4239);
#4238 = CARTESIAN_POINT('',(-81.47885688081,87.907214106328,60.));
#4239 = VECTOR('',#4240,1.);
#4240 = DIRECTION('',(-0.,-0.,-1.));
#4241 = ORIENTED_EDGE('',*,*,#3522,.F.);
#4242 = ORIENTED_EDGE('',*,*,#4219,.F.);
#4243 = CYLINDRICAL_SURFACE('',#4244,7.5);
#4244 = AXIS2_PLACEMENT_3D('',#4245,#4246,#4247);
#4245 = CARTESIAN_POINT('',(-77.580446,81.5,60.));
#4246 = DIRECTION('',(-0.,-0.,-1.));
#4247 = DIRECTION('',(1.,0.,0.));
#4248 = ADVANCED_FACE('',(#4249),#4286,.F.);
#4249 = FACE_BOUND('',#4250,.F.);
#4250 = EDGE_LOOP('',(#4251,#4259,#4268,#4274,#4275,#4276,#4277,#4278,
    #4284,#4285));
#4251 = ORIENTED_EDGE('',*,*,#4252,.F.);
#4252 = EDGE_CURVE('',#4253,#3656,#4255,.T.);
#4253 = VERTEX_POINT('',#4254);
#4254 = CARTESIAN_POINT('',(-79.23081968131,86.861184798976,62.));
#4255 = LINE('',#4256,#4257);
#4256 = CARTESIAN_POINT('',(-79.23081968131,86.861184798976,64.));
#4257 = VECTOR('',#4258,1.);
#4258 = DIRECTION('',(0.,0.,1.));
#4259 = ORIENTED_EDGE('',*,*,#4260,.F.);
#4260 = EDGE_CURVE('',#4261,#4253,#4263,.T.);
#4261 = VERTEX_POINT('',#4262);
#4262 = CARTESIAN_POINT('',(-80.84029883919,86.798049812788,62.));
#4263 = CIRCLE('',#4264,1.4);
#4264 = AXIS2_PLACEMENT_3D('',#4265,#4266,#4267);
#4265 = CARTESIAN_POINT('',(-80.080446,87.9739,62.));
#4266 = DIRECTION('',(0.,0.,1.));
#4267 = DIRECTION('',(1.,0.,0.));
#4268 = ORIENTED_EDGE('',*,*,#4269,.T.);
#4269 = EDGE_CURVE('',#4261,#3674,#4270,.T.);
#4270 = LINE('',#4271,#4272);
#4271 = CARTESIAN_POINT('',(-80.84029883919,86.798049812788,64.));
#4272 = VECTOR('',#4273,1.);
#4273 = DIRECTION('',(0.,0.,1.));
#4274 = ORIENTED_EDGE('',*,*,#3682,.F.);
#4275 = ORIENTED_EDGE('',*,*,#4236,.T.);
#4276 = ORIENTED_EDGE('',*,*,#3418,.T.);
#4277 = ORIENTED_EDGE('',*,*,#3409,.T.);
#4278 = ORIENTED_EDGE('',*,*,#4279,.F.);
#4279 = EDGE_CURVE('',#3638,#3401,#4280,.T.);
#4280 = LINE('',#4281,#4282);
#4281 = CARTESIAN_POINT('',(-79.00016442922,88.864400829784,60.));
#4282 = VECTOR('',#4283,1.);
#4283 = DIRECTION('',(-0.,-0.,-1.));
#4284 = ORIENTED_EDGE('',*,*,#3646,.F.);
#4285 = ORIENTED_EDGE('',*,*,#3655,.F.);
#4286 = CYLINDRICAL_SURFACE('',#4287,1.4);
#4287 = AXIS2_PLACEMENT_3D('',#4288,#4289,#4290);
#4288 = CARTESIAN_POINT('',(-80.080446,87.9739,64.));
#4289 = DIRECTION('',(0.,0.,1.));
#4290 = DIRECTION('',(1.,0.,0.));
#4291 = ADVANCED_FACE('',(#4292),#4298,.T.);
#4292 = FACE_BOUND('',#4293,.F.);
#4293 = EDGE_LOOP('',(#4294,#4295,#4296,#4297));
#4294 = ORIENTED_EDGE('',*,*,#3400,.F.);
#4295 = ORIENTED_EDGE('',*,*,#4054,.T.);
#4296 = ORIENTED_EDGE('',*,*,#3637,.F.);
#4297 = ORIENTED_EDGE('',*,*,#4279,.T.);
#4298 = CYLINDRICAL_SURFACE('',#4299,7.5);
#4299 = AXIS2_PLACEMENT_3D('',#4300,#4301,#4302);
#4300 = CARTESIAN_POINT('',(-77.580446,81.5,60.));
#4301 = DIRECTION('',(-0.,-0.,-1.));
#4302 = DIRECTION('',(1.,0.,0.));
#4303 = ADVANCED_FACE('',(#4304),#4326,.F.);
#4304 = FACE_BOUND('',#4305,.F.);
#4305 = EDGE_LOOP('',(#4306,#4307,#4308,#4309,#4310,#4319));
#4306 = ORIENTED_EDGE('',*,*,#4252,.T.);
#4307 = ORIENTED_EDGE('',*,*,#3664,.F.);
#4308 = ORIENTED_EDGE('',*,*,#3673,.F.);
#4309 = ORIENTED_EDGE('',*,*,#4269,.F.);
#4310 = ORIENTED_EDGE('',*,*,#4311,.T.);
#4311 = EDGE_CURVE('',#4261,#4312,#4314,.T.);
#4312 = VERTEX_POINT('',#4313);
#4313 = CARTESIAN_POINT('',(-77.130446,84.15,62.));
#4314 = CIRCLE('',#4315,2.8);
#4315 = AXIS2_PLACEMENT_3D('',#4316,#4317,#4318);
#4316 = CARTESIAN_POINT('',(-79.930446,84.15,62.));
#4317 = DIRECTION('',(0.,0.,1.));
#4318 = DIRECTION('',(1.,0.,0.));
#4319 = ORIENTED_EDGE('',*,*,#4320,.T.);
#4320 = EDGE_CURVE('',#4312,#4253,#4321,.T.);
#4321 = CIRCLE('',#4322,2.8);
#4322 = AXIS2_PLACEMENT_3D('',#4323,#4324,#4325);
#4323 = CARTESIAN_POINT('',(-79.930446,84.15,62.));
#4324 = DIRECTION('',(0.,0.,1.));
#4325 = DIRECTION('',(1.,0.,0.));
#4326 = CYLINDRICAL_SURFACE('',#4327,2.8);
#4327 = AXIS2_PLACEMENT_3D('',#4328,#4329,#4330);
#4328 = CARTESIAN_POINT('',(-79.930446,84.15,64.));
#4329 = DIRECTION('',(0.,0.,1.));
#4330 = DIRECTION('',(1.,0.,0.));
#4331 = ADVANCED_FACE('',(#4332),#4354,.F.);
#4332 = FACE_BOUND('',#4333,.F.);
#4333 = EDGE_LOOP('',(#4334,#4335,#4336,#4337,#4338,#4347));
#4334 = ORIENTED_EDGE('',*,*,#4102,.T.);
#4335 = ORIENTED_EDGE('',*,*,#3593,.F.);
#4336 = ORIENTED_EDGE('',*,*,#3602,.F.);
#4337 = ORIENTED_EDGE('',*,*,#4119,.F.);
#4338 = ORIENTED_EDGE('',*,*,#4339,.T.);
#4339 = EDGE_CURVE('',#4111,#4340,#4342,.T.);
#4340 = VERTEX_POINT('',#4341);
#4341 = CARTESIAN_POINT('',(92.869554,84.15,62.));
#4342 = CIRCLE('',#4343,2.8);
#4343 = AXIS2_PLACEMENT_3D('',#4344,#4345,#4346);
#4344 = CARTESIAN_POINT('',(90.069554,84.15,62.));
#4345 = DIRECTION('',(0.,0.,1.));
#4346 = DIRECTION('',(1.,0.,0.));
#4347 = ORIENTED_EDGE('',*,*,#4348,.T.);
#4348 = EDGE_CURVE('',#4340,#4103,#4349,.T.);
#4349 = CIRCLE('',#4350,2.8);
#4350 = AXIS2_PLACEMENT_3D('',#4351,#4352,#4353);
#4351 = CARTESIAN_POINT('',(90.069554,84.15,62.));
#4352 = DIRECTION('',(0.,0.,1.));
#4353 = DIRECTION('',(1.,0.,0.));
#4354 = CYLINDRICAL_SURFACE('',#4355,2.8);
#4355 = AXIS2_PLACEMENT_3D('',#4356,#4357,#4358);
#4356 = CARTESIAN_POINT('',(90.069554,84.15,64.));
#4357 = DIRECTION('',(0.,0.,1.));
#4358 = DIRECTION('',(1.,0.,0.));
#4359 = ADVANCED_FACE('',(#4360),#4371,.F.);
#4360 = FACE_BOUND('',#4361,.T.);
#4361 = EDGE_LOOP('',(#4362,#4363,#4369,#4370));
#4362 = ORIENTED_EDGE('',*,*,#3992,.F.);
#4363 = ORIENTED_EDGE('',*,*,#4364,.T.);
#4364 = EDGE_CURVE('',#3993,#3728,#4365,.T.);
#4365 = LINE('',#4366,#4367);
#4366 = CARTESIAN_POINT('',(-9.430446,13.15,60.));
#4367 = VECTOR('',#4368,1.);
#4368 = DIRECTION('',(0.,0.,1.));
#4369 = ORIENTED_EDGE('',*,*,#3727,.F.);
#4370 = ORIENTED_EDGE('',*,*,#4364,.F.);
#4371 = CYLINDRICAL_SURFACE('',#4372,1.5);
#4372 = AXIS2_PLACEMENT_3D('',#4373,#4374,#4375);
#4373 = CARTESIAN_POINT('',(-10.930446,13.15,60.));
#4374 = DIRECTION('',(-0.,-0.,-1.));
#4375 = DIRECTION('',(1.,0.,0.));
#4376 = ADVANCED_FACE('',(#4377),#4388,.F.);
#4377 = FACE_BOUND('',#4378,.T.);
#4378 = EDGE_LOOP('',(#4379,#4380,#4386,#4387));
#4379 = ORIENTED_EDGE('',*,*,#4003,.F.);
#4380 = ORIENTED_EDGE('',*,*,#4381,.T.);
#4381 = EDGE_CURVE('',#4004,#3759,#4382,.T.);
#4382 = LINE('',#4383,#4384);
#4383 = CARTESIAN_POINT('',(22.569554,13.15,60.));
#4384 = VECTOR('',#4385,1.);
#4385 = DIRECTION('',(0.,0.,1.));
#4386 = ORIENTED_EDGE('',*,*,#3758,.F.);
#4387 = ORIENTED_EDGE('',*,*,#4381,.F.);
#4388 = CYLINDRICAL_SURFACE('',#4389,1.5);
#4389 = AXIS2_PLACEMENT_3D('',#4390,#4391,#4392);
#4390 = CARTESIAN_POINT('',(21.069554,13.15,60.));
#4391 = DIRECTION('',(-0.,-0.,-1.));
#4392 = DIRECTION('',(1.,0.,0.));
#4393 = ADVANCED_FACE('',(#4394),#4405,.F.);
#4394 = FACE_BOUND('',#4395,.T.);
#4395 = EDGE_LOOP('',(#4396,#4397,#4403,#4404));
#4396 = ORIENTED_EDGE('',*,*,#4014,.F.);
#4397 = ORIENTED_EDGE('',*,*,#4398,.T.);
#4398 = EDGE_CURVE('',#4015,#3818,#4399,.T.);
#4399 = LINE('',#4400,#4401);
#4400 = CARTESIAN_POINT('',(-9.430446,45.15,60.));
#4401 = VECTOR('',#4402,1.);
#4402 = DIRECTION('',(0.,0.,1.));
#4403 = ORIENTED_EDGE('',*,*,#3817,.F.);
#4404 = ORIENTED_EDGE('',*,*,#4398,.F.);
#4405 = CYLINDRICAL_SURFACE('',#4406,1.5);
#4406 = AXIS2_PLACEMENT_3D('',#4407,#4408,#4409);
#4407 = CARTESIAN_POINT('',(-10.930446,45.15,60.));
#4408 = DIRECTION('',(-0.,-0.,-1.));
#4409 = DIRECTION('',(1.,0.,0.));
#4410 = ADVANCED_FACE('',(#4411),#4422,.F.);
#4411 = FACE_BOUND('',#4412,.T.);
#4412 = EDGE_LOOP('',(#4413,#4414,#4420,#4421));
#4413 = ORIENTED_EDGE('',*,*,#4025,.F.);
#4414 = ORIENTED_EDGE('',*,*,#4415,.T.);
#4415 = EDGE_CURVE('',#4026,#3837,#4416,.T.);
#4416 = LINE('',#4417,#4418);
#4417 = CARTESIAN_POINT('',(24.069554,29.15,60.));
#4418 = VECTOR('',#4419,1.);
#4419 = DIRECTION('',(0.,0.,1.));
#4420 = ORIENTED_EDGE('',*,*,#3836,.F.);
#4421 = ORIENTED_EDGE('',*,*,#4415,.F.);
#4422 = CYLINDRICAL_SURFACE('',#4423,19.);
#4423 = AXIS2_PLACEMENT_3D('',#4424,#4425,#4426);
#4424 = CARTESIAN_POINT('',(5.069554,29.15,60.));
#4425 = DIRECTION('',(-0.,-0.,-1.));
#4426 = DIRECTION('',(1.,0.,0.));
#4427 = ADVANCED_FACE('',(#4428),#4439,.F.);
#4428 = FACE_BOUND('',#4429,.T.);
#4429 = EDGE_LOOP('',(#4430,#4431,#4437,#4438));
#4430 = ORIENTED_EDGE('',*,*,#4036,.F.);
#4431 = ORIENTED_EDGE('',*,*,#4432,.T.);
#4432 = EDGE_CURVE('',#4037,#3872,#4433,.T.);
#4433 = LINE('',#4434,#4435);
#4434 = CARTESIAN_POINT('',(22.569554,45.15,60.));
#4435 = VECTOR('',#4436,1.);
#4436 = DIRECTION('',(0.,0.,1.));
#4437 = ORIENTED_EDGE('',*,*,#3871,.F.);
#4438 = ORIENTED_EDGE('',*,*,#4432,.F.);
#4439 = CYLINDRICAL_SURFACE('',#4440,1.5);
#4440 = AXIS2_PLACEMENT_3D('',#4441,#4442,#4443);
#4441 = CARTESIAN_POINT('',(21.069554,45.15,60.));
#4442 = DIRECTION('',(-0.,-0.,-1.));
#4443 = DIRECTION('',(1.,0.,0.));
#4444 = ADVANCED_FACE('',(#4445),#4450,.T.);
#4445 = FACE_BOUND('',#4446,.T.);
#4446 = EDGE_LOOP('',(#4447,#4448,#4449));
#4447 = ORIENTED_EDGE('',*,*,#4339,.T.);
#4448 = ORIENTED_EDGE('',*,*,#4348,.T.);
#4449 = ORIENTED_EDGE('',*,*,#4110,.F.);
#4450 = PLANE('',#4451);
#4451 = AXIS2_PLACEMENT_3D('',#4452,#4453,#4454);
#4452 = CARTESIAN_POINT('',(5.069554,29.15,62.));
#4453 = DIRECTION('',(0.,0.,1.));
#4454 = DIRECTION('',(1.,0.,0.));
#4455 = ADVANCED_FACE('',(#4456),#4461,.T.);
#4456 = FACE_BOUND('',#4457,.T.);
#4457 = EDGE_LOOP('',(#4458,#4459,#4460));
#4458 = ORIENTED_EDGE('',*,*,#4311,.T.);
#4459 = ORIENTED_EDGE('',*,*,#4320,.T.);
#4460 = ORIENTED_EDGE('',*,*,#4260,.F.);
#4461 = PLANE('',#4462);
#4462 = AXIS2_PLACEMENT_3D('',#4463,#4464,#4465);
#4463 = CARTESIAN_POINT('',(5.069554,29.15,62.));
#4464 = DIRECTION('',(0.,0.,1.));
#4465 = DIRECTION('',(1.,0.,0.));
#4466 = ( GEOMETRIC_REPRESENTATION_CONTEXT(3) 
GLOBAL_UNCERTAINTY_ASSIGNED_CONTEXT((#4470)) 
GLOBAL_UNIT_ASSIGNED_CONTEXT((#4467,#4468,#4469)) REPRESENTATION_CONTEXT
('Context #1','3D Context with UNIT and UNCERTAINTY') );
#4467 = ( LENGTH_UNIT() NAMED_UNIT(*) SI_UNIT(.MILLI.,.METRE.) );
#4468 = ( NAMED_UNIT(*) PLANE_ANGLE_UNIT() SI_UNIT($,.RADIAN.) );
#4469 = ( NAMED_UNIT(*) SI_UNIT($,.STERADIAN.) SOLID_ANGLE_UNIT() );
#4470 = UNCERTAINTY_MEASURE_WITH_UNIT(LENGTH_MEASURE(1.E-04),#4467,
  'distance_accuracy_value','confusion accuracy');
#4471 = PRODUCT_RELATED_PRODUCT_CATEGORY('part',$,(#7));
#4472 = MECHANICAL_DESIGN_GEOMETRIC_PRESENTATION_REPRESENTATION('',(
    #4473),#4466);
#4473 = STYLED_ITEM('color',(#4474),#15);
#4474 = PRESENTATION_STYLE_ASSIGNMENT((#4475,#4483));
#4475 = SURFACE_STYLE_USAGE(.BOTH.,#4476);
#4476 = SURFACE_SIDE_STYLE('',(#4477,#4481));
#4477 = SURFACE_STYLE_FILL_AREA(#4478);
#4478 = FILL_AREA_STYLE('',(#4479));
#4479 = FILL_AREA_STYLE_COLOUR('',#4480);
#4480 = COLOUR_RGB('',0.149019617616,0.149019617616,0.149019617616);
#4481 = SURFACE_STYLE_RENDERING_WITH_PROPERTIES(.NORMAL_SHADING.,#4480,(
    #4482));
#4482 = SURFACE_STYLE_TRANSPARENT(0.699999988079);
#4483 = CURVE_STYLE('',#4484,POSITIVE_LENGTH_MEASURE(0.1),#4485);
#4484 = DRAUGHTING_PRE_DEFINED_CURVE_FONT('continuous');
#4485 = COLOUR_RGB('',9.803921802644E-02,9.803921802644E-02,
  9.803921802644E-02);
ENDSEC;
END-ISO-10303-21;
