ISO-10303-21;
HEADER;
FILE_DESCRIPTION(('FreeCAD Model'),'2;1');
FILE_NAME('Open CASCADE Shape Model','2026-05-08T09:54:43',(''),(''),
  'Open CASCADE STEP processor 7.8','FreeCAD','Unknown');
FILE_SCHEMA(('AUTOMOTIVE_DESIGN { 1 0 10303 214 1 1 1 1 }'));
ENDSEC;
DATA;
#1 = APPLICATION_PROTOCOL_DEFINITION('international standard',
  'automotive_design',2000,#2);
#2 = APPLICATION_CONTEXT(
  'core data for automotive mechanical design processes');
#3 = SHAPE_DEFINITION_REPRESENTATION(#4,#10);
#4 = PRODUCT_DEFINITION_SHAPE('','',#5);
#5 = PRODUCT_DEFINITION('design','',#6,#9);
#6 = PRODUCT_DEFINITION_FORMATION('','',#7);
#7 = PRODUCT('Lid','Lid','',(#8));
#8 = PRODUCT_CONTEXT('',#2,'mechanical');
#9 = PRODUCT_DEFINITION_CONTEXT('part definition',#2,'design');
#10 = ADVANCED_BREP_SHAPE_REPRESENTATION('',(#11,#15),#4168);
#11 = AXIS2_PLACEMENT_3D('',#12,#13,#14);
#12 = CARTESIAN_POINT('',(0.,0.,0.));
#13 = DIRECTION('',(0.,0.,1.));
#14 = DIRECTION('',(1.,0.,-0.));
#15 = MANIFOLD_SOLID_BREP('',#16);
#16 = CLOSED_SHELL('',(#17,#863,#894,#935,#976,#1000,#1024,#1074,#1124,
    #1141,#1172,#1196,#1220,#1244,#1268,#1285,#1316,#1340,#1364,#1388,
    #1412,#1429,#1460,#1484,#1508,#1532,#1556,#1573,#1604,#1628,#1652,
    #1676,#1700,#1717,#1748,#1773,#1798,#1822,#1846,#1871,#1896,#1913,
    #1944,#1968,#1992,#2016,#2040,#2057,#2088,#2112,#2136,#2160,#2184,
    #2201,#2232,#2256,#2280,#2304,#2328,#2345,#2376,#2400,#2424,#2448,
    #2472,#2489,#2520,#2544,#2568,#2592,#2616,#2633,#2664,#2688,#2712,
    #2736,#2760,#2777,#2808,#2832,#2856,#2880,#2904,#2921,#2952,#2976,
    #3000,#3024,#3048,#3065,#3096,#3120,#3144,#3168,#3192,#3209,#3240,
    #3264,#3288,#3312,#3336,#3353,#3441,#3461,#3481,#3501,#3521,#3808,
    #3879,#3901,#3918,#3935,#3952,#3969,#3986,#4003,#4015,#4032,#4049,
    #4066,#4083,#4100,#4117,#4134,#4151));
#17 = ADVANCED_FACE('',(#18,#88,#138,#188,#238,#288,#358,#408,#458,#508,
    #558,#608,#658,#708,#758,#808),#858,.F.);
#18 = FACE_BOUND('',#19,.F.);
#19 = EDGE_LOOP('',(#20,#30,#39,#47,#56,#64,#73,#81));
#20 = ORIENTED_EDGE('',*,*,#21,.F.);
#21 = EDGE_CURVE('',#22,#24,#26,.T.);
#22 = VERTEX_POINT('',#23);
#23 = CARTESIAN_POINT('',(-79.930446,-24.45,56.));
#24 = VERTEX_POINT('',#25);
#25 = CARTESIAN_POINT('',(-79.930446,82.750000000001,56.));
#26 = LINE('',#27,#28);
#27 = CARTESIAN_POINT('',(-79.930446,42.075,56.));
#28 = VECTOR('',#29,1.);
#29 = DIRECTION('',(0.,1.,0.));
#30 = ORIENTED_EDGE('',*,*,#31,.F.);
#31 = EDGE_CURVE('',#32,#22,#34,.T.);
#32 = VERTEX_POINT('',#33);
#33 = CARTESIAN_POINT('',(-78.530446,-25.85,56.));
#34 = CIRCLE('',#35,1.4);
#35 = AXIS2_PLACEMENT_3D('',#36,#37,#38);
#36 = CARTESIAN_POINT('',(-79.930446,-25.85,56.));
#37 = DIRECTION('',(0.,0.,1.));
#38 = DIRECTION('',(1.,0.,0.));
#39 = ORIENTED_EDGE('',*,*,#40,.F.);
#40 = EDGE_CURVE('',#41,#32,#43,.T.);
#41 = VERTEX_POINT('',#42);
#42 = CARTESIAN_POINT('',(88.669554,-25.85,56.));
#43 = LINE('',#44,#45);
#44 = CARTESIAN_POINT('',(-39.965223,-25.85,56.));
#45 = VECTOR('',#46,1.);
#46 = DIRECTION('',(-1.,0.,0.));
#47 = ORIENTED_EDGE('',*,*,#48,.F.);
#48 = EDGE_CURVE('',#49,#41,#51,.T.);
#49 = VERTEX_POINT('',#50);
#50 = CARTESIAN_POINT('',(90.069554,-24.45,56.));
#51 = CIRCLE('',#52,1.4);
#52 = AXIS2_PLACEMENT_3D('',#53,#54,#55);
#53 = CARTESIAN_POINT('',(90.069554,-25.85,56.));
#54 = DIRECTION('',(0.,0.,1.));
#55 = DIRECTION('',(1.,0.,0.));
#56 = ORIENTED_EDGE('',*,*,#57,.F.);
#57 = EDGE_CURVE('',#58,#49,#60,.T.);
#58 = VERTEX_POINT('',#59);
#59 = CARTESIAN_POINT('',(90.069554,82.750000000001,56.));
#60 = LINE('',#61,#62);
#61 = CARTESIAN_POINT('',(90.069554,-12.925,56.));
#62 = VECTOR('',#63,1.);
#63 = DIRECTION('',(0.,-1.,0.));
#64 = ORIENTED_EDGE('',*,*,#65,.F.);
#65 = EDGE_CURVE('',#66,#58,#68,.T.);
#66 = VERTEX_POINT('',#67);
#67 = CARTESIAN_POINT('',(88.669554,84.15,56.));
#68 = CIRCLE('',#69,1.4);
#69 = AXIS2_PLACEMENT_3D('',#70,#71,#72);
#70 = CARTESIAN_POINT('',(90.069554,84.15,56.));
#71 = DIRECTION('',(0.,0.,1.));
#72 = DIRECTION('',(1.,0.,0.));
#73 = ORIENTED_EDGE('',*,*,#74,.F.);
#74 = EDGE_CURVE('',#75,#66,#77,.T.);
#75 = VERTEX_POINT('',#76);
#76 = CARTESIAN_POINT('',(-78.530446,84.15,56.));
#77 = LINE('',#78,#79);
#78 = CARTESIAN_POINT('',(45.034777,84.15,56.));
#79 = VECTOR('',#80,1.);
#80 = DIRECTION('',(1.,0.,0.));
#81 = ORIENTED_EDGE('',*,*,#82,.F.);
#82 = EDGE_CURVE('',#24,#75,#83,.T.);
#83 = CIRCLE('',#84,1.4);
#84 = AXIS2_PLACEMENT_3D('',#85,#86,#87);
#85 = CARTESIAN_POINT('',(-79.930446,84.15,56.));
#86 = DIRECTION('',(0.,0.,1.));
#87 = DIRECTION('',(1.,0.,0.));
#88 = FACE_BOUND('',#89,.F.);
#89 = EDGE_LOOP('',(#90,#100,#108,#116,#124,#132));
#90 = ORIENTED_EDGE('',*,*,#91,.F.);
#91 = EDGE_CURVE('',#92,#94,#96,.T.);
#92 = VERTEX_POINT('',#93);
#93 = CARTESIAN_POINT('',(-59.4651776792,25.083657427307,56.));
#94 = VERTEX_POINT('',#95);
#95 = CARTESIAN_POINT('',(-68.12543171705,20.083657427307,56.));
#96 = LINE('',#97,#98);
#97 = CARTESIAN_POINT('',(-42.59650718747,34.822788876581,56.));
#98 = VECTOR('',#99,1.);
#99 = DIRECTION('',(-0.866025403784,-0.5,0.));
#100 = ORIENTED_EDGE('',*,*,#101,.F.);
#101 = EDGE_CURVE('',#102,#92,#104,.T.);
#102 = VERTEX_POINT('',#103);
#103 = CARTESIAN_POINT('',(-50.80492364136,20.083657427307,56.));
#104 = LINE('',#105,#106);
#105 = CARTESIAN_POINT('',(-27.40483789261,6.573611621207,56.));
#106 = VECTOR('',#107,1.);
#107 = DIRECTION('',(-0.866025403784,0.5,0.));
#108 = ORIENTED_EDGE('',*,*,#109,.F.);
#109 = EDGE_CURVE('',#110,#102,#112,.T.);
#110 = VERTEX_POINT('',#111);
#111 = CARTESIAN_POINT('',(-50.80492364136,10.083657427307,56.));
#112 = LINE('',#113,#114);
#113 = CARTESIAN_POINT('',(-50.80492364136,5.041828713654,56.));
#114 = VECTOR('',#115,1.);
#115 = DIRECTION('',(0.,1.,0.));
#116 = ORIENTED_EDGE('',*,*,#117,.F.);
#117 = EDGE_CURVE('',#118,#110,#120,.T.);
#118 = VERTEX_POINT('',#119);
#119 = CARTESIAN_POINT('',(-59.4651776792,5.083657427307,56.));
#120 = LINE('',#121,#122);
#121 = CARTESIAN_POINT('',(-38.26638016855,17.322788876581,56.));
#122 = VECTOR('',#123,1.);
#123 = DIRECTION('',(0.866025403784,0.5,0.));
#124 = ORIENTED_EDGE('',*,*,#125,.F.);
#125 = EDGE_CURVE('',#126,#118,#128,.T.);
#126 = VERTEX_POINT('',#127);
#127 = CARTESIAN_POINT('',(-68.12543171705,10.083657427307,56.));
#128 = LINE('',#129,#130);
#129 = CARTESIAN_POINT('',(-40.39521894937,-5.926388378793,56.));
#130 = VECTOR('',#131,1.);
#131 = DIRECTION('',(0.866025403784,-0.5,0.));
#132 = ORIENTED_EDGE('',*,*,#133,.F.);
#133 = EDGE_CURVE('',#94,#126,#134,.T.);
#134 = LINE('',#135,#136);
#135 = CARTESIAN_POINT('',(-68.12543171705,10.041828713654,56.));
#136 = VECTOR('',#137,1.);
#137 = DIRECTION('',(0.,-1.,0.));
#138 = FACE_BOUND('',#139,.F.);
#139 = EDGE_LOOP('',(#140,#150,#158,#166,#174,#182));
#140 = ORIENTED_EDGE('',*,*,#141,.F.);
#141 = EDGE_CURVE('',#142,#144,#146,.T.);
#142 = VERTEX_POINT('',#143);
#143 = CARTESIAN_POINT('',(-39.47004993562,24.64222054875,56.));
#144 = VERTEX_POINT('',#145);
#145 = CARTESIAN_POINT('',(-48.13030397346,19.64222054875,56.));
#146 = LINE('',#147,#148);
#147 = CARTESIAN_POINT('',(-30.00397845998,30.107459463379,56.));
#148 = VECTOR('',#149,1.);
#149 = DIRECTION('',(-0.866025403784,-0.5,0.));
#150 = ORIENTED_EDGE('',*,*,#151,.F.);
#151 = EDGE_CURVE('',#152,#142,#154,.T.);
#152 = VERTEX_POINT('',#153);
#153 = CARTESIAN_POINT('',(-30.80979589777,19.64222054875,56.));
#154 = LINE('',#155,#156);
#155 = CARTESIAN_POINT('',(-15.00345694062,10.516426496934,56.));
#156 = VECTOR('',#157,1.);
#157 = DIRECTION('',(-0.866025403784,0.5,0.));
#158 = ORIENTED_EDGE('',*,*,#159,.F.);
#159 = EDGE_CURVE('',#160,#152,#162,.T.);
#160 = VERTEX_POINT('',#161);
#161 = CARTESIAN_POINT('',(-30.80979589777,9.64222054875,56.));
#162 = LINE('',#163,#164);
#163 = CARTESIAN_POINT('',(-30.80979589777,4.821110274375,56.));
#164 = VECTOR('',#165,1.);
#165 = DIRECTION('',(0.,1.,0.));
#166 = ORIENTED_EDGE('',*,*,#167,.F.);
#167 = EDGE_CURVE('',#168,#160,#170,.T.);
#168 = VERTEX_POINT('',#169);
#169 = CARTESIAN_POINT('',(-39.47004993562,4.64222054875,56.));
#170 = LINE('',#171,#172);
#171 = CARTESIAN_POINT('',(-25.67385144106,12.607459463379,56.));
#172 = VECTOR('',#173,1.);
#173 = DIRECTION('',(0.866025403784,0.5,0.));
#174 = ORIENTED_EDGE('',*,*,#175,.F.);
#175 = EDGE_CURVE('',#176,#168,#178,.T.);
#176 = VERTEX_POINT('',#177);
#177 = CARTESIAN_POINT('',(-48.13030397346,9.64222054875,56.));
#178 = LINE('',#179,#180);
#179 = CARTESIAN_POINT('',(-27.99383799738,-1.983573503066,56.));
#180 = VECTOR('',#181,1.);
#181 = DIRECTION('',(0.866025403784,-0.5,0.));
#182 = ORIENTED_EDGE('',*,*,#183,.F.);
#183 = EDGE_CURVE('',#144,#176,#184,.T.);
#184 = LINE('',#185,#186);
#185 = CARTESIAN_POINT('',(-48.13030397346,9.821110274375,56.));
#186 = VECTOR('',#187,1.);
#187 = DIRECTION('',(0.,-1.,0.));
#188 = FACE_BOUND('',#189,.F.);
#189 = EDGE_LOOP('',(#190,#200,#208,#216,#224,#232));
#190 = ORIENTED_EDGE('',*,*,#191,.F.);
#191 = EDGE_CURVE('',#192,#194,#196,.T.);
#192 = VERTEX_POINT('',#193);
#193 = CARTESIAN_POINT('',(57.204820871471,17.699102295531,56.));
#194 = VERTEX_POINT('',#195);
#195 = CARTESIAN_POINT('',(48.544566833627,22.699102295533,56.));
#196 = LINE('',#197,#198);
#197 = CARTESIAN_POINT('',(39.584981097701,27.871921531999,56.));
#198 = VECTOR('',#199,1.);
#199 = DIRECTION('',(-0.866025403784,0.5,0.));
#200 = ORIENTED_EDGE('',*,*,#201,.F.);
#201 = EDGE_CURVE('',#202,#192,#204,.T.);
#202 = VERTEX_POINT('',#203);
#203 = CARTESIAN_POINT('',(57.204820871471,7.699102295531,56.));
#204 = LINE('',#205,#206);
#205 = CARTESIAN_POINT('',(57.204820871471,3.849551147765,56.));
#206 = VECTOR('',#207,1.);
#207 = DIRECTION('',(1.847E-14,1.,0.));
#208 = ORIENTED_EDGE('',*,*,#209,.F.);
#209 = EDGE_CURVE('',#210,#202,#212,.T.);
#210 = VERTEX_POINT('',#211);
#211 = CARTESIAN_POINT('',(48.544566833626,2.699102295531,56.));
#212 = LINE('',#213,#214);
#213 = CARTESIAN_POINT('',(29.75598148218,-8.148492514818,56.));
#214 = VECTOR('',#215,1.);
#215 = DIRECTION('',(0.866025403784,0.5,0.));
#216 = ORIENTED_EDGE('',*,*,#217,.F.);
#217 = EDGE_CURVE('',#218,#210,#220,.T.);
#218 = VERTEX_POINT('',#219);
#219 = CARTESIAN_POINT('',(39.884312795782,7.699102295532,56.));
#220 = LINE('',#221,#222);
#221 = CARTESIAN_POINT('',(26.594600040932,15.371921531999,56.));
#222 = VECTOR('',#223,1.);
#223 = DIRECTION('',(0.866025403784,-0.5,0.));
#224 = ORIENTED_EDGE('',*,*,#225,.F.);
#225 = EDGE_CURVE('',#226,#218,#228,.T.);
#226 = VERTEX_POINT('',#227);
#227 = CARTESIAN_POINT('',(39.884312795782,17.699102295533,56.));
#228 = LINE('',#229,#230);
#229 = CARTESIAN_POINT('',(39.884312795782,8.849551147765,56.));
#230 = VECTOR('',#231,1.);
#231 = DIRECTION('',(-5.4E-14,-1.,0.));
#232 = ORIENTED_EDGE('',*,*,#233,.F.);
#233 = EDGE_CURVE('',#194,#226,#234,.T.);
#234 = LINE('',#235,#236);
#235 = CARTESIAN_POINT('',(25.425854463258,9.351507485183,56.));
#236 = VECTOR('',#237,1.);
#237 = DIRECTION('',(-0.866025403784,-0.5,0.));
#238 = FACE_BOUND('',#239,.F.);
#239 = EDGE_LOOP('',(#240,#250,#258,#266,#274,#282));
#240 = ORIENTED_EDGE('',*,*,#241,.F.);
#241 = EDGE_CURVE('',#242,#244,#246,.T.);
#242 = VERTEX_POINT('',#243);
#243 = CARTESIAN_POINT('',(77.199948615055,17.257665416974,56.));
#244 = VERTEX_POINT('',#245);
#245 = CARTESIAN_POINT('',(68.539694577212,22.257665416978,56.));
#246 = LINE('',#247,#248);
#247 = CARTESIAN_POINT('',(51.986362049702,31.814736407729,56.));
#248 = VECTOR('',#249,1.);
#249 = DIRECTION('',(-0.866025403784,0.5,0.));
#250 = ORIENTED_EDGE('',*,*,#251,.F.);
#251 = EDGE_CURVE('',#252,#242,#254,.T.);
#252 = VERTEX_POINT('',#253);
#253 = CARTESIAN_POINT('',(77.199948615055,7.257665416973,56.));
#254 = LINE('',#255,#256);
#255 = CARTESIAN_POINT('',(77.199948615055,3.628832708486,56.));
#256 = VECTOR('',#257,1.);
#257 = DIRECTION('',(9.95E-15,1.,0.));
#258 = ORIENTED_EDGE('',*,*,#259,.F.);
#259 = EDGE_CURVE('',#260,#252,#262,.T.);
#260 = VERTEX_POINT('',#261);
#261 = CARTESIAN_POINT('',(68.53969457721,2.257665416972,56.));
#262 = LINE('',#263,#264);
#263 = CARTESIAN_POINT('',(42.348510209673,-12.86382192802,56.));
#264 = VECTOR('',#265,1.);
#265 = DIRECTION('',(0.866025403784,0.5,0.));
#266 = ORIENTED_EDGE('',*,*,#267,.F.);
#267 = EDGE_CURVE('',#268,#260,#270,.T.);
#268 = VERTEX_POINT('',#269);
#269 = CARTESIAN_POINT('',(59.879440539365,7.257665416975,56.));
#270 = LINE('',#271,#272);
#271 = CARTESIAN_POINT('',(38.995980992928,19.314736407729,56.));
#272 = VECTOR('',#273,1.);
#273 = DIRECTION('',(0.866025403784,-0.5,0.));
#274 = ORIENTED_EDGE('',*,*,#275,.F.);
#275 = EDGE_CURVE('',#276,#268,#278,.T.);
#276 = VERTEX_POINT('',#277);
#277 = CARTESIAN_POINT('',(59.879440539367,17.257665416976,56.));
#278 = LINE('',#279,#280);
#279 = CARTESIAN_POINT('',(59.879440539366,8.628832708484,56.));
#280 = VECTOR('',#281,1.);
#281 = DIRECTION('',(-1.2719E-13,-1.,0.));
#282 = ORIENTED_EDGE('',*,*,#283,.F.);
#283 = EDGE_CURVE('',#244,#276,#284,.T.);
#284 = LINE('',#285,#286);
#285 = CARTESIAN_POINT('',(38.01838319075,4.636178071981,56.));
#286 = VECTOR('',#287,1.);
#287 = DIRECTION('',(-0.866025403784,-0.5,0.));
#288 = FACE_BOUND('',#289,.F.);
#289 = EDGE_LOOP('',(#290,#300,#309,#317,#326,#334,#343,#351));
#290 = ORIENTED_EDGE('',*,*,#291,.F.);
#291 = EDGE_CURVE('',#292,#294,#296,.T.);
#292 = VERTEX_POINT('',#293);
#293 = CARTESIAN_POINT('',(-15.930446,46.15,56.));
#294 = VERTEX_POINT('',#295);
#295 = CARTESIAN_POINT('',(-15.930446,12.15,56.));
#296 = LINE('',#297,#298);
#297 = CARTESIAN_POINT('',(-15.930446,25.075,56.));
#298 = VECTOR('',#299,1.);
#299 = DIRECTION('',(0.,-1.,0.));
#300 = ORIENTED_EDGE('',*,*,#301,.T.);
#301 = EDGE_CURVE('',#292,#302,#304,.T.);
#302 = VERTEX_POINT('',#303);
#303 = CARTESIAN_POINT('',(-11.930446,50.15,56.));
#304 = CIRCLE('',#305,4.);
#305 = AXIS2_PLACEMENT_3D('',#306,#307,#308);
#306 = CARTESIAN_POINT('',(-11.930446,46.15,56.));
#307 = DIRECTION('',(0.,0.,-1.));
#308 = DIRECTION('',(0.,1.,0.));
#309 = ORIENTED_EDGE('',*,*,#310,.F.);
#310 = EDGE_CURVE('',#311,#302,#313,.T.);
#311 = VERTEX_POINT('',#312);
#312 = CARTESIAN_POINT('',(22.069554,50.15,56.));
#313 = LINE('',#314,#315);
#314 = CARTESIAN_POINT('',(13.034777,50.15,56.));
#315 = VECTOR('',#316,1.);
#316 = DIRECTION('',(-1.,0.,0.));
#317 = ORIENTED_EDGE('',*,*,#318,.F.);
#318 = EDGE_CURVE('',#319,#311,#321,.T.);
#319 = VERTEX_POINT('',#320);
#320 = CARTESIAN_POINT('',(26.069554,46.15,56.));
#321 = CIRCLE('',#322,4.);
#322 = AXIS2_PLACEMENT_3D('',#323,#324,#325);
#323 = CARTESIAN_POINT('',(22.069554,46.15,56.));
#324 = DIRECTION('',(0.,-0.,1.));
#325 = DIRECTION('',(0.,1.,0.));
#326 = ORIENTED_EDGE('',*,*,#327,.F.);
#327 = EDGE_CURVE('',#328,#319,#330,.T.);
#328 = VERTEX_POINT('',#329);
#329 = CARTESIAN_POINT('',(26.069554,12.15,56.));
#330 = LINE('',#331,#332);
#331 = CARTESIAN_POINT('',(26.069554,4.075,56.));
#332 = VECTOR('',#333,1.);
#333 = DIRECTION('',(0.,1.,0.));
#334 = ORIENTED_EDGE('',*,*,#335,.F.);
#335 = EDGE_CURVE('',#336,#328,#338,.T.);
#336 = VERTEX_POINT('',#337);
#337 = CARTESIAN_POINT('',(22.069554,8.15,56.));
#338 = CIRCLE('',#339,4.);
#339 = AXIS2_PLACEMENT_3D('',#340,#341,#342);
#340 = CARTESIAN_POINT('',(22.069554,12.15,56.));
#341 = DIRECTION('',(0.,-0.,1.));
#342 = DIRECTION('',(0.,1.,0.));
#343 = ORIENTED_EDGE('',*,*,#344,.F.);
#344 = EDGE_CURVE('',#345,#336,#347,.T.);
#345 = VERTEX_POINT('',#346);
#346 = CARTESIAN_POINT('',(-11.930446,8.15,56.));
#347 = LINE('',#348,#349);
#348 = CARTESIAN_POINT('',(-7.965223,8.15,56.));
#349 = VECTOR('',#350,1.);
#350 = DIRECTION('',(1.,0.,0.));
#351 = ORIENTED_EDGE('',*,*,#352,.F.);
#352 = EDGE_CURVE('',#294,#345,#353,.T.);
#353 = CIRCLE('',#354,4.);
#354 = AXIS2_PLACEMENT_3D('',#355,#356,#357);
#355 = CARTESIAN_POINT('',(-11.930446,12.15,56.));
#356 = DIRECTION('',(0.,-0.,1.));
#357 = DIRECTION('',(0.,1.,0.));
#358 = FACE_BOUND('',#359,.F.);
#359 = EDGE_LOOP('',(#360,#370,#378,#386,#394,#402));
#360 = ORIENTED_EDGE('',*,*,#361,.F.);
#361 = EDGE_CURVE('',#362,#364,#366,.T.);
#362 = VERTEX_POINT('',#363);
#363 = CARTESIAN_POINT('',(47.589552550676,35.236109312669,56.));
#364 = VERTEX_POINT('',#365);
#365 = CARTESIAN_POINT('',(38.929298512832,40.236109312669,56.));
#366 = LINE('',#367,#368);
#367 = CARTESIAN_POINT('',(37.372311792998,41.13503601449,56.));
#368 = VECTOR('',#369,1.);
#369 = DIRECTION('',(-0.866025403784,0.5,0.));
#370 = ORIENTED_EDGE('',*,*,#371,.F.);
#371 = EDGE_CURVE('',#372,#362,#374,.T.);
#372 = VERTEX_POINT('',#373);
#373 = CARTESIAN_POINT('',(47.589552550676,25.236109312669,56.));
#374 = LINE('',#375,#376);
#375 = CARTESIAN_POINT('',(47.589552550676,12.618054656334,56.));
#376 = VECTOR('',#377,1.);
#377 = DIRECTION('',(7.82E-15,1.,0.));
#378 = ORIENTED_EDGE('',*,*,#379,.F.);
#379 = EDGE_CURVE('',#380,#372,#382,.T.);
#380 = VERTEX_POINT('',#381);
#381 = CARTESIAN_POINT('',(38.929298512832,20.236109312669,56.));
#382 = LINE('',#383,#384);
#383 = CARTESIAN_POINT('',(19.949565385887,9.278155282681,56.));
#384 = VECTOR('',#385,1.);
#385 = DIRECTION('',(0.866025403784,0.5,0.));
#386 = ORIENTED_EDGE('',*,*,#387,.F.);
#387 = EDGE_CURVE('',#388,#380,#390,.T.);
#388 = VERTEX_POINT('',#389);
#389 = CARTESIAN_POINT('',(30.269044474987,25.236109312669,56.));
#390 = LINE('',#391,#392);
#391 = CARTESIAN_POINT('',(24.38193073623,28.63503601449,56.));
#392 = VECTOR('',#393,1.);
#393 = DIRECTION('',(0.866025403784,-0.5,0.));
#394 = ORIENTED_EDGE('',*,*,#395,.F.);
#395 = EDGE_CURVE('',#396,#388,#398,.T.);
#396 = VERTEX_POINT('',#397);
#397 = CARTESIAN_POINT('',(30.269044474987,35.236109312669,56.));
#398 = LINE('',#399,#400);
#399 = CARTESIAN_POINT('',(30.269044474987,17.618054656334,56.));
#400 = VECTOR('',#401,1.);
#401 = DIRECTION('',(-2.629E-14,-1.,0.));
#402 = ORIENTED_EDGE('',*,*,#403,.F.);
#403 = EDGE_CURVE('',#364,#396,#404,.T.);
#404 = LINE('',#405,#406);
#405 = CARTESIAN_POINT('',(15.619438366965,26.778155282681,56.));
#406 = VECTOR('',#407,1.);
#407 = DIRECTION('',(-0.866025403784,-0.5,0.));
#408 = FACE_BOUND('',#409,.F.);
#409 = EDGE_LOOP('',(#410,#420,#428,#436,#444,#452));
#410 = ORIENTED_EDGE('',*,*,#411,.F.);
#411 = EDGE_CURVE('',#412,#414,#416,.T.);
#412 = VERTEX_POINT('',#413);
#413 = CARTESIAN_POINT('',(67.58468029426,34.794672434112,56.));
#414 = VERTEX_POINT('',#415);
#415 = CARTESIAN_POINT('',(58.924426256416,39.794672434113,56.));
#416 = LINE('',#417,#418);
#417 = CARTESIAN_POINT('',(49.773692744991,45.077850890218,56.));
#418 = VECTOR('',#419,1.);
#419 = DIRECTION('',(-0.866025403784,0.5,0.));
#420 = ORIENTED_EDGE('',*,*,#421,.F.);
#421 = EDGE_CURVE('',#422,#412,#424,.T.);
#422 = VERTEX_POINT('',#423);
#423 = CARTESIAN_POINT('',(67.58468029426,24.794672434112,56.));
#424 = LINE('',#425,#426);
#425 = CARTESIAN_POINT('',(67.58468029426,12.397336217056,56.));
#426 = VECTOR('',#427,1.);
#427 = DIRECTION('',(4.26E-15,1.,0.));
#428 = ORIENTED_EDGE('',*,*,#429,.F.);
#429 = EDGE_CURVE('',#430,#422,#432,.T.);
#430 = VERTEX_POINT('',#431);
#431 = CARTESIAN_POINT('',(58.924426256416,19.794672434112,56.));
#432 = LINE('',#433,#434);
#433 = CARTESIAN_POINT('',(32.542094113377,4.562825869478,56.));
#434 = VECTOR('',#435,1.);
#435 = DIRECTION('',(0.866025403784,0.5,0.));
#436 = ORIENTED_EDGE('',*,*,#437,.F.);
#437 = EDGE_CURVE('',#438,#430,#440,.T.);
#438 = VERTEX_POINT('',#439);
#439 = CARTESIAN_POINT('',(50.264172218571,24.794672434112,56.));
#440 = LINE('',#441,#442);
#441 = CARTESIAN_POINT('',(36.783311688221,32.577850890218,56.));
#442 = VECTOR('',#443,1.);
#443 = DIRECTION('',(0.866025403784,-0.5,0.));
#444 = ORIENTED_EDGE('',*,*,#445,.F.);
#445 = EDGE_CURVE('',#446,#438,#448,.T.);
#446 = VERTEX_POINT('',#447);
#447 = CARTESIAN_POINT('',(50.264172218572,34.794672434113,56.));
#448 = LINE('',#449,#450);
#449 = CARTESIAN_POINT('',(50.26417221857,17.397336217055,56.));
#450 = VECTOR('',#451,1.);
#451 = DIRECTION('',(-7.034E-14,-1.,0.));
#452 = ORIENTED_EDGE('',*,*,#453,.F.);
#453 = EDGE_CURVE('',#414,#446,#454,.T.);
#454 = LINE('',#455,#456);
#455 = CARTESIAN_POINT('',(28.211967094455,22.062825869479,56.));
#456 = VECTOR('',#457,1.);
#457 = DIRECTION('',(-0.866025403784,-0.5,0.));
#458 = FACE_BOUND('',#459,.F.);
#459 = EDGE_LOOP('',(#460,#470,#478,#486,#494,#502));
#460 = ORIENTED_EDGE('',*,*,#461,.F.);
#461 = EDGE_CURVE('',#462,#464,#466,.T.);
#462 = VERTEX_POINT('',#463);
#463 = CARTESIAN_POINT('',(87.579808037845,34.353235555555,56.));
#464 = VERTEX_POINT('',#465);
#465 = CARTESIAN_POINT('',(78.919554000001,39.353235555558,56.));
#466 = LINE('',#467,#468);
#467 = CARTESIAN_POINT('',(62.175073696993,49.020665765947,56.));
#468 = VECTOR('',#469,1.);
#469 = DIRECTION('',(-0.866025403784,0.5,0.));
#470 = ORIENTED_EDGE('',*,*,#471,.F.);
#471 = EDGE_CURVE('',#472,#462,#474,.T.);
#472 = VERTEX_POINT('',#473);
#473 = CARTESIAN_POINT('',(87.579808037845,24.353235555554,56.));
#474 = LINE('',#475,#476);
#475 = CARTESIAN_POINT('',(87.579808037845,12.176617777777,56.));
#476 = VECTOR('',#477,1.);
#477 = DIRECTION('',(1.42E-15,1.,0.));
#478 = ORIENTED_EDGE('',*,*,#479,.F.);
#479 = EDGE_CURVE('',#480,#472,#482,.T.);
#480 = VERTEX_POINT('',#481);
#481 = CARTESIAN_POINT('',(78.919554,19.353235555553,56.));
#482 = LINE('',#483,#484);
#483 = CARTESIAN_POINT('',(45.134622840869,-0.152503543727,56.));
#484 = VECTOR('',#485,1.);
#485 = DIRECTION('',(0.866025403784,0.5,0.));
#486 = ORIENTED_EDGE('',*,*,#487,.F.);
#487 = EDGE_CURVE('',#488,#480,#490,.T.);
#488 = VERTEX_POINT('',#489);
#489 = CARTESIAN_POINT('',(70.259299962154,24.353235555555,56.));
#490 = LINE('',#491,#492);
#491 = CARTESIAN_POINT('',(49.184692640212,36.520665765945,56.));
#492 = VECTOR('',#493,1.);
#493 = DIRECTION('',(0.866025403784,-0.5,0.));
#494 = ORIENTED_EDGE('',*,*,#495,.F.);
#495 = EDGE_CURVE('',#496,#488,#498,.T.);
#496 = VERTEX_POINT('',#497);
#497 = CARTESIAN_POINT('',(70.259299962156,34.353235555557,56.));
#498 = LINE('',#499,#500);
#499 = CARTESIAN_POINT('',(70.259299962153,17.176617777771,56.));
#500 = VECTOR('',#501,1.);
#501 = DIRECTION('',(-1.9611E-13,-1.,0.));
#502 = ORIENTED_EDGE('',*,*,#503,.F.);
#503 = EDGE_CURVE('',#464,#496,#504,.T.);
#504 = LINE('',#505,#506);
#505 = CARTESIAN_POINT('',(40.804495821946,17.347496456276,56.));
#506 = VECTOR('',#507,1.);
#507 = DIRECTION('',(-0.866025403784,-0.5,0.));
#508 = FACE_BOUND('',#509,.F.);
#509 = EDGE_LOOP('',(#510,#520,#528,#536,#544,#552));
#510 = ORIENTED_EDGE('',*,*,#511,.F.);
#511 = EDGE_CURVE('',#512,#514,#516,.T.);
#512 = VERTEX_POINT('',#513);
#513 = CARTESIAN_POINT('',(-60.42019196215,27.620664444444,56.));
#514 = VERTEX_POINT('',#515);
#515 = CARTESIAN_POINT('',(-60.42019196215,37.620664444444,56.));
#516 = LINE('',#517,#518);
#517 = CARTESIAN_POINT('',(-60.42019196215,13.810332222222,56.));
#518 = VECTOR('',#519,1.);
#519 = DIRECTION('',(0.,1.,0.));
#520 = ORIENTED_EDGE('',*,*,#521,.F.);
#521 = EDGE_CURVE('',#522,#512,#524,.T.);
#522 = VERTEX_POINT('',#523);
#523 = CARTESIAN_POINT('',(-69.080446,22.620664444444,56.));
#524 = LINE('',#525,#526);
#525 = CARTESIAN_POINT('',(-48.07279626484,34.749436674079,56.));
#526 = VECTOR('',#527,1.);
#527 = DIRECTION('',(0.866025403784,0.5,0.));
#528 = ORIENTED_EDGE('',*,*,#529,.F.);
#529 = EDGE_CURVE('',#530,#522,#532,.T.);
#530 = VERTEX_POINT('',#531);
#531 = CARTESIAN_POINT('',(-77.74070003784,27.620664444444,56.));
#532 = LINE('',#533,#534);
#533 = CARTESIAN_POINT('',(-42.60788825407,7.336726103699,56.));
#534 = VECTOR('',#535,1.);
#535 = DIRECTION('',(0.866025403784,-0.5,0.));
#536 = ORIENTED_EDGE('',*,*,#537,.F.);
#537 = EDGE_CURVE('',#538,#530,#540,.T.);
#538 = VERTEX_POINT('',#539);
#539 = CARTESIAN_POINT('',(-77.74070003784,37.620664444444,56.));
#540 = LINE('',#541,#542);
#541 = CARTESIAN_POINT('',(-77.74070003784,18.810332222222,56.));
#542 = VECTOR('',#543,1.);
#543 = DIRECTION('',(0.,-1.,0.));
#544 = ORIENTED_EDGE('',*,*,#545,.F.);
#545 = EDGE_CURVE('',#546,#538,#548,.T.);
#546 = VERTEX_POINT('',#547);
#547 = CARTESIAN_POINT('',(-69.080446,42.620664444444,56.));
#548 = LINE('',#549,#550);
#549 = CARTESIAN_POINT('',(-52.40292328376,52.249436674079,56.));
#550 = VECTOR('',#551,1.);
#551 = DIRECTION('',(-0.866025403784,-0.5,0.));
#552 = ORIENTED_EDGE('',*,*,#553,.F.);
#553 = EDGE_CURVE('',#514,#546,#554,.T.);
#554 = LINE('',#555,#556);
#555 = CARTESIAN_POINT('',(-29.61750719731,19.836726103699,56.));
#556 = VECTOR('',#557,1.);
#557 = DIRECTION('',(-0.866025403784,0.5,0.));
#558 = FACE_BOUND('',#559,.F.);
#559 = EDGE_LOOP('',(#560,#570,#578,#586,#594,#602));
#560 = ORIENTED_EDGE('',*,*,#561,.F.);
#561 = EDGE_CURVE('',#562,#564,#566,.T.);
#562 = VERTEX_POINT('',#563);
#563 = CARTESIAN_POINT('',(-40.42506421857,37.179227565888,56.));
#564 = VERTEX_POINT('',#565);
#565 = CARTESIAN_POINT('',(-49.08531825641,42.179227565888,56.));
#566 = LINE('',#567,#568);
#567 = CARTESIAN_POINT('',(-17.21612624532,23.779540979427,56.));
#568 = VECTOR('',#569,1.);
#569 = DIRECTION('',(-0.866025403784,0.5,0.));
#570 = ORIENTED_EDGE('',*,*,#571,.F.);
#571 = EDGE_CURVE('',#572,#562,#574,.T.);
#572 = VERTEX_POINT('',#573);
#573 = CARTESIAN_POINT('',(-40.42506421857,27.179227565888,56.));
#574 = LINE('',#575,#576);
#575 = CARTESIAN_POINT('',(-40.42506421857,13.589613782944,56.));
#576 = VECTOR('',#577,1.);
#577 = DIRECTION('',(0.,1.,0.));
#578 = ORIENTED_EDGE('',*,*,#579,.F.);
#579 = EDGE_CURVE('',#580,#572,#582,.T.);
#580 = VERTEX_POINT('',#581);
#581 = CARTESIAN_POINT('',(-49.08531825641,22.179227565888,56.));
#582 = LINE('',#583,#584);
#583 = CARTESIAN_POINT('',(-35.48026753735,30.034107260877,56.));
#584 = VECTOR('',#585,1.);
#585 = DIRECTION('',(0.866025403784,0.5,0.));
#586 = ORIENTED_EDGE('',*,*,#587,.F.);
#587 = EDGE_CURVE('',#588,#580,#590,.T.);
#588 = VERTEX_POINT('',#589);
#589 = CARTESIAN_POINT('',(-57.74557229426,27.179227565888,56.));
#590 = LINE('',#591,#592);
#591 = CARTESIAN_POINT('',(-30.20650730208,11.279540979427,56.));
#592 = VECTOR('',#593,1.);
#593 = DIRECTION('',(0.866025403784,-0.5,0.));
#594 = ORIENTED_EDGE('',*,*,#595,.F.);
#595 = EDGE_CURVE('',#596,#588,#598,.T.);
#596 = VERTEX_POINT('',#597);
#597 = CARTESIAN_POINT('',(-57.74557229426,37.179227565888,56.));
#598 = LINE('',#599,#600);
#599 = CARTESIAN_POINT('',(-57.74557229426,18.589613782944,56.));
#600 = VECTOR('',#601,1.);
#601 = DIRECTION('',(0.,-1.,0.));
#602 = ORIENTED_EDGE('',*,*,#603,.F.);
#603 = EDGE_CURVE('',#564,#596,#604,.T.);
#604 = LINE('',#605,#606);
#605 = CARTESIAN_POINT('',(-39.81039455627,47.534107260877,56.));
#606 = VECTOR('',#607,1.);
#607 = DIRECTION('',(-0.866025403784,-0.5,0.));
#608 = FACE_BOUND('',#609,.F.);
#609 = EDGE_LOOP('',(#610,#620,#628,#636,#644,#652));
#610 = ORIENTED_EDGE('',*,*,#611,.F.);
#611 = EDGE_CURVE('',#612,#614,#616,.T.);
#612 = VERTEX_POINT('',#613);
#613 = CARTESIAN_POINT('',(-20.42993647498,36.737790687331,56.));
#614 = VERTEX_POINT('',#615);
#615 = CARTESIAN_POINT('',(-29.09019051283,41.737790687331,56.));
#616 = LINE('',#617,#618);
#617 = CARTESIAN_POINT('',(-4.814745293331,27.722355855154,56.));
#618 = VECTOR('',#619,1.);
#619 = DIRECTION('',(-0.866025403784,0.5,0.));
#620 = ORIENTED_EDGE('',*,*,#621,.F.);
#621 = EDGE_CURVE('',#622,#612,#624,.T.);
#622 = VERTEX_POINT('',#623);
#623 = CARTESIAN_POINT('',(-20.42993647498,26.737790687331,56.));
#624 = LINE('',#625,#626);
#625 = CARTESIAN_POINT('',(-20.42993647498,13.368895343665,56.));
#626 = VECTOR('',#627,1.);
#627 = DIRECTION('',(0.,1.,0.));
#628 = ORIENTED_EDGE('',*,*,#629,.F.);
#629 = EDGE_CURVE('',#630,#622,#632,.T.);
#630 = VERTEX_POINT('',#631);
#631 = CARTESIAN_POINT('',(-29.09019051283,21.737790687331,56.));
#632 = LINE('',#633,#634);
#633 = CARTESIAN_POINT('',(-22.88773880986,25.318777847675,56.));
#634 = VECTOR('',#635,1.);
#635 = DIRECTION('',(0.866025403784,0.5,0.));
#636 = ORIENTED_EDGE('',*,*,#637,.F.);
#637 = EDGE_CURVE('',#638,#630,#640,.T.);
#638 = VERTEX_POINT('',#639);
#639 = CARTESIAN_POINT('',(-37.75044455067,26.737790687331,56.));
#640 = LINE('',#641,#642);
#641 = CARTESIAN_POINT('',(-17.80512635009,15.222355855154,56.));
#642 = VECTOR('',#643,1.);
#643 = DIRECTION('',(0.866025403784,-0.5,0.));
#644 = ORIENTED_EDGE('',*,*,#645,.F.);
#645 = EDGE_CURVE('',#646,#638,#648,.T.);
#646 = VERTEX_POINT('',#647);
#647 = CARTESIAN_POINT('',(-37.75044455067,36.737790687331,56.));
#648 = LINE('',#649,#650);
#649 = CARTESIAN_POINT('',(-37.75044455067,18.368895343665,56.));
#650 = VECTOR('',#651,1.);
#651 = DIRECTION('',(0.,-1.,0.));
#652 = ORIENTED_EDGE('',*,*,#653,.F.);
#653 = EDGE_CURVE('',#614,#646,#654,.T.);
#654 = LINE('',#655,#656);
#655 = CARTESIAN_POINT('',(-27.21786582878,42.818777847675,56.));
#656 = VECTOR('',#657,1.);
#657 = DIRECTION('',(-0.866025403784,-0.5,0.));
#658 = FACE_BOUND('',#659,.F.);
#659 = EDGE_LOOP('',(#660,#670,#678,#686,#694,#702));
#660 = ORIENTED_EDGE('',*,*,#661,.F.);
#661 = EDGE_CURVE('',#662,#664,#666,.T.);
#662 = VERTEX_POINT('',#663);
#663 = CARTESIAN_POINT('',(-50.04033253936,54.716234583025,56.));
#664 = VERTEX_POINT('',#665);
#665 = CARTESIAN_POINT('',(-58.70058657721,59.716234583025,56.));
#666 = LINE('',#667,#668);
#667 = CARTESIAN_POINT('',(-19.42879555002,37.042655461919,56.));
#668 = VECTOR('',#669,1.);
#669 = DIRECTION('',(-0.866025403784,0.5,0.));
#670 = ORIENTED_EDGE('',*,*,#671,.F.);
#671 = EDGE_CURVE('',#672,#662,#674,.T.);
#672 = VERTEX_POINT('',#673);
#673 = CARTESIAN_POINT('',(-50.04033253936,44.716234583025,56.));
#674 = LINE('',#675,#676);
#675 = CARTESIAN_POINT('',(-50.04033253936,22.358117291512,56.));
#676 = VECTOR('',#677,1.);
#677 = DIRECTION('',(0.,1.,0.));
#678 = ORIENTED_EDGE('',*,*,#679,.F.);
#679 = EDGE_CURVE('',#680,#672,#682,.T.);
#680 = VERTEX_POINT('',#681);
#681 = CARTESIAN_POINT('',(-58.70058657721,39.716234583025,56.));
#682 = LINE('',#683,#684);
#683 = CARTESIAN_POINT('',(-45.28668363364,47.460755058375,56.));
#684 = VECTOR('',#685,1.);
#685 = DIRECTION('',(0.866025403784,0.5,0.));
#686 = ORIENTED_EDGE('',*,*,#687,.F.);
#687 = EDGE_CURVE('',#688,#680,#690,.T.);
#688 = VERTEX_POINT('',#689);
#689 = CARTESIAN_POINT('',(-67.36084061505,44.716234583025,56.));
#690 = LINE('',#691,#692);
#691 = CARTESIAN_POINT('',(-32.41917660678,24.542655461919,56.));
#692 = VECTOR('',#693,1.);
#693 = DIRECTION('',(0.866025403784,-0.5,0.));
#694 = ORIENTED_EDGE('',*,*,#695,.F.);
#695 = EDGE_CURVE('',#696,#688,#698,.T.);
#696 = VERTEX_POINT('',#697);
#697 = CARTESIAN_POINT('',(-67.36084061505,54.716234583025,56.));
#698 = LINE('',#699,#700);
#699 = CARTESIAN_POINT('',(-67.36084061505,27.358117291512,56.));
#700 = VECTOR('',#701,1.);
#701 = DIRECTION('',(0.,-1.,0.));
#702 = ORIENTED_EDGE('',*,*,#703,.F.);
#703 = EDGE_CURVE('',#664,#696,#704,.T.);
#704 = LINE('',#705,#706);
#705 = CARTESIAN_POINT('',(-49.61681065256,64.960755058375,56.));
#706 = VECTOR('',#707,1.);
#707 = DIRECTION('',(-0.866025403784,-0.5,0.));
#708 = FACE_BOUND('',#709,.F.);
#709 = EDGE_LOOP('',(#710,#720,#728,#736,#744,#752));
#710 = ORIENTED_EDGE('',*,*,#711,.F.);
#711 = EDGE_CURVE('',#712,#714,#716,.T.);
#712 = VERTEX_POINT('',#713);
#713 = CARTESIAN_POINT('',(-30.04520479578,54.274797704468,56.));
#714 = VERTEX_POINT('',#715);
#715 = CARTESIAN_POINT('',(-38.70545883362,59.274797704468,56.));
#716 = LINE('',#717,#718);
#717 = CARTESIAN_POINT('',(-7.027414598031,40.985470337646,56.));
#718 = VECTOR('',#719,1.);
#719 = DIRECTION('',(-0.866025403784,0.5,0.));
#720 = ORIENTED_EDGE('',*,*,#721,.F.);
#721 = EDGE_CURVE('',#722,#712,#724,.T.);
#722 = VERTEX_POINT('',#723);
#723 = CARTESIAN_POINT('',(-30.04520479578,44.274797704468,56.));
#724 = LINE('',#725,#726);
#725 = CARTESIAN_POINT('',(-30.04520479578,22.137398852234,56.));
#726 = VECTOR('',#727,1.);
#727 = DIRECTION('',(0.,1.,0.));
#728 = ORIENTED_EDGE('',*,*,#729,.F.);
#729 = EDGE_CURVE('',#730,#722,#732,.T.);
#730 = VERTEX_POINT('',#731);
#731 = CARTESIAN_POINT('',(-38.70545883362,39.274797704468,56.));
#732 = LINE('',#733,#734);
#733 = CARTESIAN_POINT('',(-32.69415490615,42.745425645173,56.));
#734 = VECTOR('',#735,1.);
#735 = DIRECTION('',(0.866025403784,0.5,0.));
#736 = ORIENTED_EDGE('',*,*,#737,.F.);
#737 = EDGE_CURVE('',#738,#730,#740,.T.);
#738 = VERTEX_POINT('',#739);
#739 = CARTESIAN_POINT('',(-47.36571287147,44.274797704468,56.));
#740 = LINE('',#741,#742);
#741 = CARTESIAN_POINT('',(-20.01779565479,28.485470337646,56.));
#742 = VECTOR('',#743,1.);
#743 = DIRECTION('',(0.866025403784,-0.5,0.));
#744 = ORIENTED_EDGE('',*,*,#745,.F.);
#745 = EDGE_CURVE('',#746,#738,#748,.T.);
#746 = VERTEX_POINT('',#747);
#747 = CARTESIAN_POINT('',(-47.36571287147,54.274797704468,56.));
#748 = LINE('',#749,#750);
#749 = CARTESIAN_POINT('',(-47.36571287147,27.137398852234,56.));
#750 = VECTOR('',#751,1.);
#751 = DIRECTION('',(0.,-1.,0.));
#752 = ORIENTED_EDGE('',*,*,#753,.F.);
#753 = EDGE_CURVE('',#714,#746,#754,.T.);
#754 = LINE('',#755,#756);
#755 = CARTESIAN_POINT('',(-37.02428192508,60.245425645173,56.));
#756 = VECTOR('',#757,1.);
#757 = DIRECTION('',(-0.866025403784,-0.5,0.));
#758 = FACE_BOUND('',#759,.F.);
#759 = EDGE_LOOP('',(#760,#770,#778,#786,#794,#802));
#760 = ORIENTED_EDGE('',*,*,#761,.F.);
#761 = EDGE_CURVE('',#762,#764,#766,.T.);
#762 = VERTEX_POINT('',#763);
#763 = CARTESIAN_POINT('',(57.969411973466,52.33167945125,56.));
#764 = VERTEX_POINT('',#765);
#765 = CARTESIAN_POINT('',(49.309157935621,57.33167945125,56.));
#766 = LINE('',#767,#768);
#767 = CARTESIAN_POINT('',(47.561023440288,58.34096537271,56.));
#768 = VECTOR('',#769,1.);
#769 = DIRECTION('',(-0.866025403784,0.5,0.));
#770 = ORIENTED_EDGE('',*,*,#771,.F.);
#771 = EDGE_CURVE('',#772,#762,#774,.T.);
#772 = VERTEX_POINT('',#773);
#773 = CARTESIAN_POINT('',(57.969411973466,42.33167945125,56.));
#774 = LINE('',#775,#776);
#775 = CARTESIAN_POINT('',(57.969411973466,21.165839725625,56.));
#776 = VECTOR('',#777,1.);
#777 = DIRECTION('',(0.,1.,0.));
#778 = ORIENTED_EDGE('',*,*,#779,.F.);
#779 = EDGE_CURVE('',#780,#772,#782,.T.);
#780 = VERTEX_POINT('',#781);
#781 = CARTESIAN_POINT('',(49.309157935621,37.33167945125,56.));
#782 = LINE('',#783,#784);
#783 = CARTESIAN_POINT('',(22.735678017083,21.989473666977,56.));
#784 = VECTOR('',#785,1.);
#785 = DIRECTION('',(0.866025403784,0.5,0.));
#786 = ORIENTED_EDGE('',*,*,#787,.F.);
#787 = EDGE_CURVE('',#788,#780,#790,.T.);
#788 = VERTEX_POINT('',#789);
#789 = CARTESIAN_POINT('',(40.648903897776,42.331679451249,56.));
#790 = LINE('',#791,#792);
#791 = CARTESIAN_POINT('',(34.570642383519,45.84096537271,56.));
#792 = VECTOR('',#793,1.);
#793 = DIRECTION('',(0.866025403784,-0.5,0.));
#794 = ORIENTED_EDGE('',*,*,#795,.F.);
#795 = EDGE_CURVE('',#796,#788,#798,.T.);
#796 = VERTEX_POINT('',#797);
#797 = CARTESIAN_POINT('',(40.648903897777,52.33167945125,56.));
#798 = LINE('',#799,#800);
#799 = CARTESIAN_POINT('',(40.648903897776,26.165839725624,56.));
#800 = VECTOR('',#801,1.);
#801 = DIRECTION('',(-2.7E-14,-1.,0.));
#802 = ORIENTED_EDGE('',*,*,#803,.F.);
#803 = EDGE_CURVE('',#764,#796,#804,.T.);
#804 = LINE('',#805,#806);
#805 = CARTESIAN_POINT('',(18.405550998161,39.489473666977,56.));
#806 = VECTOR('',#807,1.);
#807 = DIRECTION('',(-0.866025403784,-0.5,0.));
#808 = FACE_BOUND('',#809,.F.);
#809 = EDGE_LOOP('',(#810,#820,#828,#836,#844,#852));
#810 = ORIENTED_EDGE('',*,*,#811,.F.);
#811 = EDGE_CURVE('',#812,#814,#816,.T.);
#812 = VERTEX_POINT('',#813);
#813 = CARTESIAN_POINT('',(77.96453971705,51.890242572693,56.));
#814 = VERTEX_POINT('',#815);
#815 = CARTESIAN_POINT('',(69.304285679206,56.890242572693,56.));
#816 = LINE('',#817,#818);
#817 = CARTESIAN_POINT('',(59.96240439228,62.283780248438,56.));
#818 = VECTOR('',#819,1.);
#819 = DIRECTION('',(-0.866025403784,0.5,0.));
#820 = ORIENTED_EDGE('',*,*,#821,.F.);
#821 = EDGE_CURVE('',#822,#812,#824,.T.);
#822 = VERTEX_POINT('',#823);
#823 = CARTESIAN_POINT('',(77.96453971705,41.890242572693,56.));
#824 = LINE('',#825,#826);
#825 = CARTESIAN_POINT('',(77.96453971705,20.945121286346,56.));
#826 = VECTOR('',#827,1.);
#827 = DIRECTION('',(1.42E-15,1.,0.));
#828 = ORIENTED_EDGE('',*,*,#829,.F.);
#829 = EDGE_CURVE('',#830,#822,#832,.T.);
#830 = VERTEX_POINT('',#831);
#831 = CARTESIAN_POINT('',(69.304285679205,36.890242572693,56.));
#832 = LINE('',#833,#834);
#833 = CARTESIAN_POINT('',(35.328206744572,17.274144253775,56.));
#834 = VECTOR('',#835,1.);
#835 = DIRECTION('',(0.866025403784,0.5,0.));
#836 = ORIENTED_EDGE('',*,*,#837,.F.);
#837 = EDGE_CURVE('',#838,#830,#840,.T.);
#838 = VERTEX_POINT('',#839);
#839 = CARTESIAN_POINT('',(60.64403164136,41.890242572692,56.));
#840 = LINE('',#841,#842);
#841 = CARTESIAN_POINT('',(46.972023335506,49.783780248437,56.));
#842 = VECTOR('',#843,1.);
#843 = DIRECTION('',(0.866025403785,-0.5,0.));
#844 = ORIENTED_EDGE('',*,*,#845,.F.);
#845 = EDGE_CURVE('',#846,#838,#848,.T.);
#846 = VERTEX_POINT('',#847);
#847 = CARTESIAN_POINT('',(60.644031641361,51.890242572693,56.));
#848 = LINE('',#849,#850);
#849 = CARTESIAN_POINT('',(60.644031641358,25.945121286344,56.));
#850 = VECTOR('',#851,1.);
#851 = DIRECTION('',(-9.237E-14,-1.,0.));
#852 = ORIENTED_EDGE('',*,*,#853,.F.);
#853 = EDGE_CURVE('',#814,#846,#854,.T.);
#854 = LINE('',#855,#856);
#855 = CARTESIAN_POINT('',(30.99807972565,34.774144253776,56.));
#856 = VECTOR('',#857,1.);
#857 = DIRECTION('',(-0.866025403784,-0.5,0.));
#858 = PLANE('',#859);
#859 = AXIS2_PLACEMENT_3D('',#860,#861,#862);
#860 = CARTESIAN_POINT('',(0.,0.,56.));
#861 = DIRECTION('',(0.,0.,1.));
#862 = DIRECTION('',(1.,0.,0.));
#863 = ADVANCED_FACE('',(#864),#889,.T.);
#864 = FACE_BOUND('',#865,.T.);
#865 = EDGE_LOOP('',(#866,#876,#882,#883));
#866 = ORIENTED_EDGE('',*,*,#867,.F.);
#867 = EDGE_CURVE('',#868,#870,#872,.T.);
#868 = VERTEX_POINT('',#869);
#869 = CARTESIAN_POINT('',(-79.930446,82.75,60.));
#870 = VERTEX_POINT('',#871);
#871 = CARTESIAN_POINT('',(-79.930446,-24.45,60.));
#872 = LINE('',#873,#874);
#873 = CARTESIAN_POINT('',(-79.930446,84.15,60.));
#874 = VECTOR('',#875,1.);
#875 = DIRECTION('',(0.,-1.,0.));
#876 = ORIENTED_EDGE('',*,*,#877,.F.);
#877 = EDGE_CURVE('',#24,#868,#878,.T.);
#878 = LINE('',#879,#880);
#879 = CARTESIAN_POINT('',(-79.930446,82.75,64.));
#880 = VECTOR('',#881,1.);
#881 = DIRECTION('',(0.,0.,1.));
#882 = ORIENTED_EDGE('',*,*,#21,.F.);
#883 = ORIENTED_EDGE('',*,*,#884,.T.);
#884 = EDGE_CURVE('',#22,#870,#885,.T.);
#885 = LINE('',#886,#887);
#886 = CARTESIAN_POINT('',(-79.930446,-24.45,64.));
#887 = VECTOR('',#888,1.);
#888 = DIRECTION('',(0.,0.,1.));
#889 = PLANE('',#890);
#890 = AXIS2_PLACEMENT_3D('',#891,#892,#893);
#891 = CARTESIAN_POINT('',(-79.930446,84.15,60.));
#892 = DIRECTION('',(-1.,0.,0.));
#893 = DIRECTION('',(0.,-1.,0.));
#894 = ADVANCED_FACE('',(#895),#930,.F.);
#895 = FACE_BOUND('',#896,.F.);
#896 = EDGE_LOOP('',(#897,#907,#913,#914,#915,#922,#923));
#897 = ORIENTED_EDGE('',*,*,#898,.T.);
#898 = EDGE_CURVE('',#899,#901,#903,.T.);
#899 = VERTEX_POINT('',#900);
#900 = CARTESIAN_POINT('',(-78.530446,-25.85,62.));
#901 = VERTEX_POINT('',#902);
#902 = CARTESIAN_POINT('',(-78.530446,-25.85,60.));
#903 = LINE('',#904,#905);
#904 = CARTESIAN_POINT('',(-78.530446,-25.85,64.));
#905 = VECTOR('',#906,1.);
#906 = DIRECTION('',(-0.,-0.,-1.));
#907 = ORIENTED_EDGE('',*,*,#908,.T.);
#908 = EDGE_CURVE('',#901,#32,#909,.T.);
#909 = LINE('',#910,#911);
#910 = CARTESIAN_POINT('',(-78.530446,-25.85,64.));
#911 = VECTOR('',#912,1.);
#912 = DIRECTION('',(-0.,-0.,-1.));
#913 = ORIENTED_EDGE('',*,*,#31,.T.);
#914 = ORIENTED_EDGE('',*,*,#884,.T.);
#915 = ORIENTED_EDGE('',*,*,#916,.T.);
#916 = EDGE_CURVE('',#870,#901,#917,.T.);
#917 = CIRCLE('',#918,1.4);
#918 = AXIS2_PLACEMENT_3D('',#919,#920,#921);
#919 = CARTESIAN_POINT('',(-79.930446,-25.85,60.));
#920 = DIRECTION('',(0.,0.,1.));
#921 = DIRECTION('',(1.,0.,0.));
#922 = ORIENTED_EDGE('',*,*,#898,.F.);
#923 = ORIENTED_EDGE('',*,*,#924,.F.);
#924 = EDGE_CURVE('',#899,#899,#925,.T.);
#925 = CIRCLE('',#926,1.4);
#926 = AXIS2_PLACEMENT_3D('',#927,#928,#929);
#927 = CARTESIAN_POINT('',(-79.930446,-25.85,62.));
#928 = DIRECTION('',(0.,0.,1.));
#929 = DIRECTION('',(1.,0.,0.));
#930 = CYLINDRICAL_SURFACE('',#931,1.4);
#931 = AXIS2_PLACEMENT_3D('',#932,#933,#934);
#932 = CARTESIAN_POINT('',(-79.930446,-25.85,64.));
#933 = DIRECTION('',(0.,0.,1.));
#934 = DIRECTION('',(1.,0.,0.));
#935 = ADVANCED_FACE('',(#936),#971,.F.);
#936 = FACE_BOUND('',#937,.F.);
#937 = EDGE_LOOP('',(#938,#946,#954,#961,#962,#969,#970));
#938 = ORIENTED_EDGE('',*,*,#939,.F.);
#939 = EDGE_CURVE('',#940,#75,#942,.T.);
#940 = VERTEX_POINT('',#941);
#941 = CARTESIAN_POINT('',(-78.530446,84.15,60.));
#942 = LINE('',#943,#944);
#943 = CARTESIAN_POINT('',(-78.530446,84.15,64.));
#944 = VECTOR('',#945,1.);
#945 = DIRECTION('',(-0.,-0.,-1.));
#946 = ORIENTED_EDGE('',*,*,#947,.F.);
#947 = EDGE_CURVE('',#948,#940,#950,.T.);
#948 = VERTEX_POINT('',#949);
#949 = CARTESIAN_POINT('',(-78.530446,84.15,62.));
#950 = LINE('',#951,#952);
#951 = CARTESIAN_POINT('',(-78.530446,84.15,64.));
#952 = VECTOR('',#953,1.);
#953 = DIRECTION('',(-0.,-0.,-1.));
#954 = ORIENTED_EDGE('',*,*,#955,.F.);
#955 = EDGE_CURVE('',#948,#948,#956,.T.);
#956 = CIRCLE('',#957,1.4);
#957 = AXIS2_PLACEMENT_3D('',#958,#959,#960);
#958 = CARTESIAN_POINT('',(-79.930446,84.15,62.));
#959 = DIRECTION('',(0.,0.,1.));
#960 = DIRECTION('',(1.,0.,0.));
#961 = ORIENTED_EDGE('',*,*,#947,.T.);
#962 = ORIENTED_EDGE('',*,*,#963,.T.);
#963 = EDGE_CURVE('',#940,#868,#964,.T.);
#964 = CIRCLE('',#965,1.4);
#965 = AXIS2_PLACEMENT_3D('',#966,#967,#968);
#966 = CARTESIAN_POINT('',(-79.930446,84.15,60.));
#967 = DIRECTION('',(0.,0.,1.));
#968 = DIRECTION('',(1.,0.,0.));
#969 = ORIENTED_EDGE('',*,*,#877,.F.);
#970 = ORIENTED_EDGE('',*,*,#82,.T.);
#971 = CYLINDRICAL_SURFACE('',#972,1.4);
#972 = AXIS2_PLACEMENT_3D('',#973,#974,#975);
#973 = CARTESIAN_POINT('',(-79.930446,84.15,64.));
#974 = DIRECTION('',(0.,0.,1.));
#975 = DIRECTION('',(1.,0.,0.));
#976 = ADVANCED_FACE('',(#977),#995,.T.);
#977 = FACE_BOUND('',#978,.T.);
#978 = EDGE_LOOP('',(#979,#987,#988,#989));
#979 = ORIENTED_EDGE('',*,*,#980,.F.);
#980 = EDGE_CURVE('',#901,#981,#983,.T.);
#981 = VERTEX_POINT('',#982);
#982 = CARTESIAN_POINT('',(88.669553999998,-25.85,60.));
#983 = LINE('',#984,#985);
#984 = CARTESIAN_POINT('',(-79.930446,-25.85,60.));
#985 = VECTOR('',#986,1.);
#986 = DIRECTION('',(1.,0.,0.));
#987 = ORIENTED_EDGE('',*,*,#908,.T.);
#988 = ORIENTED_EDGE('',*,*,#40,.F.);
#989 = ORIENTED_EDGE('',*,*,#990,.T.);
#990 = EDGE_CURVE('',#41,#981,#991,.T.);
#991 = LINE('',#992,#993);
#992 = CARTESIAN_POINT('',(88.669554,-25.85,64.));
#993 = VECTOR('',#994,1.);
#994 = DIRECTION('',(0.,0.,1.));
#995 = PLANE('',#996);
#996 = AXIS2_PLACEMENT_3D('',#997,#998,#999);
#997 = CARTESIAN_POINT('',(-79.930446,-25.85,60.));
#998 = DIRECTION('',(0.,-1.,0.));
#999 = DIRECTION('',(1.,0.,0.));
#1000 = ADVANCED_FACE('',(#1001),#1019,.T.);
#1001 = FACE_BOUND('',#1002,.T.);
#1002 = EDGE_LOOP('',(#1003,#1004,#1012,#1018));
#1003 = ORIENTED_EDGE('',*,*,#939,.F.);
#1004 = ORIENTED_EDGE('',*,*,#1005,.F.);
#1005 = EDGE_CURVE('',#1006,#940,#1008,.T.);
#1006 = VERTEX_POINT('',#1007);
#1007 = CARTESIAN_POINT('',(88.669554,84.15,60.));
#1008 = LINE('',#1009,#1010);
#1009 = CARTESIAN_POINT('',(90.069554,84.15,60.));
#1010 = VECTOR('',#1011,1.);
#1011 = DIRECTION('',(-1.,0.,0.));
#1012 = ORIENTED_EDGE('',*,*,#1013,.F.);
#1013 = EDGE_CURVE('',#66,#1006,#1014,.T.);
#1014 = LINE('',#1015,#1016);
#1015 = CARTESIAN_POINT('',(88.669554,84.15,64.));
#1016 = VECTOR('',#1017,1.);
#1017 = DIRECTION('',(0.,0.,1.));
#1018 = ORIENTED_EDGE('',*,*,#74,.F.);
#1019 = PLANE('',#1020);
#1020 = AXIS2_PLACEMENT_3D('',#1021,#1022,#1023);
#1021 = CARTESIAN_POINT('',(90.069554,84.15,60.));
#1022 = DIRECTION('',(0.,1.,0.));
#1023 = DIRECTION('',(-1.,0.,0.));
#1024 = ADVANCED_FACE('',(#1025),#1069,.F.);
#1025 = FACE_BOUND('',#1026,.F.);
#1026 = EDGE_LOOP('',(#1027,#1036,#1044,#1053,#1059,#1060,#1061,#1068));
#1027 = ORIENTED_EDGE('',*,*,#1028,.F.);
#1028 = EDGE_CURVE('',#1029,#1029,#1031,.T.);
#1029 = VERTEX_POINT('',#1030);
#1030 = CARTESIAN_POINT('',(91.469554,-25.85,62.));
#1031 = CIRCLE('',#1032,1.4);
#1032 = AXIS2_PLACEMENT_3D('',#1033,#1034,#1035);
#1033 = CARTESIAN_POINT('',(90.069554,-25.85,62.));
#1034 = DIRECTION('',(0.,0.,1.));
#1035 = DIRECTION('',(1.,0.,0.));
#1036 = ORIENTED_EDGE('',*,*,#1037,.T.);
#1037 = EDGE_CURVE('',#1029,#1038,#1040,.T.);
#1038 = VERTEX_POINT('',#1039);
#1039 = CARTESIAN_POINT('',(91.469554,-25.85,60.));
#1040 = LINE('',#1041,#1042);
#1041 = CARTESIAN_POINT('',(91.469554,-25.85,64.));
#1042 = VECTOR('',#1043,1.);
#1043 = DIRECTION('',(-0.,-0.,-1.));
#1044 = ORIENTED_EDGE('',*,*,#1045,.T.);
#1045 = EDGE_CURVE('',#1038,#1046,#1048,.T.);
#1046 = VERTEX_POINT('',#1047);
#1047 = CARTESIAN_POINT('',(90.069554,-24.45,60.));
#1048 = CIRCLE('',#1049,1.4);
#1049 = AXIS2_PLACEMENT_3D('',#1050,#1051,#1052);
#1050 = CARTESIAN_POINT('',(90.069554,-25.85,60.));
#1051 = DIRECTION('',(0.,0.,1.));
#1052 = DIRECTION('',(1.,0.,0.));
#1053 = ORIENTED_EDGE('',*,*,#1054,.F.);
#1054 = EDGE_CURVE('',#49,#1046,#1055,.T.);
#1055 = LINE('',#1056,#1057);
#1056 = CARTESIAN_POINT('',(90.069554,-24.45,64.));
#1057 = VECTOR('',#1058,1.);
#1058 = DIRECTION('',(0.,0.,1.));
#1059 = ORIENTED_EDGE('',*,*,#48,.T.);
#1060 = ORIENTED_EDGE('',*,*,#990,.T.);
#1061 = ORIENTED_EDGE('',*,*,#1062,.T.);
#1062 = EDGE_CURVE('',#981,#1038,#1063,.T.);
#1063 = CIRCLE('',#1064,1.4);
#1064 = AXIS2_PLACEMENT_3D('',#1065,#1066,#1067);
#1065 = CARTESIAN_POINT('',(90.069554,-25.85,60.));
#1066 = DIRECTION('',(0.,0.,1.));
#1067 = DIRECTION('',(1.,0.,0.));
#1068 = ORIENTED_EDGE('',*,*,#1037,.F.);
#1069 = CYLINDRICAL_SURFACE('',#1070,1.4);
#1070 = AXIS2_PLACEMENT_3D('',#1071,#1072,#1073);
#1071 = CARTESIAN_POINT('',(90.069554,-25.85,64.));
#1072 = DIRECTION('',(0.,0.,1.));
#1073 = DIRECTION('',(1.,0.,0.));
#1074 = ADVANCED_FACE('',(#1075),#1119,.F.);
#1075 = FACE_BOUND('',#1076,.F.);
#1076 = EDGE_LOOP('',(#1077,#1086,#1094,#1101,#1102,#1103,#1111,#1118));
#1077 = ORIENTED_EDGE('',*,*,#1078,.F.);
#1078 = EDGE_CURVE('',#1079,#1079,#1081,.T.);
#1079 = VERTEX_POINT('',#1080);
#1080 = CARTESIAN_POINT('',(91.469554,84.15,62.));
#1081 = CIRCLE('',#1082,1.4);
#1082 = AXIS2_PLACEMENT_3D('',#1083,#1084,#1085);
#1083 = CARTESIAN_POINT('',(90.069554,84.15,62.));
#1084 = DIRECTION('',(0.,0.,1.));
#1085 = DIRECTION('',(1.,0.,0.));
#1086 = ORIENTED_EDGE('',*,*,#1087,.T.);
#1087 = EDGE_CURVE('',#1079,#1088,#1090,.T.);
#1088 = VERTEX_POINT('',#1089);
#1089 = CARTESIAN_POINT('',(91.469554,84.15,60.));
#1090 = LINE('',#1091,#1092);
#1091 = CARTESIAN_POINT('',(91.469554,84.15,64.));
#1092 = VECTOR('',#1093,1.);
#1093 = DIRECTION('',(-0.,-0.,-1.));
#1094 = ORIENTED_EDGE('',*,*,#1095,.T.);
#1095 = EDGE_CURVE('',#1088,#1006,#1096,.T.);
#1096 = CIRCLE('',#1097,1.4);
#1097 = AXIS2_PLACEMENT_3D('',#1098,#1099,#1100);
#1098 = CARTESIAN_POINT('',(90.069554,84.15,60.));
#1099 = DIRECTION('',(0.,0.,1.));
#1100 = DIRECTION('',(1.,0.,0.));
#1101 = ORIENTED_EDGE('',*,*,#1013,.F.);
#1102 = ORIENTED_EDGE('',*,*,#65,.T.);
#1103 = ORIENTED_EDGE('',*,*,#1104,.T.);
#1104 = EDGE_CURVE('',#58,#1105,#1107,.T.);
#1105 = VERTEX_POINT('',#1106);
#1106 = CARTESIAN_POINT('',(90.069554,82.75,60.));
#1107 = LINE('',#1108,#1109);
#1108 = CARTESIAN_POINT('',(90.069554,82.75,64.));
#1109 = VECTOR('',#1110,1.);
#1110 = DIRECTION('',(0.,0.,1.));
#1111 = ORIENTED_EDGE('',*,*,#1112,.T.);
#1112 = EDGE_CURVE('',#1105,#1088,#1113,.T.);
#1113 = CIRCLE('',#1114,1.4);
#1114 = AXIS2_PLACEMENT_3D('',#1115,#1116,#1117);
#1115 = CARTESIAN_POINT('',(90.069554,84.15,60.));
#1116 = DIRECTION('',(0.,0.,1.));
#1117 = DIRECTION('',(1.,0.,0.));
#1118 = ORIENTED_EDGE('',*,*,#1087,.F.);
#1119 = CYLINDRICAL_SURFACE('',#1120,1.4);
#1120 = AXIS2_PLACEMENT_3D('',#1121,#1122,#1123);
#1121 = CARTESIAN_POINT('',(90.069554,84.15,64.));
#1122 = DIRECTION('',(0.,0.,1.));
#1123 = DIRECTION('',(1.,0.,0.));
#1124 = ADVANCED_FACE('',(#1125),#1136,.T.);
#1125 = FACE_BOUND('',#1126,.T.);
#1126 = EDGE_LOOP('',(#1127,#1133,#1134,#1135));
#1127 = ORIENTED_EDGE('',*,*,#1128,.F.);
#1128 = EDGE_CURVE('',#1046,#1105,#1129,.T.);
#1129 = LINE('',#1130,#1131);
#1130 = CARTESIAN_POINT('',(90.069554,-25.85,60.));
#1131 = VECTOR('',#1132,1.);
#1132 = DIRECTION('',(0.,1.,0.));
#1133 = ORIENTED_EDGE('',*,*,#1054,.F.);
#1134 = ORIENTED_EDGE('',*,*,#57,.F.);
#1135 = ORIENTED_EDGE('',*,*,#1104,.T.);
#1136 = PLANE('',#1137);
#1137 = AXIS2_PLACEMENT_3D('',#1138,#1139,#1140);
#1138 = CARTESIAN_POINT('',(90.069554,-25.85,60.));
#1139 = DIRECTION('',(1.,0.,0.));
#1140 = DIRECTION('',(0.,1.,0.));
#1141 = ADVANCED_FACE('',(#1142),#1167,.F.);
#1142 = FACE_BOUND('',#1143,.F.);
#1143 = EDGE_LOOP('',(#1144,#1154,#1160,#1161));
#1144 = ORIENTED_EDGE('',*,*,#1145,.F.);
#1145 = EDGE_CURVE('',#1146,#1148,#1150,.T.);
#1146 = VERTEX_POINT('',#1147);
#1147 = CARTESIAN_POINT('',(-59.4651776792,25.083657427307,64.));
#1148 = VERTEX_POINT('',#1149);
#1149 = CARTESIAN_POINT('',(-68.12543171705,20.083657427307,64.));
#1150 = LINE('',#1151,#1152);
#1151 = CARTESIAN_POINT('',(-59.4651776792,25.083657427307,64.));
#1152 = VECTOR('',#1153,1.);
#1153 = DIRECTION('',(-0.866025403784,-0.5,0.));
#1154 = ORIENTED_EDGE('',*,*,#1155,.T.);
#1155 = EDGE_CURVE('',#1146,#92,#1156,.T.);
#1156 = LINE('',#1157,#1158);
#1157 = CARTESIAN_POINT('',(-59.4651776792,25.083657427307,64.));
#1158 = VECTOR('',#1159,1.);
#1159 = DIRECTION('',(-0.,-0.,-1.));
#1160 = ORIENTED_EDGE('',*,*,#91,.T.);
#1161 = ORIENTED_EDGE('',*,*,#1162,.F.);
#1162 = EDGE_CURVE('',#1148,#94,#1163,.T.);
#1163 = LINE('',#1164,#1165);
#1164 = CARTESIAN_POINT('',(-68.12543171705,20.083657427307,64.));
#1165 = VECTOR('',#1166,1.);
#1166 = DIRECTION('',(-0.,-0.,-1.));
#1167 = PLANE('',#1168);
#1168 = AXIS2_PLACEMENT_3D('',#1169,#1170,#1171);
#1169 = CARTESIAN_POINT('',(-59.4651776792,25.083657427307,64.));
#1170 = DIRECTION('',(-0.5,0.866025403784,0.));
#1171 = DIRECTION('',(-0.866025403784,-0.5,0.));
#1172 = ADVANCED_FACE('',(#1173),#1191,.F.);
#1173 = FACE_BOUND('',#1174,.F.);
#1174 = EDGE_LOOP('',(#1175,#1183,#1184,#1185));
#1175 = ORIENTED_EDGE('',*,*,#1176,.F.);
#1176 = EDGE_CURVE('',#1148,#1177,#1179,.T.);
#1177 = VERTEX_POINT('',#1178);
#1178 = CARTESIAN_POINT('',(-68.12543171705,10.083657427307,64.));
#1179 = LINE('',#1180,#1181);
#1180 = CARTESIAN_POINT('',(-68.12543171705,20.083657427307,64.));
#1181 = VECTOR('',#1182,1.);
#1182 = DIRECTION('',(0.,-1.,0.));
#1183 = ORIENTED_EDGE('',*,*,#1162,.T.);
#1184 = ORIENTED_EDGE('',*,*,#133,.T.);
#1185 = ORIENTED_EDGE('',*,*,#1186,.F.);
#1186 = EDGE_CURVE('',#1177,#126,#1187,.T.);
#1187 = LINE('',#1188,#1189);
#1188 = CARTESIAN_POINT('',(-68.12543171705,10.083657427307,64.));
#1189 = VECTOR('',#1190,1.);
#1190 = DIRECTION('',(-0.,-0.,-1.));
#1191 = PLANE('',#1192);
#1192 = AXIS2_PLACEMENT_3D('',#1193,#1194,#1195);
#1193 = CARTESIAN_POINT('',(-68.12543171705,20.083657427307,64.));
#1194 = DIRECTION('',(-1.,0.,0.));
#1195 = DIRECTION('',(0.,-1.,0.));
#1196 = ADVANCED_FACE('',(#1197),#1215,.F.);
#1197 = FACE_BOUND('',#1198,.F.);
#1198 = EDGE_LOOP('',(#1199,#1207,#1208,#1209));
#1199 = ORIENTED_EDGE('',*,*,#1200,.F.);
#1200 = EDGE_CURVE('',#1177,#1201,#1203,.T.);
#1201 = VERTEX_POINT('',#1202);
#1202 = CARTESIAN_POINT('',(-59.4651776792,5.083657427307,64.));
#1203 = LINE('',#1204,#1205);
#1204 = CARTESIAN_POINT('',(-68.12543171705,10.083657427307,64.));
#1205 = VECTOR('',#1206,1.);
#1206 = DIRECTION('',(0.866025403784,-0.5,0.));
#1207 = ORIENTED_EDGE('',*,*,#1186,.T.);
#1208 = ORIENTED_EDGE('',*,*,#125,.T.);
#1209 = ORIENTED_EDGE('',*,*,#1210,.F.);
#1210 = EDGE_CURVE('',#1201,#118,#1211,.T.);
#1211 = LINE('',#1212,#1213);
#1212 = CARTESIAN_POINT('',(-59.4651776792,5.083657427307,64.));
#1213 = VECTOR('',#1214,1.);
#1214 = DIRECTION('',(-0.,-0.,-1.));
#1215 = PLANE('',#1216);
#1216 = AXIS2_PLACEMENT_3D('',#1217,#1218,#1219);
#1217 = CARTESIAN_POINT('',(-68.12543171705,10.083657427307,64.));
#1218 = DIRECTION('',(-0.5,-0.866025403784,0.));
#1219 = DIRECTION('',(0.866025403784,-0.5,0.));
#1220 = ADVANCED_FACE('',(#1221),#1239,.F.);
#1221 = FACE_BOUND('',#1222,.F.);
#1222 = EDGE_LOOP('',(#1223,#1231,#1232,#1233));
#1223 = ORIENTED_EDGE('',*,*,#1224,.F.);
#1224 = EDGE_CURVE('',#1201,#1225,#1227,.T.);
#1225 = VERTEX_POINT('',#1226);
#1226 = CARTESIAN_POINT('',(-50.80492364136,10.083657427307,64.));
#1227 = LINE('',#1228,#1229);
#1228 = CARTESIAN_POINT('',(-59.4651776792,5.083657427307,64.));
#1229 = VECTOR('',#1230,1.);
#1230 = DIRECTION('',(0.866025403784,0.5,0.));
#1231 = ORIENTED_EDGE('',*,*,#1210,.T.);
#1232 = ORIENTED_EDGE('',*,*,#117,.T.);
#1233 = ORIENTED_EDGE('',*,*,#1234,.F.);
#1234 = EDGE_CURVE('',#1225,#110,#1235,.T.);
#1235 = LINE('',#1236,#1237);
#1236 = CARTESIAN_POINT('',(-50.80492364136,10.083657427307,64.));
#1237 = VECTOR('',#1238,1.);
#1238 = DIRECTION('',(-0.,-0.,-1.));
#1239 = PLANE('',#1240);
#1240 = AXIS2_PLACEMENT_3D('',#1241,#1242,#1243);
#1241 = CARTESIAN_POINT('',(-59.4651776792,5.083657427307,64.));
#1242 = DIRECTION('',(0.5,-0.866025403784,0.));
#1243 = DIRECTION('',(0.866025403784,0.5,0.));
#1244 = ADVANCED_FACE('',(#1245),#1263,.F.);
#1245 = FACE_BOUND('',#1246,.F.);
#1246 = EDGE_LOOP('',(#1247,#1255,#1256,#1257));
#1247 = ORIENTED_EDGE('',*,*,#1248,.F.);
#1248 = EDGE_CURVE('',#1225,#1249,#1251,.T.);
#1249 = VERTEX_POINT('',#1250);
#1250 = CARTESIAN_POINT('',(-50.80492364136,20.083657427307,64.));
#1251 = LINE('',#1252,#1253);
#1252 = CARTESIAN_POINT('',(-50.80492364136,10.083657427307,64.));
#1253 = VECTOR('',#1254,1.);
#1254 = DIRECTION('',(0.,1.,0.));
#1255 = ORIENTED_EDGE('',*,*,#1234,.T.);
#1256 = ORIENTED_EDGE('',*,*,#109,.T.);
#1257 = ORIENTED_EDGE('',*,*,#1258,.F.);
#1258 = EDGE_CURVE('',#1249,#102,#1259,.T.);
#1259 = LINE('',#1260,#1261);
#1260 = CARTESIAN_POINT('',(-50.80492364136,20.083657427307,64.));
#1261 = VECTOR('',#1262,1.);
#1262 = DIRECTION('',(-0.,-0.,-1.));
#1263 = PLANE('',#1264);
#1264 = AXIS2_PLACEMENT_3D('',#1265,#1266,#1267);
#1265 = CARTESIAN_POINT('',(-50.80492364136,10.083657427307,64.));
#1266 = DIRECTION('',(1.,0.,0.));
#1267 = DIRECTION('',(-0.,1.,0.));
#1268 = ADVANCED_FACE('',(#1269),#1280,.F.);
#1269 = FACE_BOUND('',#1270,.F.);
#1270 = EDGE_LOOP('',(#1271,#1277,#1278,#1279));
#1271 = ORIENTED_EDGE('',*,*,#1272,.F.);
#1272 = EDGE_CURVE('',#1249,#1146,#1273,.T.);
#1273 = LINE('',#1274,#1275);
#1274 = CARTESIAN_POINT('',(-50.80492364136,20.083657427307,64.));
#1275 = VECTOR('',#1276,1.);
#1276 = DIRECTION('',(-0.866025403784,0.5,0.));
#1277 = ORIENTED_EDGE('',*,*,#1258,.T.);
#1278 = ORIENTED_EDGE('',*,*,#101,.T.);
#1279 = ORIENTED_EDGE('',*,*,#1155,.F.);
#1280 = PLANE('',#1281);
#1281 = AXIS2_PLACEMENT_3D('',#1282,#1283,#1284);
#1282 = CARTESIAN_POINT('',(-50.80492364136,20.083657427307,64.));
#1283 = DIRECTION('',(0.5,0.866025403784,0.));
#1284 = DIRECTION('',(-0.866025403784,0.5,0.));
#1285 = ADVANCED_FACE('',(#1286),#1311,.F.);
#1286 = FACE_BOUND('',#1287,.F.);
#1287 = EDGE_LOOP('',(#1288,#1298,#1304,#1305));
#1288 = ORIENTED_EDGE('',*,*,#1289,.F.);
#1289 = EDGE_CURVE('',#1290,#1292,#1294,.T.);
#1290 = VERTEX_POINT('',#1291);
#1291 = CARTESIAN_POINT('',(-39.47004993562,24.64222054875,64.));
#1292 = VERTEX_POINT('',#1293);
#1293 = CARTESIAN_POINT('',(-48.13030397346,19.64222054875,64.));
#1294 = LINE('',#1295,#1296);
#1295 = CARTESIAN_POINT('',(-39.47004993562,24.64222054875,64.));
#1296 = VECTOR('',#1297,1.);
#1297 = DIRECTION('',(-0.866025403784,-0.5,0.));
#1298 = ORIENTED_EDGE('',*,*,#1299,.T.);
#1299 = EDGE_CURVE('',#1290,#142,#1300,.T.);
#1300 = LINE('',#1301,#1302);
#1301 = CARTESIAN_POINT('',(-39.47004993562,24.64222054875,64.));
#1302 = VECTOR('',#1303,1.);
#1303 = DIRECTION('',(-0.,-0.,-1.));
#1304 = ORIENTED_EDGE('',*,*,#141,.T.);
#1305 = ORIENTED_EDGE('',*,*,#1306,.F.);
#1306 = EDGE_CURVE('',#1292,#144,#1307,.T.);
#1307 = LINE('',#1308,#1309);
#1308 = CARTESIAN_POINT('',(-48.13030397346,19.64222054875,64.));
#1309 = VECTOR('',#1310,1.);
#1310 = DIRECTION('',(-0.,-0.,-1.));
#1311 = PLANE('',#1312);
#1312 = AXIS2_PLACEMENT_3D('',#1313,#1314,#1315);
#1313 = CARTESIAN_POINT('',(-39.47004993562,24.64222054875,64.));
#1314 = DIRECTION('',(-0.5,0.866025403784,0.));
#1315 = DIRECTION('',(-0.866025403784,-0.5,0.));
#1316 = ADVANCED_FACE('',(#1317),#1335,.F.);
#1317 = FACE_BOUND('',#1318,.F.);
#1318 = EDGE_LOOP('',(#1319,#1327,#1328,#1329));
#1319 = ORIENTED_EDGE('',*,*,#1320,.F.);
#1320 = EDGE_CURVE('',#1292,#1321,#1323,.T.);
#1321 = VERTEX_POINT('',#1322);
#1322 = CARTESIAN_POINT('',(-48.13030397346,9.64222054875,64.));
#1323 = LINE('',#1324,#1325);
#1324 = CARTESIAN_POINT('',(-48.13030397346,19.64222054875,64.));
#1325 = VECTOR('',#1326,1.);
#1326 = DIRECTION('',(0.,-1.,0.));
#1327 = ORIENTED_EDGE('',*,*,#1306,.T.);
#1328 = ORIENTED_EDGE('',*,*,#183,.T.);
#1329 = ORIENTED_EDGE('',*,*,#1330,.F.);
#1330 = EDGE_CURVE('',#1321,#176,#1331,.T.);
#1331 = LINE('',#1332,#1333);
#1332 = CARTESIAN_POINT('',(-48.13030397346,9.64222054875,64.));
#1333 = VECTOR('',#1334,1.);
#1334 = DIRECTION('',(-0.,-0.,-1.));
#1335 = PLANE('',#1336);
#1336 = AXIS2_PLACEMENT_3D('',#1337,#1338,#1339);
#1337 = CARTESIAN_POINT('',(-48.13030397346,19.64222054875,64.));
#1338 = DIRECTION('',(-1.,0.,0.));
#1339 = DIRECTION('',(0.,-1.,0.));
#1340 = ADVANCED_FACE('',(#1341),#1359,.F.);
#1341 = FACE_BOUND('',#1342,.F.);
#1342 = EDGE_LOOP('',(#1343,#1351,#1352,#1353));
#1343 = ORIENTED_EDGE('',*,*,#1344,.F.);
#1344 = EDGE_CURVE('',#1321,#1345,#1347,.T.);
#1345 = VERTEX_POINT('',#1346);
#1346 = CARTESIAN_POINT('',(-39.47004993562,4.64222054875,64.));
#1347 = LINE('',#1348,#1349);
#1348 = CARTESIAN_POINT('',(-48.13030397346,9.64222054875,64.));
#1349 = VECTOR('',#1350,1.);
#1350 = DIRECTION('',(0.866025403784,-0.5,0.));
#1351 = ORIENTED_EDGE('',*,*,#1330,.T.);
#1352 = ORIENTED_EDGE('',*,*,#175,.T.);
#1353 = ORIENTED_EDGE('',*,*,#1354,.F.);
#1354 = EDGE_CURVE('',#1345,#168,#1355,.T.);
#1355 = LINE('',#1356,#1357);
#1356 = CARTESIAN_POINT('',(-39.47004993562,4.64222054875,64.));
#1357 = VECTOR('',#1358,1.);
#1358 = DIRECTION('',(-0.,-0.,-1.));
#1359 = PLANE('',#1360);
#1360 = AXIS2_PLACEMENT_3D('',#1361,#1362,#1363);
#1361 = CARTESIAN_POINT('',(-48.13030397346,9.64222054875,64.));
#1362 = DIRECTION('',(-0.5,-0.866025403784,0.));
#1363 = DIRECTION('',(0.866025403784,-0.5,0.));
#1364 = ADVANCED_FACE('',(#1365),#1383,.F.);
#1365 = FACE_BOUND('',#1366,.F.);
#1366 = EDGE_LOOP('',(#1367,#1375,#1376,#1377));
#1367 = ORIENTED_EDGE('',*,*,#1368,.F.);
#1368 = EDGE_CURVE('',#1345,#1369,#1371,.T.);
#1369 = VERTEX_POINT('',#1370);
#1370 = CARTESIAN_POINT('',(-30.80979589777,9.64222054875,64.));
#1371 = LINE('',#1372,#1373);
#1372 = CARTESIAN_POINT('',(-39.47004993562,4.64222054875,64.));
#1373 = VECTOR('',#1374,1.);
#1374 = DIRECTION('',(0.866025403784,0.5,0.));
#1375 = ORIENTED_EDGE('',*,*,#1354,.T.);
#1376 = ORIENTED_EDGE('',*,*,#167,.T.);
#1377 = ORIENTED_EDGE('',*,*,#1378,.F.);
#1378 = EDGE_CURVE('',#1369,#160,#1379,.T.);
#1379 = LINE('',#1380,#1381);
#1380 = CARTESIAN_POINT('',(-30.80979589777,9.64222054875,64.));
#1381 = VECTOR('',#1382,1.);
#1382 = DIRECTION('',(-0.,-0.,-1.));
#1383 = PLANE('',#1384);
#1384 = AXIS2_PLACEMENT_3D('',#1385,#1386,#1387);
#1385 = CARTESIAN_POINT('',(-39.47004993562,4.64222054875,64.));
#1386 = DIRECTION('',(0.5,-0.866025403784,0.));
#1387 = DIRECTION('',(0.866025403784,0.5,0.));
#1388 = ADVANCED_FACE('',(#1389),#1407,.F.);
#1389 = FACE_BOUND('',#1390,.F.);
#1390 = EDGE_LOOP('',(#1391,#1399,#1400,#1401));
#1391 = ORIENTED_EDGE('',*,*,#1392,.F.);
#1392 = EDGE_CURVE('',#1369,#1393,#1395,.T.);
#1393 = VERTEX_POINT('',#1394);
#1394 = CARTESIAN_POINT('',(-30.80979589777,19.64222054875,64.));
#1395 = LINE('',#1396,#1397);
#1396 = CARTESIAN_POINT('',(-30.80979589777,9.64222054875,64.));
#1397 = VECTOR('',#1398,1.);
#1398 = DIRECTION('',(0.,1.,0.));
#1399 = ORIENTED_EDGE('',*,*,#1378,.T.);
#1400 = ORIENTED_EDGE('',*,*,#159,.T.);
#1401 = ORIENTED_EDGE('',*,*,#1402,.F.);
#1402 = EDGE_CURVE('',#1393,#152,#1403,.T.);
#1403 = LINE('',#1404,#1405);
#1404 = CARTESIAN_POINT('',(-30.80979589777,19.64222054875,64.));
#1405 = VECTOR('',#1406,1.);
#1406 = DIRECTION('',(-0.,-0.,-1.));
#1407 = PLANE('',#1408);
#1408 = AXIS2_PLACEMENT_3D('',#1409,#1410,#1411);
#1409 = CARTESIAN_POINT('',(-30.80979589777,9.64222054875,64.));
#1410 = DIRECTION('',(1.,0.,0.));
#1411 = DIRECTION('',(-0.,1.,0.));
#1412 = ADVANCED_FACE('',(#1413),#1424,.F.);
#1413 = FACE_BOUND('',#1414,.F.);
#1414 = EDGE_LOOP('',(#1415,#1421,#1422,#1423));
#1415 = ORIENTED_EDGE('',*,*,#1416,.F.);
#1416 = EDGE_CURVE('',#1393,#1290,#1417,.T.);
#1417 = LINE('',#1418,#1419);
#1418 = CARTESIAN_POINT('',(-30.80979589777,19.64222054875,64.));
#1419 = VECTOR('',#1420,1.);
#1420 = DIRECTION('',(-0.866025403784,0.5,0.));
#1421 = ORIENTED_EDGE('',*,*,#1402,.T.);
#1422 = ORIENTED_EDGE('',*,*,#151,.T.);
#1423 = ORIENTED_EDGE('',*,*,#1299,.F.);
#1424 = PLANE('',#1425);
#1425 = AXIS2_PLACEMENT_3D('',#1426,#1427,#1428);
#1426 = CARTESIAN_POINT('',(-30.80979589777,19.64222054875,64.));
#1427 = DIRECTION('',(0.5,0.866025403784,0.));
#1428 = DIRECTION('',(-0.866025403784,0.5,0.));
#1429 = ADVANCED_FACE('',(#1430),#1455,.F.);
#1430 = FACE_BOUND('',#1431,.F.);
#1431 = EDGE_LOOP('',(#1432,#1442,#1448,#1449));
#1432 = ORIENTED_EDGE('',*,*,#1433,.F.);
#1433 = EDGE_CURVE('',#1434,#1436,#1438,.T.);
#1434 = VERTEX_POINT('',#1435);
#1435 = CARTESIAN_POINT('',(57.204820871471,17.699102295531,64.));
#1436 = VERTEX_POINT('',#1437);
#1437 = CARTESIAN_POINT('',(48.544566833627,22.699102295533,64.));
#1438 = LINE('',#1439,#1440);
#1439 = CARTESIAN_POINT('',(57.204820871471,17.699102295531,64.));
#1440 = VECTOR('',#1441,1.);
#1441 = DIRECTION('',(-0.866025403784,0.5,0.));
#1442 = ORIENTED_EDGE('',*,*,#1443,.T.);
#1443 = EDGE_CURVE('',#1434,#192,#1444,.T.);
#1444 = LINE('',#1445,#1446);
#1445 = CARTESIAN_POINT('',(57.204820871471,17.699102295531,64.));
#1446 = VECTOR('',#1447,1.);
#1447 = DIRECTION('',(-0.,-0.,-1.));
#1448 = ORIENTED_EDGE('',*,*,#191,.T.);
#1449 = ORIENTED_EDGE('',*,*,#1450,.F.);
#1450 = EDGE_CURVE('',#1436,#194,#1451,.T.);
#1451 = LINE('',#1452,#1453);
#1452 = CARTESIAN_POINT('',(48.544566833627,22.699102295533,64.));
#1453 = VECTOR('',#1454,1.);
#1454 = DIRECTION('',(-0.,-0.,-1.));
#1455 = PLANE('',#1456);
#1456 = AXIS2_PLACEMENT_3D('',#1457,#1458,#1459);
#1457 = CARTESIAN_POINT('',(57.204820871471,17.699102295531,64.));
#1458 = DIRECTION('',(0.5,0.866025403784,0.));
#1459 = DIRECTION('',(-0.866025403784,0.5,0.));
#1460 = ADVANCED_FACE('',(#1461),#1479,.F.);
#1461 = FACE_BOUND('',#1462,.F.);
#1462 = EDGE_LOOP('',(#1463,#1471,#1472,#1473));
#1463 = ORIENTED_EDGE('',*,*,#1464,.F.);
#1464 = EDGE_CURVE('',#1436,#1465,#1467,.T.);
#1465 = VERTEX_POINT('',#1466);
#1466 = CARTESIAN_POINT('',(39.884312795782,17.699102295533,64.));
#1467 = LINE('',#1468,#1469);
#1468 = CARTESIAN_POINT('',(48.544566833627,22.699102295533,64.));
#1469 = VECTOR('',#1470,1.);
#1470 = DIRECTION('',(-0.866025403784,-0.5,0.));
#1471 = ORIENTED_EDGE('',*,*,#1450,.T.);
#1472 = ORIENTED_EDGE('',*,*,#233,.T.);
#1473 = ORIENTED_EDGE('',*,*,#1474,.F.);
#1474 = EDGE_CURVE('',#1465,#226,#1475,.T.);
#1475 = LINE('',#1476,#1477);
#1476 = CARTESIAN_POINT('',(39.884312795782,17.699102295533,64.));
#1477 = VECTOR('',#1478,1.);
#1478 = DIRECTION('',(-0.,-0.,-1.));
#1479 = PLANE('',#1480);
#1480 = AXIS2_PLACEMENT_3D('',#1481,#1482,#1483);
#1481 = CARTESIAN_POINT('',(48.544566833627,22.699102295533,64.));
#1482 = DIRECTION('',(-0.5,0.866025403784,0.));
#1483 = DIRECTION('',(-0.866025403784,-0.5,0.));
#1484 = ADVANCED_FACE('',(#1485),#1503,.F.);
#1485 = FACE_BOUND('',#1486,.F.);
#1486 = EDGE_LOOP('',(#1487,#1495,#1496,#1497));
#1487 = ORIENTED_EDGE('',*,*,#1488,.F.);
#1488 = EDGE_CURVE('',#1465,#1489,#1491,.T.);
#1489 = VERTEX_POINT('',#1490);
#1490 = CARTESIAN_POINT('',(39.884312795782,7.699102295532,64.));
#1491 = LINE('',#1492,#1493);
#1492 = CARTESIAN_POINT('',(39.884312795782,17.699102295533,64.));
#1493 = VECTOR('',#1494,1.);
#1494 = DIRECTION('',(-5.4E-14,-1.,0.));
#1495 = ORIENTED_EDGE('',*,*,#1474,.T.);
#1496 = ORIENTED_EDGE('',*,*,#225,.T.);
#1497 = ORIENTED_EDGE('',*,*,#1498,.F.);
#1498 = EDGE_CURVE('',#1489,#218,#1499,.T.);
#1499 = LINE('',#1500,#1501);
#1500 = CARTESIAN_POINT('',(39.884312795782,7.699102295532,64.));
#1501 = VECTOR('',#1502,1.);
#1502 = DIRECTION('',(-0.,-0.,-1.));
#1503 = PLANE('',#1504);
#1504 = AXIS2_PLACEMENT_3D('',#1505,#1506,#1507);
#1505 = CARTESIAN_POINT('',(39.884312795782,17.699102295533,64.));
#1506 = DIRECTION('',(-1.,5.4E-14,0.));
#1507 = DIRECTION('',(-5.4E-14,-1.,0.));
#1508 = ADVANCED_FACE('',(#1509),#1527,.F.);
#1509 = FACE_BOUND('',#1510,.F.);
#1510 = EDGE_LOOP('',(#1511,#1519,#1520,#1521));
#1511 = ORIENTED_EDGE('',*,*,#1512,.F.);
#1512 = EDGE_CURVE('',#1489,#1513,#1515,.T.);
#1513 = VERTEX_POINT('',#1514);
#1514 = CARTESIAN_POINT('',(48.544566833626,2.699102295531,64.));
#1515 = LINE('',#1516,#1517);
#1516 = CARTESIAN_POINT('',(39.884312795782,7.699102295532,64.));
#1517 = VECTOR('',#1518,1.);
#1518 = DIRECTION('',(0.866025403784,-0.5,0.));
#1519 = ORIENTED_EDGE('',*,*,#1498,.T.);
#1520 = ORIENTED_EDGE('',*,*,#217,.T.);
#1521 = ORIENTED_EDGE('',*,*,#1522,.F.);
#1522 = EDGE_CURVE('',#1513,#210,#1523,.T.);
#1523 = LINE('',#1524,#1525);
#1524 = CARTESIAN_POINT('',(48.544566833626,2.699102295531,64.));
#1525 = VECTOR('',#1526,1.);
#1526 = DIRECTION('',(-0.,-0.,-1.));
#1527 = PLANE('',#1528);
#1528 = AXIS2_PLACEMENT_3D('',#1529,#1530,#1531);
#1529 = CARTESIAN_POINT('',(39.884312795782,7.699102295532,64.));
#1530 = DIRECTION('',(-0.5,-0.866025403784,0.));
#1531 = DIRECTION('',(0.866025403784,-0.5,0.));
#1532 = ADVANCED_FACE('',(#1533),#1551,.F.);
#1533 = FACE_BOUND('',#1534,.F.);
#1534 = EDGE_LOOP('',(#1535,#1543,#1544,#1545));
#1535 = ORIENTED_EDGE('',*,*,#1536,.F.);
#1536 = EDGE_CURVE('',#1513,#1537,#1539,.T.);
#1537 = VERTEX_POINT('',#1538);
#1538 = CARTESIAN_POINT('',(57.204820871471,7.699102295531,64.));
#1539 = LINE('',#1540,#1541);
#1540 = CARTESIAN_POINT('',(48.544566833626,2.699102295531,64.));
#1541 = VECTOR('',#1542,1.);
#1542 = DIRECTION('',(0.866025403784,0.5,0.));
#1543 = ORIENTED_EDGE('',*,*,#1522,.T.);
#1544 = ORIENTED_EDGE('',*,*,#209,.T.);
#1545 = ORIENTED_EDGE('',*,*,#1546,.F.);
#1546 = EDGE_CURVE('',#1537,#202,#1547,.T.);
#1547 = LINE('',#1548,#1549);
#1548 = CARTESIAN_POINT('',(57.204820871471,7.699102295531,64.));
#1549 = VECTOR('',#1550,1.);
#1550 = DIRECTION('',(-0.,-0.,-1.));
#1551 = PLANE('',#1552);
#1552 = AXIS2_PLACEMENT_3D('',#1553,#1554,#1555);
#1553 = CARTESIAN_POINT('',(48.544566833626,2.699102295531,64.));
#1554 = DIRECTION('',(0.5,-0.866025403784,0.));
#1555 = DIRECTION('',(0.866025403784,0.5,0.));
#1556 = ADVANCED_FACE('',(#1557),#1568,.F.);
#1557 = FACE_BOUND('',#1558,.F.);
#1558 = EDGE_LOOP('',(#1559,#1565,#1566,#1567));
#1559 = ORIENTED_EDGE('',*,*,#1560,.F.);
#1560 = EDGE_CURVE('',#1537,#1434,#1561,.T.);
#1561 = LINE('',#1562,#1563);
#1562 = CARTESIAN_POINT('',(57.204820871471,7.699102295531,64.));
#1563 = VECTOR('',#1564,1.);
#1564 = DIRECTION('',(1.847E-14,1.,0.));
#1565 = ORIENTED_EDGE('',*,*,#1546,.T.);
#1566 = ORIENTED_EDGE('',*,*,#201,.T.);
#1567 = ORIENTED_EDGE('',*,*,#1443,.F.);
#1568 = PLANE('',#1569);
#1569 = AXIS2_PLACEMENT_3D('',#1570,#1571,#1572);
#1570 = CARTESIAN_POINT('',(57.204820871471,7.699102295531,64.));
#1571 = DIRECTION('',(1.,-1.847E-14,0.));
#1572 = DIRECTION('',(1.847E-14,1.,0.));
#1573 = ADVANCED_FACE('',(#1574),#1599,.F.);
#1574 = FACE_BOUND('',#1575,.F.);
#1575 = EDGE_LOOP('',(#1576,#1586,#1592,#1593));
#1576 = ORIENTED_EDGE('',*,*,#1577,.F.);
#1577 = EDGE_CURVE('',#1578,#1580,#1582,.T.);
#1578 = VERTEX_POINT('',#1579);
#1579 = CARTESIAN_POINT('',(77.199948615055,17.257665416974,64.));
#1580 = VERTEX_POINT('',#1581);
#1581 = CARTESIAN_POINT('',(68.539694577212,22.257665416978,64.));
#1582 = LINE('',#1583,#1584);
#1583 = CARTESIAN_POINT('',(77.199948615055,17.257665416974,64.));
#1584 = VECTOR('',#1585,1.);
#1585 = DIRECTION('',(-0.866025403784,0.5,0.));
#1586 = ORIENTED_EDGE('',*,*,#1587,.T.);
#1587 = EDGE_CURVE('',#1578,#242,#1588,.T.);
#1588 = LINE('',#1589,#1590);
#1589 = CARTESIAN_POINT('',(77.199948615055,17.257665416974,64.));
#1590 = VECTOR('',#1591,1.);
#1591 = DIRECTION('',(-0.,-0.,-1.));
#1592 = ORIENTED_EDGE('',*,*,#241,.T.);
#1593 = ORIENTED_EDGE('',*,*,#1594,.F.);
#1594 = EDGE_CURVE('',#1580,#244,#1595,.T.);
#1595 = LINE('',#1596,#1597);
#1596 = CARTESIAN_POINT('',(68.539694577212,22.257665416978,64.));
#1597 = VECTOR('',#1598,1.);
#1598 = DIRECTION('',(-0.,-0.,-1.));
#1599 = PLANE('',#1600);
#1600 = AXIS2_PLACEMENT_3D('',#1601,#1602,#1603);
#1601 = CARTESIAN_POINT('',(77.199948615055,17.257665416974,64.));
#1602 = DIRECTION('',(0.5,0.866025403784,0.));
#1603 = DIRECTION('',(-0.866025403784,0.5,0.));
#1604 = ADVANCED_FACE('',(#1605),#1623,.F.);
#1605 = FACE_BOUND('',#1606,.F.);
#1606 = EDGE_LOOP('',(#1607,#1615,#1616,#1617));
#1607 = ORIENTED_EDGE('',*,*,#1608,.F.);
#1608 = EDGE_CURVE('',#1580,#1609,#1611,.T.);
#1609 = VERTEX_POINT('',#1610);
#1610 = CARTESIAN_POINT('',(59.879440539367,17.257665416976,64.));
#1611 = LINE('',#1612,#1613);
#1612 = CARTESIAN_POINT('',(68.539694577212,22.257665416978,64.));
#1613 = VECTOR('',#1614,1.);
#1614 = DIRECTION('',(-0.866025403784,-0.5,0.));
#1615 = ORIENTED_EDGE('',*,*,#1594,.T.);
#1616 = ORIENTED_EDGE('',*,*,#283,.T.);
#1617 = ORIENTED_EDGE('',*,*,#1618,.F.);
#1618 = EDGE_CURVE('',#1609,#276,#1619,.T.);
#1619 = LINE('',#1620,#1621);
#1620 = CARTESIAN_POINT('',(59.879440539367,17.257665416976,64.));
#1621 = VECTOR('',#1622,1.);
#1622 = DIRECTION('',(-0.,-0.,-1.));
#1623 = PLANE('',#1624);
#1624 = AXIS2_PLACEMENT_3D('',#1625,#1626,#1627);
#1625 = CARTESIAN_POINT('',(68.539694577212,22.257665416978,64.));
#1626 = DIRECTION('',(-0.5,0.866025403784,0.));
#1627 = DIRECTION('',(-0.866025403784,-0.5,0.));
#1628 = ADVANCED_FACE('',(#1629),#1647,.F.);
#1629 = FACE_BOUND('',#1630,.F.);
#1630 = EDGE_LOOP('',(#1631,#1639,#1640,#1641));
#1631 = ORIENTED_EDGE('',*,*,#1632,.F.);
#1632 = EDGE_CURVE('',#1609,#1633,#1635,.T.);
#1633 = VERTEX_POINT('',#1634);
#1634 = CARTESIAN_POINT('',(59.879440539365,7.257665416975,64.));
#1635 = LINE('',#1636,#1637);
#1636 = CARTESIAN_POINT('',(59.879440539367,17.257665416976,64.));
#1637 = VECTOR('',#1638,1.);
#1638 = DIRECTION('',(-1.2719E-13,-1.,0.));
#1639 = ORIENTED_EDGE('',*,*,#1618,.T.);
#1640 = ORIENTED_EDGE('',*,*,#275,.T.);
#1641 = ORIENTED_EDGE('',*,*,#1642,.F.);
#1642 = EDGE_CURVE('',#1633,#268,#1643,.T.);
#1643 = LINE('',#1644,#1645);
#1644 = CARTESIAN_POINT('',(59.879440539365,7.257665416975,64.));
#1645 = VECTOR('',#1646,1.);
#1646 = DIRECTION('',(-0.,-0.,-1.));
#1647 = PLANE('',#1648);
#1648 = AXIS2_PLACEMENT_3D('',#1649,#1650,#1651);
#1649 = CARTESIAN_POINT('',(59.879440539367,17.257665416976,64.));
#1650 = DIRECTION('',(-1.,1.2719E-13,0.));
#1651 = DIRECTION('',(-1.2719E-13,-1.,0.));
#1652 = ADVANCED_FACE('',(#1653),#1671,.F.);
#1653 = FACE_BOUND('',#1654,.F.);
#1654 = EDGE_LOOP('',(#1655,#1663,#1664,#1665));
#1655 = ORIENTED_EDGE('',*,*,#1656,.F.);
#1656 = EDGE_CURVE('',#1633,#1657,#1659,.T.);
#1657 = VERTEX_POINT('',#1658);
#1658 = CARTESIAN_POINT('',(68.53969457721,2.257665416972,64.));
#1659 = LINE('',#1660,#1661);
#1660 = CARTESIAN_POINT('',(59.879440539365,7.257665416975,64.));
#1661 = VECTOR('',#1662,1.);
#1662 = DIRECTION('',(0.866025403784,-0.5,0.));
#1663 = ORIENTED_EDGE('',*,*,#1642,.T.);
#1664 = ORIENTED_EDGE('',*,*,#267,.T.);
#1665 = ORIENTED_EDGE('',*,*,#1666,.F.);
#1666 = EDGE_CURVE('',#1657,#260,#1667,.T.);
#1667 = LINE('',#1668,#1669);
#1668 = CARTESIAN_POINT('',(68.53969457721,2.257665416972,64.));
#1669 = VECTOR('',#1670,1.);
#1670 = DIRECTION('',(-0.,-0.,-1.));
#1671 = PLANE('',#1672);
#1672 = AXIS2_PLACEMENT_3D('',#1673,#1674,#1675);
#1673 = CARTESIAN_POINT('',(59.879440539365,7.257665416975,64.));
#1674 = DIRECTION('',(-0.5,-0.866025403784,0.));
#1675 = DIRECTION('',(0.866025403784,-0.5,0.));
#1676 = ADVANCED_FACE('',(#1677),#1695,.F.);
#1677 = FACE_BOUND('',#1678,.F.);
#1678 = EDGE_LOOP('',(#1679,#1687,#1688,#1689));
#1679 = ORIENTED_EDGE('',*,*,#1680,.F.);
#1680 = EDGE_CURVE('',#1657,#1681,#1683,.T.);
#1681 = VERTEX_POINT('',#1682);
#1682 = CARTESIAN_POINT('',(77.199948615055,7.257665416973,64.));
#1683 = LINE('',#1684,#1685);
#1684 = CARTESIAN_POINT('',(68.53969457721,2.257665416972,64.));
#1685 = VECTOR('',#1686,1.);
#1686 = DIRECTION('',(0.866025403784,0.5,0.));
#1687 = ORIENTED_EDGE('',*,*,#1666,.T.);
#1688 = ORIENTED_EDGE('',*,*,#259,.T.);
#1689 = ORIENTED_EDGE('',*,*,#1690,.F.);
#1690 = EDGE_CURVE('',#1681,#252,#1691,.T.);
#1691 = LINE('',#1692,#1693);
#1692 = CARTESIAN_POINT('',(77.199948615055,7.257665416973,64.));
#1693 = VECTOR('',#1694,1.);
#1694 = DIRECTION('',(-0.,-0.,-1.));
#1695 = PLANE('',#1696);
#1696 = AXIS2_PLACEMENT_3D('',#1697,#1698,#1699);
#1697 = CARTESIAN_POINT('',(68.53969457721,2.257665416972,64.));
#1698 = DIRECTION('',(0.5,-0.866025403784,0.));
#1699 = DIRECTION('',(0.866025403784,0.5,0.));
#1700 = ADVANCED_FACE('',(#1701),#1712,.F.);
#1701 = FACE_BOUND('',#1702,.F.);
#1702 = EDGE_LOOP('',(#1703,#1709,#1710,#1711));
#1703 = ORIENTED_EDGE('',*,*,#1704,.F.);
#1704 = EDGE_CURVE('',#1681,#1578,#1705,.T.);
#1705 = LINE('',#1706,#1707);
#1706 = CARTESIAN_POINT('',(77.199948615055,7.257665416973,64.));
#1707 = VECTOR('',#1708,1.);
#1708 = DIRECTION('',(9.95E-15,1.,0.));
#1709 = ORIENTED_EDGE('',*,*,#1690,.T.);
#1710 = ORIENTED_EDGE('',*,*,#251,.T.);
#1711 = ORIENTED_EDGE('',*,*,#1587,.F.);
#1712 = PLANE('',#1713);
#1713 = AXIS2_PLACEMENT_3D('',#1714,#1715,#1716);
#1714 = CARTESIAN_POINT('',(77.199948615055,7.257665416973,64.));
#1715 = DIRECTION('',(1.,-9.95E-15,0.));
#1716 = DIRECTION('',(9.95E-15,1.,0.));
#1717 = ADVANCED_FACE('',(#1718),#1743,.F.);
#1718 = FACE_BOUND('',#1719,.F.);
#1719 = EDGE_LOOP('',(#1720,#1730,#1736,#1737));
#1720 = ORIENTED_EDGE('',*,*,#1721,.F.);
#1721 = EDGE_CURVE('',#1722,#1724,#1726,.T.);
#1722 = VERTEX_POINT('',#1723);
#1723 = CARTESIAN_POINT('',(-15.930446,46.15,60.));
#1724 = VERTEX_POINT('',#1725);
#1725 = CARTESIAN_POINT('',(-15.930446,12.15,60.));
#1726 = LINE('',#1727,#1728);
#1727 = CARTESIAN_POINT('',(-15.930446,50.15,60.));
#1728 = VECTOR('',#1729,1.);
#1729 = DIRECTION('',(0.,-1.,0.));
#1730 = ORIENTED_EDGE('',*,*,#1731,.T.);
#1731 = EDGE_CURVE('',#1722,#292,#1732,.T.);
#1732 = LINE('',#1733,#1734);
#1733 = CARTESIAN_POINT('',(-15.930446,46.15,60.));
#1734 = VECTOR('',#1735,1.);
#1735 = DIRECTION('',(-0.,-0.,-1.));
#1736 = ORIENTED_EDGE('',*,*,#291,.T.);
#1737 = ORIENTED_EDGE('',*,*,#1738,.F.);
#1738 = EDGE_CURVE('',#1724,#294,#1739,.T.);
#1739 = LINE('',#1740,#1741);
#1740 = CARTESIAN_POINT('',(-15.930446,12.15,60.));
#1741 = VECTOR('',#1742,1.);
#1742 = DIRECTION('',(-0.,-0.,-1.));
#1743 = PLANE('',#1744);
#1744 = AXIS2_PLACEMENT_3D('',#1745,#1746,#1747);
#1745 = CARTESIAN_POINT('',(-15.930446,50.15,60.));
#1746 = DIRECTION('',(-1.,0.,0.));
#1747 = DIRECTION('',(0.,-1.,0.));
#1748 = ADVANCED_FACE('',(#1749),#1768,.F.);
#1749 = FACE_BOUND('',#1750,.F.);
#1750 = EDGE_LOOP('',(#1751,#1760,#1766,#1767));
#1751 = ORIENTED_EDGE('',*,*,#1752,.T.);
#1752 = EDGE_CURVE('',#1722,#1753,#1755,.T.);
#1753 = VERTEX_POINT('',#1754);
#1754 = CARTESIAN_POINT('',(-11.930446,50.15,60.));
#1755 = CIRCLE('',#1756,4.);
#1756 = AXIS2_PLACEMENT_3D('',#1757,#1758,#1759);
#1757 = CARTESIAN_POINT('',(-11.930446,46.15,60.));
#1758 = DIRECTION('',(0.,0.,-1.));
#1759 = DIRECTION('',(0.,1.,0.));
#1760 = ORIENTED_EDGE('',*,*,#1761,.T.);
#1761 = EDGE_CURVE('',#1753,#302,#1762,.T.);
#1762 = LINE('',#1763,#1764);
#1763 = CARTESIAN_POINT('',(-11.930446,50.15,60.));
#1764 = VECTOR('',#1765,1.);
#1765 = DIRECTION('',(-0.,-0.,-1.));
#1766 = ORIENTED_EDGE('',*,*,#301,.F.);
#1767 = ORIENTED_EDGE('',*,*,#1731,.F.);
#1768 = CYLINDRICAL_SURFACE('',#1769,4.);
#1769 = AXIS2_PLACEMENT_3D('',#1770,#1771,#1772);
#1770 = CARTESIAN_POINT('',(-11.930446,46.15,60.));
#1771 = DIRECTION('',(-0.,-0.,-1.));
#1772 = DIRECTION('',(-1.,0.,0.));
#1773 = ADVANCED_FACE('',(#1774),#1793,.F.);
#1774 = FACE_BOUND('',#1775,.T.);
#1775 = EDGE_LOOP('',(#1776,#1785,#1791,#1792));
#1776 = ORIENTED_EDGE('',*,*,#1777,.T.);
#1777 = EDGE_CURVE('',#1724,#1778,#1780,.T.);
#1778 = VERTEX_POINT('',#1779);
#1779 = CARTESIAN_POINT('',(-11.930446,8.15,60.));
#1780 = CIRCLE('',#1781,4.);
#1781 = AXIS2_PLACEMENT_3D('',#1782,#1783,#1784);
#1782 = CARTESIAN_POINT('',(-11.930446,12.15,60.));
#1783 = DIRECTION('',(0.,-0.,1.));
#1784 = DIRECTION('',(0.,1.,0.));
#1785 = ORIENTED_EDGE('',*,*,#1786,.T.);
#1786 = EDGE_CURVE('',#1778,#345,#1787,.T.);
#1787 = LINE('',#1788,#1789);
#1788 = CARTESIAN_POINT('',(-11.930446,8.15,60.));
#1789 = VECTOR('',#1790,1.);
#1790 = DIRECTION('',(-0.,-0.,-1.));
#1791 = ORIENTED_EDGE('',*,*,#352,.F.);
#1792 = ORIENTED_EDGE('',*,*,#1738,.F.);
#1793 = CYLINDRICAL_SURFACE('',#1794,4.);
#1794 = AXIS2_PLACEMENT_3D('',#1795,#1796,#1797);
#1795 = CARTESIAN_POINT('',(-11.930446,12.15,60.));
#1796 = DIRECTION('',(-0.,-0.,-1.));
#1797 = DIRECTION('',(-1.,0.,0.));
#1798 = ADVANCED_FACE('',(#1799),#1817,.F.);
#1799 = FACE_BOUND('',#1800,.F.);
#1800 = EDGE_LOOP('',(#1801,#1809,#1815,#1816));
#1801 = ORIENTED_EDGE('',*,*,#1802,.F.);
#1802 = EDGE_CURVE('',#1803,#1753,#1805,.T.);
#1803 = VERTEX_POINT('',#1804);
#1804 = CARTESIAN_POINT('',(22.069554,50.15,60.));
#1805 = LINE('',#1806,#1807);
#1806 = CARTESIAN_POINT('',(26.069554,50.15,60.));
#1807 = VECTOR('',#1808,1.);
#1808 = DIRECTION('',(-1.,0.,0.));
#1809 = ORIENTED_EDGE('',*,*,#1810,.T.);
#1810 = EDGE_CURVE('',#1803,#311,#1811,.T.);
#1811 = LINE('',#1812,#1813);
#1812 = CARTESIAN_POINT('',(22.069554,50.15,60.));
#1813 = VECTOR('',#1814,1.);
#1814 = DIRECTION('',(-0.,-0.,-1.));
#1815 = ORIENTED_EDGE('',*,*,#310,.T.);
#1816 = ORIENTED_EDGE('',*,*,#1761,.F.);
#1817 = PLANE('',#1818);
#1818 = AXIS2_PLACEMENT_3D('',#1819,#1820,#1821);
#1819 = CARTESIAN_POINT('',(26.069554,50.15,60.));
#1820 = DIRECTION('',(0.,1.,0.));
#1821 = DIRECTION('',(-1.,0.,0.));
#1822 = ADVANCED_FACE('',(#1823),#1841,.F.);
#1823 = FACE_BOUND('',#1824,.F.);
#1824 = EDGE_LOOP('',(#1825,#1833,#1834,#1835));
#1825 = ORIENTED_EDGE('',*,*,#1826,.F.);
#1826 = EDGE_CURVE('',#1778,#1827,#1829,.T.);
#1827 = VERTEX_POINT('',#1828);
#1828 = CARTESIAN_POINT('',(22.069554,8.15,60.));
#1829 = LINE('',#1830,#1831);
#1830 = CARTESIAN_POINT('',(-15.930446,8.15,60.));
#1831 = VECTOR('',#1832,1.);
#1832 = DIRECTION('',(1.,0.,0.));
#1833 = ORIENTED_EDGE('',*,*,#1786,.T.);
#1834 = ORIENTED_EDGE('',*,*,#344,.T.);
#1835 = ORIENTED_EDGE('',*,*,#1836,.F.);
#1836 = EDGE_CURVE('',#1827,#336,#1837,.T.);
#1837 = LINE('',#1838,#1839);
#1838 = CARTESIAN_POINT('',(22.069554,8.15,60.));
#1839 = VECTOR('',#1840,1.);
#1840 = DIRECTION('',(-0.,-0.,-1.));
#1841 = PLANE('',#1842);
#1842 = AXIS2_PLACEMENT_3D('',#1843,#1844,#1845);
#1843 = CARTESIAN_POINT('',(-15.930446,8.15,60.));
#1844 = DIRECTION('',(0.,-1.,0.));
#1845 = DIRECTION('',(1.,0.,0.));
#1846 = ADVANCED_FACE('',(#1847),#1866,.F.);
#1847 = FACE_BOUND('',#1848,.T.);
#1848 = EDGE_LOOP('',(#1849,#1858,#1859,#1860));
#1849 = ORIENTED_EDGE('',*,*,#1850,.T.);
#1850 = EDGE_CURVE('',#1851,#1803,#1853,.T.);
#1851 = VERTEX_POINT('',#1852);
#1852 = CARTESIAN_POINT('',(26.069554,46.15,60.));
#1853 = CIRCLE('',#1854,4.);
#1854 = AXIS2_PLACEMENT_3D('',#1855,#1856,#1857);
#1855 = CARTESIAN_POINT('',(22.069554,46.15,60.));
#1856 = DIRECTION('',(0.,-0.,1.));
#1857 = DIRECTION('',(0.,1.,0.));
#1858 = ORIENTED_EDGE('',*,*,#1810,.T.);
#1859 = ORIENTED_EDGE('',*,*,#318,.F.);
#1860 = ORIENTED_EDGE('',*,*,#1861,.F.);
#1861 = EDGE_CURVE('',#1851,#319,#1862,.T.);
#1862 = LINE('',#1863,#1864);
#1863 = CARTESIAN_POINT('',(26.069554,46.15,60.));
#1864 = VECTOR('',#1865,1.);
#1865 = DIRECTION('',(-0.,-0.,-1.));
#1866 = CYLINDRICAL_SURFACE('',#1867,4.);
#1867 = AXIS2_PLACEMENT_3D('',#1868,#1869,#1870);
#1868 = CARTESIAN_POINT('',(22.069554,46.15,60.));
#1869 = DIRECTION('',(-0.,-0.,-1.));
#1870 = DIRECTION('',(1.,0.,0.));
#1871 = ADVANCED_FACE('',(#1872),#1891,.F.);
#1872 = FACE_BOUND('',#1873,.T.);
#1873 = EDGE_LOOP('',(#1874,#1883,#1889,#1890));
#1874 = ORIENTED_EDGE('',*,*,#1875,.T.);
#1875 = EDGE_CURVE('',#1827,#1876,#1878,.T.);
#1876 = VERTEX_POINT('',#1877);
#1877 = CARTESIAN_POINT('',(26.069554,12.15,60.));
#1878 = CIRCLE('',#1879,4.);
#1879 = AXIS2_PLACEMENT_3D('',#1880,#1881,#1882);
#1880 = CARTESIAN_POINT('',(22.069554,12.15,60.));
#1881 = DIRECTION('',(0.,-0.,1.));
#1882 = DIRECTION('',(0.,1.,0.));
#1883 = ORIENTED_EDGE('',*,*,#1884,.T.);
#1884 = EDGE_CURVE('',#1876,#328,#1885,.T.);
#1885 = LINE('',#1886,#1887);
#1886 = CARTESIAN_POINT('',(26.069554,12.15,60.));
#1887 = VECTOR('',#1888,1.);
#1888 = DIRECTION('',(-0.,-0.,-1.));
#1889 = ORIENTED_EDGE('',*,*,#335,.F.);
#1890 = ORIENTED_EDGE('',*,*,#1836,.F.);
#1891 = CYLINDRICAL_SURFACE('',#1892,4.);
#1892 = AXIS2_PLACEMENT_3D('',#1893,#1894,#1895);
#1893 = CARTESIAN_POINT('',(22.069554,12.15,60.));
#1894 = DIRECTION('',(-0.,-0.,-1.));
#1895 = DIRECTION('',(0.,-1.,0.));
#1896 = ADVANCED_FACE('',(#1897),#1908,.F.);
#1897 = FACE_BOUND('',#1898,.F.);
#1898 = EDGE_LOOP('',(#1899,#1905,#1906,#1907));
#1899 = ORIENTED_EDGE('',*,*,#1900,.F.);
#1900 = EDGE_CURVE('',#1876,#1851,#1901,.T.);
#1901 = LINE('',#1902,#1903);
#1902 = CARTESIAN_POINT('',(26.069554,8.15,60.));
#1903 = VECTOR('',#1904,1.);
#1904 = DIRECTION('',(0.,1.,0.));
#1905 = ORIENTED_EDGE('',*,*,#1884,.T.);
#1906 = ORIENTED_EDGE('',*,*,#327,.T.);
#1907 = ORIENTED_EDGE('',*,*,#1861,.F.);
#1908 = PLANE('',#1909);
#1909 = AXIS2_PLACEMENT_3D('',#1910,#1911,#1912);
#1910 = CARTESIAN_POINT('',(26.069554,8.15,60.));
#1911 = DIRECTION('',(1.,0.,0.));
#1912 = DIRECTION('',(0.,1.,0.));
#1913 = ADVANCED_FACE('',(#1914),#1939,.F.);
#1914 = FACE_BOUND('',#1915,.F.);
#1915 = EDGE_LOOP('',(#1916,#1926,#1932,#1933));
#1916 = ORIENTED_EDGE('',*,*,#1917,.F.);
#1917 = EDGE_CURVE('',#1918,#1920,#1922,.T.);
#1918 = VERTEX_POINT('',#1919);
#1919 = CARTESIAN_POINT('',(47.589552550676,35.236109312669,64.));
#1920 = VERTEX_POINT('',#1921);
#1921 = CARTESIAN_POINT('',(38.929298512832,40.236109312669,64.));
#1922 = LINE('',#1923,#1924);
#1923 = CARTESIAN_POINT('',(47.589552550676,35.236109312669,64.));
#1924 = VECTOR('',#1925,1.);
#1925 = DIRECTION('',(-0.866025403784,0.5,0.));
#1926 = ORIENTED_EDGE('',*,*,#1927,.T.);
#1927 = EDGE_CURVE('',#1918,#362,#1928,.T.);
#1928 = LINE('',#1929,#1930);
#1929 = CARTESIAN_POINT('',(47.589552550676,35.236109312669,64.));
#1930 = VECTOR('',#1931,1.);
#1931 = DIRECTION('',(-0.,-0.,-1.));
#1932 = ORIENTED_EDGE('',*,*,#361,.T.);
#1933 = ORIENTED_EDGE('',*,*,#1934,.F.);
#1934 = EDGE_CURVE('',#1920,#364,#1935,.T.);
#1935 = LINE('',#1936,#1937);
#1936 = CARTESIAN_POINT('',(38.929298512832,40.236109312669,64.));
#1937 = VECTOR('',#1938,1.);
#1938 = DIRECTION('',(-0.,-0.,-1.));
#1939 = PLANE('',#1940);
#1940 = AXIS2_PLACEMENT_3D('',#1941,#1942,#1943);
#1941 = CARTESIAN_POINT('',(47.589552550676,35.236109312669,64.));
#1942 = DIRECTION('',(0.5,0.866025403784,0.));
#1943 = DIRECTION('',(-0.866025403784,0.5,0.));
#1944 = ADVANCED_FACE('',(#1945),#1963,.F.);
#1945 = FACE_BOUND('',#1946,.F.);
#1946 = EDGE_LOOP('',(#1947,#1955,#1956,#1957));
#1947 = ORIENTED_EDGE('',*,*,#1948,.F.);
#1948 = EDGE_CURVE('',#1920,#1949,#1951,.T.);
#1949 = VERTEX_POINT('',#1950);
#1950 = CARTESIAN_POINT('',(30.269044474987,35.236109312669,64.));
#1951 = LINE('',#1952,#1953);
#1952 = CARTESIAN_POINT('',(38.929298512832,40.236109312669,64.));
#1953 = VECTOR('',#1954,1.);
#1954 = DIRECTION('',(-0.866025403784,-0.5,0.));
#1955 = ORIENTED_EDGE('',*,*,#1934,.T.);
#1956 = ORIENTED_EDGE('',*,*,#403,.T.);
#1957 = ORIENTED_EDGE('',*,*,#1958,.F.);
#1958 = EDGE_CURVE('',#1949,#396,#1959,.T.);
#1959 = LINE('',#1960,#1961);
#1960 = CARTESIAN_POINT('',(30.269044474987,35.236109312669,64.));
#1961 = VECTOR('',#1962,1.);
#1962 = DIRECTION('',(-0.,-0.,-1.));
#1963 = PLANE('',#1964);
#1964 = AXIS2_PLACEMENT_3D('',#1965,#1966,#1967);
#1965 = CARTESIAN_POINT('',(38.929298512832,40.236109312669,64.));
#1966 = DIRECTION('',(-0.5,0.866025403784,0.));
#1967 = DIRECTION('',(-0.866025403784,-0.5,0.));
#1968 = ADVANCED_FACE('',(#1969),#1987,.F.);
#1969 = FACE_BOUND('',#1970,.F.);
#1970 = EDGE_LOOP('',(#1971,#1979,#1980,#1981));
#1971 = ORIENTED_EDGE('',*,*,#1972,.F.);
#1972 = EDGE_CURVE('',#1949,#1973,#1975,.T.);
#1973 = VERTEX_POINT('',#1974);
#1974 = CARTESIAN_POINT('',(30.269044474987,25.236109312669,64.));
#1975 = LINE('',#1976,#1977);
#1976 = CARTESIAN_POINT('',(30.269044474987,35.236109312669,64.));
#1977 = VECTOR('',#1978,1.);
#1978 = DIRECTION('',(-2.629E-14,-1.,0.));
#1979 = ORIENTED_EDGE('',*,*,#1958,.T.);
#1980 = ORIENTED_EDGE('',*,*,#395,.T.);
#1981 = ORIENTED_EDGE('',*,*,#1982,.F.);
#1982 = EDGE_CURVE('',#1973,#388,#1983,.T.);
#1983 = LINE('',#1984,#1985);
#1984 = CARTESIAN_POINT('',(30.269044474987,25.236109312669,64.));
#1985 = VECTOR('',#1986,1.);
#1986 = DIRECTION('',(-0.,-0.,-1.));
#1987 = PLANE('',#1988);
#1988 = AXIS2_PLACEMENT_3D('',#1989,#1990,#1991);
#1989 = CARTESIAN_POINT('',(30.269044474987,35.236109312669,64.));
#1990 = DIRECTION('',(-1.,2.629E-14,0.));
#1991 = DIRECTION('',(-2.629E-14,-1.,0.));
#1992 = ADVANCED_FACE('',(#1993),#2011,.F.);
#1993 = FACE_BOUND('',#1994,.F.);
#1994 = EDGE_LOOP('',(#1995,#2003,#2004,#2005));
#1995 = ORIENTED_EDGE('',*,*,#1996,.F.);
#1996 = EDGE_CURVE('',#1973,#1997,#1999,.T.);
#1997 = VERTEX_POINT('',#1998);
#1998 = CARTESIAN_POINT('',(38.929298512832,20.236109312669,64.));
#1999 = LINE('',#2000,#2001);
#2000 = CARTESIAN_POINT('',(30.269044474987,25.236109312669,64.));
#2001 = VECTOR('',#2002,1.);
#2002 = DIRECTION('',(0.866025403784,-0.5,0.));
#2003 = ORIENTED_EDGE('',*,*,#1982,.T.);
#2004 = ORIENTED_EDGE('',*,*,#387,.T.);
#2005 = ORIENTED_EDGE('',*,*,#2006,.F.);
#2006 = EDGE_CURVE('',#1997,#380,#2007,.T.);
#2007 = LINE('',#2008,#2009);
#2008 = CARTESIAN_POINT('',(38.929298512832,20.236109312669,64.));
#2009 = VECTOR('',#2010,1.);
#2010 = DIRECTION('',(-0.,-0.,-1.));
#2011 = PLANE('',#2012);
#2012 = AXIS2_PLACEMENT_3D('',#2013,#2014,#2015);
#2013 = CARTESIAN_POINT('',(30.269044474987,25.236109312669,64.));
#2014 = DIRECTION('',(-0.5,-0.866025403784,0.));
#2015 = DIRECTION('',(0.866025403784,-0.5,0.));
#2016 = ADVANCED_FACE('',(#2017),#2035,.F.);
#2017 = FACE_BOUND('',#2018,.F.);
#2018 = EDGE_LOOP('',(#2019,#2027,#2028,#2029));
#2019 = ORIENTED_EDGE('',*,*,#2020,.F.);
#2020 = EDGE_CURVE('',#1997,#2021,#2023,.T.);
#2021 = VERTEX_POINT('',#2022);
#2022 = CARTESIAN_POINT('',(47.589552550676,25.236109312669,64.));
#2023 = LINE('',#2024,#2025);
#2024 = CARTESIAN_POINT('',(38.929298512832,20.236109312669,64.));
#2025 = VECTOR('',#2026,1.);
#2026 = DIRECTION('',(0.866025403784,0.5,0.));
#2027 = ORIENTED_EDGE('',*,*,#2006,.T.);
#2028 = ORIENTED_EDGE('',*,*,#379,.T.);
#2029 = ORIENTED_EDGE('',*,*,#2030,.F.);
#2030 = EDGE_CURVE('',#2021,#372,#2031,.T.);
#2031 = LINE('',#2032,#2033);
#2032 = CARTESIAN_POINT('',(47.589552550676,25.236109312669,64.));
#2033 = VECTOR('',#2034,1.);
#2034 = DIRECTION('',(-0.,-0.,-1.));
#2035 = PLANE('',#2036);
#2036 = AXIS2_PLACEMENT_3D('',#2037,#2038,#2039);
#2037 = CARTESIAN_POINT('',(38.929298512832,20.236109312669,64.));
#2038 = DIRECTION('',(0.5,-0.866025403784,0.));
#2039 = DIRECTION('',(0.866025403784,0.5,0.));
#2040 = ADVANCED_FACE('',(#2041),#2052,.F.);
#2041 = FACE_BOUND('',#2042,.F.);
#2042 = EDGE_LOOP('',(#2043,#2049,#2050,#2051));
#2043 = ORIENTED_EDGE('',*,*,#2044,.F.);
#2044 = EDGE_CURVE('',#2021,#1918,#2045,.T.);
#2045 = LINE('',#2046,#2047);
#2046 = CARTESIAN_POINT('',(47.589552550676,25.236109312669,64.));
#2047 = VECTOR('',#2048,1.);
#2048 = DIRECTION('',(7.82E-15,1.,0.));
#2049 = ORIENTED_EDGE('',*,*,#2030,.T.);
#2050 = ORIENTED_EDGE('',*,*,#371,.T.);
#2051 = ORIENTED_EDGE('',*,*,#1927,.F.);
#2052 = PLANE('',#2053);
#2053 = AXIS2_PLACEMENT_3D('',#2054,#2055,#2056);
#2054 = CARTESIAN_POINT('',(47.589552550676,25.236109312669,64.));
#2055 = DIRECTION('',(1.,-7.82E-15,0.));
#2056 = DIRECTION('',(7.82E-15,1.,0.));
#2057 = ADVANCED_FACE('',(#2058),#2083,.F.);
#2058 = FACE_BOUND('',#2059,.F.);
#2059 = EDGE_LOOP('',(#2060,#2070,#2076,#2077));
#2060 = ORIENTED_EDGE('',*,*,#2061,.F.);
#2061 = EDGE_CURVE('',#2062,#2064,#2066,.T.);
#2062 = VERTEX_POINT('',#2063);
#2063 = CARTESIAN_POINT('',(67.58468029426,34.794672434112,64.));
#2064 = VERTEX_POINT('',#2065);
#2065 = CARTESIAN_POINT('',(58.924426256416,39.794672434113,64.));
#2066 = LINE('',#2067,#2068);
#2067 = CARTESIAN_POINT('',(67.58468029426,34.794672434112,64.));
#2068 = VECTOR('',#2069,1.);
#2069 = DIRECTION('',(-0.866025403784,0.5,0.));
#2070 = ORIENTED_EDGE('',*,*,#2071,.T.);
#2071 = EDGE_CURVE('',#2062,#412,#2072,.T.);
#2072 = LINE('',#2073,#2074);
#2073 = CARTESIAN_POINT('',(67.58468029426,34.794672434112,64.));
#2074 = VECTOR('',#2075,1.);
#2075 = DIRECTION('',(-0.,-0.,-1.));
#2076 = ORIENTED_EDGE('',*,*,#411,.T.);
#2077 = ORIENTED_EDGE('',*,*,#2078,.F.);
#2078 = EDGE_CURVE('',#2064,#414,#2079,.T.);
#2079 = LINE('',#2080,#2081);
#2080 = CARTESIAN_POINT('',(58.924426256416,39.794672434113,64.));
#2081 = VECTOR('',#2082,1.);
#2082 = DIRECTION('',(-0.,-0.,-1.));
#2083 = PLANE('',#2084);
#2084 = AXIS2_PLACEMENT_3D('',#2085,#2086,#2087);
#2085 = CARTESIAN_POINT('',(67.58468029426,34.794672434112,64.));
#2086 = DIRECTION('',(0.5,0.866025403784,0.));
#2087 = DIRECTION('',(-0.866025403784,0.5,0.));
#2088 = ADVANCED_FACE('',(#2089),#2107,.F.);
#2089 = FACE_BOUND('',#2090,.F.);
#2090 = EDGE_LOOP('',(#2091,#2099,#2100,#2101));
#2091 = ORIENTED_EDGE('',*,*,#2092,.F.);
#2092 = EDGE_CURVE('',#2064,#2093,#2095,.T.);
#2093 = VERTEX_POINT('',#2094);
#2094 = CARTESIAN_POINT('',(50.264172218572,34.794672434113,64.));
#2095 = LINE('',#2096,#2097);
#2096 = CARTESIAN_POINT('',(58.924426256416,39.794672434113,64.));
#2097 = VECTOR('',#2098,1.);
#2098 = DIRECTION('',(-0.866025403784,-0.5,0.));
#2099 = ORIENTED_EDGE('',*,*,#2078,.T.);
#2100 = ORIENTED_EDGE('',*,*,#453,.T.);
#2101 = ORIENTED_EDGE('',*,*,#2102,.F.);
#2102 = EDGE_CURVE('',#2093,#446,#2103,.T.);
#2103 = LINE('',#2104,#2105);
#2104 = CARTESIAN_POINT('',(50.264172218572,34.794672434113,64.));
#2105 = VECTOR('',#2106,1.);
#2106 = DIRECTION('',(-0.,-0.,-1.));
#2107 = PLANE('',#2108);
#2108 = AXIS2_PLACEMENT_3D('',#2109,#2110,#2111);
#2109 = CARTESIAN_POINT('',(58.924426256416,39.794672434113,64.));
#2110 = DIRECTION('',(-0.5,0.866025403784,0.));
#2111 = DIRECTION('',(-0.866025403784,-0.5,0.));
#2112 = ADVANCED_FACE('',(#2113),#2131,.F.);
#2113 = FACE_BOUND('',#2114,.F.);
#2114 = EDGE_LOOP('',(#2115,#2123,#2124,#2125));
#2115 = ORIENTED_EDGE('',*,*,#2116,.F.);
#2116 = EDGE_CURVE('',#2093,#2117,#2119,.T.);
#2117 = VERTEX_POINT('',#2118);
#2118 = CARTESIAN_POINT('',(50.264172218571,24.794672434112,64.));
#2119 = LINE('',#2120,#2121);
#2120 = CARTESIAN_POINT('',(50.264172218572,34.794672434113,64.));
#2121 = VECTOR('',#2122,1.);
#2122 = DIRECTION('',(-7.034E-14,-1.,0.));
#2123 = ORIENTED_EDGE('',*,*,#2102,.T.);
#2124 = ORIENTED_EDGE('',*,*,#445,.T.);
#2125 = ORIENTED_EDGE('',*,*,#2126,.F.);
#2126 = EDGE_CURVE('',#2117,#438,#2127,.T.);
#2127 = LINE('',#2128,#2129);
#2128 = CARTESIAN_POINT('',(50.264172218571,24.794672434112,64.));
#2129 = VECTOR('',#2130,1.);
#2130 = DIRECTION('',(-0.,-0.,-1.));
#2131 = PLANE('',#2132);
#2132 = AXIS2_PLACEMENT_3D('',#2133,#2134,#2135);
#2133 = CARTESIAN_POINT('',(50.264172218572,34.794672434113,64.));
#2134 = DIRECTION('',(-1.,7.034E-14,0.));
#2135 = DIRECTION('',(-7.034E-14,-1.,0.));
#2136 = ADVANCED_FACE('',(#2137),#2155,.F.);
#2137 = FACE_BOUND('',#2138,.F.);
#2138 = EDGE_LOOP('',(#2139,#2147,#2148,#2149));
#2139 = ORIENTED_EDGE('',*,*,#2140,.F.);
#2140 = EDGE_CURVE('',#2117,#2141,#2143,.T.);
#2141 = VERTEX_POINT('',#2142);
#2142 = CARTESIAN_POINT('',(58.924426256416,19.794672434112,64.));
#2143 = LINE('',#2144,#2145);
#2144 = CARTESIAN_POINT('',(50.264172218571,24.794672434112,64.));
#2145 = VECTOR('',#2146,1.);
#2146 = DIRECTION('',(0.866025403784,-0.5,0.));
#2147 = ORIENTED_EDGE('',*,*,#2126,.T.);
#2148 = ORIENTED_EDGE('',*,*,#437,.T.);
#2149 = ORIENTED_EDGE('',*,*,#2150,.F.);
#2150 = EDGE_CURVE('',#2141,#430,#2151,.T.);
#2151 = LINE('',#2152,#2153);
#2152 = CARTESIAN_POINT('',(58.924426256416,19.794672434112,64.));
#2153 = VECTOR('',#2154,1.);
#2154 = DIRECTION('',(-0.,-0.,-1.));
#2155 = PLANE('',#2156);
#2156 = AXIS2_PLACEMENT_3D('',#2157,#2158,#2159);
#2157 = CARTESIAN_POINT('',(50.264172218571,24.794672434112,64.));
#2158 = DIRECTION('',(-0.5,-0.866025403784,0.));
#2159 = DIRECTION('',(0.866025403784,-0.5,0.));
#2160 = ADVANCED_FACE('',(#2161),#2179,.F.);
#2161 = FACE_BOUND('',#2162,.F.);
#2162 = EDGE_LOOP('',(#2163,#2171,#2172,#2173));
#2163 = ORIENTED_EDGE('',*,*,#2164,.F.);
#2164 = EDGE_CURVE('',#2141,#2165,#2167,.T.);
#2165 = VERTEX_POINT('',#2166);
#2166 = CARTESIAN_POINT('',(67.58468029426,24.794672434112,64.));
#2167 = LINE('',#2168,#2169);
#2168 = CARTESIAN_POINT('',(58.924426256416,19.794672434112,64.));
#2169 = VECTOR('',#2170,1.);
#2170 = DIRECTION('',(0.866025403784,0.5,0.));
#2171 = ORIENTED_EDGE('',*,*,#2150,.T.);
#2172 = ORIENTED_EDGE('',*,*,#429,.T.);
#2173 = ORIENTED_EDGE('',*,*,#2174,.F.);
#2174 = EDGE_CURVE('',#2165,#422,#2175,.T.);
#2175 = LINE('',#2176,#2177);
#2176 = CARTESIAN_POINT('',(67.58468029426,24.794672434112,64.));
#2177 = VECTOR('',#2178,1.);
#2178 = DIRECTION('',(-0.,-0.,-1.));
#2179 = PLANE('',#2180);
#2180 = AXIS2_PLACEMENT_3D('',#2181,#2182,#2183);
#2181 = CARTESIAN_POINT('',(58.924426256416,19.794672434112,64.));
#2182 = DIRECTION('',(0.5,-0.866025403784,0.));
#2183 = DIRECTION('',(0.866025403784,0.5,0.));
#2184 = ADVANCED_FACE('',(#2185),#2196,.F.);
#2185 = FACE_BOUND('',#2186,.F.);
#2186 = EDGE_LOOP('',(#2187,#2193,#2194,#2195));
#2187 = ORIENTED_EDGE('',*,*,#2188,.F.);
#2188 = EDGE_CURVE('',#2165,#2062,#2189,.T.);
#2189 = LINE('',#2190,#2191);
#2190 = CARTESIAN_POINT('',(67.58468029426,24.794672434112,64.));
#2191 = VECTOR('',#2192,1.);
#2192 = DIRECTION('',(4.26E-15,1.,0.));
#2193 = ORIENTED_EDGE('',*,*,#2174,.T.);
#2194 = ORIENTED_EDGE('',*,*,#421,.T.);
#2195 = ORIENTED_EDGE('',*,*,#2071,.F.);
#2196 = PLANE('',#2197);
#2197 = AXIS2_PLACEMENT_3D('',#2198,#2199,#2200);
#2198 = CARTESIAN_POINT('',(67.58468029426,24.794672434112,64.));
#2199 = DIRECTION('',(1.,-4.26E-15,0.));
#2200 = DIRECTION('',(4.26E-15,1.,0.));
#2201 = ADVANCED_FACE('',(#2202),#2227,.F.);
#2202 = FACE_BOUND('',#2203,.F.);
#2203 = EDGE_LOOP('',(#2204,#2214,#2220,#2221));
#2204 = ORIENTED_EDGE('',*,*,#2205,.F.);
#2205 = EDGE_CURVE('',#2206,#2208,#2210,.T.);
#2206 = VERTEX_POINT('',#2207);
#2207 = CARTESIAN_POINT('',(87.579808037845,34.353235555555,64.));
#2208 = VERTEX_POINT('',#2209);
#2209 = CARTESIAN_POINT('',(78.919554000001,39.353235555558,64.));
#2210 = LINE('',#2211,#2212);
#2211 = CARTESIAN_POINT('',(87.579808037845,34.353235555555,64.));
#2212 = VECTOR('',#2213,1.);
#2213 = DIRECTION('',(-0.866025403784,0.5,0.));
#2214 = ORIENTED_EDGE('',*,*,#2215,.T.);
#2215 = EDGE_CURVE('',#2206,#462,#2216,.T.);
#2216 = LINE('',#2217,#2218);
#2217 = CARTESIAN_POINT('',(87.579808037845,34.353235555555,64.));
#2218 = VECTOR('',#2219,1.);
#2219 = DIRECTION('',(-0.,-0.,-1.));
#2220 = ORIENTED_EDGE('',*,*,#461,.T.);
#2221 = ORIENTED_EDGE('',*,*,#2222,.F.);
#2222 = EDGE_CURVE('',#2208,#464,#2223,.T.);
#2223 = LINE('',#2224,#2225);
#2224 = CARTESIAN_POINT('',(78.919554000001,39.353235555558,64.));
#2225 = VECTOR('',#2226,1.);
#2226 = DIRECTION('',(-0.,-0.,-1.));
#2227 = PLANE('',#2228);
#2228 = AXIS2_PLACEMENT_3D('',#2229,#2230,#2231);
#2229 = CARTESIAN_POINT('',(87.579808037845,34.353235555555,64.));
#2230 = DIRECTION('',(0.5,0.866025403784,0.));
#2231 = DIRECTION('',(-0.866025403784,0.5,0.));
#2232 = ADVANCED_FACE('',(#2233),#2251,.F.);
#2233 = FACE_BOUND('',#2234,.F.);
#2234 = EDGE_LOOP('',(#2235,#2243,#2244,#2245));
#2235 = ORIENTED_EDGE('',*,*,#2236,.F.);
#2236 = EDGE_CURVE('',#2208,#2237,#2239,.T.);
#2237 = VERTEX_POINT('',#2238);
#2238 = CARTESIAN_POINT('',(70.259299962156,34.353235555557,64.));
#2239 = LINE('',#2240,#2241);
#2240 = CARTESIAN_POINT('',(78.919554000001,39.353235555558,64.));
#2241 = VECTOR('',#2242,1.);
#2242 = DIRECTION('',(-0.866025403784,-0.5,0.));
#2243 = ORIENTED_EDGE('',*,*,#2222,.T.);
#2244 = ORIENTED_EDGE('',*,*,#503,.T.);
#2245 = ORIENTED_EDGE('',*,*,#2246,.F.);
#2246 = EDGE_CURVE('',#2237,#496,#2247,.T.);
#2247 = LINE('',#2248,#2249);
#2248 = CARTESIAN_POINT('',(70.259299962156,34.353235555557,64.));
#2249 = VECTOR('',#2250,1.);
#2250 = DIRECTION('',(-0.,-0.,-1.));
#2251 = PLANE('',#2252);
#2252 = AXIS2_PLACEMENT_3D('',#2253,#2254,#2255);
#2253 = CARTESIAN_POINT('',(78.919554000001,39.353235555558,64.));
#2254 = DIRECTION('',(-0.5,0.866025403784,0.));
#2255 = DIRECTION('',(-0.866025403784,-0.5,0.));
#2256 = ADVANCED_FACE('',(#2257),#2275,.F.);
#2257 = FACE_BOUND('',#2258,.F.);
#2258 = EDGE_LOOP('',(#2259,#2267,#2268,#2269));
#2259 = ORIENTED_EDGE('',*,*,#2260,.F.);
#2260 = EDGE_CURVE('',#2237,#2261,#2263,.T.);
#2261 = VERTEX_POINT('',#2262);
#2262 = CARTESIAN_POINT('',(70.259299962154,24.353235555555,64.));
#2263 = LINE('',#2264,#2265);
#2264 = CARTESIAN_POINT('',(70.259299962156,34.353235555557,64.));
#2265 = VECTOR('',#2266,1.);
#2266 = DIRECTION('',(-1.9611E-13,-1.,0.));
#2267 = ORIENTED_EDGE('',*,*,#2246,.T.);
#2268 = ORIENTED_EDGE('',*,*,#495,.T.);
#2269 = ORIENTED_EDGE('',*,*,#2270,.F.);
#2270 = EDGE_CURVE('',#2261,#488,#2271,.T.);
#2271 = LINE('',#2272,#2273);
#2272 = CARTESIAN_POINT('',(70.259299962154,24.353235555555,64.));
#2273 = VECTOR('',#2274,1.);
#2274 = DIRECTION('',(-0.,-0.,-1.));
#2275 = PLANE('',#2276);
#2276 = AXIS2_PLACEMENT_3D('',#2277,#2278,#2279);
#2277 = CARTESIAN_POINT('',(70.259299962156,34.353235555557,64.));
#2278 = DIRECTION('',(-1.,1.9611E-13,0.));
#2279 = DIRECTION('',(-1.9611E-13,-1.,0.));
#2280 = ADVANCED_FACE('',(#2281),#2299,.F.);
#2281 = FACE_BOUND('',#2282,.F.);
#2282 = EDGE_LOOP('',(#2283,#2291,#2292,#2293));
#2283 = ORIENTED_EDGE('',*,*,#2284,.F.);
#2284 = EDGE_CURVE('',#2261,#2285,#2287,.T.);
#2285 = VERTEX_POINT('',#2286);
#2286 = CARTESIAN_POINT('',(78.919554,19.353235555553,64.));
#2287 = LINE('',#2288,#2289);
#2288 = CARTESIAN_POINT('',(70.259299962154,24.353235555555,64.));
#2289 = VECTOR('',#2290,1.);
#2290 = DIRECTION('',(0.866025403784,-0.5,0.));
#2291 = ORIENTED_EDGE('',*,*,#2270,.T.);
#2292 = ORIENTED_EDGE('',*,*,#487,.T.);
#2293 = ORIENTED_EDGE('',*,*,#2294,.F.);
#2294 = EDGE_CURVE('',#2285,#480,#2295,.T.);
#2295 = LINE('',#2296,#2297);
#2296 = CARTESIAN_POINT('',(78.919554,19.353235555553,64.));
#2297 = VECTOR('',#2298,1.);
#2298 = DIRECTION('',(-0.,-0.,-1.));
#2299 = PLANE('',#2300);
#2300 = AXIS2_PLACEMENT_3D('',#2301,#2302,#2303);
#2301 = CARTESIAN_POINT('',(70.259299962154,24.353235555555,64.));
#2302 = DIRECTION('',(-0.5,-0.866025403784,0.));
#2303 = DIRECTION('',(0.866025403784,-0.5,0.));
#2304 = ADVANCED_FACE('',(#2305),#2323,.F.);
#2305 = FACE_BOUND('',#2306,.F.);
#2306 = EDGE_LOOP('',(#2307,#2315,#2316,#2317));
#2307 = ORIENTED_EDGE('',*,*,#2308,.F.);
#2308 = EDGE_CURVE('',#2285,#2309,#2311,.T.);
#2309 = VERTEX_POINT('',#2310);
#2310 = CARTESIAN_POINT('',(87.579808037845,24.353235555554,64.));
#2311 = LINE('',#2312,#2313);
#2312 = CARTESIAN_POINT('',(78.919554,19.353235555553,64.));
#2313 = VECTOR('',#2314,1.);
#2314 = DIRECTION('',(0.866025403784,0.5,0.));
#2315 = ORIENTED_EDGE('',*,*,#2294,.T.);
#2316 = ORIENTED_EDGE('',*,*,#479,.T.);
#2317 = ORIENTED_EDGE('',*,*,#2318,.F.);
#2318 = EDGE_CURVE('',#2309,#472,#2319,.T.);
#2319 = LINE('',#2320,#2321);
#2320 = CARTESIAN_POINT('',(87.579808037845,24.353235555554,64.));
#2321 = VECTOR('',#2322,1.);
#2322 = DIRECTION('',(-0.,-0.,-1.));
#2323 = PLANE('',#2324);
#2324 = AXIS2_PLACEMENT_3D('',#2325,#2326,#2327);
#2325 = CARTESIAN_POINT('',(78.919554,19.353235555553,64.));
#2326 = DIRECTION('',(0.5,-0.866025403784,0.));
#2327 = DIRECTION('',(0.866025403784,0.5,0.));
#2328 = ADVANCED_FACE('',(#2329),#2340,.F.);
#2329 = FACE_BOUND('',#2330,.F.);
#2330 = EDGE_LOOP('',(#2331,#2337,#2338,#2339));
#2331 = ORIENTED_EDGE('',*,*,#2332,.F.);
#2332 = EDGE_CURVE('',#2309,#2206,#2333,.T.);
#2333 = LINE('',#2334,#2335);
#2334 = CARTESIAN_POINT('',(87.579808037845,24.353235555554,64.));
#2335 = VECTOR('',#2336,1.);
#2336 = DIRECTION('',(1.42E-15,1.,0.));
#2337 = ORIENTED_EDGE('',*,*,#2318,.T.);
#2338 = ORIENTED_EDGE('',*,*,#471,.T.);
#2339 = ORIENTED_EDGE('',*,*,#2215,.F.);
#2340 = PLANE('',#2341);
#2341 = AXIS2_PLACEMENT_3D('',#2342,#2343,#2344);
#2342 = CARTESIAN_POINT('',(87.579808037845,24.353235555554,64.));
#2343 = DIRECTION('',(1.,-1.42E-15,0.));
#2344 = DIRECTION('',(1.42E-15,1.,0.));
#2345 = ADVANCED_FACE('',(#2346),#2371,.F.);
#2346 = FACE_BOUND('',#2347,.F.);
#2347 = EDGE_LOOP('',(#2348,#2358,#2364,#2365));
#2348 = ORIENTED_EDGE('',*,*,#2349,.F.);
#2349 = EDGE_CURVE('',#2350,#2352,#2354,.T.);
#2350 = VERTEX_POINT('',#2351);
#2351 = CARTESIAN_POINT('',(-60.42019196215,27.620664444444,64.));
#2352 = VERTEX_POINT('',#2353);
#2353 = CARTESIAN_POINT('',(-60.42019196215,37.620664444444,64.));
#2354 = LINE('',#2355,#2356);
#2355 = CARTESIAN_POINT('',(-60.42019196215,27.620664444444,64.));
#2356 = VECTOR('',#2357,1.);
#2357 = DIRECTION('',(0.,1.,0.));
#2358 = ORIENTED_EDGE('',*,*,#2359,.T.);
#2359 = EDGE_CURVE('',#2350,#512,#2360,.T.);
#2360 = LINE('',#2361,#2362);
#2361 = CARTESIAN_POINT('',(-60.42019196215,27.620664444444,64.));
#2362 = VECTOR('',#2363,1.);
#2363 = DIRECTION('',(-0.,-0.,-1.));
#2364 = ORIENTED_EDGE('',*,*,#511,.T.);
#2365 = ORIENTED_EDGE('',*,*,#2366,.F.);
#2366 = EDGE_CURVE('',#2352,#514,#2367,.T.);
#2367 = LINE('',#2368,#2369);
#2368 = CARTESIAN_POINT('',(-60.42019196215,37.620664444444,64.));
#2369 = VECTOR('',#2370,1.);
#2370 = DIRECTION('',(-0.,-0.,-1.));
#2371 = PLANE('',#2372);
#2372 = AXIS2_PLACEMENT_3D('',#2373,#2374,#2375);
#2373 = CARTESIAN_POINT('',(-60.42019196215,27.620664444444,64.));
#2374 = DIRECTION('',(1.,0.,0.));
#2375 = DIRECTION('',(-0.,1.,0.));
#2376 = ADVANCED_FACE('',(#2377),#2395,.F.);
#2377 = FACE_BOUND('',#2378,.F.);
#2378 = EDGE_LOOP('',(#2379,#2387,#2388,#2389));
#2379 = ORIENTED_EDGE('',*,*,#2380,.F.);
#2380 = EDGE_CURVE('',#2352,#2381,#2383,.T.);
#2381 = VERTEX_POINT('',#2382);
#2382 = CARTESIAN_POINT('',(-69.080446,42.620664444444,64.));
#2383 = LINE('',#2384,#2385);
#2384 = CARTESIAN_POINT('',(-60.42019196215,37.620664444444,64.));
#2385 = VECTOR('',#2386,1.);
#2386 = DIRECTION('',(-0.866025403784,0.5,0.));
#2387 = ORIENTED_EDGE('',*,*,#2366,.T.);
#2388 = ORIENTED_EDGE('',*,*,#553,.T.);
#2389 = ORIENTED_EDGE('',*,*,#2390,.F.);
#2390 = EDGE_CURVE('',#2381,#546,#2391,.T.);
#2391 = LINE('',#2392,#2393);
#2392 = CARTESIAN_POINT('',(-69.080446,42.620664444444,64.));
#2393 = VECTOR('',#2394,1.);
#2394 = DIRECTION('',(-0.,-0.,-1.));
#2395 = PLANE('',#2396);
#2396 = AXIS2_PLACEMENT_3D('',#2397,#2398,#2399);
#2397 = CARTESIAN_POINT('',(-60.42019196215,37.620664444444,64.));
#2398 = DIRECTION('',(0.5,0.866025403784,0.));
#2399 = DIRECTION('',(-0.866025403784,0.5,0.));
#2400 = ADVANCED_FACE('',(#2401),#2419,.F.);
#2401 = FACE_BOUND('',#2402,.F.);
#2402 = EDGE_LOOP('',(#2403,#2411,#2412,#2413));
#2403 = ORIENTED_EDGE('',*,*,#2404,.F.);
#2404 = EDGE_CURVE('',#2381,#2405,#2407,.T.);
#2405 = VERTEX_POINT('',#2406);
#2406 = CARTESIAN_POINT('',(-77.74070003784,37.620664444444,64.));
#2407 = LINE('',#2408,#2409);
#2408 = CARTESIAN_POINT('',(-69.080446,42.620664444444,64.));
#2409 = VECTOR('',#2410,1.);
#2410 = DIRECTION('',(-0.866025403784,-0.5,0.));
#2411 = ORIENTED_EDGE('',*,*,#2390,.T.);
#2412 = ORIENTED_EDGE('',*,*,#545,.T.);
#2413 = ORIENTED_EDGE('',*,*,#2414,.F.);
#2414 = EDGE_CURVE('',#2405,#538,#2415,.T.);
#2415 = LINE('',#2416,#2417);
#2416 = CARTESIAN_POINT('',(-77.74070003784,37.620664444444,64.));
#2417 = VECTOR('',#2418,1.);
#2418 = DIRECTION('',(-0.,-0.,-1.));
#2419 = PLANE('',#2420);
#2420 = AXIS2_PLACEMENT_3D('',#2421,#2422,#2423);
#2421 = CARTESIAN_POINT('',(-69.080446,42.620664444444,64.));
#2422 = DIRECTION('',(-0.5,0.866025403784,0.));
#2423 = DIRECTION('',(-0.866025403784,-0.5,0.));
#2424 = ADVANCED_FACE('',(#2425),#2443,.F.);
#2425 = FACE_BOUND('',#2426,.F.);
#2426 = EDGE_LOOP('',(#2427,#2435,#2436,#2437));
#2427 = ORIENTED_EDGE('',*,*,#2428,.F.);
#2428 = EDGE_CURVE('',#2405,#2429,#2431,.T.);
#2429 = VERTEX_POINT('',#2430);
#2430 = CARTESIAN_POINT('',(-77.74070003784,27.620664444444,64.));
#2431 = LINE('',#2432,#2433);
#2432 = CARTESIAN_POINT('',(-77.74070003784,37.620664444444,64.));
#2433 = VECTOR('',#2434,1.);
#2434 = DIRECTION('',(0.,-1.,0.));
#2435 = ORIENTED_EDGE('',*,*,#2414,.T.);
#2436 = ORIENTED_EDGE('',*,*,#537,.T.);
#2437 = ORIENTED_EDGE('',*,*,#2438,.F.);
#2438 = EDGE_CURVE('',#2429,#530,#2439,.T.);
#2439 = LINE('',#2440,#2441);
#2440 = CARTESIAN_POINT('',(-77.74070003784,27.620664444444,64.));
#2441 = VECTOR('',#2442,1.);
#2442 = DIRECTION('',(-0.,-0.,-1.));
#2443 = PLANE('',#2444);
#2444 = AXIS2_PLACEMENT_3D('',#2445,#2446,#2447);
#2445 = CARTESIAN_POINT('',(-77.74070003784,37.620664444444,64.));
#2446 = DIRECTION('',(-1.,0.,0.));
#2447 = DIRECTION('',(0.,-1.,0.));
#2448 = ADVANCED_FACE('',(#2449),#2467,.F.);
#2449 = FACE_BOUND('',#2450,.F.);
#2450 = EDGE_LOOP('',(#2451,#2459,#2460,#2461));
#2451 = ORIENTED_EDGE('',*,*,#2452,.F.);
#2452 = EDGE_CURVE('',#2429,#2453,#2455,.T.);
#2453 = VERTEX_POINT('',#2454);
#2454 = CARTESIAN_POINT('',(-69.080446,22.620664444444,64.));
#2455 = LINE('',#2456,#2457);
#2456 = CARTESIAN_POINT('',(-77.74070003784,27.620664444444,64.));
#2457 = VECTOR('',#2458,1.);
#2458 = DIRECTION('',(0.866025403784,-0.5,0.));
#2459 = ORIENTED_EDGE('',*,*,#2438,.T.);
#2460 = ORIENTED_EDGE('',*,*,#529,.T.);
#2461 = ORIENTED_EDGE('',*,*,#2462,.F.);
#2462 = EDGE_CURVE('',#2453,#522,#2463,.T.);
#2463 = LINE('',#2464,#2465);
#2464 = CARTESIAN_POINT('',(-69.080446,22.620664444444,64.));
#2465 = VECTOR('',#2466,1.);
#2466 = DIRECTION('',(-0.,-0.,-1.));
#2467 = PLANE('',#2468);
#2468 = AXIS2_PLACEMENT_3D('',#2469,#2470,#2471);
#2469 = CARTESIAN_POINT('',(-77.74070003784,27.620664444444,64.));
#2470 = DIRECTION('',(-0.5,-0.866025403784,0.));
#2471 = DIRECTION('',(0.866025403784,-0.5,0.));
#2472 = ADVANCED_FACE('',(#2473),#2484,.F.);
#2473 = FACE_BOUND('',#2474,.F.);
#2474 = EDGE_LOOP('',(#2475,#2481,#2482,#2483));
#2475 = ORIENTED_EDGE('',*,*,#2476,.F.);
#2476 = EDGE_CURVE('',#2453,#2350,#2477,.T.);
#2477 = LINE('',#2478,#2479);
#2478 = CARTESIAN_POINT('',(-69.080446,22.620664444444,64.));
#2479 = VECTOR('',#2480,1.);
#2480 = DIRECTION('',(0.866025403784,0.5,0.));
#2481 = ORIENTED_EDGE('',*,*,#2462,.T.);
#2482 = ORIENTED_EDGE('',*,*,#521,.T.);
#2483 = ORIENTED_EDGE('',*,*,#2359,.F.);
#2484 = PLANE('',#2485);
#2485 = AXIS2_PLACEMENT_3D('',#2486,#2487,#2488);
#2486 = CARTESIAN_POINT('',(-69.080446,22.620664444444,64.));
#2487 = DIRECTION('',(0.5,-0.866025403784,0.));
#2488 = DIRECTION('',(0.866025403784,0.5,0.));
#2489 = ADVANCED_FACE('',(#2490),#2515,.F.);
#2490 = FACE_BOUND('',#2491,.F.);
#2491 = EDGE_LOOP('',(#2492,#2502,#2508,#2509));
#2492 = ORIENTED_EDGE('',*,*,#2493,.F.);
#2493 = EDGE_CURVE('',#2494,#2496,#2498,.T.);
#2494 = VERTEX_POINT('',#2495);
#2495 = CARTESIAN_POINT('',(-40.42506421857,37.179227565888,64.));
#2496 = VERTEX_POINT('',#2497);
#2497 = CARTESIAN_POINT('',(-49.08531825641,42.179227565888,64.));
#2498 = LINE('',#2499,#2500);
#2499 = CARTESIAN_POINT('',(-40.42506421857,37.179227565888,64.));
#2500 = VECTOR('',#2501,1.);
#2501 = DIRECTION('',(-0.866025403784,0.5,0.));
#2502 = ORIENTED_EDGE('',*,*,#2503,.T.);
#2503 = EDGE_CURVE('',#2494,#562,#2504,.T.);
#2504 = LINE('',#2505,#2506);
#2505 = CARTESIAN_POINT('',(-40.42506421857,37.179227565888,64.));
#2506 = VECTOR('',#2507,1.);
#2507 = DIRECTION('',(-0.,-0.,-1.));
#2508 = ORIENTED_EDGE('',*,*,#561,.T.);
#2509 = ORIENTED_EDGE('',*,*,#2510,.F.);
#2510 = EDGE_CURVE('',#2496,#564,#2511,.T.);
#2511 = LINE('',#2512,#2513);
#2512 = CARTESIAN_POINT('',(-49.08531825641,42.179227565888,64.));
#2513 = VECTOR('',#2514,1.);
#2514 = DIRECTION('',(-0.,-0.,-1.));
#2515 = PLANE('',#2516);
#2516 = AXIS2_PLACEMENT_3D('',#2517,#2518,#2519);
#2517 = CARTESIAN_POINT('',(-40.42506421857,37.179227565888,64.));
#2518 = DIRECTION('',(0.5,0.866025403784,0.));
#2519 = DIRECTION('',(-0.866025403784,0.5,0.));
#2520 = ADVANCED_FACE('',(#2521),#2539,.F.);
#2521 = FACE_BOUND('',#2522,.F.);
#2522 = EDGE_LOOP('',(#2523,#2531,#2532,#2533));
#2523 = ORIENTED_EDGE('',*,*,#2524,.F.);
#2524 = EDGE_CURVE('',#2496,#2525,#2527,.T.);
#2525 = VERTEX_POINT('',#2526);
#2526 = CARTESIAN_POINT('',(-57.74557229426,37.179227565888,64.));
#2527 = LINE('',#2528,#2529);
#2528 = CARTESIAN_POINT('',(-49.08531825641,42.179227565888,64.));
#2529 = VECTOR('',#2530,1.);
#2530 = DIRECTION('',(-0.866025403784,-0.5,0.));
#2531 = ORIENTED_EDGE('',*,*,#2510,.T.);
#2532 = ORIENTED_EDGE('',*,*,#603,.T.);
#2533 = ORIENTED_EDGE('',*,*,#2534,.F.);
#2534 = EDGE_CURVE('',#2525,#596,#2535,.T.);
#2535 = LINE('',#2536,#2537);
#2536 = CARTESIAN_POINT('',(-57.74557229426,37.179227565888,64.));
#2537 = VECTOR('',#2538,1.);
#2538 = DIRECTION('',(-0.,-0.,-1.));
#2539 = PLANE('',#2540);
#2540 = AXIS2_PLACEMENT_3D('',#2541,#2542,#2543);
#2541 = CARTESIAN_POINT('',(-49.08531825641,42.179227565888,64.));
#2542 = DIRECTION('',(-0.5,0.866025403784,0.));
#2543 = DIRECTION('',(-0.866025403784,-0.5,0.));
#2544 = ADVANCED_FACE('',(#2545),#2563,.F.);
#2545 = FACE_BOUND('',#2546,.F.);
#2546 = EDGE_LOOP('',(#2547,#2555,#2556,#2557));
#2547 = ORIENTED_EDGE('',*,*,#2548,.F.);
#2548 = EDGE_CURVE('',#2525,#2549,#2551,.T.);
#2549 = VERTEX_POINT('',#2550);
#2550 = CARTESIAN_POINT('',(-57.74557229426,27.179227565888,64.));
#2551 = LINE('',#2552,#2553);
#2552 = CARTESIAN_POINT('',(-57.74557229426,37.179227565888,64.));
#2553 = VECTOR('',#2554,1.);
#2554 = DIRECTION('',(0.,-1.,0.));
#2555 = ORIENTED_EDGE('',*,*,#2534,.T.);
#2556 = ORIENTED_EDGE('',*,*,#595,.T.);
#2557 = ORIENTED_EDGE('',*,*,#2558,.F.);
#2558 = EDGE_CURVE('',#2549,#588,#2559,.T.);
#2559 = LINE('',#2560,#2561);
#2560 = CARTESIAN_POINT('',(-57.74557229426,27.179227565888,64.));
#2561 = VECTOR('',#2562,1.);
#2562 = DIRECTION('',(-0.,-0.,-1.));
#2563 = PLANE('',#2564);
#2564 = AXIS2_PLACEMENT_3D('',#2565,#2566,#2567);
#2565 = CARTESIAN_POINT('',(-57.74557229426,37.179227565888,64.));
#2566 = DIRECTION('',(-1.,0.,0.));
#2567 = DIRECTION('',(0.,-1.,0.));
#2568 = ADVANCED_FACE('',(#2569),#2587,.F.);
#2569 = FACE_BOUND('',#2570,.F.);
#2570 = EDGE_LOOP('',(#2571,#2579,#2580,#2581));
#2571 = ORIENTED_EDGE('',*,*,#2572,.F.);
#2572 = EDGE_CURVE('',#2549,#2573,#2575,.T.);
#2573 = VERTEX_POINT('',#2574);
#2574 = CARTESIAN_POINT('',(-49.08531825641,22.179227565888,64.));
#2575 = LINE('',#2576,#2577);
#2576 = CARTESIAN_POINT('',(-57.74557229426,27.179227565888,64.));
#2577 = VECTOR('',#2578,1.);
#2578 = DIRECTION('',(0.866025403784,-0.5,0.));
#2579 = ORIENTED_EDGE('',*,*,#2558,.T.);
#2580 = ORIENTED_EDGE('',*,*,#587,.T.);
#2581 = ORIENTED_EDGE('',*,*,#2582,.F.);
#2582 = EDGE_CURVE('',#2573,#580,#2583,.T.);
#2583 = LINE('',#2584,#2585);
#2584 = CARTESIAN_POINT('',(-49.08531825641,22.179227565888,64.));
#2585 = VECTOR('',#2586,1.);
#2586 = DIRECTION('',(-0.,-0.,-1.));
#2587 = PLANE('',#2588);
#2588 = AXIS2_PLACEMENT_3D('',#2589,#2590,#2591);
#2589 = CARTESIAN_POINT('',(-57.74557229426,27.179227565888,64.));
#2590 = DIRECTION('',(-0.5,-0.866025403784,0.));
#2591 = DIRECTION('',(0.866025403784,-0.5,0.));
#2592 = ADVANCED_FACE('',(#2593),#2611,.F.);
#2593 = FACE_BOUND('',#2594,.F.);
#2594 = EDGE_LOOP('',(#2595,#2603,#2604,#2605));
#2595 = ORIENTED_EDGE('',*,*,#2596,.F.);
#2596 = EDGE_CURVE('',#2573,#2597,#2599,.T.);
#2597 = VERTEX_POINT('',#2598);
#2598 = CARTESIAN_POINT('',(-40.42506421857,27.179227565888,64.));
#2599 = LINE('',#2600,#2601);
#2600 = CARTESIAN_POINT('',(-49.08531825641,22.179227565888,64.));
#2601 = VECTOR('',#2602,1.);
#2602 = DIRECTION('',(0.866025403784,0.5,0.));
#2603 = ORIENTED_EDGE('',*,*,#2582,.T.);
#2604 = ORIENTED_EDGE('',*,*,#579,.T.);
#2605 = ORIENTED_EDGE('',*,*,#2606,.F.);
#2606 = EDGE_CURVE('',#2597,#572,#2607,.T.);
#2607 = LINE('',#2608,#2609);
#2608 = CARTESIAN_POINT('',(-40.42506421857,27.179227565888,64.));
#2609 = VECTOR('',#2610,1.);
#2610 = DIRECTION('',(-0.,-0.,-1.));
#2611 = PLANE('',#2612);
#2612 = AXIS2_PLACEMENT_3D('',#2613,#2614,#2615);
#2613 = CARTESIAN_POINT('',(-49.08531825641,22.179227565888,64.));
#2614 = DIRECTION('',(0.5,-0.866025403784,0.));
#2615 = DIRECTION('',(0.866025403784,0.5,0.));
#2616 = ADVANCED_FACE('',(#2617),#2628,.F.);
#2617 = FACE_BOUND('',#2618,.F.);
#2618 = EDGE_LOOP('',(#2619,#2625,#2626,#2627));
#2619 = ORIENTED_EDGE('',*,*,#2620,.F.);
#2620 = EDGE_CURVE('',#2597,#2494,#2621,.T.);
#2621 = LINE('',#2622,#2623);
#2622 = CARTESIAN_POINT('',(-40.42506421857,27.179227565888,64.));
#2623 = VECTOR('',#2624,1.);
#2624 = DIRECTION('',(0.,1.,0.));
#2625 = ORIENTED_EDGE('',*,*,#2606,.T.);
#2626 = ORIENTED_EDGE('',*,*,#571,.T.);
#2627 = ORIENTED_EDGE('',*,*,#2503,.F.);
#2628 = PLANE('',#2629);
#2629 = AXIS2_PLACEMENT_3D('',#2630,#2631,#2632);
#2630 = CARTESIAN_POINT('',(-40.42506421857,27.179227565888,64.));
#2631 = DIRECTION('',(1.,0.,0.));
#2632 = DIRECTION('',(-0.,1.,0.));
#2633 = ADVANCED_FACE('',(#2634),#2659,.F.);
#2634 = FACE_BOUND('',#2635,.F.);
#2635 = EDGE_LOOP('',(#2636,#2646,#2652,#2653));
#2636 = ORIENTED_EDGE('',*,*,#2637,.F.);
#2637 = EDGE_CURVE('',#2638,#2640,#2642,.T.);
#2638 = VERTEX_POINT('',#2639);
#2639 = CARTESIAN_POINT('',(-20.42993647498,36.737790687331,64.));
#2640 = VERTEX_POINT('',#2641);
#2641 = CARTESIAN_POINT('',(-29.09019051283,41.737790687331,64.));
#2642 = LINE('',#2643,#2644);
#2643 = CARTESIAN_POINT('',(-20.42993647498,36.737790687331,64.));
#2644 = VECTOR('',#2645,1.);
#2645 = DIRECTION('',(-0.866025403784,0.5,0.));
#2646 = ORIENTED_EDGE('',*,*,#2647,.T.);
#2647 = EDGE_CURVE('',#2638,#612,#2648,.T.);
#2648 = LINE('',#2649,#2650);
#2649 = CARTESIAN_POINT('',(-20.42993647498,36.737790687331,64.));
#2650 = VECTOR('',#2651,1.);
#2651 = DIRECTION('',(-0.,-0.,-1.));
#2652 = ORIENTED_EDGE('',*,*,#611,.T.);
#2653 = ORIENTED_EDGE('',*,*,#2654,.F.);
#2654 = EDGE_CURVE('',#2640,#614,#2655,.T.);
#2655 = LINE('',#2656,#2657);
#2656 = CARTESIAN_POINT('',(-29.09019051283,41.737790687331,64.));
#2657 = VECTOR('',#2658,1.);
#2658 = DIRECTION('',(-0.,-0.,-1.));
#2659 = PLANE('',#2660);
#2660 = AXIS2_PLACEMENT_3D('',#2661,#2662,#2663);
#2661 = CARTESIAN_POINT('',(-20.42993647498,36.737790687331,64.));
#2662 = DIRECTION('',(0.5,0.866025403784,0.));
#2663 = DIRECTION('',(-0.866025403784,0.5,0.));
#2664 = ADVANCED_FACE('',(#2665),#2683,.F.);
#2665 = FACE_BOUND('',#2666,.F.);
#2666 = EDGE_LOOP('',(#2667,#2675,#2676,#2677));
#2667 = ORIENTED_EDGE('',*,*,#2668,.F.);
#2668 = EDGE_CURVE('',#2640,#2669,#2671,.T.);
#2669 = VERTEX_POINT('',#2670);
#2670 = CARTESIAN_POINT('',(-37.75044455067,36.737790687331,64.));
#2671 = LINE('',#2672,#2673);
#2672 = CARTESIAN_POINT('',(-29.09019051283,41.737790687331,64.));
#2673 = VECTOR('',#2674,1.);
#2674 = DIRECTION('',(-0.866025403784,-0.5,0.));
#2675 = ORIENTED_EDGE('',*,*,#2654,.T.);
#2676 = ORIENTED_EDGE('',*,*,#653,.T.);
#2677 = ORIENTED_EDGE('',*,*,#2678,.F.);
#2678 = EDGE_CURVE('',#2669,#646,#2679,.T.);
#2679 = LINE('',#2680,#2681);
#2680 = CARTESIAN_POINT('',(-37.75044455067,36.737790687331,64.));
#2681 = VECTOR('',#2682,1.);
#2682 = DIRECTION('',(-0.,-0.,-1.));
#2683 = PLANE('',#2684);
#2684 = AXIS2_PLACEMENT_3D('',#2685,#2686,#2687);
#2685 = CARTESIAN_POINT('',(-29.09019051283,41.737790687331,64.));
#2686 = DIRECTION('',(-0.5,0.866025403784,0.));
#2687 = DIRECTION('',(-0.866025403784,-0.5,0.));
#2688 = ADVANCED_FACE('',(#2689),#2707,.F.);
#2689 = FACE_BOUND('',#2690,.F.);
#2690 = EDGE_LOOP('',(#2691,#2699,#2700,#2701));
#2691 = ORIENTED_EDGE('',*,*,#2692,.F.);
#2692 = EDGE_CURVE('',#2669,#2693,#2695,.T.);
#2693 = VERTEX_POINT('',#2694);
#2694 = CARTESIAN_POINT('',(-37.75044455067,26.737790687331,64.));
#2695 = LINE('',#2696,#2697);
#2696 = CARTESIAN_POINT('',(-37.75044455067,36.737790687331,64.));
#2697 = VECTOR('',#2698,1.);
#2698 = DIRECTION('',(0.,-1.,0.));
#2699 = ORIENTED_EDGE('',*,*,#2678,.T.);
#2700 = ORIENTED_EDGE('',*,*,#645,.T.);
#2701 = ORIENTED_EDGE('',*,*,#2702,.F.);
#2702 = EDGE_CURVE('',#2693,#638,#2703,.T.);
#2703 = LINE('',#2704,#2705);
#2704 = CARTESIAN_POINT('',(-37.75044455067,26.737790687331,64.));
#2705 = VECTOR('',#2706,1.);
#2706 = DIRECTION('',(-0.,-0.,-1.));
#2707 = PLANE('',#2708);
#2708 = AXIS2_PLACEMENT_3D('',#2709,#2710,#2711);
#2709 = CARTESIAN_POINT('',(-37.75044455067,36.737790687331,64.));
#2710 = DIRECTION('',(-1.,0.,0.));
#2711 = DIRECTION('',(0.,-1.,0.));
#2712 = ADVANCED_FACE('',(#2713),#2731,.F.);
#2713 = FACE_BOUND('',#2714,.F.);
#2714 = EDGE_LOOP('',(#2715,#2723,#2724,#2725));
#2715 = ORIENTED_EDGE('',*,*,#2716,.F.);
#2716 = EDGE_CURVE('',#2693,#2717,#2719,.T.);
#2717 = VERTEX_POINT('',#2718);
#2718 = CARTESIAN_POINT('',(-29.09019051283,21.737790687331,64.));
#2719 = LINE('',#2720,#2721);
#2720 = CARTESIAN_POINT('',(-37.75044455067,26.737790687331,64.));
#2721 = VECTOR('',#2722,1.);
#2722 = DIRECTION('',(0.866025403784,-0.5,0.));
#2723 = ORIENTED_EDGE('',*,*,#2702,.T.);
#2724 = ORIENTED_EDGE('',*,*,#637,.T.);
#2725 = ORIENTED_EDGE('',*,*,#2726,.F.);
#2726 = EDGE_CURVE('',#2717,#630,#2727,.T.);
#2727 = LINE('',#2728,#2729);
#2728 = CARTESIAN_POINT('',(-29.09019051283,21.737790687331,64.));
#2729 = VECTOR('',#2730,1.);
#2730 = DIRECTION('',(-0.,-0.,-1.));
#2731 = PLANE('',#2732);
#2732 = AXIS2_PLACEMENT_3D('',#2733,#2734,#2735);
#2733 = CARTESIAN_POINT('',(-37.75044455067,26.737790687331,64.));
#2734 = DIRECTION('',(-0.5,-0.866025403784,0.));
#2735 = DIRECTION('',(0.866025403784,-0.5,0.));
#2736 = ADVANCED_FACE('',(#2737),#2755,.F.);
#2737 = FACE_BOUND('',#2738,.F.);
#2738 = EDGE_LOOP('',(#2739,#2747,#2748,#2749));
#2739 = ORIENTED_EDGE('',*,*,#2740,.F.);
#2740 = EDGE_CURVE('',#2717,#2741,#2743,.T.);
#2741 = VERTEX_POINT('',#2742);
#2742 = CARTESIAN_POINT('',(-20.42993647498,26.737790687331,64.));
#2743 = LINE('',#2744,#2745);
#2744 = CARTESIAN_POINT('',(-29.09019051283,21.737790687331,64.));
#2745 = VECTOR('',#2746,1.);
#2746 = DIRECTION('',(0.866025403784,0.5,0.));
#2747 = ORIENTED_EDGE('',*,*,#2726,.T.);
#2748 = ORIENTED_EDGE('',*,*,#629,.T.);
#2749 = ORIENTED_EDGE('',*,*,#2750,.F.);
#2750 = EDGE_CURVE('',#2741,#622,#2751,.T.);
#2751 = LINE('',#2752,#2753);
#2752 = CARTESIAN_POINT('',(-20.42993647498,26.737790687331,64.));
#2753 = VECTOR('',#2754,1.);
#2754 = DIRECTION('',(-0.,-0.,-1.));
#2755 = PLANE('',#2756);
#2756 = AXIS2_PLACEMENT_3D('',#2757,#2758,#2759);
#2757 = CARTESIAN_POINT('',(-29.09019051283,21.737790687331,64.));
#2758 = DIRECTION('',(0.5,-0.866025403784,0.));
#2759 = DIRECTION('',(0.866025403784,0.5,0.));
#2760 = ADVANCED_FACE('',(#2761),#2772,.F.);
#2761 = FACE_BOUND('',#2762,.F.);
#2762 = EDGE_LOOP('',(#2763,#2769,#2770,#2771));
#2763 = ORIENTED_EDGE('',*,*,#2764,.F.);
#2764 = EDGE_CURVE('',#2741,#2638,#2765,.T.);
#2765 = LINE('',#2766,#2767);
#2766 = CARTESIAN_POINT('',(-20.42993647498,26.737790687331,64.));
#2767 = VECTOR('',#2768,1.);
#2768 = DIRECTION('',(0.,1.,0.));
#2769 = ORIENTED_EDGE('',*,*,#2750,.T.);
#2770 = ORIENTED_EDGE('',*,*,#621,.T.);
#2771 = ORIENTED_EDGE('',*,*,#2647,.F.);
#2772 = PLANE('',#2773);
#2773 = AXIS2_PLACEMENT_3D('',#2774,#2775,#2776);
#2774 = CARTESIAN_POINT('',(-20.42993647498,26.737790687331,64.));
#2775 = DIRECTION('',(1.,0.,0.));
#2776 = DIRECTION('',(-0.,1.,0.));
#2777 = ADVANCED_FACE('',(#2778),#2803,.F.);
#2778 = FACE_BOUND('',#2779,.F.);
#2779 = EDGE_LOOP('',(#2780,#2790,#2796,#2797));
#2780 = ORIENTED_EDGE('',*,*,#2781,.F.);
#2781 = EDGE_CURVE('',#2782,#2784,#2786,.T.);
#2782 = VERTEX_POINT('',#2783);
#2783 = CARTESIAN_POINT('',(-50.04033253936,54.716234583025,64.));
#2784 = VERTEX_POINT('',#2785);
#2785 = CARTESIAN_POINT('',(-58.70058657721,59.716234583025,64.));
#2786 = LINE('',#2787,#2788);
#2787 = CARTESIAN_POINT('',(-50.04033253936,54.716234583025,64.));
#2788 = VECTOR('',#2789,1.);
#2789 = DIRECTION('',(-0.866025403784,0.5,0.));
#2790 = ORIENTED_EDGE('',*,*,#2791,.T.);
#2791 = EDGE_CURVE('',#2782,#662,#2792,.T.);
#2792 = LINE('',#2793,#2794);
#2793 = CARTESIAN_POINT('',(-50.04033253936,54.716234583025,64.));
#2794 = VECTOR('',#2795,1.);
#2795 = DIRECTION('',(-0.,-0.,-1.));
#2796 = ORIENTED_EDGE('',*,*,#661,.T.);
#2797 = ORIENTED_EDGE('',*,*,#2798,.F.);
#2798 = EDGE_CURVE('',#2784,#664,#2799,.T.);
#2799 = LINE('',#2800,#2801);
#2800 = CARTESIAN_POINT('',(-58.70058657721,59.716234583025,64.));
#2801 = VECTOR('',#2802,1.);
#2802 = DIRECTION('',(-0.,-0.,-1.));
#2803 = PLANE('',#2804);
#2804 = AXIS2_PLACEMENT_3D('',#2805,#2806,#2807);
#2805 = CARTESIAN_POINT('',(-50.04033253936,54.716234583025,64.));
#2806 = DIRECTION('',(0.5,0.866025403784,0.));
#2807 = DIRECTION('',(-0.866025403784,0.5,0.));
#2808 = ADVANCED_FACE('',(#2809),#2827,.F.);
#2809 = FACE_BOUND('',#2810,.F.);
#2810 = EDGE_LOOP('',(#2811,#2819,#2820,#2821));
#2811 = ORIENTED_EDGE('',*,*,#2812,.F.);
#2812 = EDGE_CURVE('',#2784,#2813,#2815,.T.);
#2813 = VERTEX_POINT('',#2814);
#2814 = CARTESIAN_POINT('',(-67.36084061505,54.716234583025,64.));
#2815 = LINE('',#2816,#2817);
#2816 = CARTESIAN_POINT('',(-58.70058657721,59.716234583025,64.));
#2817 = VECTOR('',#2818,1.);
#2818 = DIRECTION('',(-0.866025403784,-0.5,0.));
#2819 = ORIENTED_EDGE('',*,*,#2798,.T.);
#2820 = ORIENTED_EDGE('',*,*,#703,.T.);
#2821 = ORIENTED_EDGE('',*,*,#2822,.F.);
#2822 = EDGE_CURVE('',#2813,#696,#2823,.T.);
#2823 = LINE('',#2824,#2825);
#2824 = CARTESIAN_POINT('',(-67.36084061505,54.716234583025,64.));
#2825 = VECTOR('',#2826,1.);
#2826 = DIRECTION('',(-0.,-0.,-1.));
#2827 = PLANE('',#2828);
#2828 = AXIS2_PLACEMENT_3D('',#2829,#2830,#2831);
#2829 = CARTESIAN_POINT('',(-58.70058657721,59.716234583025,64.));
#2830 = DIRECTION('',(-0.5,0.866025403784,0.));
#2831 = DIRECTION('',(-0.866025403784,-0.5,0.));
#2832 = ADVANCED_FACE('',(#2833),#2851,.F.);
#2833 = FACE_BOUND('',#2834,.F.);
#2834 = EDGE_LOOP('',(#2835,#2843,#2844,#2845));
#2835 = ORIENTED_EDGE('',*,*,#2836,.F.);
#2836 = EDGE_CURVE('',#2813,#2837,#2839,.T.);
#2837 = VERTEX_POINT('',#2838);
#2838 = CARTESIAN_POINT('',(-67.36084061505,44.716234583025,64.));
#2839 = LINE('',#2840,#2841);
#2840 = CARTESIAN_POINT('',(-67.36084061505,54.716234583025,64.));
#2841 = VECTOR('',#2842,1.);
#2842 = DIRECTION('',(0.,-1.,0.));
#2843 = ORIENTED_EDGE('',*,*,#2822,.T.);
#2844 = ORIENTED_EDGE('',*,*,#695,.T.);
#2845 = ORIENTED_EDGE('',*,*,#2846,.F.);
#2846 = EDGE_CURVE('',#2837,#688,#2847,.T.);
#2847 = LINE('',#2848,#2849);
#2848 = CARTESIAN_POINT('',(-67.36084061505,44.716234583025,64.));
#2849 = VECTOR('',#2850,1.);
#2850 = DIRECTION('',(-0.,-0.,-1.));
#2851 = PLANE('',#2852);
#2852 = AXIS2_PLACEMENT_3D('',#2853,#2854,#2855);
#2853 = CARTESIAN_POINT('',(-67.36084061505,54.716234583025,64.));
#2854 = DIRECTION('',(-1.,0.,0.));
#2855 = DIRECTION('',(0.,-1.,0.));
#2856 = ADVANCED_FACE('',(#2857),#2875,.F.);
#2857 = FACE_BOUND('',#2858,.F.);
#2858 = EDGE_LOOP('',(#2859,#2867,#2868,#2869));
#2859 = ORIENTED_EDGE('',*,*,#2860,.F.);
#2860 = EDGE_CURVE('',#2837,#2861,#2863,.T.);
#2861 = VERTEX_POINT('',#2862);
#2862 = CARTESIAN_POINT('',(-58.70058657721,39.716234583025,64.));
#2863 = LINE('',#2864,#2865);
#2864 = CARTESIAN_POINT('',(-67.36084061505,44.716234583025,64.));
#2865 = VECTOR('',#2866,1.);
#2866 = DIRECTION('',(0.866025403784,-0.5,0.));
#2867 = ORIENTED_EDGE('',*,*,#2846,.T.);
#2868 = ORIENTED_EDGE('',*,*,#687,.T.);
#2869 = ORIENTED_EDGE('',*,*,#2870,.F.);
#2870 = EDGE_CURVE('',#2861,#680,#2871,.T.);
#2871 = LINE('',#2872,#2873);
#2872 = CARTESIAN_POINT('',(-58.70058657721,39.716234583025,64.));
#2873 = VECTOR('',#2874,1.);
#2874 = DIRECTION('',(-0.,-0.,-1.));
#2875 = PLANE('',#2876);
#2876 = AXIS2_PLACEMENT_3D('',#2877,#2878,#2879);
#2877 = CARTESIAN_POINT('',(-67.36084061505,44.716234583025,64.));
#2878 = DIRECTION('',(-0.5,-0.866025403784,0.));
#2879 = DIRECTION('',(0.866025403784,-0.5,0.));
#2880 = ADVANCED_FACE('',(#2881),#2899,.F.);
#2881 = FACE_BOUND('',#2882,.F.);
#2882 = EDGE_LOOP('',(#2883,#2891,#2892,#2893));
#2883 = ORIENTED_EDGE('',*,*,#2884,.F.);
#2884 = EDGE_CURVE('',#2861,#2885,#2887,.T.);
#2885 = VERTEX_POINT('',#2886);
#2886 = CARTESIAN_POINT('',(-50.04033253936,44.716234583025,64.));
#2887 = LINE('',#2888,#2889);
#2888 = CARTESIAN_POINT('',(-58.70058657721,39.716234583025,64.));
#2889 = VECTOR('',#2890,1.);
#2890 = DIRECTION('',(0.866025403784,0.5,0.));
#2891 = ORIENTED_EDGE('',*,*,#2870,.T.);
#2892 = ORIENTED_EDGE('',*,*,#679,.T.);
#2893 = ORIENTED_EDGE('',*,*,#2894,.F.);
#2894 = EDGE_CURVE('',#2885,#672,#2895,.T.);
#2895 = LINE('',#2896,#2897);
#2896 = CARTESIAN_POINT('',(-50.04033253936,44.716234583025,64.));
#2897 = VECTOR('',#2898,1.);
#2898 = DIRECTION('',(-0.,-0.,-1.));
#2899 = PLANE('',#2900);
#2900 = AXIS2_PLACEMENT_3D('',#2901,#2902,#2903);
#2901 = CARTESIAN_POINT('',(-58.70058657721,39.716234583025,64.));
#2902 = DIRECTION('',(0.5,-0.866025403784,0.));
#2903 = DIRECTION('',(0.866025403784,0.5,0.));
#2904 = ADVANCED_FACE('',(#2905),#2916,.F.);
#2905 = FACE_BOUND('',#2906,.F.);
#2906 = EDGE_LOOP('',(#2907,#2913,#2914,#2915));
#2907 = ORIENTED_EDGE('',*,*,#2908,.F.);
#2908 = EDGE_CURVE('',#2885,#2782,#2909,.T.);
#2909 = LINE('',#2910,#2911);
#2910 = CARTESIAN_POINT('',(-50.04033253936,44.716234583025,64.));
#2911 = VECTOR('',#2912,1.);
#2912 = DIRECTION('',(0.,1.,0.));
#2913 = ORIENTED_EDGE('',*,*,#2894,.T.);
#2914 = ORIENTED_EDGE('',*,*,#671,.T.);
#2915 = ORIENTED_EDGE('',*,*,#2791,.F.);
#2916 = PLANE('',#2917);
#2917 = AXIS2_PLACEMENT_3D('',#2918,#2919,#2920);
#2918 = CARTESIAN_POINT('',(-50.04033253936,44.716234583025,64.));
#2919 = DIRECTION('',(1.,0.,0.));
#2920 = DIRECTION('',(-0.,1.,0.));
#2921 = ADVANCED_FACE('',(#2922),#2947,.F.);
#2922 = FACE_BOUND('',#2923,.F.);
#2923 = EDGE_LOOP('',(#2924,#2934,#2940,#2941));
#2924 = ORIENTED_EDGE('',*,*,#2925,.F.);
#2925 = EDGE_CURVE('',#2926,#2928,#2930,.T.);
#2926 = VERTEX_POINT('',#2927);
#2927 = CARTESIAN_POINT('',(-30.04520479578,54.274797704468,64.));
#2928 = VERTEX_POINT('',#2929);
#2929 = CARTESIAN_POINT('',(-38.70545883362,59.274797704468,64.));
#2930 = LINE('',#2931,#2932);
#2931 = CARTESIAN_POINT('',(-30.04520479578,54.274797704468,64.));
#2932 = VECTOR('',#2933,1.);
#2933 = DIRECTION('',(-0.866025403784,0.5,0.));
#2934 = ORIENTED_EDGE('',*,*,#2935,.T.);
#2935 = EDGE_CURVE('',#2926,#712,#2936,.T.);
#2936 = LINE('',#2937,#2938);
#2937 = CARTESIAN_POINT('',(-30.04520479578,54.274797704468,64.));
#2938 = VECTOR('',#2939,1.);
#2939 = DIRECTION('',(-0.,-0.,-1.));
#2940 = ORIENTED_EDGE('',*,*,#711,.T.);
#2941 = ORIENTED_EDGE('',*,*,#2942,.F.);
#2942 = EDGE_CURVE('',#2928,#714,#2943,.T.);
#2943 = LINE('',#2944,#2945);
#2944 = CARTESIAN_POINT('',(-38.70545883362,59.274797704468,64.));
#2945 = VECTOR('',#2946,1.);
#2946 = DIRECTION('',(-0.,-0.,-1.));
#2947 = PLANE('',#2948);
#2948 = AXIS2_PLACEMENT_3D('',#2949,#2950,#2951);
#2949 = CARTESIAN_POINT('',(-30.04520479578,54.274797704468,64.));
#2950 = DIRECTION('',(0.5,0.866025403784,0.));
#2951 = DIRECTION('',(-0.866025403784,0.5,0.));
#2952 = ADVANCED_FACE('',(#2953),#2971,.F.);
#2953 = FACE_BOUND('',#2954,.F.);
#2954 = EDGE_LOOP('',(#2955,#2963,#2964,#2965));
#2955 = ORIENTED_EDGE('',*,*,#2956,.F.);
#2956 = EDGE_CURVE('',#2928,#2957,#2959,.T.);
#2957 = VERTEX_POINT('',#2958);
#2958 = CARTESIAN_POINT('',(-47.36571287147,54.274797704468,64.));
#2959 = LINE('',#2960,#2961);
#2960 = CARTESIAN_POINT('',(-38.70545883362,59.274797704468,64.));
#2961 = VECTOR('',#2962,1.);
#2962 = DIRECTION('',(-0.866025403784,-0.5,0.));
#2963 = ORIENTED_EDGE('',*,*,#2942,.T.);
#2964 = ORIENTED_EDGE('',*,*,#753,.T.);
#2965 = ORIENTED_EDGE('',*,*,#2966,.F.);
#2966 = EDGE_CURVE('',#2957,#746,#2967,.T.);
#2967 = LINE('',#2968,#2969);
#2968 = CARTESIAN_POINT('',(-47.36571287147,54.274797704468,64.));
#2969 = VECTOR('',#2970,1.);
#2970 = DIRECTION('',(-0.,-0.,-1.));
#2971 = PLANE('',#2972);
#2972 = AXIS2_PLACEMENT_3D('',#2973,#2974,#2975);
#2973 = CARTESIAN_POINT('',(-38.70545883362,59.274797704468,64.));
#2974 = DIRECTION('',(-0.5,0.866025403784,0.));
#2975 = DIRECTION('',(-0.866025403784,-0.5,0.));
#2976 = ADVANCED_FACE('',(#2977),#2995,.F.);
#2977 = FACE_BOUND('',#2978,.F.);
#2978 = EDGE_LOOP('',(#2979,#2987,#2988,#2989));
#2979 = ORIENTED_EDGE('',*,*,#2980,.F.);
#2980 = EDGE_CURVE('',#2957,#2981,#2983,.T.);
#2981 = VERTEX_POINT('',#2982);
#2982 = CARTESIAN_POINT('',(-47.36571287147,44.274797704468,64.));
#2983 = LINE('',#2984,#2985);
#2984 = CARTESIAN_POINT('',(-47.36571287147,54.274797704468,64.));
#2985 = VECTOR('',#2986,1.);
#2986 = DIRECTION('',(0.,-1.,0.));
#2987 = ORIENTED_EDGE('',*,*,#2966,.T.);
#2988 = ORIENTED_EDGE('',*,*,#745,.T.);
#2989 = ORIENTED_EDGE('',*,*,#2990,.F.);
#2990 = EDGE_CURVE('',#2981,#738,#2991,.T.);
#2991 = LINE('',#2992,#2993);
#2992 = CARTESIAN_POINT('',(-47.36571287147,44.274797704468,64.));
#2993 = VECTOR('',#2994,1.);
#2994 = DIRECTION('',(-0.,-0.,-1.));
#2995 = PLANE('',#2996);
#2996 = AXIS2_PLACEMENT_3D('',#2997,#2998,#2999);
#2997 = CARTESIAN_POINT('',(-47.36571287147,54.274797704468,64.));
#2998 = DIRECTION('',(-1.,0.,0.));
#2999 = DIRECTION('',(0.,-1.,0.));
#3000 = ADVANCED_FACE('',(#3001),#3019,.F.);
#3001 = FACE_BOUND('',#3002,.F.);
#3002 = EDGE_LOOP('',(#3003,#3011,#3012,#3013));
#3003 = ORIENTED_EDGE('',*,*,#3004,.F.);
#3004 = EDGE_CURVE('',#2981,#3005,#3007,.T.);
#3005 = VERTEX_POINT('',#3006);
#3006 = CARTESIAN_POINT('',(-38.70545883362,39.274797704468,64.));
#3007 = LINE('',#3008,#3009);
#3008 = CARTESIAN_POINT('',(-47.36571287147,44.274797704468,64.));
#3009 = VECTOR('',#3010,1.);
#3010 = DIRECTION('',(0.866025403784,-0.5,0.));
#3011 = ORIENTED_EDGE('',*,*,#2990,.T.);
#3012 = ORIENTED_EDGE('',*,*,#737,.T.);
#3013 = ORIENTED_EDGE('',*,*,#3014,.F.);
#3014 = EDGE_CURVE('',#3005,#730,#3015,.T.);
#3015 = LINE('',#3016,#3017);
#3016 = CARTESIAN_POINT('',(-38.70545883362,39.274797704468,64.));
#3017 = VECTOR('',#3018,1.);
#3018 = DIRECTION('',(-0.,-0.,-1.));
#3019 = PLANE('',#3020);
#3020 = AXIS2_PLACEMENT_3D('',#3021,#3022,#3023);
#3021 = CARTESIAN_POINT('',(-47.36571287147,44.274797704468,64.));
#3022 = DIRECTION('',(-0.5,-0.866025403784,0.));
#3023 = DIRECTION('',(0.866025403784,-0.5,0.));
#3024 = ADVANCED_FACE('',(#3025),#3043,.F.);
#3025 = FACE_BOUND('',#3026,.F.);
#3026 = EDGE_LOOP('',(#3027,#3035,#3036,#3037));
#3027 = ORIENTED_EDGE('',*,*,#3028,.F.);
#3028 = EDGE_CURVE('',#3005,#3029,#3031,.T.);
#3029 = VERTEX_POINT('',#3030);
#3030 = CARTESIAN_POINT('',(-30.04520479578,44.274797704468,64.));
#3031 = LINE('',#3032,#3033);
#3032 = CARTESIAN_POINT('',(-38.70545883362,39.274797704468,64.));
#3033 = VECTOR('',#3034,1.);
#3034 = DIRECTION('',(0.866025403784,0.5,0.));
#3035 = ORIENTED_EDGE('',*,*,#3014,.T.);
#3036 = ORIENTED_EDGE('',*,*,#729,.T.);
#3037 = ORIENTED_EDGE('',*,*,#3038,.F.);
#3038 = EDGE_CURVE('',#3029,#722,#3039,.T.);
#3039 = LINE('',#3040,#3041);
#3040 = CARTESIAN_POINT('',(-30.04520479578,44.274797704468,64.));
#3041 = VECTOR('',#3042,1.);
#3042 = DIRECTION('',(-0.,-0.,-1.));
#3043 = PLANE('',#3044);
#3044 = AXIS2_PLACEMENT_3D('',#3045,#3046,#3047);
#3045 = CARTESIAN_POINT('',(-38.70545883362,39.274797704468,64.));
#3046 = DIRECTION('',(0.5,-0.866025403784,0.));
#3047 = DIRECTION('',(0.866025403784,0.5,0.));
#3048 = ADVANCED_FACE('',(#3049),#3060,.F.);
#3049 = FACE_BOUND('',#3050,.F.);
#3050 = EDGE_LOOP('',(#3051,#3057,#3058,#3059));
#3051 = ORIENTED_EDGE('',*,*,#3052,.F.);
#3052 = EDGE_CURVE('',#3029,#2926,#3053,.T.);
#3053 = LINE('',#3054,#3055);
#3054 = CARTESIAN_POINT('',(-30.04520479578,44.274797704468,64.));
#3055 = VECTOR('',#3056,1.);
#3056 = DIRECTION('',(0.,1.,0.));
#3057 = ORIENTED_EDGE('',*,*,#3038,.T.);
#3058 = ORIENTED_EDGE('',*,*,#721,.T.);
#3059 = ORIENTED_EDGE('',*,*,#2935,.F.);
#3060 = PLANE('',#3061);
#3061 = AXIS2_PLACEMENT_3D('',#3062,#3063,#3064);
#3062 = CARTESIAN_POINT('',(-30.04520479578,44.274797704468,64.));
#3063 = DIRECTION('',(1.,0.,0.));
#3064 = DIRECTION('',(-0.,1.,0.));
#3065 = ADVANCED_FACE('',(#3066),#3091,.F.);
#3066 = FACE_BOUND('',#3067,.F.);
#3067 = EDGE_LOOP('',(#3068,#3078,#3084,#3085));
#3068 = ORIENTED_EDGE('',*,*,#3069,.F.);
#3069 = EDGE_CURVE('',#3070,#3072,#3074,.T.);
#3070 = VERTEX_POINT('',#3071);
#3071 = CARTESIAN_POINT('',(57.969411973466,52.33167945125,64.));
#3072 = VERTEX_POINT('',#3073);
#3073 = CARTESIAN_POINT('',(49.309157935621,57.33167945125,64.));
#3074 = LINE('',#3075,#3076);
#3075 = CARTESIAN_POINT('',(57.969411973466,52.33167945125,64.));
#3076 = VECTOR('',#3077,1.);
#3077 = DIRECTION('',(-0.866025403784,0.5,0.));
#3078 = ORIENTED_EDGE('',*,*,#3079,.T.);
#3079 = EDGE_CURVE('',#3070,#762,#3080,.T.);
#3080 = LINE('',#3081,#3082);
#3081 = CARTESIAN_POINT('',(57.969411973466,52.33167945125,64.));
#3082 = VECTOR('',#3083,1.);
#3083 = DIRECTION('',(-0.,-0.,-1.));
#3084 = ORIENTED_EDGE('',*,*,#761,.T.);
#3085 = ORIENTED_EDGE('',*,*,#3086,.F.);
#3086 = EDGE_CURVE('',#3072,#764,#3087,.T.);
#3087 = LINE('',#3088,#3089);
#3088 = CARTESIAN_POINT('',(49.309157935621,57.33167945125,64.));
#3089 = VECTOR('',#3090,1.);
#3090 = DIRECTION('',(-0.,-0.,-1.));
#3091 = PLANE('',#3092);
#3092 = AXIS2_PLACEMENT_3D('',#3093,#3094,#3095);
#3093 = CARTESIAN_POINT('',(57.969411973466,52.33167945125,64.));
#3094 = DIRECTION('',(0.5,0.866025403784,0.));
#3095 = DIRECTION('',(-0.866025403784,0.5,0.));
#3096 = ADVANCED_FACE('',(#3097),#3115,.F.);
#3097 = FACE_BOUND('',#3098,.F.);
#3098 = EDGE_LOOP('',(#3099,#3107,#3108,#3109));
#3099 = ORIENTED_EDGE('',*,*,#3100,.F.);
#3100 = EDGE_CURVE('',#3072,#3101,#3103,.T.);
#3101 = VERTEX_POINT('',#3102);
#3102 = CARTESIAN_POINT('',(40.648903897777,52.33167945125,64.));
#3103 = LINE('',#3104,#3105);
#3104 = CARTESIAN_POINT('',(49.309157935621,57.33167945125,64.));
#3105 = VECTOR('',#3106,1.);
#3106 = DIRECTION('',(-0.866025403784,-0.5,0.));
#3107 = ORIENTED_EDGE('',*,*,#3086,.T.);
#3108 = ORIENTED_EDGE('',*,*,#803,.T.);
#3109 = ORIENTED_EDGE('',*,*,#3110,.F.);
#3110 = EDGE_CURVE('',#3101,#796,#3111,.T.);
#3111 = LINE('',#3112,#3113);
#3112 = CARTESIAN_POINT('',(40.648903897777,52.33167945125,64.));
#3113 = VECTOR('',#3114,1.);
#3114 = DIRECTION('',(-0.,-0.,-1.));
#3115 = PLANE('',#3116);
#3116 = AXIS2_PLACEMENT_3D('',#3117,#3118,#3119);
#3117 = CARTESIAN_POINT('',(49.309157935621,57.33167945125,64.));
#3118 = DIRECTION('',(-0.5,0.866025403784,0.));
#3119 = DIRECTION('',(-0.866025403784,-0.5,0.));
#3120 = ADVANCED_FACE('',(#3121),#3139,.F.);
#3121 = FACE_BOUND('',#3122,.F.);
#3122 = EDGE_LOOP('',(#3123,#3131,#3132,#3133));
#3123 = ORIENTED_EDGE('',*,*,#3124,.F.);
#3124 = EDGE_CURVE('',#3101,#3125,#3127,.T.);
#3125 = VERTEX_POINT('',#3126);
#3126 = CARTESIAN_POINT('',(40.648903897776,42.331679451249,64.));
#3127 = LINE('',#3128,#3129);
#3128 = CARTESIAN_POINT('',(40.648903897777,52.33167945125,64.));
#3129 = VECTOR('',#3130,1.);
#3130 = DIRECTION('',(-2.7E-14,-1.,0.));
#3131 = ORIENTED_EDGE('',*,*,#3110,.T.);
#3132 = ORIENTED_EDGE('',*,*,#795,.T.);
#3133 = ORIENTED_EDGE('',*,*,#3134,.F.);
#3134 = EDGE_CURVE('',#3125,#788,#3135,.T.);
#3135 = LINE('',#3136,#3137);
#3136 = CARTESIAN_POINT('',(40.648903897776,42.331679451249,64.));
#3137 = VECTOR('',#3138,1.);
#3138 = DIRECTION('',(-0.,-0.,-1.));
#3139 = PLANE('',#3140);
#3140 = AXIS2_PLACEMENT_3D('',#3141,#3142,#3143);
#3141 = CARTESIAN_POINT('',(40.648903897777,52.33167945125,64.));
#3142 = DIRECTION('',(-1.,2.7E-14,0.));
#3143 = DIRECTION('',(-2.7E-14,-1.,0.));
#3144 = ADVANCED_FACE('',(#3145),#3163,.F.);
#3145 = FACE_BOUND('',#3146,.F.);
#3146 = EDGE_LOOP('',(#3147,#3155,#3156,#3157));
#3147 = ORIENTED_EDGE('',*,*,#3148,.F.);
#3148 = EDGE_CURVE('',#3125,#3149,#3151,.T.);
#3149 = VERTEX_POINT('',#3150);
#3150 = CARTESIAN_POINT('',(49.309157935621,37.33167945125,64.));
#3151 = LINE('',#3152,#3153);
#3152 = CARTESIAN_POINT('',(40.648903897776,42.331679451249,64.));
#3153 = VECTOR('',#3154,1.);
#3154 = DIRECTION('',(0.866025403784,-0.5,0.));
#3155 = ORIENTED_EDGE('',*,*,#3134,.T.);
#3156 = ORIENTED_EDGE('',*,*,#787,.T.);
#3157 = ORIENTED_EDGE('',*,*,#3158,.F.);
#3158 = EDGE_CURVE('',#3149,#780,#3159,.T.);
#3159 = LINE('',#3160,#3161);
#3160 = CARTESIAN_POINT('',(49.309157935621,37.33167945125,64.));
#3161 = VECTOR('',#3162,1.);
#3162 = DIRECTION('',(-0.,-0.,-1.));
#3163 = PLANE('',#3164);
#3164 = AXIS2_PLACEMENT_3D('',#3165,#3166,#3167);
#3165 = CARTESIAN_POINT('',(40.648903897776,42.331679451249,64.));
#3166 = DIRECTION('',(-0.5,-0.866025403784,0.));
#3167 = DIRECTION('',(0.866025403784,-0.5,0.));
#3168 = ADVANCED_FACE('',(#3169),#3187,.F.);
#3169 = FACE_BOUND('',#3170,.F.);
#3170 = EDGE_LOOP('',(#3171,#3179,#3180,#3181));
#3171 = ORIENTED_EDGE('',*,*,#3172,.F.);
#3172 = EDGE_CURVE('',#3149,#3173,#3175,.T.);
#3173 = VERTEX_POINT('',#3174);
#3174 = CARTESIAN_POINT('',(57.969411973466,42.33167945125,64.));
#3175 = LINE('',#3176,#3177);
#3176 = CARTESIAN_POINT('',(49.309157935621,37.33167945125,64.));
#3177 = VECTOR('',#3178,1.);
#3178 = DIRECTION('',(0.866025403784,0.5,0.));
#3179 = ORIENTED_EDGE('',*,*,#3158,.T.);
#3180 = ORIENTED_EDGE('',*,*,#779,.T.);
#3181 = ORIENTED_EDGE('',*,*,#3182,.F.);
#3182 = EDGE_CURVE('',#3173,#772,#3183,.T.);
#3183 = LINE('',#3184,#3185);
#3184 = CARTESIAN_POINT('',(57.969411973466,42.33167945125,64.));
#3185 = VECTOR('',#3186,1.);
#3186 = DIRECTION('',(-0.,-0.,-1.));
#3187 = PLANE('',#3188);
#3188 = AXIS2_PLACEMENT_3D('',#3189,#3190,#3191);
#3189 = CARTESIAN_POINT('',(49.309157935621,37.33167945125,64.));
#3190 = DIRECTION('',(0.5,-0.866025403784,0.));
#3191 = DIRECTION('',(0.866025403784,0.5,0.));
#3192 = ADVANCED_FACE('',(#3193),#3204,.F.);
#3193 = FACE_BOUND('',#3194,.F.);
#3194 = EDGE_LOOP('',(#3195,#3201,#3202,#3203));
#3195 = ORIENTED_EDGE('',*,*,#3196,.F.);
#3196 = EDGE_CURVE('',#3173,#3070,#3197,.T.);
#3197 = LINE('',#3198,#3199);
#3198 = CARTESIAN_POINT('',(57.969411973466,42.33167945125,64.));
#3199 = VECTOR('',#3200,1.);
#3200 = DIRECTION('',(0.,1.,0.));
#3201 = ORIENTED_EDGE('',*,*,#3182,.T.);
#3202 = ORIENTED_EDGE('',*,*,#771,.T.);
#3203 = ORIENTED_EDGE('',*,*,#3079,.F.);
#3204 = PLANE('',#3205);
#3205 = AXIS2_PLACEMENT_3D('',#3206,#3207,#3208);
#3206 = CARTESIAN_POINT('',(57.969411973466,42.33167945125,64.));
#3207 = DIRECTION('',(1.,0.,0.));
#3208 = DIRECTION('',(-0.,1.,0.));
#3209 = ADVANCED_FACE('',(#3210),#3235,.F.);
#3210 = FACE_BOUND('',#3211,.F.);
#3211 = EDGE_LOOP('',(#3212,#3222,#3228,#3229));
#3212 = ORIENTED_EDGE('',*,*,#3213,.F.);
#3213 = EDGE_CURVE('',#3214,#3216,#3218,.T.);
#3214 = VERTEX_POINT('',#3215);
#3215 = CARTESIAN_POINT('',(77.96453971705,51.890242572693,64.));
#3216 = VERTEX_POINT('',#3217);
#3217 = CARTESIAN_POINT('',(69.304285679206,56.890242572693,64.));
#3218 = LINE('',#3219,#3220);
#3219 = CARTESIAN_POINT('',(77.96453971705,51.890242572693,64.));
#3220 = VECTOR('',#3221,1.);
#3221 = DIRECTION('',(-0.866025403784,0.5,0.));
#3222 = ORIENTED_EDGE('',*,*,#3223,.T.);
#3223 = EDGE_CURVE('',#3214,#812,#3224,.T.);
#3224 = LINE('',#3225,#3226);
#3225 = CARTESIAN_POINT('',(77.96453971705,51.890242572693,64.));
#3226 = VECTOR('',#3227,1.);
#3227 = DIRECTION('',(-0.,-0.,-1.));
#3228 = ORIENTED_EDGE('',*,*,#811,.T.);
#3229 = ORIENTED_EDGE('',*,*,#3230,.F.);
#3230 = EDGE_CURVE('',#3216,#814,#3231,.T.);
#3231 = LINE('',#3232,#3233);
#3232 = CARTESIAN_POINT('',(69.304285679206,56.890242572693,64.));
#3233 = VECTOR('',#3234,1.);
#3234 = DIRECTION('',(-0.,-0.,-1.));
#3235 = PLANE('',#3236);
#3236 = AXIS2_PLACEMENT_3D('',#3237,#3238,#3239);
#3237 = CARTESIAN_POINT('',(77.96453971705,51.890242572693,64.));
#3238 = DIRECTION('',(0.5,0.866025403784,0.));
#3239 = DIRECTION('',(-0.866025403784,0.5,0.));
#3240 = ADVANCED_FACE('',(#3241),#3259,.F.);
#3241 = FACE_BOUND('',#3242,.F.);
#3242 = EDGE_LOOP('',(#3243,#3251,#3252,#3253));
#3243 = ORIENTED_EDGE('',*,*,#3244,.F.);
#3244 = EDGE_CURVE('',#3216,#3245,#3247,.T.);
#3245 = VERTEX_POINT('',#3246);
#3246 = CARTESIAN_POINT('',(60.644031641361,51.890242572693,64.));
#3247 = LINE('',#3248,#3249);
#3248 = CARTESIAN_POINT('',(69.304285679206,56.890242572693,64.));
#3249 = VECTOR('',#3250,1.);
#3250 = DIRECTION('',(-0.866025403784,-0.5,0.));
#3251 = ORIENTED_EDGE('',*,*,#3230,.T.);
#3252 = ORIENTED_EDGE('',*,*,#853,.T.);
#3253 = ORIENTED_EDGE('',*,*,#3254,.F.);
#3254 = EDGE_CURVE('',#3245,#846,#3255,.T.);
#3255 = LINE('',#3256,#3257);
#3256 = CARTESIAN_POINT('',(60.644031641361,51.890242572693,64.));
#3257 = VECTOR('',#3258,1.);
#3258 = DIRECTION('',(-0.,-0.,-1.));
#3259 = PLANE('',#3260);
#3260 = AXIS2_PLACEMENT_3D('',#3261,#3262,#3263);
#3261 = CARTESIAN_POINT('',(69.304285679206,56.890242572693,64.));
#3262 = DIRECTION('',(-0.5,0.866025403784,0.));
#3263 = DIRECTION('',(-0.866025403784,-0.5,0.));
#3264 = ADVANCED_FACE('',(#3265),#3283,.F.);
#3265 = FACE_BOUND('',#3266,.F.);
#3266 = EDGE_LOOP('',(#3267,#3275,#3276,#3277));
#3267 = ORIENTED_EDGE('',*,*,#3268,.F.);
#3268 = EDGE_CURVE('',#3245,#3269,#3271,.T.);
#3269 = VERTEX_POINT('',#3270);
#3270 = CARTESIAN_POINT('',(60.64403164136,41.890242572692,64.));
#3271 = LINE('',#3272,#3273);
#3272 = CARTESIAN_POINT('',(60.644031641361,51.890242572693,64.));
#3273 = VECTOR('',#3274,1.);
#3274 = DIRECTION('',(-9.237E-14,-1.,0.));
#3275 = ORIENTED_EDGE('',*,*,#3254,.T.);
#3276 = ORIENTED_EDGE('',*,*,#845,.T.);
#3277 = ORIENTED_EDGE('',*,*,#3278,.F.);
#3278 = EDGE_CURVE('',#3269,#838,#3279,.T.);
#3279 = LINE('',#3280,#3281);
#3280 = CARTESIAN_POINT('',(60.64403164136,41.890242572692,64.));
#3281 = VECTOR('',#3282,1.);
#3282 = DIRECTION('',(-0.,-0.,-1.));
#3283 = PLANE('',#3284);
#3284 = AXIS2_PLACEMENT_3D('',#3285,#3286,#3287);
#3285 = CARTESIAN_POINT('',(60.644031641361,51.890242572693,64.));
#3286 = DIRECTION('',(-1.,9.237E-14,0.));
#3287 = DIRECTION('',(-9.237E-14,-1.,0.));
#3288 = ADVANCED_FACE('',(#3289),#3307,.F.);
#3289 = FACE_BOUND('',#3290,.F.);
#3290 = EDGE_LOOP('',(#3291,#3299,#3300,#3301));
#3291 = ORIENTED_EDGE('',*,*,#3292,.F.);
#3292 = EDGE_CURVE('',#3269,#3293,#3295,.T.);
#3293 = VERTEX_POINT('',#3294);
#3294 = CARTESIAN_POINT('',(69.304285679205,36.890242572693,64.));
#3295 = LINE('',#3296,#3297);
#3296 = CARTESIAN_POINT('',(60.64403164136,41.890242572692,64.));
#3297 = VECTOR('',#3298,1.);
#3298 = DIRECTION('',(0.866025403785,-0.5,0.));
#3299 = ORIENTED_EDGE('',*,*,#3278,.T.);
#3300 = ORIENTED_EDGE('',*,*,#837,.T.);
#3301 = ORIENTED_EDGE('',*,*,#3302,.F.);
#3302 = EDGE_CURVE('',#3293,#830,#3303,.T.);
#3303 = LINE('',#3304,#3305);
#3304 = CARTESIAN_POINT('',(69.304285679205,36.890242572693,64.));
#3305 = VECTOR('',#3306,1.);
#3306 = DIRECTION('',(-0.,-0.,-1.));
#3307 = PLANE('',#3308);
#3308 = AXIS2_PLACEMENT_3D('',#3309,#3310,#3311);
#3309 = CARTESIAN_POINT('',(60.64403164136,41.890242572692,64.));
#3310 = DIRECTION('',(-0.5,-0.866025403785,0.));
#3311 = DIRECTION('',(0.866025403785,-0.5,0.));
#3312 = ADVANCED_FACE('',(#3313),#3331,.F.);
#3313 = FACE_BOUND('',#3314,.F.);
#3314 = EDGE_LOOP('',(#3315,#3323,#3324,#3325));
#3315 = ORIENTED_EDGE('',*,*,#3316,.F.);
#3316 = EDGE_CURVE('',#3293,#3317,#3319,.T.);
#3317 = VERTEX_POINT('',#3318);
#3318 = CARTESIAN_POINT('',(77.96453971705,41.890242572693,64.));
#3319 = LINE('',#3320,#3321);
#3320 = CARTESIAN_POINT('',(69.304285679205,36.890242572693,64.));
#3321 = VECTOR('',#3322,1.);
#3322 = DIRECTION('',(0.866025403784,0.5,0.));
#3323 = ORIENTED_EDGE('',*,*,#3302,.T.);
#3324 = ORIENTED_EDGE('',*,*,#829,.T.);
#3325 = ORIENTED_EDGE('',*,*,#3326,.F.);
#3326 = EDGE_CURVE('',#3317,#822,#3327,.T.);
#3327 = LINE('',#3328,#3329);
#3328 = CARTESIAN_POINT('',(77.96453971705,41.890242572693,64.));
#3329 = VECTOR('',#3330,1.);
#3330 = DIRECTION('',(-0.,-0.,-1.));
#3331 = PLANE('',#3332);
#3332 = AXIS2_PLACEMENT_3D('',#3333,#3334,#3335);
#3333 = CARTESIAN_POINT('',(69.304285679205,36.890242572693,64.));
#3334 = DIRECTION('',(0.5,-0.866025403784,0.));
#3335 = DIRECTION('',(0.866025403784,0.5,0.));
#3336 = ADVANCED_FACE('',(#3337),#3348,.F.);
#3337 = FACE_BOUND('',#3338,.F.);
#3338 = EDGE_LOOP('',(#3339,#3345,#3346,#3347));
#3339 = ORIENTED_EDGE('',*,*,#3340,.F.);
#3340 = EDGE_CURVE('',#3317,#3214,#3341,.T.);
#3341 = LINE('',#3342,#3343);
#3342 = CARTESIAN_POINT('',(77.96453971705,41.890242572693,64.));
#3343 = VECTOR('',#3344,1.);
#3344 = DIRECTION('',(1.42E-15,1.,0.));
#3345 = ORIENTED_EDGE('',*,*,#3326,.T.);
#3346 = ORIENTED_EDGE('',*,*,#821,.T.);
#3347 = ORIENTED_EDGE('',*,*,#3223,.F.);
#3348 = PLANE('',#3349);
#3349 = AXIS2_PLACEMENT_3D('',#3350,#3351,#3352);
#3350 = CARTESIAN_POINT('',(77.96453971705,41.890242572693,64.));
#3351 = DIRECTION('',(1.,-1.42E-15,0.));
#3352 = DIRECTION('',(1.42E-15,1.,0.));
#3353 = ADVANCED_FACE('',(#3354,#3424),#3436,.F.);
#3354 = FACE_BOUND('',#3355,.F.);
#3355 = EDGE_LOOP('',(#3356,#3367,#3375,#3384,#3392,#3401,#3409,#3418));
#3356 = ORIENTED_EDGE('',*,*,#3357,.T.);
#3357 = EDGE_CURVE('',#3358,#3360,#3362,.T.);
#3358 = VERTEX_POINT('',#3359);
#3359 = CARTESIAN_POINT('',(-77.58041265124,88.999999999963,60.));
#3360 = VERTEX_POINT('',#3361);
#3361 = CARTESIAN_POINT('',(-85.08044599993,81.499967628592,60.));
#3362 = CIRCLE('',#3363,7.5);
#3363 = AXIS2_PLACEMENT_3D('',#3364,#3365,#3366);
#3364 = CARTESIAN_POINT('',(-77.580446,81.5,60.));
#3365 = DIRECTION('',(0.,0.,1.));
#3366 = DIRECTION('',(1.,0.,0.));
#3367 = ORIENTED_EDGE('',*,*,#3368,.T.);
#3368 = EDGE_CURVE('',#3360,#3369,#3371,.T.);
#3369 = VERTEX_POINT('',#3370);
#3370 = CARTESIAN_POINT('',(-85.080446,-23.5,60.));
#3371 = LINE('',#3372,#3373);
#3372 = CARTESIAN_POINT('',(-85.08044599993,81.499967628592,60.));
#3373 = VECTOR('',#3374,1.);
#3374 = DIRECTION('',(-6.652E-13,-1.,0.));
#3375 = ORIENTED_EDGE('',*,*,#3376,.T.);
#3376 = EDGE_CURVE('',#3369,#3377,#3379,.T.);
#3377 = VERTEX_POINT('',#3378);
#3378 = CARTESIAN_POINT('',(-77.580446,-31.,60.));
#3379 = CIRCLE('',#3380,7.5);
#3380 = AXIS2_PLACEMENT_3D('',#3381,#3382,#3383);
#3381 = CARTESIAN_POINT('',(-77.580446,-23.5,60.));
#3382 = DIRECTION('',(0.,0.,1.));
#3383 = DIRECTION('',(1.,0.,0.));
#3384 = ORIENTED_EDGE('',*,*,#3385,.F.);
#3385 = EDGE_CURVE('',#3386,#3377,#3388,.T.);
#3386 = VERTEX_POINT('',#3387);
#3387 = CARTESIAN_POINT('',(87.419551532378,-31.,60.));
#3388 = LINE('',#3389,#3390);
#3389 = CARTESIAN_POINT('',(87.419551532378,-31.,60.));
#3390 = VECTOR('',#3391,1.);
#3391 = DIRECTION('',(-1.,0.,0.));
#3392 = ORIENTED_EDGE('',*,*,#3393,.T.);
#3393 = EDGE_CURVE('',#3386,#3394,#3396,.T.);
#3394 = VERTEX_POINT('',#3395);
#3395 = CARTESIAN_POINT('',(94.919554,-23.5,60.));
#3396 = CIRCLE('',#3397,7.5);
#3397 = AXIS2_PLACEMENT_3D('',#3398,#3399,#3400);
#3398 = CARTESIAN_POINT('',(87.419554,-23.5,60.));
#3399 = DIRECTION('',(0.,0.,1.));
#3400 = DIRECTION('',(1.,0.,0.));
#3401 = ORIENTED_EDGE('',*,*,#3402,.F.);
#3402 = EDGE_CURVE('',#3403,#3394,#3405,.T.);
#3403 = VERTEX_POINT('',#3404);
#3404 = CARTESIAN_POINT('',(94.919554,81.5,60.));
#3405 = LINE('',#3406,#3407);
#3406 = CARTESIAN_POINT('',(94.919554,81.5,60.));
#3407 = VECTOR('',#3408,1.);
#3408 = DIRECTION('',(-1.4E-16,-1.,0.));
#3409 = ORIENTED_EDGE('',*,*,#3410,.T.);
#3410 = EDGE_CURVE('',#3403,#3411,#3413,.T.);
#3411 = VERTEX_POINT('',#3412);
#3412 = CARTESIAN_POINT('',(87.419554,89.,60.));
#3413 = CIRCLE('',#3414,7.5);
#3414 = AXIS2_PLACEMENT_3D('',#3415,#3416,#3417);
#3415 = CARTESIAN_POINT('',(87.419554,81.5,60.));
#3416 = DIRECTION('',(0.,0.,1.));
#3417 = DIRECTION('',(1.,0.,0.));
#3418 = ORIENTED_EDGE('',*,*,#3419,.F.);
#3419 = EDGE_CURVE('',#3358,#3411,#3420,.T.);
#3420 = LINE('',#3421,#3422);
#3421 = CARTESIAN_POINT('',(-77.58041265124,89.,60.));
#3422 = VECTOR('',#3423,1.);
#3423 = DIRECTION('',(1.,0.,0.));
#3424 = FACE_BOUND('',#3425,.F.);
#3425 = EDGE_LOOP('',(#3426,#3427,#3428,#3429,#3430,#3431,#3432,#3433,
    #3434,#3435));
#3426 = ORIENTED_EDGE('',*,*,#867,.F.);
#3427 = ORIENTED_EDGE('',*,*,#963,.F.);
#3428 = ORIENTED_EDGE('',*,*,#1005,.F.);
#3429 = ORIENTED_EDGE('',*,*,#1095,.F.);
#3430 = ORIENTED_EDGE('',*,*,#1112,.F.);
#3431 = ORIENTED_EDGE('',*,*,#1128,.F.);
#3432 = ORIENTED_EDGE('',*,*,#1045,.F.);
#3433 = ORIENTED_EDGE('',*,*,#1062,.F.);
#3434 = ORIENTED_EDGE('',*,*,#980,.F.);
#3435 = ORIENTED_EDGE('',*,*,#916,.F.);
#3436 = PLANE('',#3437);
#3437 = AXIS2_PLACEMENT_3D('',#3438,#3439,#3440);
#3438 = CARTESIAN_POINT('',(4.919554352124,28.99999975876,60.));
#3439 = DIRECTION('',(0.,0.,1.));
#3440 = DIRECTION('',(1.,0.,0.));
#3441 = ADVANCED_FACE('',(#3442,#3453),#3456,.T.);
#3442 = FACE_BOUND('',#3443,.T.);
#3443 = EDGE_LOOP('',(#3444));
#3444 = ORIENTED_EDGE('',*,*,#3445,.T.);
#3445 = EDGE_CURVE('',#3446,#3446,#3448,.T.);
#3446 = VERTEX_POINT('',#3447);
#3447 = CARTESIAN_POINT('',(-77.130446,-25.85,62.));
#3448 = CIRCLE('',#3449,2.8);
#3449 = AXIS2_PLACEMENT_3D('',#3450,#3451,#3452);
#3450 = CARTESIAN_POINT('',(-79.930446,-25.85,62.));
#3451 = DIRECTION('',(0.,0.,1.));
#3452 = DIRECTION('',(1.,0.,0.));
#3453 = FACE_BOUND('',#3454,.T.);
#3454 = EDGE_LOOP('',(#3455));
#3455 = ORIENTED_EDGE('',*,*,#924,.F.);
#3456 = PLANE('',#3457);
#3457 = AXIS2_PLACEMENT_3D('',#3458,#3459,#3460);
#3458 = CARTESIAN_POINT('',(5.069554,29.15,62.));
#3459 = DIRECTION('',(0.,0.,1.));
#3460 = DIRECTION('',(1.,0.,0.));
#3461 = ADVANCED_FACE('',(#3462,#3473),#3476,.T.);
#3462 = FACE_BOUND('',#3463,.T.);
#3463 = EDGE_LOOP('',(#3464));
#3464 = ORIENTED_EDGE('',*,*,#3465,.T.);
#3465 = EDGE_CURVE('',#3466,#3466,#3468,.T.);
#3466 = VERTEX_POINT('',#3467);
#3467 = CARTESIAN_POINT('',(-77.130446,84.15,62.));
#3468 = CIRCLE('',#3469,2.8);
#3469 = AXIS2_PLACEMENT_3D('',#3470,#3471,#3472);
#3470 = CARTESIAN_POINT('',(-79.930446,84.15,62.));
#3471 = DIRECTION('',(0.,0.,1.));
#3472 = DIRECTION('',(1.,0.,0.));
#3473 = FACE_BOUND('',#3474,.T.);
#3474 = EDGE_LOOP('',(#3475));
#3475 = ORIENTED_EDGE('',*,*,#955,.F.);
#3476 = PLANE('',#3477);
#3477 = AXIS2_PLACEMENT_3D('',#3478,#3479,#3480);
#3478 = CARTESIAN_POINT('',(5.069554,29.15,62.));
#3479 = DIRECTION('',(0.,0.,1.));
#3480 = DIRECTION('',(1.,0.,0.));
#3481 = ADVANCED_FACE('',(#3482,#3493),#3496,.T.);
#3482 = FACE_BOUND('',#3483,.T.);
#3483 = EDGE_LOOP('',(#3484));
#3484 = ORIENTED_EDGE('',*,*,#3485,.T.);
#3485 = EDGE_CURVE('',#3486,#3486,#3488,.T.);
#3486 = VERTEX_POINT('',#3487);
#3487 = CARTESIAN_POINT('',(92.869554,-25.85,62.));
#3488 = CIRCLE('',#3489,2.8);
#3489 = AXIS2_PLACEMENT_3D('',#3490,#3491,#3492);
#3490 = CARTESIAN_POINT('',(90.069554,-25.85,62.));
#3491 = DIRECTION('',(0.,0.,1.));
#3492 = DIRECTION('',(1.,0.,0.));
#3493 = FACE_BOUND('',#3494,.T.);
#3494 = EDGE_LOOP('',(#3495));
#3495 = ORIENTED_EDGE('',*,*,#1028,.F.);
#3496 = PLANE('',#3497);
#3497 = AXIS2_PLACEMENT_3D('',#3498,#3499,#3500);
#3498 = CARTESIAN_POINT('',(5.069554,29.15,62.));
#3499 = DIRECTION('',(0.,0.,1.));
#3500 = DIRECTION('',(1.,0.,0.));
#3501 = ADVANCED_FACE('',(#3502,#3513),#3516,.T.);
#3502 = FACE_BOUND('',#3503,.T.);
#3503 = EDGE_LOOP('',(#3504));
#3504 = ORIENTED_EDGE('',*,*,#3505,.T.);
#3505 = EDGE_CURVE('',#3506,#3506,#3508,.T.);
#3506 = VERTEX_POINT('',#3507);
#3507 = CARTESIAN_POINT('',(92.869554,84.15,62.));
#3508 = CIRCLE('',#3509,2.8);
#3509 = AXIS2_PLACEMENT_3D('',#3510,#3511,#3512);
#3510 = CARTESIAN_POINT('',(90.069554,84.15,62.));
#3511 = DIRECTION('',(0.,0.,1.));
#3512 = DIRECTION('',(1.,0.,0.));
#3513 = FACE_BOUND('',#3514,.T.);
#3514 = EDGE_LOOP('',(#3515));
#3515 = ORIENTED_EDGE('',*,*,#1078,.F.);
#3516 = PLANE('',#3517);
#3517 = AXIS2_PLACEMENT_3D('',#3518,#3519,#3520);
#3518 = CARTESIAN_POINT('',(5.069554,29.15,62.));
#3519 = DIRECTION('',(0.,0.,1.));
#3520 = DIRECTION('',(1.,0.,0.));
#3521 = ADVANCED_FACE('',(#3522,#3592,#3603,#3611,#3619,#3630,#3641,
    #3652,#3660,#3668,#3676,#3684,#3692,#3700,#3708,#3719,#3730,#3741,
    #3749,#3760,#3768,#3776,#3784,#3792),#3803,.T.);
#3522 = FACE_BOUND('',#3523,.T.);
#3523 = EDGE_LOOP('',(#3524,#3535,#3543,#3552,#3560,#3569,#3577,#3586));
#3524 = ORIENTED_EDGE('',*,*,#3525,.F.);
#3525 = EDGE_CURVE('',#3526,#3528,#3530,.T.);
#3526 = VERTEX_POINT('',#3527);
#3527 = CARTESIAN_POINT('',(-85.08044599993,81.499967628592,64.));
#3528 = VERTEX_POINT('',#3529);
#3529 = CARTESIAN_POINT('',(-77.58041265124,88.999999999963,64.));
#3530 = CIRCLE('',#3531,7.5);
#3531 = AXIS2_PLACEMENT_3D('',#3532,#3533,#3534);
#3532 = CARTESIAN_POINT('',(-77.580446,81.5,64.));
#3533 = DIRECTION('',(0.,0.,-1.));
#3534 = DIRECTION('',(1.,0.,0.));
#3535 = ORIENTED_EDGE('',*,*,#3536,.T.);
#3536 = EDGE_CURVE('',#3526,#3537,#3539,.T.);
#3537 = VERTEX_POINT('',#3538);
#3538 = CARTESIAN_POINT('',(-85.080446,-23.5,64.));
#3539 = LINE('',#3540,#3541);
#3540 = CARTESIAN_POINT('',(-85.08044599995,40.749983814324,64.));
#3541 = VECTOR('',#3542,1.);
#3542 = DIRECTION('',(-6.652E-13,-1.,0.));
#3543 = ORIENTED_EDGE('',*,*,#3544,.F.);
#3544 = EDGE_CURVE('',#3545,#3537,#3547,.T.);
#3545 = VERTEX_POINT('',#3546);
#3546 = CARTESIAN_POINT('',(-77.580446,-31.,64.));
#3547 = CIRCLE('',#3548,7.5);
#3548 = AXIS2_PLACEMENT_3D('',#3549,#3550,#3551);
#3549 = CARTESIAN_POINT('',(-77.580446,-23.5,64.));
#3550 = DIRECTION('',(0.,0.,-1.));
#3551 = DIRECTION('',(1.,0.,0.));
#3552 = ORIENTED_EDGE('',*,*,#3553,.F.);
#3553 = EDGE_CURVE('',#3554,#3545,#3556,.T.);
#3554 = VERTEX_POINT('',#3555);
#3555 = CARTESIAN_POINT('',(87.419551532378,-31.,64.));
#3556 = LINE('',#3557,#3558);
#3557 = CARTESIAN_POINT('',(43.709775766189,-31.,64.));
#3558 = VECTOR('',#3559,1.);
#3559 = DIRECTION('',(-1.,0.,0.));
#3560 = ORIENTED_EDGE('',*,*,#3561,.F.);
#3561 = EDGE_CURVE('',#3562,#3554,#3564,.T.);
#3562 = VERTEX_POINT('',#3563);
#3563 = CARTESIAN_POINT('',(94.919554,-23.5,64.));
#3564 = CIRCLE('',#3565,7.5);
#3565 = AXIS2_PLACEMENT_3D('',#3566,#3567,#3568);
#3566 = CARTESIAN_POINT('',(87.419554,-23.5,64.));
#3567 = DIRECTION('',(0.,0.,-1.));
#3568 = DIRECTION('',(1.,0.,0.));
#3569 = ORIENTED_EDGE('',*,*,#3570,.F.);
#3570 = EDGE_CURVE('',#3571,#3562,#3573,.T.);
#3571 = VERTEX_POINT('',#3572);
#3572 = CARTESIAN_POINT('',(94.919554,81.5,64.));
#3573 = LINE('',#3574,#3575);
#3574 = CARTESIAN_POINT('',(94.919554,40.75,64.));
#3575 = VECTOR('',#3576,1.);
#3576 = DIRECTION('',(-1.4E-16,-1.,0.));
#3577 = ORIENTED_EDGE('',*,*,#3578,.F.);
#3578 = EDGE_CURVE('',#3579,#3571,#3581,.T.);
#3579 = VERTEX_POINT('',#3580);
#3580 = CARTESIAN_POINT('',(87.419554,89.,64.));
#3581 = CIRCLE('',#3582,7.5);
#3582 = AXIS2_PLACEMENT_3D('',#3583,#3584,#3585);
#3583 = CARTESIAN_POINT('',(87.419554,81.5,64.));
#3584 = DIRECTION('',(0.,0.,-1.));
#3585 = DIRECTION('',(1.,0.,0.));
#3586 = ORIENTED_EDGE('',*,*,#3587,.F.);
#3587 = EDGE_CURVE('',#3528,#3579,#3588,.T.);
#3588 = LINE('',#3589,#3590);
#3589 = CARTESIAN_POINT('',(-38.79020632562,89.,64.));
#3590 = VECTOR('',#3591,1.);
#3591 = DIRECTION('',(1.,0.,0.));
#3592 = FACE_BOUND('',#3593,.T.);
#3593 = EDGE_LOOP('',(#3594));
#3594 = ORIENTED_EDGE('',*,*,#3595,.F.);
#3595 = EDGE_CURVE('',#3596,#3596,#3598,.T.);
#3596 = VERTEX_POINT('',#3597);
#3597 = CARTESIAN_POINT('',(-77.130446,-25.85,64.));
#3598 = CIRCLE('',#3599,2.8);
#3599 = AXIS2_PLACEMENT_3D('',#3600,#3601,#3602);
#3600 = CARTESIAN_POINT('',(-79.930446,-25.85,64.));
#3601 = DIRECTION('',(0.,0.,1.));
#3602 = DIRECTION('',(1.,0.,0.));
#3603 = FACE_BOUND('',#3604,.T.);
#3604 = EDGE_LOOP('',(#3605,#3606,#3607,#3608,#3609,#3610));
#3605 = ORIENTED_EDGE('',*,*,#1289,.F.);
#3606 = ORIENTED_EDGE('',*,*,#1416,.F.);
#3607 = ORIENTED_EDGE('',*,*,#1392,.F.);
#3608 = ORIENTED_EDGE('',*,*,#1368,.F.);
#3609 = ORIENTED_EDGE('',*,*,#1344,.F.);
#3610 = ORIENTED_EDGE('',*,*,#1320,.F.);
#3611 = FACE_BOUND('',#3612,.T.);
#3612 = EDGE_LOOP('',(#3613,#3614,#3615,#3616,#3617,#3618));
#3613 = ORIENTED_EDGE('',*,*,#1145,.F.);
#3614 = ORIENTED_EDGE('',*,*,#1272,.F.);
#3615 = ORIENTED_EDGE('',*,*,#1248,.F.);
#3616 = ORIENTED_EDGE('',*,*,#1224,.F.);
#3617 = ORIENTED_EDGE('',*,*,#1200,.F.);
#3618 = ORIENTED_EDGE('',*,*,#1176,.F.);
#3619 = FACE_BOUND('',#3620,.T.);
#3620 = EDGE_LOOP('',(#3621));
#3621 = ORIENTED_EDGE('',*,*,#3622,.T.);
#3622 = EDGE_CURVE('',#3623,#3623,#3625,.T.);
#3623 = VERTEX_POINT('',#3624);
#3624 = CARTESIAN_POINT('',(-9.430446,13.15,64.));
#3625 = CIRCLE('',#3626,1.5);
#3626 = AXIS2_PLACEMENT_3D('',#3627,#3628,#3629);
#3627 = CARTESIAN_POINT('',(-10.930446,13.15,64.));
#3628 = DIRECTION('',(0.,0.,-1.));
#3629 = DIRECTION('',(1.,0.,0.));
#3630 = FACE_BOUND('',#3631,.T.);
#3631 = EDGE_LOOP('',(#3632));
#3632 = ORIENTED_EDGE('',*,*,#3633,.F.);
#3633 = EDGE_CURVE('',#3634,#3634,#3636,.T.);
#3634 = VERTEX_POINT('',#3635);
#3635 = CARTESIAN_POINT('',(92.869554,-25.85,64.));
#3636 = CIRCLE('',#3637,2.8);
#3637 = AXIS2_PLACEMENT_3D('',#3638,#3639,#3640);
#3638 = CARTESIAN_POINT('',(90.069554,-25.85,64.));
#3639 = DIRECTION('',(0.,0.,1.));
#3640 = DIRECTION('',(1.,0.,0.));
#3641 = FACE_BOUND('',#3642,.T.);
#3642 = EDGE_LOOP('',(#3643));
#3643 = ORIENTED_EDGE('',*,*,#3644,.T.);
#3644 = EDGE_CURVE('',#3645,#3645,#3647,.T.);
#3645 = VERTEX_POINT('',#3646);
#3646 = CARTESIAN_POINT('',(22.569554,13.15,64.));
#3647 = CIRCLE('',#3648,1.5);
#3648 = AXIS2_PLACEMENT_3D('',#3649,#3650,#3651);
#3649 = CARTESIAN_POINT('',(21.069554,13.15,64.));
#3650 = DIRECTION('',(0.,0.,-1.));
#3651 = DIRECTION('',(1.,0.,0.));
#3652 = FACE_BOUND('',#3653,.T.);
#3653 = EDGE_LOOP('',(#3654,#3655,#3656,#3657,#3658,#3659));
#3654 = ORIENTED_EDGE('',*,*,#1433,.F.);
#3655 = ORIENTED_EDGE('',*,*,#1560,.F.);
#3656 = ORIENTED_EDGE('',*,*,#1536,.F.);
#3657 = ORIENTED_EDGE('',*,*,#1512,.F.);
#3658 = ORIENTED_EDGE('',*,*,#1488,.F.);
#3659 = ORIENTED_EDGE('',*,*,#1464,.F.);
#3660 = FACE_BOUND('',#3661,.T.);
#3661 = EDGE_LOOP('',(#3662,#3663,#3664,#3665,#3666,#3667));
#3662 = ORIENTED_EDGE('',*,*,#1577,.F.);
#3663 = ORIENTED_EDGE('',*,*,#1704,.F.);
#3664 = ORIENTED_EDGE('',*,*,#1680,.F.);
#3665 = ORIENTED_EDGE('',*,*,#1656,.F.);
#3666 = ORIENTED_EDGE('',*,*,#1632,.F.);
#3667 = ORIENTED_EDGE('',*,*,#1608,.F.);
#3668 = FACE_BOUND('',#3669,.T.);
#3669 = EDGE_LOOP('',(#3670,#3671,#3672,#3673,#3674,#3675));
#3670 = ORIENTED_EDGE('',*,*,#2349,.F.);
#3671 = ORIENTED_EDGE('',*,*,#2476,.F.);
#3672 = ORIENTED_EDGE('',*,*,#2452,.F.);
#3673 = ORIENTED_EDGE('',*,*,#2428,.F.);
#3674 = ORIENTED_EDGE('',*,*,#2404,.F.);
#3675 = ORIENTED_EDGE('',*,*,#2380,.F.);
#3676 = FACE_BOUND('',#3677,.T.);
#3677 = EDGE_LOOP('',(#3678,#3679,#3680,#3681,#3682,#3683));
#3678 = ORIENTED_EDGE('',*,*,#2493,.F.);
#3679 = ORIENTED_EDGE('',*,*,#2620,.F.);
#3680 = ORIENTED_EDGE('',*,*,#2596,.F.);
#3681 = ORIENTED_EDGE('',*,*,#2572,.F.);
#3682 = ORIENTED_EDGE('',*,*,#2548,.F.);
#3683 = ORIENTED_EDGE('',*,*,#2524,.F.);
#3684 = FACE_BOUND('',#3685,.T.);
#3685 = EDGE_LOOP('',(#3686,#3687,#3688,#3689,#3690,#3691));
#3686 = ORIENTED_EDGE('',*,*,#2781,.F.);
#3687 = ORIENTED_EDGE('',*,*,#2908,.F.);
#3688 = ORIENTED_EDGE('',*,*,#2884,.F.);
#3689 = ORIENTED_EDGE('',*,*,#2860,.F.);
#3690 = ORIENTED_EDGE('',*,*,#2836,.F.);
#3691 = ORIENTED_EDGE('',*,*,#2812,.F.);
#3692 = FACE_BOUND('',#3693,.T.);
#3693 = EDGE_LOOP('',(#3694,#3695,#3696,#3697,#3698,#3699));
#3694 = ORIENTED_EDGE('',*,*,#2637,.F.);
#3695 = ORIENTED_EDGE('',*,*,#2764,.F.);
#3696 = ORIENTED_EDGE('',*,*,#2740,.F.);
#3697 = ORIENTED_EDGE('',*,*,#2716,.F.);
#3698 = ORIENTED_EDGE('',*,*,#2692,.F.);
#3699 = ORIENTED_EDGE('',*,*,#2668,.F.);
#3700 = FACE_BOUND('',#3701,.T.);
#3701 = EDGE_LOOP('',(#3702,#3703,#3704,#3705,#3706,#3707));
#3702 = ORIENTED_EDGE('',*,*,#2925,.F.);
#3703 = ORIENTED_EDGE('',*,*,#3052,.F.);
#3704 = ORIENTED_EDGE('',*,*,#3028,.F.);
#3705 = ORIENTED_EDGE('',*,*,#3004,.F.);
#3706 = ORIENTED_EDGE('',*,*,#2980,.F.);
#3707 = ORIENTED_EDGE('',*,*,#2956,.F.);
#3708 = FACE_BOUND('',#3709,.T.);
#3709 = EDGE_LOOP('',(#3710));
#3710 = ORIENTED_EDGE('',*,*,#3711,.T.);
#3711 = EDGE_CURVE('',#3712,#3712,#3714,.T.);
#3712 = VERTEX_POINT('',#3713);
#3713 = CARTESIAN_POINT('',(-9.430446,45.15,64.));
#3714 = CIRCLE('',#3715,1.5);
#3715 = AXIS2_PLACEMENT_3D('',#3716,#3717,#3718);
#3716 = CARTESIAN_POINT('',(-10.930446,45.15,64.));
#3717 = DIRECTION('',(0.,0.,-1.));
#3718 = DIRECTION('',(1.,0.,0.));
#3719 = FACE_BOUND('',#3720,.T.);
#3720 = EDGE_LOOP('',(#3721));
#3721 = ORIENTED_EDGE('',*,*,#3722,.F.);
#3722 = EDGE_CURVE('',#3723,#3723,#3725,.T.);
#3723 = VERTEX_POINT('',#3724);
#3724 = CARTESIAN_POINT('',(-77.130446,84.15,64.));
#3725 = CIRCLE('',#3726,2.8);
#3726 = AXIS2_PLACEMENT_3D('',#3727,#3728,#3729);
#3727 = CARTESIAN_POINT('',(-79.930446,84.15,64.));
#3728 = DIRECTION('',(0.,0.,1.));
#3729 = DIRECTION('',(1.,0.,0.));
#3730 = FACE_BOUND('',#3731,.T.);
#3731 = EDGE_LOOP('',(#3732));
#3732 = ORIENTED_EDGE('',*,*,#3733,.T.);
#3733 = EDGE_CURVE('',#3734,#3734,#3736,.T.);
#3734 = VERTEX_POINT('',#3735);
#3735 = CARTESIAN_POINT('',(24.069554,29.15,64.));
#3736 = CIRCLE('',#3737,19.);
#3737 = AXIS2_PLACEMENT_3D('',#3738,#3739,#3740);
#3738 = CARTESIAN_POINT('',(5.069554,29.15,64.));
#3739 = DIRECTION('',(0.,0.,-1.));
#3740 = DIRECTION('',(1.,0.,0.));
#3741 = FACE_BOUND('',#3742,.T.);
#3742 = EDGE_LOOP('',(#3743,#3744,#3745,#3746,#3747,#3748));
#3743 = ORIENTED_EDGE('',*,*,#1917,.F.);
#3744 = ORIENTED_EDGE('',*,*,#2044,.F.);
#3745 = ORIENTED_EDGE('',*,*,#2020,.F.);
#3746 = ORIENTED_EDGE('',*,*,#1996,.F.);
#3747 = ORIENTED_EDGE('',*,*,#1972,.F.);
#3748 = ORIENTED_EDGE('',*,*,#1948,.F.);
#3749 = FACE_BOUND('',#3750,.T.);
#3750 = EDGE_LOOP('',(#3751));
#3751 = ORIENTED_EDGE('',*,*,#3752,.T.);
#3752 = EDGE_CURVE('',#3753,#3753,#3755,.T.);
#3753 = VERTEX_POINT('',#3754);
#3754 = CARTESIAN_POINT('',(22.569554,45.15,64.));
#3755 = CIRCLE('',#3756,1.5);
#3756 = AXIS2_PLACEMENT_3D('',#3757,#3758,#3759);
#3757 = CARTESIAN_POINT('',(21.069554,45.15,64.));
#3758 = DIRECTION('',(0.,0.,-1.));
#3759 = DIRECTION('',(1.,0.,0.));
#3760 = FACE_BOUND('',#3761,.T.);
#3761 = EDGE_LOOP('',(#3762,#3763,#3764,#3765,#3766,#3767));
#3762 = ORIENTED_EDGE('',*,*,#2061,.F.);
#3763 = ORIENTED_EDGE('',*,*,#2188,.F.);
#3764 = ORIENTED_EDGE('',*,*,#2164,.F.);
#3765 = ORIENTED_EDGE('',*,*,#2140,.F.);
#3766 = ORIENTED_EDGE('',*,*,#2116,.F.);
#3767 = ORIENTED_EDGE('',*,*,#2092,.F.);
#3768 = FACE_BOUND('',#3769,.T.);
#3769 = EDGE_LOOP('',(#3770,#3771,#3772,#3773,#3774,#3775));
#3770 = ORIENTED_EDGE('',*,*,#2205,.F.);
#3771 = ORIENTED_EDGE('',*,*,#2332,.F.);
#3772 = ORIENTED_EDGE('',*,*,#2308,.F.);
#3773 = ORIENTED_EDGE('',*,*,#2284,.F.);
#3774 = ORIENTED_EDGE('',*,*,#2260,.F.);
#3775 = ORIENTED_EDGE('',*,*,#2236,.F.);
#3776 = FACE_BOUND('',#3777,.T.);
#3777 = EDGE_LOOP('',(#3778,#3779,#3780,#3781,#3782,#3783));
#3778 = ORIENTED_EDGE('',*,*,#3069,.F.);
#3779 = ORIENTED_EDGE('',*,*,#3196,.F.);
#3780 = ORIENTED_EDGE('',*,*,#3172,.F.);
#3781 = ORIENTED_EDGE('',*,*,#3148,.F.);
#3782 = ORIENTED_EDGE('',*,*,#3124,.F.);
#3783 = ORIENTED_EDGE('',*,*,#3100,.F.);
#3784 = FACE_BOUND('',#3785,.T.);
#3785 = EDGE_LOOP('',(#3786,#3787,#3788,#3789,#3790,#3791));
#3786 = ORIENTED_EDGE('',*,*,#3213,.F.);
#3787 = ORIENTED_EDGE('',*,*,#3340,.F.);
#3788 = ORIENTED_EDGE('',*,*,#3316,.F.);
#3789 = ORIENTED_EDGE('',*,*,#3292,.F.);
#3790 = ORIENTED_EDGE('',*,*,#3268,.F.);
#3791 = ORIENTED_EDGE('',*,*,#3244,.F.);
#3792 = FACE_BOUND('',#3793,.T.);
#3793 = EDGE_LOOP('',(#3794));
#3794 = ORIENTED_EDGE('',*,*,#3795,.F.);
#3795 = EDGE_CURVE('',#3796,#3796,#3798,.T.);
#3796 = VERTEX_POINT('',#3797);
#3797 = CARTESIAN_POINT('',(92.869554,84.15,64.));
#3798 = CIRCLE('',#3799,2.8);
#3799 = AXIS2_PLACEMENT_3D('',#3800,#3801,#3802);
#3800 = CARTESIAN_POINT('',(90.069554,84.15,64.));
#3801 = DIRECTION('',(0.,0.,1.));
#3802 = DIRECTION('',(1.,0.,0.));
#3803 = PLANE('',#3804);
#3804 = AXIS2_PLACEMENT_3D('',#3805,#3806,#3807);
#3805 = CARTESIAN_POINT('',(0.,0.,64.));
#3806 = DIRECTION('',(0.,0.,1.));
#3807 = DIRECTION('',(1.,0.,0.));
#3808 = ADVANCED_FACE('',(#3809,#3819,#3830,#3841,#3852,#3863),#3874,.F.
  );
#3809 = FACE_BOUND('',#3810,.F.);
#3810 = EDGE_LOOP('',(#3811,#3812,#3813,#3814,#3815,#3816,#3817,#3818));
#3811 = ORIENTED_EDGE('',*,*,#1721,.T.);
#3812 = ORIENTED_EDGE('',*,*,#1777,.T.);
#3813 = ORIENTED_EDGE('',*,*,#1826,.T.);
#3814 = ORIENTED_EDGE('',*,*,#1875,.T.);
#3815 = ORIENTED_EDGE('',*,*,#1900,.T.);
#3816 = ORIENTED_EDGE('',*,*,#1850,.T.);
#3817 = ORIENTED_EDGE('',*,*,#1802,.T.);
#3818 = ORIENTED_EDGE('',*,*,#1752,.F.);
#3819 = FACE_BOUND('',#3820,.F.);
#3820 = EDGE_LOOP('',(#3821));
#3821 = ORIENTED_EDGE('',*,*,#3822,.F.);
#3822 = EDGE_CURVE('',#3823,#3823,#3825,.T.);
#3823 = VERTEX_POINT('',#3824);
#3824 = CARTESIAN_POINT('',(-9.430446,13.15,60.));
#3825 = CIRCLE('',#3826,1.5);
#3826 = AXIS2_PLACEMENT_3D('',#3827,#3828,#3829);
#3827 = CARTESIAN_POINT('',(-10.930446,13.15,60.));
#3828 = DIRECTION('',(0.,0.,1.));
#3829 = DIRECTION('',(1.,0.,0.));
#3830 = FACE_BOUND('',#3831,.F.);
#3831 = EDGE_LOOP('',(#3832));
#3832 = ORIENTED_EDGE('',*,*,#3833,.F.);
#3833 = EDGE_CURVE('',#3834,#3834,#3836,.T.);
#3834 = VERTEX_POINT('',#3835);
#3835 = CARTESIAN_POINT('',(22.569554,13.15,60.));
#3836 = CIRCLE('',#3837,1.5);
#3837 = AXIS2_PLACEMENT_3D('',#3838,#3839,#3840);
#3838 = CARTESIAN_POINT('',(21.069554,13.15,60.));
#3839 = DIRECTION('',(0.,0.,1.));
#3840 = DIRECTION('',(1.,0.,0.));
#3841 = FACE_BOUND('',#3842,.F.);
#3842 = EDGE_LOOP('',(#3843));
#3843 = ORIENTED_EDGE('',*,*,#3844,.F.);
#3844 = EDGE_CURVE('',#3845,#3845,#3847,.T.);
#3845 = VERTEX_POINT('',#3846);
#3846 = CARTESIAN_POINT('',(-9.430446,45.15,60.));
#3847 = CIRCLE('',#3848,1.5);
#3848 = AXIS2_PLACEMENT_3D('',#3849,#3850,#3851);
#3849 = CARTESIAN_POINT('',(-10.930446,45.15,60.));
#3850 = DIRECTION('',(0.,0.,1.));
#3851 = DIRECTION('',(1.,0.,0.));
#3852 = FACE_BOUND('',#3853,.F.);
#3853 = EDGE_LOOP('',(#3854));
#3854 = ORIENTED_EDGE('',*,*,#3855,.F.);
#3855 = EDGE_CURVE('',#3856,#3856,#3858,.T.);
#3856 = VERTEX_POINT('',#3857);
#3857 = CARTESIAN_POINT('',(24.069554,29.15,60.));
#3858 = CIRCLE('',#3859,19.);
#3859 = AXIS2_PLACEMENT_3D('',#3860,#3861,#3862);
#3860 = CARTESIAN_POINT('',(5.069554,29.15,60.));
#3861 = DIRECTION('',(0.,0.,1.));
#3862 = DIRECTION('',(1.,0.,0.));
#3863 = FACE_BOUND('',#3864,.F.);
#3864 = EDGE_LOOP('',(#3865));
#3865 = ORIENTED_EDGE('',*,*,#3866,.F.);
#3866 = EDGE_CURVE('',#3867,#3867,#3869,.T.);
#3867 = VERTEX_POINT('',#3868);
#3868 = CARTESIAN_POINT('',(22.569554,45.15,60.));
#3869 = CIRCLE('',#3870,1.5);
#3870 = AXIS2_PLACEMENT_3D('',#3871,#3872,#3873);
#3871 = CARTESIAN_POINT('',(21.069554,45.15,60.));
#3872 = DIRECTION('',(0.,0.,1.));
#3873 = DIRECTION('',(1.,0.,0.));
#3874 = PLANE('',#3875);
#3875 = AXIS2_PLACEMENT_3D('',#3876,#3877,#3878);
#3876 = CARTESIAN_POINT('',(5.069554,29.15,60.));
#3877 = DIRECTION('',(0.,0.,1.));
#3878 = DIRECTION('',(1.,0.,0.));
#3879 = ADVANCED_FACE('',(#3880),#3896,.T.);
#3880 = FACE_BOUND('',#3881,.F.);
#3881 = EDGE_LOOP('',(#3882,#3883,#3889,#3890));
#3882 = ORIENTED_EDGE('',*,*,#3357,.F.);
#3883 = ORIENTED_EDGE('',*,*,#3884,.T.);
#3884 = EDGE_CURVE('',#3358,#3528,#3885,.T.);
#3885 = LINE('',#3886,#3887);
#3886 = CARTESIAN_POINT('',(-77.58041265124,88.999999999963,60.));
#3887 = VECTOR('',#3888,1.);
#3888 = DIRECTION('',(0.,0.,1.));
#3889 = ORIENTED_EDGE('',*,*,#3525,.F.);
#3890 = ORIENTED_EDGE('',*,*,#3891,.F.);
#3891 = EDGE_CURVE('',#3360,#3526,#3892,.T.);
#3892 = LINE('',#3893,#3894);
#3893 = CARTESIAN_POINT('',(-85.08044599993,81.499967628592,60.));
#3894 = VECTOR('',#3895,1.);
#3895 = DIRECTION('',(0.,0.,1.));
#3896 = CYLINDRICAL_SURFACE('',#3897,7.5);
#3897 = AXIS2_PLACEMENT_3D('',#3898,#3899,#3900);
#3898 = CARTESIAN_POINT('',(-77.580446,81.5,60.));
#3899 = DIRECTION('',(-0.,-0.,-1.));
#3900 = DIRECTION('',(1.,0.,0.));
#3901 = ADVANCED_FACE('',(#3902),#3913,.T.);
#3902 = FACE_BOUND('',#3903,.T.);
#3903 = EDGE_LOOP('',(#3904,#3905,#3906,#3907));
#3904 = ORIENTED_EDGE('',*,*,#3419,.F.);
#3905 = ORIENTED_EDGE('',*,*,#3884,.T.);
#3906 = ORIENTED_EDGE('',*,*,#3587,.T.);
#3907 = ORIENTED_EDGE('',*,*,#3908,.F.);
#3908 = EDGE_CURVE('',#3411,#3579,#3909,.T.);
#3909 = LINE('',#3910,#3911);
#3910 = CARTESIAN_POINT('',(87.419554,89.,60.));
#3911 = VECTOR('',#3912,1.);
#3912 = DIRECTION('',(0.,0.,1.));
#3913 = PLANE('',#3914);
#3914 = AXIS2_PLACEMENT_3D('',#3915,#3916,#3917);
#3915 = CARTESIAN_POINT('',(-77.58041265124,89.,60.));
#3916 = DIRECTION('',(0.,1.,0.));
#3917 = DIRECTION('',(1.,0.,0.));
#3918 = ADVANCED_FACE('',(#3919),#3930,.F.);
#3919 = FACE_BOUND('',#3920,.F.);
#3920 = EDGE_LOOP('',(#3921,#3922,#3923,#3924));
#3921 = ORIENTED_EDGE('',*,*,#3368,.F.);
#3922 = ORIENTED_EDGE('',*,*,#3891,.T.);
#3923 = ORIENTED_EDGE('',*,*,#3536,.T.);
#3924 = ORIENTED_EDGE('',*,*,#3925,.F.);
#3925 = EDGE_CURVE('',#3369,#3537,#3926,.T.);
#3926 = LINE('',#3927,#3928);
#3927 = CARTESIAN_POINT('',(-85.080446,-23.5,60.));
#3928 = VECTOR('',#3929,1.);
#3929 = DIRECTION('',(0.,0.,1.));
#3930 = PLANE('',#3931);
#3931 = AXIS2_PLACEMENT_3D('',#3932,#3933,#3934);
#3932 = CARTESIAN_POINT('',(-85.08044599993,81.499967628592,60.));
#3933 = DIRECTION('',(1.,-6.652E-13,0.));
#3934 = DIRECTION('',(-6.652E-13,-1.,0.));
#3935 = ADVANCED_FACE('',(#3936),#3947,.T.);
#3936 = FACE_BOUND('',#3937,.F.);
#3937 = EDGE_LOOP('',(#3938,#3939,#3945,#3946));
#3938 = ORIENTED_EDGE('',*,*,#3410,.F.);
#3939 = ORIENTED_EDGE('',*,*,#3940,.T.);
#3940 = EDGE_CURVE('',#3403,#3571,#3941,.T.);
#3941 = LINE('',#3942,#3943);
#3942 = CARTESIAN_POINT('',(94.919554,81.5,60.));
#3943 = VECTOR('',#3944,1.);
#3944 = DIRECTION('',(0.,0.,1.));
#3945 = ORIENTED_EDGE('',*,*,#3578,.F.);
#3946 = ORIENTED_EDGE('',*,*,#3908,.F.);
#3947 = CYLINDRICAL_SURFACE('',#3948,7.5);
#3948 = AXIS2_PLACEMENT_3D('',#3949,#3950,#3951);
#3949 = CARTESIAN_POINT('',(87.419554,81.5,60.));
#3950 = DIRECTION('',(-0.,-0.,-1.));
#3951 = DIRECTION('',(1.,0.,0.));
#3952 = ADVANCED_FACE('',(#3953),#3964,.T.);
#3953 = FACE_BOUND('',#3954,.F.);
#3954 = EDGE_LOOP('',(#3955,#3956,#3957,#3958));
#3955 = ORIENTED_EDGE('',*,*,#3376,.F.);
#3956 = ORIENTED_EDGE('',*,*,#3925,.T.);
#3957 = ORIENTED_EDGE('',*,*,#3544,.F.);
#3958 = ORIENTED_EDGE('',*,*,#3959,.F.);
#3959 = EDGE_CURVE('',#3377,#3545,#3960,.T.);
#3960 = LINE('',#3961,#3962);
#3961 = CARTESIAN_POINT('',(-77.580446,-31.,60.));
#3962 = VECTOR('',#3963,1.);
#3963 = DIRECTION('',(0.,0.,1.));
#3964 = CYLINDRICAL_SURFACE('',#3965,7.5);
#3965 = AXIS2_PLACEMENT_3D('',#3966,#3967,#3968);
#3966 = CARTESIAN_POINT('',(-77.580446,-23.5,60.));
#3967 = DIRECTION('',(-0.,-0.,-1.));
#3968 = DIRECTION('',(1.,0.,0.));
#3969 = ADVANCED_FACE('',(#3970),#3981,.T.);
#3970 = FACE_BOUND('',#3971,.T.);
#3971 = EDGE_LOOP('',(#3972,#3973,#3974,#3975));
#3972 = ORIENTED_EDGE('',*,*,#3402,.F.);
#3973 = ORIENTED_EDGE('',*,*,#3940,.T.);
#3974 = ORIENTED_EDGE('',*,*,#3570,.T.);
#3975 = ORIENTED_EDGE('',*,*,#3976,.F.);
#3976 = EDGE_CURVE('',#3394,#3562,#3977,.T.);
#3977 = LINE('',#3978,#3979);
#3978 = CARTESIAN_POINT('',(94.919554,-23.5,60.));
#3979 = VECTOR('',#3980,1.);
#3980 = DIRECTION('',(0.,0.,1.));
#3981 = PLANE('',#3982);
#3982 = AXIS2_PLACEMENT_3D('',#3983,#3984,#3985);
#3983 = CARTESIAN_POINT('',(94.919554,81.5,60.));
#3984 = DIRECTION('',(1.,-1.4E-16,0.));
#3985 = DIRECTION('',(-1.4E-16,-1.,0.));
#3986 = ADVANCED_FACE('',(#3987),#3998,.T.);
#3987 = FACE_BOUND('',#3988,.T.);
#3988 = EDGE_LOOP('',(#3989,#3990,#3996,#3997));
#3989 = ORIENTED_EDGE('',*,*,#3385,.F.);
#3990 = ORIENTED_EDGE('',*,*,#3991,.T.);
#3991 = EDGE_CURVE('',#3386,#3554,#3992,.T.);
#3992 = LINE('',#3993,#3994);
#3993 = CARTESIAN_POINT('',(87.419551532378,-31.,60.));
#3994 = VECTOR('',#3995,1.);
#3995 = DIRECTION('',(0.,0.,1.));
#3996 = ORIENTED_EDGE('',*,*,#3553,.T.);
#3997 = ORIENTED_EDGE('',*,*,#3959,.F.);
#3998 = PLANE('',#3999);
#3999 = AXIS2_PLACEMENT_3D('',#4000,#4001,#4002);
#4000 = CARTESIAN_POINT('',(87.419551532378,-31.,60.));
#4001 = DIRECTION('',(0.,-1.,0.));
#4002 = DIRECTION('',(-1.,0.,0.));
#4003 = ADVANCED_FACE('',(#4004),#4010,.T.);
#4004 = FACE_BOUND('',#4005,.F.);
#4005 = EDGE_LOOP('',(#4006,#4007,#4008,#4009));
#4006 = ORIENTED_EDGE('',*,*,#3393,.F.);
#4007 = ORIENTED_EDGE('',*,*,#3991,.T.);
#4008 = ORIENTED_EDGE('',*,*,#3561,.F.);
#4009 = ORIENTED_EDGE('',*,*,#3976,.F.);
#4010 = CYLINDRICAL_SURFACE('',#4011,7.5);
#4011 = AXIS2_PLACEMENT_3D('',#4012,#4013,#4014);
#4012 = CARTESIAN_POINT('',(87.419554,-23.5,60.));
#4013 = DIRECTION('',(-0.,-0.,-1.));
#4014 = DIRECTION('',(1.,0.,0.));
#4015 = ADVANCED_FACE('',(#4016),#4027,.F.);
#4016 = FACE_BOUND('',#4017,.F.);
#4017 = EDGE_LOOP('',(#4018,#4024,#4025,#4026));
#4018 = ORIENTED_EDGE('',*,*,#4019,.T.);
#4019 = EDGE_CURVE('',#3596,#3446,#4020,.T.);
#4020 = LINE('',#4021,#4022);
#4021 = CARTESIAN_POINT('',(-77.130446,-25.85,64.));
#4022 = VECTOR('',#4023,1.);
#4023 = DIRECTION('',(-0.,-0.,-1.));
#4024 = ORIENTED_EDGE('',*,*,#3445,.T.);
#4025 = ORIENTED_EDGE('',*,*,#4019,.F.);
#4026 = ORIENTED_EDGE('',*,*,#3595,.F.);
#4027 = CYLINDRICAL_SURFACE('',#4028,2.8);
#4028 = AXIS2_PLACEMENT_3D('',#4029,#4030,#4031);
#4029 = CARTESIAN_POINT('',(-79.930446,-25.85,64.));
#4030 = DIRECTION('',(0.,0.,1.));
#4031 = DIRECTION('',(1.,0.,0.));
#4032 = ADVANCED_FACE('',(#4033),#4044,.F.);
#4033 = FACE_BOUND('',#4034,.F.);
#4034 = EDGE_LOOP('',(#4035,#4041,#4042,#4043));
#4035 = ORIENTED_EDGE('',*,*,#4036,.T.);
#4036 = EDGE_CURVE('',#3723,#3466,#4037,.T.);
#4037 = LINE('',#4038,#4039);
#4038 = CARTESIAN_POINT('',(-77.130446,84.15,64.));
#4039 = VECTOR('',#4040,1.);
#4040 = DIRECTION('',(-0.,-0.,-1.));
#4041 = ORIENTED_EDGE('',*,*,#3465,.T.);
#4042 = ORIENTED_EDGE('',*,*,#4036,.F.);
#4043 = ORIENTED_EDGE('',*,*,#3722,.F.);
#4044 = CYLINDRICAL_SURFACE('',#4045,2.8);
#4045 = AXIS2_PLACEMENT_3D('',#4046,#4047,#4048);
#4046 = CARTESIAN_POINT('',(-79.930446,84.15,64.));
#4047 = DIRECTION('',(0.,0.,1.));
#4048 = DIRECTION('',(1.,0.,0.));
#4049 = ADVANCED_FACE('',(#4050),#4061,.F.);
#4050 = FACE_BOUND('',#4051,.F.);
#4051 = EDGE_LOOP('',(#4052,#4058,#4059,#4060));
#4052 = ORIENTED_EDGE('',*,*,#4053,.T.);
#4053 = EDGE_CURVE('',#3634,#3486,#4054,.T.);
#4054 = LINE('',#4055,#4056);
#4055 = CARTESIAN_POINT('',(92.869554,-25.85,64.));
#4056 = VECTOR('',#4057,1.);
#4057 = DIRECTION('',(-0.,-0.,-1.));
#4058 = ORIENTED_EDGE('',*,*,#3485,.T.);
#4059 = ORIENTED_EDGE('',*,*,#4053,.F.);
#4060 = ORIENTED_EDGE('',*,*,#3633,.F.);
#4061 = CYLINDRICAL_SURFACE('',#4062,2.8);
#4062 = AXIS2_PLACEMENT_3D('',#4063,#4064,#4065);
#4063 = CARTESIAN_POINT('',(90.069554,-25.85,64.));
#4064 = DIRECTION('',(0.,0.,1.));
#4065 = DIRECTION('',(1.,0.,0.));
#4066 = ADVANCED_FACE('',(#4067),#4078,.F.);
#4067 = FACE_BOUND('',#4068,.F.);
#4068 = EDGE_LOOP('',(#4069,#4075,#4076,#4077));
#4069 = ORIENTED_EDGE('',*,*,#4070,.T.);
#4070 = EDGE_CURVE('',#3796,#3506,#4071,.T.);
#4071 = LINE('',#4072,#4073);
#4072 = CARTESIAN_POINT('',(92.869554,84.15,64.));
#4073 = VECTOR('',#4074,1.);
#4074 = DIRECTION('',(-0.,-0.,-1.));
#4075 = ORIENTED_EDGE('',*,*,#3505,.T.);
#4076 = ORIENTED_EDGE('',*,*,#4070,.F.);
#4077 = ORIENTED_EDGE('',*,*,#3795,.F.);
#4078 = CYLINDRICAL_SURFACE('',#4079,2.8);
#4079 = AXIS2_PLACEMENT_3D('',#4080,#4081,#4082);
#4080 = CARTESIAN_POINT('',(90.069554,84.15,64.));
#4081 = DIRECTION('',(0.,0.,1.));
#4082 = DIRECTION('',(1.,0.,0.));
#4083 = ADVANCED_FACE('',(#4084),#4095,.F.);
#4084 = FACE_BOUND('',#4085,.T.);
#4085 = EDGE_LOOP('',(#4086,#4087,#4093,#4094));
#4086 = ORIENTED_EDGE('',*,*,#3822,.F.);
#4087 = ORIENTED_EDGE('',*,*,#4088,.T.);
#4088 = EDGE_CURVE('',#3823,#3623,#4089,.T.);
#4089 = LINE('',#4090,#4091);
#4090 = CARTESIAN_POINT('',(-9.430446,13.15,60.));
#4091 = VECTOR('',#4092,1.);
#4092 = DIRECTION('',(0.,0.,1.));
#4093 = ORIENTED_EDGE('',*,*,#3622,.F.);
#4094 = ORIENTED_EDGE('',*,*,#4088,.F.);
#4095 = CYLINDRICAL_SURFACE('',#4096,1.5);
#4096 = AXIS2_PLACEMENT_3D('',#4097,#4098,#4099);
#4097 = CARTESIAN_POINT('',(-10.930446,13.15,60.));
#4098 = DIRECTION('',(-0.,-0.,-1.));
#4099 = DIRECTION('',(1.,0.,0.));
#4100 = ADVANCED_FACE('',(#4101),#4112,.F.);
#4101 = FACE_BOUND('',#4102,.T.);
#4102 = EDGE_LOOP('',(#4103,#4104,#4110,#4111));
#4103 = ORIENTED_EDGE('',*,*,#3833,.F.);
#4104 = ORIENTED_EDGE('',*,*,#4105,.T.);
#4105 = EDGE_CURVE('',#3834,#3645,#4106,.T.);
#4106 = LINE('',#4107,#4108);
#4107 = CARTESIAN_POINT('',(22.569554,13.15,60.));
#4108 = VECTOR('',#4109,1.);
#4109 = DIRECTION('',(0.,0.,1.));
#4110 = ORIENTED_EDGE('',*,*,#3644,.F.);
#4111 = ORIENTED_EDGE('',*,*,#4105,.F.);
#4112 = CYLINDRICAL_SURFACE('',#4113,1.5);
#4113 = AXIS2_PLACEMENT_3D('',#4114,#4115,#4116);
#4114 = CARTESIAN_POINT('',(21.069554,13.15,60.));
#4115 = DIRECTION('',(-0.,-0.,-1.));
#4116 = DIRECTION('',(1.,0.,0.));
#4117 = ADVANCED_FACE('',(#4118),#4129,.F.);
#4118 = FACE_BOUND('',#4119,.T.);
#4119 = EDGE_LOOP('',(#4120,#4121,#4127,#4128));
#4120 = ORIENTED_EDGE('',*,*,#3844,.F.);
#4121 = ORIENTED_EDGE('',*,*,#4122,.T.);
#4122 = EDGE_CURVE('',#3845,#3712,#4123,.T.);
#4123 = LINE('',#4124,#4125);
#4124 = CARTESIAN_POINT('',(-9.430446,45.15,60.));
#4125 = VECTOR('',#4126,1.);
#4126 = DIRECTION('',(0.,0.,1.));
#4127 = ORIENTED_EDGE('',*,*,#3711,.F.);
#4128 = ORIENTED_EDGE('',*,*,#4122,.F.);
#4129 = CYLINDRICAL_SURFACE('',#4130,1.5);
#4130 = AXIS2_PLACEMENT_3D('',#4131,#4132,#4133);
#4131 = CARTESIAN_POINT('',(-10.930446,45.15,60.));
#4132 = DIRECTION('',(-0.,-0.,-1.));
#4133 = DIRECTION('',(1.,0.,0.));
#4134 = ADVANCED_FACE('',(#4135),#4146,.F.);
#4135 = FACE_BOUND('',#4136,.T.);
#4136 = EDGE_LOOP('',(#4137,#4138,#4144,#4145));
#4137 = ORIENTED_EDGE('',*,*,#3855,.F.);
#4138 = ORIENTED_EDGE('',*,*,#4139,.T.);
#4139 = EDGE_CURVE('',#3856,#3734,#4140,.T.);
#4140 = LINE('',#4141,#4142);
#4141 = CARTESIAN_POINT('',(24.069554,29.15,60.));
#4142 = VECTOR('',#4143,1.);
#4143 = DIRECTION('',(0.,0.,1.));
#4144 = ORIENTED_EDGE('',*,*,#3733,.F.);
#4145 = ORIENTED_EDGE('',*,*,#4139,.F.);
#4146 = CYLINDRICAL_SURFACE('',#4147,19.);
#4147 = AXIS2_PLACEMENT_3D('',#4148,#4149,#4150);
#4148 = CARTESIAN_POINT('',(5.069554,29.15,60.));
#4149 = DIRECTION('',(-0.,-0.,-1.));
#4150 = DIRECTION('',(1.,0.,0.));
#4151 = ADVANCED_FACE('',(#4152),#4163,.F.);
#4152 = FACE_BOUND('',#4153,.T.);
#4153 = EDGE_LOOP('',(#4154,#4155,#4161,#4162));
#4154 = ORIENTED_EDGE('',*,*,#3866,.F.);
#4155 = ORIENTED_EDGE('',*,*,#4156,.T.);
#4156 = EDGE_CURVE('',#3867,#3753,#4157,.T.);
#4157 = LINE('',#4158,#4159);
#4158 = CARTESIAN_POINT('',(22.569554,45.15,60.));
#4159 = VECTOR('',#4160,1.);
#4160 = DIRECTION('',(0.,0.,1.));
#4161 = ORIENTED_EDGE('',*,*,#3752,.F.);
#4162 = ORIENTED_EDGE('',*,*,#4156,.F.);
#4163 = CYLINDRICAL_SURFACE('',#4164,1.5);
#4164 = AXIS2_PLACEMENT_3D('',#4165,#4166,#4167);
#4165 = CARTESIAN_POINT('',(21.069554,45.15,60.));
#4166 = DIRECTION('',(-0.,-0.,-1.));
#4167 = DIRECTION('',(1.,0.,0.));
#4168 = ( GEOMETRIC_REPRESENTATION_CONTEXT(3) 
GLOBAL_UNCERTAINTY_ASSIGNED_CONTEXT((#4172)) 
GLOBAL_UNIT_ASSIGNED_CONTEXT((#4169,#4170,#4171)) REPRESENTATION_CONTEXT
('Context #1','3D Context with UNIT and UNCERTAINTY') );
#4169 = ( LENGTH_UNIT() NAMED_UNIT(*) SI_UNIT(.MILLI.,.METRE.) );
#4170 = ( NAMED_UNIT(*) PLANE_ANGLE_UNIT() SI_UNIT($,.RADIAN.) );
#4171 = ( NAMED_UNIT(*) SI_UNIT($,.STERADIAN.) SOLID_ANGLE_UNIT() );
#4172 = UNCERTAINTY_MEASURE_WITH_UNIT(LENGTH_MEASURE(1.E-04),#4169,
  'distance_accuracy_value','confusion accuracy');
#4173 = PRODUCT_RELATED_PRODUCT_CATEGORY('part',$,(#7));
#4174 = MECHANICAL_DESIGN_GEOMETRIC_PRESENTATION_REPRESENTATION('',(
    #4175),#4168);
#4175 = STYLED_ITEM('color',(#4176),#15);
#4176 = PRESENTATION_STYLE_ASSIGNMENT((#4177,#4185));
#4177 = SURFACE_STYLE_USAGE(.BOTH.,#4178);
#4178 = SURFACE_SIDE_STYLE('',(#4179,#4183));
#4179 = SURFACE_STYLE_FILL_AREA(#4180);
#4180 = FILL_AREA_STYLE('',(#4181));
#4181 = FILL_AREA_STYLE_COLOUR('',#4182);
#4182 = COLOUR_RGB('',0.149019617616,0.149019617616,0.149019617616);
#4183 = SURFACE_STYLE_RENDERING_WITH_PROPERTIES(.NORMAL_SHADING.,#4182,(
    #4184));
#4184 = SURFACE_STYLE_TRANSPARENT(0.699999988079);
#4185 = CURVE_STYLE('',#4186,POSITIVE_LENGTH_MEASURE(0.1),#4187);
#4186 = DRAUGHTING_PRE_DEFINED_CURVE_FONT('continuous');
#4187 = COLOUR_RGB('',9.803921802644E-02,9.803921802644E-02,
  9.803921802644E-02);
ENDSEC;
END-ISO-10303-21;
