ISO-10303-21;
HEADER;
FILE_DESCRIPTION(('FreeCAD Model'),'2;1');
FILE_NAME('Open CASCADE Shape Model','2026-04-01T09:00:28',(''),(''),
  'Open CASCADE STEP processor 7.8','FreeCAD','Unknown');
FILE_SCHEMA(('AUTOMOTIVE_DESIGN { 1 0 10303 214 1 1 1 1 }'));
ENDSEC;
DATA;
#1 = APPLICATION_PROTOCOL_DEFINITION('international standard',
  'automotive_design',2000,#2);
#2 = APPLICATION_CONTEXT(
  'core data for automotive mechanical design processes');
#3 = SHAPE_DEFINITION_REPRESENTATION(#4,#10);
#4 = PRODUCT_DEFINITION_SHAPE('','',#5);
#5 = PRODUCT_DEFINITION('design','',#6,#9);
#6 = PRODUCT_DEFINITION_FORMATION('','',#7);
#7 = PRODUCT('Wall','Wall','',(#8));
#8 = PRODUCT_CONTEXT('',#2,'mechanical');
#9 = PRODUCT_DEFINITION_CONTEXT('part definition',#2,'design');
#10 = ADVANCED_BREP_SHAPE_REPRESENTATION('',(#11,#15),#8752);
#11 = AXIS2_PLACEMENT_3D('',#12,#13,#14);
#12 = CARTESIAN_POINT('',(0.,0.,0.));
#13 = DIRECTION('',(0.,0.,1.));
#14 = DIRECTION('',(1.,0.,-0.));
#15 = MANIFOLD_SOLID_BREP('',#16);
#16 = CLOSED_SHELL('',(#17,#807,#971,#996,#1021,#1169,#1200,#1224,#1248,
    #1272,#1296,#1313,#1344,#1368,#1392,#1416,#1440,#1457,#1488,#1512,
    #1536,#1560,#1584,#1601,#1632,#1656,#1680,#1704,#1728,#1745,#1776,
    #1800,#1824,#1848,#1872,#1889,#1920,#1944,#1968,#1992,#2016,#2033,
    #2064,#2088,#2112,#2136,#2160,#2177,#2208,#2232,#2256,#2280,#2304,
    #2321,#2352,#2376,#2400,#2424,#2448,#2465,#2496,#2520,#2544,#2568,
    #2592,#2609,#2640,#2664,#2688,#2712,#2736,#2753,#2784,#2808,#2832,
    #2856,#2880,#2897,#2928,#2952,#2976,#3000,#3024,#3041,#3072,#3096,
    #3120,#3144,#3168,#3185,#3216,#3240,#3264,#3288,#3312,#3329,#3561,
    #3628,#3645,#3662,#4424,#4489,#5311,#5362,#5649,#5716,#5908,#5959,
    #6119,#6141,#6158,#6175,#6187,#6209,#6226,#6243,#6255,#6277,#6294,
    #6311,#6323,#6340,#6362,#6379,#6396,#6408,#6430,#6447,#6464,#6476,
    #6498,#6515,#6532,#6544,#6575,#6599,#6623,#6647,#6671,#6688,#6710,
    #6727,#6744,#6761,#6778,#6790,#6812,#6829,#6846,#6863,#6880,#6892,
    #6914,#6931,#6948,#6965,#6982,#6994,#7016,#7033,#7050,#7067,#7084,
    #7096,#7118,#7135,#7152,#7169,#7186,#7198,#7220,#7237,#7254,#7271,
    #7288,#7300,#7322,#7339,#7356,#7373,#7390,#7402,#7424,#7441,#7458,
    #7475,#7492,#7504,#7526,#7543,#7560,#7577,#7594,#7606,#7628,#7645,
    #7662,#7679,#7696,#7708,#7730,#7747,#7764,#7781,#7798,#7810,#7832,
    #7849,#7866,#7883,#7900,#7912,#7934,#7951,#7968,#7985,#8002,#8014,
    #8036,#8053,#8070,#8087,#8104,#8116,#8138,#8155,#8172,#8189,#8206,
    #8218,#8245,#8272,#8290,#8308,#8322,#8334,#8353,#8371,#8384,#8402,
    #8420,#8432,#8463,#8487,#8511,#8528,#8559,#8583,#8607,#8624,#8655,
    #8679,#8703,#8720));
#17 = ADVANCED_FACE('',(#18,#52,#102,#152,#202,#252,#302,#352,#402,#452,
    #502,#552,#602,#652,#702,#752),#802,.F.);
#18 = FACE_BOUND('',#19,.F.);
#19 = EDGE_LOOP('',(#20,#30,#38,#46));
#20 = ORIENTED_EDGE('',*,*,#21,.F.);
#21 = EDGE_CURVE('',#22,#24,#26,.T.);
#22 = VERTEX_POINT('',#23);
#23 = CARTESIAN_POINT('',(-85.08044599996,81.499967628592,5.));
#24 = VERTEX_POINT('',#25);
#25 = CARTESIAN_POINT('',(-85.080446,-23.5,5.));
#26 = LINE('',#27,#28);
#27 = CARTESIAN_POINT('',(-85.080446,81.499967628592,5.));
#28 = VECTOR('',#29,1.);
#29 = DIRECTION('',(0.,-1.,0.));
#30 = ORIENTED_EDGE('',*,*,#31,.T.);
#31 = EDGE_CURVE('',#22,#32,#34,.T.);
#32 = VERTEX_POINT('',#33);
#33 = CARTESIAN_POINT('',(-85.08044599996,81.499967628592,60.));
#34 = LINE('',#35,#36);
#35 = CARTESIAN_POINT('',(-85.08044599996,81.499967628592,5.));
#36 = VECTOR('',#37,1.);
#37 = DIRECTION('',(0.,0.,1.));
#38 = ORIENTED_EDGE('',*,*,#39,.T.);
#39 = EDGE_CURVE('',#32,#40,#42,.T.);
#40 = VERTEX_POINT('',#41);
#41 = CARTESIAN_POINT('',(-85.080446,-23.5,60.));
#42 = LINE('',#43,#44);
#43 = CARTESIAN_POINT('',(-85.080446,40.749983814296,60.));
#44 = VECTOR('',#45,1.);
#45 = DIRECTION('',(0.,-1.,0.));
#46 = ORIENTED_EDGE('',*,*,#47,.F.);
#47 = EDGE_CURVE('',#24,#40,#48,.T.);
#48 = LINE('',#49,#50);
#49 = CARTESIAN_POINT('',(-85.080446,-23.5,5.));
#50 = VECTOR('',#51,1.);
#51 = DIRECTION('',(0.,0.,1.));
#52 = FACE_BOUND('',#53,.F.);
#53 = EDGE_LOOP('',(#54,#64,#72,#80,#88,#96));
#54 = ORIENTED_EDGE('',*,*,#55,.F.);
#55 = EDGE_CURVE('',#56,#58,#60,.T.);
#56 = VERTEX_POINT('',#57);
#57 = CARTESIAN_POINT('',(-85.080446,64.196136237003,44.392304845413));
#58 = VERTEX_POINT('',#59);
#59 = CARTESIAN_POINT('',(-85.080446,58.999983814296,47.392304845413));
#60 = LINE('',#61,#62);
#61 = CARTESIAN_POINT('',(-85.080446,64.196136237003,44.392304845413));
#62 = VECTOR('',#63,1.);
#63 = DIRECTION('',(0.,-0.866025403784,0.5));
#64 = ORIENTED_EDGE('',*,*,#65,.F.);
#65 = EDGE_CURVE('',#66,#56,#68,.T.);
#66 = VERTEX_POINT('',#67);
#67 = CARTESIAN_POINT('',(-85.080446,64.196136237003,38.392304845413));
#68 = LINE('',#69,#70);
#69 = CARTESIAN_POINT('',(-85.080446,64.196136237003,38.392304845413));
#70 = VECTOR('',#71,1.);
#71 = DIRECTION('',(0.,0.,1.));
#72 = ORIENTED_EDGE('',*,*,#73,.F.);
#73 = EDGE_CURVE('',#74,#66,#76,.T.);
#74 = VERTEX_POINT('',#75);
#75 = CARTESIAN_POINT('',(-85.080446,58.999983814296,35.392304845413));
#76 = LINE('',#77,#78);
#77 = CARTESIAN_POINT('',(-85.080446,58.999983814296,35.392304845413));
#78 = VECTOR('',#79,1.);
#79 = DIRECTION('',(0.,0.866025403784,0.5));
#80 = ORIENTED_EDGE('',*,*,#81,.F.);
#81 = EDGE_CURVE('',#82,#74,#84,.T.);
#82 = VERTEX_POINT('',#83);
#83 = CARTESIAN_POINT('',(-85.080446,53.803831391589,38.392304845413));
#84 = LINE('',#85,#86);
#85 = CARTESIAN_POINT('',(-85.080446,53.803831391589,38.392304845413));
#86 = VECTOR('',#87,1.);
#87 = DIRECTION('',(0.,0.866025403784,-0.5));
#88 = ORIENTED_EDGE('',*,*,#89,.F.);
#89 = EDGE_CURVE('',#90,#82,#92,.T.);
#90 = VERTEX_POINT('',#91);
#91 = CARTESIAN_POINT('',(-85.080446,53.80383139159,44.392304845413));
#92 = LINE('',#93,#94);
#93 = CARTESIAN_POINT('',(-85.080446,53.80383139159,44.392304845413));
#94 = VECTOR('',#95,1.);
#95 = DIRECTION('',(0.,-1.18E-15,-1.));
#96 = ORIENTED_EDGE('',*,*,#97,.F.);
#97 = EDGE_CURVE('',#58,#90,#98,.T.);
#98 = LINE('',#99,#100);
#99 = CARTESIAN_POINT('',(-85.080446,58.999983814296,47.392304845413));
#100 = VECTOR('',#101,1.);
#101 = DIRECTION('',(0.,-0.866025403784,-0.5));
#102 = FACE_BOUND('',#103,.F.);
#103 = EDGE_LOOP('',(#104,#114,#122,#130,#138,#146));
#104 = ORIENTED_EDGE('',*,*,#105,.F.);
#105 = EDGE_CURVE('',#106,#108,#110,.T.);
#106 = VERTEX_POINT('',#107);
#107 = CARTESIAN_POINT('',(-85.080446,52.196136237003,44.392304845413));
#108 = VERTEX_POINT('',#109);
#109 = CARTESIAN_POINT('',(-85.080446,46.999983814296,47.392304845413));
#110 = LINE('',#111,#112);
#111 = CARTESIAN_POINT('',(-85.080446,52.196136237003,44.392304845413));
#112 = VECTOR('',#113,1.);
#113 = DIRECTION('',(0.,-0.866025403784,0.5));
#114 = ORIENTED_EDGE('',*,*,#115,.F.);
#115 = EDGE_CURVE('',#116,#106,#118,.T.);
#116 = VERTEX_POINT('',#117);
#117 = CARTESIAN_POINT('',(-85.080446,52.196136237003,38.392304845413));
#118 = LINE('',#119,#120);
#119 = CARTESIAN_POINT('',(-85.080446,52.196136237003,38.392304845413));
#120 = VECTOR('',#121,1.);
#121 = DIRECTION('',(0.,0.,1.));
#122 = ORIENTED_EDGE('',*,*,#123,.F.);
#123 = EDGE_CURVE('',#124,#116,#126,.T.);
#124 = VERTEX_POINT('',#125);
#125 = CARTESIAN_POINT('',(-85.080446,46.999983814296,35.392304845413));
#126 = LINE('',#127,#128);
#127 = CARTESIAN_POINT('',(-85.080446,46.999983814296,35.392304845413));
#128 = VECTOR('',#129,1.);
#129 = DIRECTION('',(0.,0.866025403784,0.5));
#130 = ORIENTED_EDGE('',*,*,#131,.F.);
#131 = EDGE_CURVE('',#132,#124,#134,.T.);
#132 = VERTEX_POINT('',#133);
#133 = CARTESIAN_POINT('',(-85.080446,41.80383139159,38.392304845413));
#134 = LINE('',#135,#136);
#135 = CARTESIAN_POINT('',(-85.080446,41.80383139159,38.392304845413));
#136 = VECTOR('',#137,1.);
#137 = DIRECTION('',(0.,0.866025403784,-0.5));
#138 = ORIENTED_EDGE('',*,*,#139,.F.);
#139 = EDGE_CURVE('',#140,#132,#142,.T.);
#140 = VERTEX_POINT('',#141);
#141 = CARTESIAN_POINT('',(-85.080446,41.80383139159,44.392304845413));
#142 = LINE('',#143,#144);
#143 = CARTESIAN_POINT('',(-85.080446,41.80383139159,44.392304845413));
#144 = VECTOR('',#145,1.);
#145 = DIRECTION('',(0.,0.,-1.));
#146 = ORIENTED_EDGE('',*,*,#147,.F.);
#147 = EDGE_CURVE('',#108,#140,#148,.T.);
#148 = LINE('',#149,#150);
#149 = CARTESIAN_POINT('',(-85.080446,46.999983814296,47.392304845413));
#150 = VECTOR('',#151,1.);
#151 = DIRECTION('',(0.,-0.866025403784,-0.5));
#152 = FACE_BOUND('',#153,.F.);
#153 = EDGE_LOOP('',(#154,#164,#172,#180,#188,#196));
#154 = ORIENTED_EDGE('',*,*,#155,.F.);
#155 = EDGE_CURVE('',#156,#158,#160,.T.);
#156 = VERTEX_POINT('',#157);
#157 = CARTESIAN_POINT('',(-85.080446,40.196136237003,44.392304845413));
#158 = VERTEX_POINT('',#159);
#159 = CARTESIAN_POINT('',(-85.080446,34.999983814296,47.392304845413));
#160 = LINE('',#161,#162);
#161 = CARTESIAN_POINT('',(-85.080446,40.196136237003,44.392304845413));
#162 = VECTOR('',#163,1.);
#163 = DIRECTION('',(0.,-0.866025403784,0.5));
#164 = ORIENTED_EDGE('',*,*,#165,.F.);
#165 = EDGE_CURVE('',#166,#156,#168,.T.);
#166 = VERTEX_POINT('',#167);
#167 = CARTESIAN_POINT('',(-85.080446,40.196136237003,38.392304845413));
#168 = LINE('',#169,#170);
#169 = CARTESIAN_POINT('',(-85.080446,40.196136237003,38.392304845413));
#170 = VECTOR('',#171,1.);
#171 = DIRECTION('',(0.,0.,1.));
#172 = ORIENTED_EDGE('',*,*,#173,.F.);
#173 = EDGE_CURVE('',#174,#166,#176,.T.);
#174 = VERTEX_POINT('',#175);
#175 = CARTESIAN_POINT('',(-85.080446,34.999983814296,35.392304845413));
#176 = LINE('',#177,#178);
#177 = CARTESIAN_POINT('',(-85.080446,34.999983814296,35.392304845413));
#178 = VECTOR('',#179,1.);
#179 = DIRECTION('',(0.,0.866025403784,0.5));
#180 = ORIENTED_EDGE('',*,*,#181,.F.);
#181 = EDGE_CURVE('',#182,#174,#184,.T.);
#182 = VERTEX_POINT('',#183);
#183 = CARTESIAN_POINT('',(-85.080446,29.80383139159,38.392304845413));
#184 = LINE('',#185,#186);
#185 = CARTESIAN_POINT('',(-85.080446,29.80383139159,38.392304845413));
#186 = VECTOR('',#187,1.);
#187 = DIRECTION('',(0.,0.866025403784,-0.5));
#188 = ORIENTED_EDGE('',*,*,#189,.F.);
#189 = EDGE_CURVE('',#190,#182,#192,.T.);
#190 = VERTEX_POINT('',#191);
#191 = CARTESIAN_POINT('',(-85.080446,29.80383139159,44.392304845413));
#192 = LINE('',#193,#194);
#193 = CARTESIAN_POINT('',(-85.080446,29.80383139159,44.392304845413));
#194 = VECTOR('',#195,1.);
#195 = DIRECTION('',(0.,0.,-1.));
#196 = ORIENTED_EDGE('',*,*,#197,.F.);
#197 = EDGE_CURVE('',#158,#190,#198,.T.);
#198 = LINE('',#199,#200);
#199 = CARTESIAN_POINT('',(-85.080446,34.999983814296,47.392304845413));
#200 = VECTOR('',#201,1.);
#201 = DIRECTION('',(0.,-0.866025403784,-0.5));
#202 = FACE_BOUND('',#203,.F.);
#203 = EDGE_LOOP('',(#204,#214,#222,#230,#238,#246));
#204 = ORIENTED_EDGE('',*,*,#205,.F.);
#205 = EDGE_CURVE('',#206,#208,#210,.T.);
#206 = VERTEX_POINT('',#207);
#207 = CARTESIAN_POINT('',(-85.080446,28.196136237003,44.392304845413));
#208 = VERTEX_POINT('',#209);
#209 = CARTESIAN_POINT('',(-85.080446,22.999983814296,47.392304845413));
#210 = LINE('',#211,#212);
#211 = CARTESIAN_POINT('',(-85.080446,28.196136237003,44.392304845413));
#212 = VECTOR('',#213,1.);
#213 = DIRECTION('',(0.,-0.866025403784,0.5));
#214 = ORIENTED_EDGE('',*,*,#215,.F.);
#215 = EDGE_CURVE('',#216,#206,#218,.T.);
#216 = VERTEX_POINT('',#217);
#217 = CARTESIAN_POINT('',(-85.080446,28.196136237003,38.392304845413));
#218 = LINE('',#219,#220);
#219 = CARTESIAN_POINT('',(-85.080446,28.196136237003,38.392304845413));
#220 = VECTOR('',#221,1.);
#221 = DIRECTION('',(0.,0.,1.));
#222 = ORIENTED_EDGE('',*,*,#223,.F.);
#223 = EDGE_CURVE('',#224,#216,#226,.T.);
#224 = VERTEX_POINT('',#225);
#225 = CARTESIAN_POINT('',(-85.080446,22.999983814296,35.392304845413));
#226 = LINE('',#227,#228);
#227 = CARTESIAN_POINT('',(-85.080446,22.999983814296,35.392304845413));
#228 = VECTOR('',#229,1.);
#229 = DIRECTION('',(0.,0.866025403784,0.5));
#230 = ORIENTED_EDGE('',*,*,#231,.F.);
#231 = EDGE_CURVE('',#232,#224,#234,.T.);
#232 = VERTEX_POINT('',#233);
#233 = CARTESIAN_POINT('',(-85.080446,17.80383139159,38.392304845413));
#234 = LINE('',#235,#236);
#235 = CARTESIAN_POINT('',(-85.080446,17.80383139159,38.392304845413));
#236 = VECTOR('',#237,1.);
#237 = DIRECTION('',(0.,0.866025403784,-0.5));
#238 = ORIENTED_EDGE('',*,*,#239,.F.);
#239 = EDGE_CURVE('',#240,#232,#242,.T.);
#240 = VERTEX_POINT('',#241);
#241 = CARTESIAN_POINT('',(-85.080446,17.80383139159,44.392304845413));
#242 = LINE('',#243,#244);
#243 = CARTESIAN_POINT('',(-85.080446,17.80383139159,44.392304845413));
#244 = VECTOR('',#245,1.);
#245 = DIRECTION('',(0.,0.,-1.));
#246 = ORIENTED_EDGE('',*,*,#247,.F.);
#247 = EDGE_CURVE('',#208,#240,#248,.T.);
#248 = LINE('',#249,#250);
#249 = CARTESIAN_POINT('',(-85.080446,22.999983814296,47.392304845413));
#250 = VECTOR('',#251,1.);
#251 = DIRECTION('',(0.,-0.866025403784,-0.5));
#252 = FACE_BOUND('',#253,.F.);
#253 = EDGE_LOOP('',(#254,#264,#272,#280,#288,#296));
#254 = ORIENTED_EDGE('',*,*,#255,.F.);
#255 = EDGE_CURVE('',#256,#258,#260,.T.);
#256 = VERTEX_POINT('',#257);
#257 = CARTESIAN_POINT('',(-85.080446,16.196136237003,44.392304845413));
#258 = VERTEX_POINT('',#259);
#259 = CARTESIAN_POINT('',(-85.080446,10.999983814296,47.392304845413));
#260 = LINE('',#261,#262);
#261 = CARTESIAN_POINT('',(-85.080446,16.196136237003,44.392304845413));
#262 = VECTOR('',#263,1.);
#263 = DIRECTION('',(0.,-0.866025403784,0.5));
#264 = ORIENTED_EDGE('',*,*,#265,.F.);
#265 = EDGE_CURVE('',#266,#256,#268,.T.);
#266 = VERTEX_POINT('',#267);
#267 = CARTESIAN_POINT('',(-85.080446,16.196136237003,38.392304845413));
#268 = LINE('',#269,#270);
#269 = CARTESIAN_POINT('',(-85.080446,16.196136237003,38.392304845413));
#270 = VECTOR('',#271,1.);
#271 = DIRECTION('',(0.,0.,1.));
#272 = ORIENTED_EDGE('',*,*,#273,.F.);
#273 = EDGE_CURVE('',#274,#266,#276,.T.);
#274 = VERTEX_POINT('',#275);
#275 = CARTESIAN_POINT('',(-85.080446,10.999983814296,35.392304845413));
#276 = LINE('',#277,#278);
#277 = CARTESIAN_POINT('',(-85.080446,10.999983814296,35.392304845413));
#278 = VECTOR('',#279,1.);
#279 = DIRECTION('',(0.,0.866025403784,0.5));
#280 = ORIENTED_EDGE('',*,*,#281,.F.);
#281 = EDGE_CURVE('',#282,#274,#284,.T.);
#282 = VERTEX_POINT('',#283);
#283 = CARTESIAN_POINT('',(-85.080446,5.80383139159,38.392304845413));
#284 = LINE('',#285,#286);
#285 = CARTESIAN_POINT('',(-85.080446,5.80383139159,38.392304845413));
#286 = VECTOR('',#287,1.);
#287 = DIRECTION('',(0.,0.866025403784,-0.5));
#288 = ORIENTED_EDGE('',*,*,#289,.F.);
#289 = EDGE_CURVE('',#290,#282,#292,.T.);
#290 = VERTEX_POINT('',#291);
#291 = CARTESIAN_POINT('',(-85.080446,5.80383139159,44.392304845413));
#292 = LINE('',#293,#294);
#293 = CARTESIAN_POINT('',(-85.080446,5.80383139159,44.392304845413));
#294 = VECTOR('',#295,1.);
#295 = DIRECTION('',(0.,0.,-1.));
#296 = ORIENTED_EDGE('',*,*,#297,.F.);
#297 = EDGE_CURVE('',#258,#290,#298,.T.);
#298 = LINE('',#299,#300);
#299 = CARTESIAN_POINT('',(-85.080446,10.999983814296,47.392304845413));
#300 = VECTOR('',#301,1.);
#301 = DIRECTION('',(0.,-0.866025403784,-0.5));
#302 = FACE_BOUND('',#303,.F.);
#303 = EDGE_LOOP('',(#304,#314,#322,#330,#338,#346));
#304 = ORIENTED_EDGE('',*,*,#305,.F.);
#305 = EDGE_CURVE('',#306,#308,#310,.T.);
#306 = VERTEX_POINT('',#307);
#307 = CARTESIAN_POINT('',(-85.080446,4.196136237003,44.392304845413));
#308 = VERTEX_POINT('',#309);
#309 = CARTESIAN_POINT('',(-85.080446,-1.000016185704,47.392304845413));
#310 = LINE('',#311,#312);
#311 = CARTESIAN_POINT('',(-85.080446,4.196136237003,44.392304845413));
#312 = VECTOR('',#313,1.);
#313 = DIRECTION('',(0.,-0.866025403784,0.5));
#314 = ORIENTED_EDGE('',*,*,#315,.F.);
#315 = EDGE_CURVE('',#316,#306,#318,.T.);
#316 = VERTEX_POINT('',#317);
#317 = CARTESIAN_POINT('',(-85.080446,4.196136237003,38.392304845413));
#318 = LINE('',#319,#320);
#319 = CARTESIAN_POINT('',(-85.080446,4.196136237003,38.392304845413));
#320 = VECTOR('',#321,1.);
#321 = DIRECTION('',(0.,-1.5E-16,1.));
#322 = ORIENTED_EDGE('',*,*,#323,.F.);
#323 = EDGE_CURVE('',#324,#316,#326,.T.);
#324 = VERTEX_POINT('',#325);
#325 = CARTESIAN_POINT('',(-85.080446,-1.000016185704,35.392304845413));
#326 = LINE('',#327,#328);
#327 = CARTESIAN_POINT('',(-85.080446,-1.000016185704,35.392304845413));
#328 = VECTOR('',#329,1.);
#329 = DIRECTION('',(0.,0.866025403784,0.5));
#330 = ORIENTED_EDGE('',*,*,#331,.F.);
#331 = EDGE_CURVE('',#332,#324,#334,.T.);
#332 = VERTEX_POINT('',#333);
#333 = CARTESIAN_POINT('',(-85.080446,-6.19616860841,38.392304845413));
#334 = LINE('',#335,#336);
#335 = CARTESIAN_POINT('',(-85.080446,-6.19616860841,38.392304845413));
#336 = VECTOR('',#337,1.);
#337 = DIRECTION('',(0.,0.866025403784,-0.5));
#338 = ORIENTED_EDGE('',*,*,#339,.F.);
#339 = EDGE_CURVE('',#340,#332,#342,.T.);
#340 = VERTEX_POINT('',#341);
#341 = CARTESIAN_POINT('',(-85.080446,-6.19616860841,44.392304845413));
#342 = LINE('',#343,#344);
#343 = CARTESIAN_POINT('',(-85.080446,-6.19616860841,44.392304845413));
#344 = VECTOR('',#345,1.);
#345 = DIRECTION('',(0.,3.E-16,-1.));
#346 = ORIENTED_EDGE('',*,*,#347,.F.);
#347 = EDGE_CURVE('',#308,#340,#348,.T.);
#348 = LINE('',#349,#350);
#349 = CARTESIAN_POINT('',(-85.080446,-1.000016185704,47.392304845413));
#350 = VECTOR('',#351,1.);
#351 = DIRECTION('',(0.,-0.866025403784,-0.5));
#352 = FACE_BOUND('',#353,.F.);
#353 = EDGE_LOOP('',(#354,#364,#372,#380,#388,#396));
#354 = ORIENTED_EDGE('',*,*,#355,.F.);
#355 = EDGE_CURVE('',#356,#358,#360,.T.);
#356 = VERTEX_POINT('',#357);
#357 = CARTESIAN_POINT('',(-85.080446,58.196136237003,34.));
#358 = VERTEX_POINT('',#359);
#359 = CARTESIAN_POINT('',(-85.080446,52.999983814296,37.));
#360 = LINE('',#361,#362);
#361 = CARTESIAN_POINT('',(-85.080446,58.196136237003,34.));
#362 = VECTOR('',#363,1.);
#363 = DIRECTION('',(0.,-0.866025403784,0.5));
#364 = ORIENTED_EDGE('',*,*,#365,.F.);
#365 = EDGE_CURVE('',#366,#356,#368,.T.);
#366 = VERTEX_POINT('',#367);
#367 = CARTESIAN_POINT('',(-85.080446,58.196136237003,28.));
#368 = LINE('',#369,#370);
#369 = CARTESIAN_POINT('',(-85.080446,58.196136237003,28.));
#370 = VECTOR('',#371,1.);
#371 = DIRECTION('',(0.,0.,1.));
#372 = ORIENTED_EDGE('',*,*,#373,.F.);
#373 = EDGE_CURVE('',#374,#366,#376,.T.);
#374 = VERTEX_POINT('',#375);
#375 = CARTESIAN_POINT('',(-85.080446,52.999983814296,25.));
#376 = LINE('',#377,#378);
#377 = CARTESIAN_POINT('',(-85.080446,52.999983814296,25.));
#378 = VECTOR('',#379,1.);
#379 = DIRECTION('',(0.,0.866025403784,0.5));
#380 = ORIENTED_EDGE('',*,*,#381,.F.);
#381 = EDGE_CURVE('',#382,#374,#384,.T.);
#382 = VERTEX_POINT('',#383);
#383 = CARTESIAN_POINT('',(-85.080446,47.80383139159,28.));
#384 = LINE('',#385,#386);
#385 = CARTESIAN_POINT('',(-85.080446,47.80383139159,28.));
#386 = VECTOR('',#387,1.);
#387 = DIRECTION('',(0.,0.866025403784,-0.5));
#388 = ORIENTED_EDGE('',*,*,#389,.F.);
#389 = EDGE_CURVE('',#390,#382,#392,.T.);
#390 = VERTEX_POINT('',#391);
#391 = CARTESIAN_POINT('',(-85.080446,47.80383139159,34.));
#392 = LINE('',#393,#394);
#393 = CARTESIAN_POINT('',(-85.080446,47.80383139159,34.));
#394 = VECTOR('',#395,1.);
#395 = DIRECTION('',(0.,0.,-1.));
#396 = ORIENTED_EDGE('',*,*,#397,.F.);
#397 = EDGE_CURVE('',#358,#390,#398,.T.);
#398 = LINE('',#399,#400);
#399 = CARTESIAN_POINT('',(-85.080446,52.999983814296,37.));
#400 = VECTOR('',#401,1.);
#401 = DIRECTION('',(0.,-0.866025403784,-0.5));
#402 = FACE_BOUND('',#403,.F.);
#403 = EDGE_LOOP('',(#404,#414,#422,#430,#438,#446));
#404 = ORIENTED_EDGE('',*,*,#405,.F.);
#405 = EDGE_CURVE('',#406,#408,#410,.T.);
#406 = VERTEX_POINT('',#407);
#407 = CARTESIAN_POINT('',(-85.080446,46.196136237003,34.));
#408 = VERTEX_POINT('',#409);
#409 = CARTESIAN_POINT('',(-85.080446,40.999983814296,37.));
#410 = LINE('',#411,#412);
#411 = CARTESIAN_POINT('',(-85.080446,46.196136237003,34.));
#412 = VECTOR('',#413,1.);
#413 = DIRECTION('',(0.,-0.866025403784,0.5));
#414 = ORIENTED_EDGE('',*,*,#415,.F.);
#415 = EDGE_CURVE('',#416,#406,#418,.T.);
#416 = VERTEX_POINT('',#417);
#417 = CARTESIAN_POINT('',(-85.080446,46.196136237003,28.));
#418 = LINE('',#419,#420);
#419 = CARTESIAN_POINT('',(-85.080446,46.196136237003,28.));
#420 = VECTOR('',#421,1.);
#421 = DIRECTION('',(0.,0.,1.));
#422 = ORIENTED_EDGE('',*,*,#423,.F.);
#423 = EDGE_CURVE('',#424,#416,#426,.T.);
#424 = VERTEX_POINT('',#425);
#425 = CARTESIAN_POINT('',(-85.080446,40.999983814296,25.));
#426 = LINE('',#427,#428);
#427 = CARTESIAN_POINT('',(-85.080446,40.999983814296,25.));
#428 = VECTOR('',#429,1.);
#429 = DIRECTION('',(0.,0.866025403784,0.5));
#430 = ORIENTED_EDGE('',*,*,#431,.F.);
#431 = EDGE_CURVE('',#432,#424,#434,.T.);
#432 = VERTEX_POINT('',#433);
#433 = CARTESIAN_POINT('',(-85.080446,35.80383139159,28.));
#434 = LINE('',#435,#436);
#435 = CARTESIAN_POINT('',(-85.080446,35.80383139159,28.));
#436 = VECTOR('',#437,1.);
#437 = DIRECTION('',(0.,0.866025403784,-0.5));
#438 = ORIENTED_EDGE('',*,*,#439,.F.);
#439 = EDGE_CURVE('',#440,#432,#442,.T.);
#440 = VERTEX_POINT('',#441);
#441 = CARTESIAN_POINT('',(-85.080446,35.80383139159,34.));
#442 = LINE('',#443,#444);
#443 = CARTESIAN_POINT('',(-85.080446,35.80383139159,34.));
#444 = VECTOR('',#445,1.);
#445 = DIRECTION('',(0.,0.,-1.));
#446 = ORIENTED_EDGE('',*,*,#447,.F.);
#447 = EDGE_CURVE('',#408,#440,#448,.T.);
#448 = LINE('',#449,#450);
#449 = CARTESIAN_POINT('',(-85.080446,40.999983814296,37.));
#450 = VECTOR('',#451,1.);
#451 = DIRECTION('',(0.,-0.866025403784,-0.5));
#452 = FACE_BOUND('',#453,.F.);
#453 = EDGE_LOOP('',(#454,#464,#472,#480,#488,#496));
#454 = ORIENTED_EDGE('',*,*,#455,.F.);
#455 = EDGE_CURVE('',#456,#458,#460,.T.);
#456 = VERTEX_POINT('',#457);
#457 = CARTESIAN_POINT('',(-85.080446,52.196136237003,23.607695154587));
#458 = VERTEX_POINT('',#459);
#459 = CARTESIAN_POINT('',(-85.080446,46.999983814296,26.607695154587));
#460 = LINE('',#461,#462);
#461 = CARTESIAN_POINT('',(-85.080446,52.196136237003,23.607695154587));
#462 = VECTOR('',#463,1.);
#463 = DIRECTION('',(0.,-0.866025403784,0.5));
#464 = ORIENTED_EDGE('',*,*,#465,.F.);
#465 = EDGE_CURVE('',#466,#456,#468,.T.);
#466 = VERTEX_POINT('',#467);
#467 = CARTESIAN_POINT('',(-85.080446,52.196136237003,17.607695154587));
#468 = LINE('',#469,#470);
#469 = CARTESIAN_POINT('',(-85.080446,52.196136237003,17.607695154587));
#470 = VECTOR('',#471,1.);
#471 = DIRECTION('',(0.,0.,1.));
#472 = ORIENTED_EDGE('',*,*,#473,.F.);
#473 = EDGE_CURVE('',#474,#466,#476,.T.);
#474 = VERTEX_POINT('',#475);
#475 = CARTESIAN_POINT('',(-85.080446,46.999983814296,14.607695154587));
#476 = LINE('',#477,#478);
#477 = CARTESIAN_POINT('',(-85.080446,46.999983814296,14.607695154587));
#478 = VECTOR('',#479,1.);
#479 = DIRECTION('',(0.,0.866025403784,0.5));
#480 = ORIENTED_EDGE('',*,*,#481,.F.);
#481 = EDGE_CURVE('',#482,#474,#484,.T.);
#482 = VERTEX_POINT('',#483);
#483 = CARTESIAN_POINT('',(-85.080446,41.80383139159,17.607695154587));
#484 = LINE('',#485,#486);
#485 = CARTESIAN_POINT('',(-85.080446,41.80383139159,17.607695154587));
#486 = VECTOR('',#487,1.);
#487 = DIRECTION('',(0.,0.866025403784,-0.5));
#488 = ORIENTED_EDGE('',*,*,#489,.F.);
#489 = EDGE_CURVE('',#490,#482,#492,.T.);
#490 = VERTEX_POINT('',#491);
#491 = CARTESIAN_POINT('',(-85.080446,41.80383139159,23.607695154587));
#492 = LINE('',#493,#494);
#493 = CARTESIAN_POINT('',(-85.080446,41.80383139159,23.607695154587));
#494 = VECTOR('',#495,1.);
#495 = DIRECTION('',(0.,0.,-1.));
#496 = ORIENTED_EDGE('',*,*,#497,.F.);
#497 = EDGE_CURVE('',#458,#490,#498,.T.);
#498 = LINE('',#499,#500);
#499 = CARTESIAN_POINT('',(-85.080446,46.999983814296,26.607695154587));
#500 = VECTOR('',#501,1.);
#501 = DIRECTION('',(0.,-0.866025403784,-0.5));
#502 = FACE_BOUND('',#503,.F.);
#503 = EDGE_LOOP('',(#504,#514,#522,#530,#538,#546));
#504 = ORIENTED_EDGE('',*,*,#505,.F.);
#505 = EDGE_CURVE('',#506,#508,#510,.T.);
#506 = VERTEX_POINT('',#507);
#507 = CARTESIAN_POINT('',(-85.080446,40.196136237003,23.607695154587));
#508 = VERTEX_POINT('',#509);
#509 = CARTESIAN_POINT('',(-85.080446,34.999983814296,26.607695154587));
#510 = LINE('',#511,#512);
#511 = CARTESIAN_POINT('',(-85.080446,40.196136237003,23.607695154587));
#512 = VECTOR('',#513,1.);
#513 = DIRECTION('',(0.,-0.866025403784,0.5));
#514 = ORIENTED_EDGE('',*,*,#515,.F.);
#515 = EDGE_CURVE('',#516,#506,#518,.T.);
#516 = VERTEX_POINT('',#517);
#517 = CARTESIAN_POINT('',(-85.080446,40.196136237003,17.607695154587));
#518 = LINE('',#519,#520);
#519 = CARTESIAN_POINT('',(-85.080446,40.196136237003,17.607695154587));
#520 = VECTOR('',#521,1.);
#521 = DIRECTION('',(0.,0.,1.));
#522 = ORIENTED_EDGE('',*,*,#523,.F.);
#523 = EDGE_CURVE('',#524,#516,#526,.T.);
#524 = VERTEX_POINT('',#525);
#525 = CARTESIAN_POINT('',(-85.080446,34.999983814296,14.607695154587));
#526 = LINE('',#527,#528);
#527 = CARTESIAN_POINT('',(-85.080446,34.999983814296,14.607695154587));
#528 = VECTOR('',#529,1.);
#529 = DIRECTION('',(0.,0.866025403784,0.5));
#530 = ORIENTED_EDGE('',*,*,#531,.F.);
#531 = EDGE_CURVE('',#532,#524,#534,.T.);
#532 = VERTEX_POINT('',#533);
#533 = CARTESIAN_POINT('',(-85.080446,29.80383139159,17.607695154587));
#534 = LINE('',#535,#536);
#535 = CARTESIAN_POINT('',(-85.080446,29.80383139159,17.607695154587));
#536 = VECTOR('',#537,1.);
#537 = DIRECTION('',(0.,0.866025403784,-0.5));
#538 = ORIENTED_EDGE('',*,*,#539,.F.);
#539 = EDGE_CURVE('',#540,#532,#542,.T.);
#540 = VERTEX_POINT('',#541);
#541 = CARTESIAN_POINT('',(-85.080446,29.80383139159,23.607695154587));
#542 = LINE('',#543,#544);
#543 = CARTESIAN_POINT('',(-85.080446,29.80383139159,23.607695154587));
#544 = VECTOR('',#545,1.);
#545 = DIRECTION('',(0.,0.,-1.));
#546 = ORIENTED_EDGE('',*,*,#547,.F.);
#547 = EDGE_CURVE('',#508,#540,#548,.T.);
#548 = LINE('',#549,#550);
#549 = CARTESIAN_POINT('',(-85.080446,34.999983814296,26.607695154587));
#550 = VECTOR('',#551,1.);
#551 = DIRECTION('',(0.,-0.866025403784,-0.5));
#552 = FACE_BOUND('',#553,.F.);
#553 = EDGE_LOOP('',(#554,#564,#572,#580,#588,#596));
#554 = ORIENTED_EDGE('',*,*,#555,.F.);
#555 = EDGE_CURVE('',#556,#558,#560,.T.);
#556 = VERTEX_POINT('',#557);
#557 = CARTESIAN_POINT('',(-85.080446,34.196136237003,34.));
#558 = VERTEX_POINT('',#559);
#559 = CARTESIAN_POINT('',(-85.080446,28.999983814296,37.));
#560 = LINE('',#561,#562);
#561 = CARTESIAN_POINT('',(-85.080446,34.196136237003,34.));
#562 = VECTOR('',#563,1.);
#563 = DIRECTION('',(0.,-0.866025403784,0.5));
#564 = ORIENTED_EDGE('',*,*,#565,.F.);
#565 = EDGE_CURVE('',#566,#556,#568,.T.);
#566 = VERTEX_POINT('',#567);
#567 = CARTESIAN_POINT('',(-85.080446,34.196136237003,28.));
#568 = LINE('',#569,#570);
#569 = CARTESIAN_POINT('',(-85.080446,34.196136237003,28.));
#570 = VECTOR('',#571,1.);
#571 = DIRECTION('',(0.,0.,1.));
#572 = ORIENTED_EDGE('',*,*,#573,.F.);
#573 = EDGE_CURVE('',#574,#566,#576,.T.);
#574 = VERTEX_POINT('',#575);
#575 = CARTESIAN_POINT('',(-85.080446,28.999983814296,25.));
#576 = LINE('',#577,#578);
#577 = CARTESIAN_POINT('',(-85.080446,28.999983814296,25.));
#578 = VECTOR('',#579,1.);
#579 = DIRECTION('',(0.,0.866025403784,0.5));
#580 = ORIENTED_EDGE('',*,*,#581,.F.);
#581 = EDGE_CURVE('',#582,#574,#584,.T.);
#582 = VERTEX_POINT('',#583);
#583 = CARTESIAN_POINT('',(-85.080446,23.80383139159,28.));
#584 = LINE('',#585,#586);
#585 = CARTESIAN_POINT('',(-85.080446,23.80383139159,28.));
#586 = VECTOR('',#587,1.);
#587 = DIRECTION('',(0.,0.866025403784,-0.5));
#588 = ORIENTED_EDGE('',*,*,#589,.F.);
#589 = EDGE_CURVE('',#590,#582,#592,.T.);
#590 = VERTEX_POINT('',#591);
#591 = CARTESIAN_POINT('',(-85.080446,23.80383139159,34.));
#592 = LINE('',#593,#594);
#593 = CARTESIAN_POINT('',(-85.080446,23.80383139159,34.));
#594 = VECTOR('',#595,1.);
#595 = DIRECTION('',(0.,0.,-1.));
#596 = ORIENTED_EDGE('',*,*,#597,.F.);
#597 = EDGE_CURVE('',#558,#590,#598,.T.);
#598 = LINE('',#599,#600);
#599 = CARTESIAN_POINT('',(-85.080446,28.999983814296,37.));
#600 = VECTOR('',#601,1.);
#601 = DIRECTION('',(0.,-0.866025403784,-0.5));
#602 = FACE_BOUND('',#603,.F.);
#603 = EDGE_LOOP('',(#604,#614,#622,#630,#638,#646));
#604 = ORIENTED_EDGE('',*,*,#605,.F.);
#605 = EDGE_CURVE('',#606,#608,#610,.T.);
#606 = VERTEX_POINT('',#607);
#607 = CARTESIAN_POINT('',(-85.080446,22.196136237003,34.));
#608 = VERTEX_POINT('',#609);
#609 = CARTESIAN_POINT('',(-85.080446,16.999983814296,37.));
#610 = LINE('',#611,#612);
#611 = CARTESIAN_POINT('',(-85.080446,22.196136237003,34.));
#612 = VECTOR('',#613,1.);
#613 = DIRECTION('',(0.,-0.866025403784,0.5));
#614 = ORIENTED_EDGE('',*,*,#615,.F.);
#615 = EDGE_CURVE('',#616,#606,#618,.T.);
#616 = VERTEX_POINT('',#617);
#617 = CARTESIAN_POINT('',(-85.080446,22.196136237003,28.));
#618 = LINE('',#619,#620);
#619 = CARTESIAN_POINT('',(-85.080446,22.196136237003,28.));
#620 = VECTOR('',#621,1.);
#621 = DIRECTION('',(0.,0.,1.));
#622 = ORIENTED_EDGE('',*,*,#623,.F.);
#623 = EDGE_CURVE('',#624,#616,#626,.T.);
#624 = VERTEX_POINT('',#625);
#625 = CARTESIAN_POINT('',(-85.080446,16.999983814296,25.));
#626 = LINE('',#627,#628);
#627 = CARTESIAN_POINT('',(-85.080446,16.999983814296,25.));
#628 = VECTOR('',#629,1.);
#629 = DIRECTION('',(0.,0.866025403784,0.5));
#630 = ORIENTED_EDGE('',*,*,#631,.F.);
#631 = EDGE_CURVE('',#632,#624,#634,.T.);
#632 = VERTEX_POINT('',#633);
#633 = CARTESIAN_POINT('',(-85.080446,11.80383139159,28.));
#634 = LINE('',#635,#636);
#635 = CARTESIAN_POINT('',(-85.080446,11.80383139159,28.));
#636 = VECTOR('',#637,1.);
#637 = DIRECTION('',(0.,0.866025403784,-0.5));
#638 = ORIENTED_EDGE('',*,*,#639,.F.);
#639 = EDGE_CURVE('',#640,#632,#642,.T.);
#640 = VERTEX_POINT('',#641);
#641 = CARTESIAN_POINT('',(-85.080446,11.80383139159,34.));
#642 = LINE('',#643,#644);
#643 = CARTESIAN_POINT('',(-85.080446,11.80383139159,34.));
#644 = VECTOR('',#645,1.);
#645 = DIRECTION('',(0.,0.,-1.));
#646 = ORIENTED_EDGE('',*,*,#647,.F.);
#647 = EDGE_CURVE('',#608,#640,#648,.T.);
#648 = LINE('',#649,#650);
#649 = CARTESIAN_POINT('',(-85.080446,16.999983814296,37.));
#650 = VECTOR('',#651,1.);
#651 = DIRECTION('',(0.,-0.866025403784,-0.5));
#652 = FACE_BOUND('',#653,.F.);
#653 = EDGE_LOOP('',(#654,#664,#672,#680,#688,#696));
#654 = ORIENTED_EDGE('',*,*,#655,.F.);
#655 = EDGE_CURVE('',#656,#658,#660,.T.);
#656 = VERTEX_POINT('',#657);
#657 = CARTESIAN_POINT('',(-85.080446,10.196136237003,34.));
#658 = VERTEX_POINT('',#659);
#659 = CARTESIAN_POINT('',(-85.080446,4.999983814296,37.));
#660 = LINE('',#661,#662);
#661 = CARTESIAN_POINT('',(-85.080446,10.196136237003,34.));
#662 = VECTOR('',#663,1.);
#663 = DIRECTION('',(0.,-0.866025403784,0.5));
#664 = ORIENTED_EDGE('',*,*,#665,.F.);
#665 = EDGE_CURVE('',#666,#656,#668,.T.);
#666 = VERTEX_POINT('',#667);
#667 = CARTESIAN_POINT('',(-85.080446,10.196136237003,28.));
#668 = LINE('',#669,#670);
#669 = CARTESIAN_POINT('',(-85.080446,10.196136237003,28.));
#670 = VECTOR('',#671,1.);
#671 = DIRECTION('',(0.,0.,1.));
#672 = ORIENTED_EDGE('',*,*,#673,.F.);
#673 = EDGE_CURVE('',#674,#666,#676,.T.);
#674 = VERTEX_POINT('',#675);
#675 = CARTESIAN_POINT('',(-85.080446,4.999983814296,25.));
#676 = LINE('',#677,#678);
#677 = CARTESIAN_POINT('',(-85.080446,4.999983814296,25.));
#678 = VECTOR('',#679,1.);
#679 = DIRECTION('',(0.,0.866025403784,0.5));
#680 = ORIENTED_EDGE('',*,*,#681,.F.);
#681 = EDGE_CURVE('',#682,#674,#684,.T.);
#682 = VERTEX_POINT('',#683);
#683 = CARTESIAN_POINT('',(-85.080446,-0.19616860841,28.));
#684 = LINE('',#685,#686);
#685 = CARTESIAN_POINT('',(-85.080446,-0.19616860841,28.));
#686 = VECTOR('',#687,1.);
#687 = DIRECTION('',(0.,0.866025403784,-0.5));
#688 = ORIENTED_EDGE('',*,*,#689,.F.);
#689 = EDGE_CURVE('',#690,#682,#692,.T.);
#690 = VERTEX_POINT('',#691);
#691 = CARTESIAN_POINT('',(-85.080446,-0.19616860841,34.));
#692 = LINE('',#693,#694);
#693 = CARTESIAN_POINT('',(-85.080446,-0.19616860841,34.));
#694 = VECTOR('',#695,1.);
#695 = DIRECTION('',(0.,5.E-17,-1.));
#696 = ORIENTED_EDGE('',*,*,#697,.F.);
#697 = EDGE_CURVE('',#658,#690,#698,.T.);
#698 = LINE('',#699,#700);
#699 = CARTESIAN_POINT('',(-85.080446,4.999983814296,37.));
#700 = VECTOR('',#701,1.);
#701 = DIRECTION('',(0.,-0.866025403784,-0.5));
#702 = FACE_BOUND('',#703,.F.);
#703 = EDGE_LOOP('',(#704,#714,#722,#730,#738,#746));
#704 = ORIENTED_EDGE('',*,*,#705,.F.);
#705 = EDGE_CURVE('',#706,#708,#710,.T.);
#706 = VERTEX_POINT('',#707);
#707 = CARTESIAN_POINT('',(-85.080446,28.196136237003,23.607695154587));
#708 = VERTEX_POINT('',#709);
#709 = CARTESIAN_POINT('',(-85.080446,22.999983814296,26.607695154587));
#710 = LINE('',#711,#712);
#711 = CARTESIAN_POINT('',(-85.080446,28.196136237003,23.607695154587));
#712 = VECTOR('',#713,1.);
#713 = DIRECTION('',(0.,-0.866025403784,0.5));
#714 = ORIENTED_EDGE('',*,*,#715,.F.);
#715 = EDGE_CURVE('',#716,#706,#718,.T.);
#716 = VERTEX_POINT('',#717);
#717 = CARTESIAN_POINT('',(-85.080446,28.196136237003,17.607695154587));
#718 = LINE('',#719,#720);
#719 = CARTESIAN_POINT('',(-85.080446,28.196136237003,17.607695154587));
#720 = VECTOR('',#721,1.);
#721 = DIRECTION('',(0.,0.,1.));
#722 = ORIENTED_EDGE('',*,*,#723,.F.);
#723 = EDGE_CURVE('',#724,#716,#726,.T.);
#724 = VERTEX_POINT('',#725);
#725 = CARTESIAN_POINT('',(-85.080446,22.999983814296,14.607695154587));
#726 = LINE('',#727,#728);
#727 = CARTESIAN_POINT('',(-85.080446,22.999983814296,14.607695154587));
#728 = VECTOR('',#729,1.);
#729 = DIRECTION('',(0.,0.866025403784,0.5));
#730 = ORIENTED_EDGE('',*,*,#731,.F.);
#731 = EDGE_CURVE('',#732,#724,#734,.T.);
#732 = VERTEX_POINT('',#733);
#733 = CARTESIAN_POINT('',(-85.080446,17.80383139159,17.607695154587));
#734 = LINE('',#735,#736);
#735 = CARTESIAN_POINT('',(-85.080446,17.80383139159,17.607695154587));
#736 = VECTOR('',#737,1.);
#737 = DIRECTION('',(0.,0.866025403784,-0.5));
#738 = ORIENTED_EDGE('',*,*,#739,.F.);
#739 = EDGE_CURVE('',#740,#732,#742,.T.);
#740 = VERTEX_POINT('',#741);
#741 = CARTESIAN_POINT('',(-85.080446,17.80383139159,23.607695154587));
#742 = LINE('',#743,#744);
#743 = CARTESIAN_POINT('',(-85.080446,17.80383139159,23.607695154587));
#744 = VECTOR('',#745,1.);
#745 = DIRECTION('',(0.,0.,-1.));
#746 = ORIENTED_EDGE('',*,*,#747,.F.);
#747 = EDGE_CURVE('',#708,#740,#748,.T.);
#748 = LINE('',#749,#750);
#749 = CARTESIAN_POINT('',(-85.080446,22.999983814296,26.607695154587));
#750 = VECTOR('',#751,1.);
#751 = DIRECTION('',(0.,-0.866025403784,-0.5));
#752 = FACE_BOUND('',#753,.F.);
#753 = EDGE_LOOP('',(#754,#764,#772,#780,#788,#796));
#754 = ORIENTED_EDGE('',*,*,#755,.F.);
#755 = EDGE_CURVE('',#756,#758,#760,.T.);
#756 = VERTEX_POINT('',#757);
#757 = CARTESIAN_POINT('',(-85.080446,16.196136237003,23.607695154587));
#758 = VERTEX_POINT('',#759);
#759 = CARTESIAN_POINT('',(-85.080446,10.999983814296,26.607695154587));
#760 = LINE('',#761,#762);
#761 = CARTESIAN_POINT('',(-85.080446,16.196136237003,23.607695154587));
#762 = VECTOR('',#763,1.);
#763 = DIRECTION('',(0.,-0.866025403784,0.5));
#764 = ORIENTED_EDGE('',*,*,#765,.F.);
#765 = EDGE_CURVE('',#766,#756,#768,.T.);
#766 = VERTEX_POINT('',#767);
#767 = CARTESIAN_POINT('',(-85.080446,16.196136237003,17.607695154587));
#768 = LINE('',#769,#770);
#769 = CARTESIAN_POINT('',(-85.080446,16.196136237003,17.607695154587));
#770 = VECTOR('',#771,1.);
#771 = DIRECTION('',(0.,0.,1.));
#772 = ORIENTED_EDGE('',*,*,#773,.F.);
#773 = EDGE_CURVE('',#774,#766,#776,.T.);
#774 = VERTEX_POINT('',#775);
#775 = CARTESIAN_POINT('',(-85.080446,10.999983814296,14.607695154587));
#776 = LINE('',#777,#778);
#777 = CARTESIAN_POINT('',(-85.080446,10.999983814296,14.607695154587));
#778 = VECTOR('',#779,1.);
#779 = DIRECTION('',(0.,0.866025403784,0.5));
#780 = ORIENTED_EDGE('',*,*,#781,.F.);
#781 = EDGE_CURVE('',#782,#774,#784,.T.);
#782 = VERTEX_POINT('',#783);
#783 = CARTESIAN_POINT('',(-85.080446,5.80383139159,17.607695154587));
#784 = LINE('',#785,#786);
#785 = CARTESIAN_POINT('',(-85.080446,5.80383139159,17.607695154587));
#786 = VECTOR('',#787,1.);
#787 = DIRECTION('',(0.,0.866025403784,-0.5));
#788 = ORIENTED_EDGE('',*,*,#789,.F.);
#789 = EDGE_CURVE('',#790,#782,#792,.T.);
#790 = VERTEX_POINT('',#791);
#791 = CARTESIAN_POINT('',(-85.080446,5.80383139159,23.607695154587));
#792 = LINE('',#793,#794);
#793 = CARTESIAN_POINT('',(-85.080446,5.80383139159,23.607695154587));
#794 = VECTOR('',#795,1.);
#795 = DIRECTION('',(0.,0.,-1.));
#796 = ORIENTED_EDGE('',*,*,#797,.F.);
#797 = EDGE_CURVE('',#758,#790,#798,.T.);
#798 = LINE('',#799,#800);
#799 = CARTESIAN_POINT('',(-85.080446,10.999983814296,26.607695154587));
#800 = VECTOR('',#801,1.);
#801 = DIRECTION('',(0.,-0.866025403784,-0.5));
#802 = PLANE('',#803);
#803 = AXIS2_PLACEMENT_3D('',#804,#805,#806);
#804 = CARTESIAN_POINT('',(-85.080446,81.499967628592,5.));
#805 = DIRECTION('',(1.,0.,0.));
#806 = DIRECTION('',(0.,-1.,0.));
#807 = ADVANCED_FACE('',(#808,#869),#966,.F.);
#808 = FACE_BOUND('',#809,.F.);
#809 = EDGE_LOOP('',(#810,#811,#820,#828,#837,#845,#854,#862));
#810 = ORIENTED_EDGE('',*,*,#21,.T.);
#811 = ORIENTED_EDGE('',*,*,#812,.T.);
#812 = EDGE_CURVE('',#24,#813,#815,.T.);
#813 = VERTEX_POINT('',#814);
#814 = CARTESIAN_POINT('',(-77.580446,-31.,5.));
#815 = CIRCLE('',#816,7.5);
#816 = AXIS2_PLACEMENT_3D('',#817,#818,#819);
#817 = CARTESIAN_POINT('',(-77.580446,-23.5,5.));
#818 = DIRECTION('',(0.,0.,1.));
#819 = DIRECTION('',(1.,0.,0.));
#820 = ORIENTED_EDGE('',*,*,#821,.T.);
#821 = EDGE_CURVE('',#813,#822,#824,.T.);
#822 = VERTEX_POINT('',#823);
#823 = CARTESIAN_POINT('',(87.419554,-31.,5.));
#824 = LINE('',#825,#826);
#825 = CARTESIAN_POINT('',(-77.580446,-31.,5.));
#826 = VECTOR('',#827,1.);
#827 = DIRECTION('',(1.,0.,0.));
#828 = ORIENTED_EDGE('',*,*,#829,.T.);
#829 = EDGE_CURVE('',#822,#830,#832,.T.);
#830 = VERTEX_POINT('',#831);
#831 = CARTESIAN_POINT('',(94.919554,-23.5,5.));
#832 = CIRCLE('',#833,7.5);
#833 = AXIS2_PLACEMENT_3D('',#834,#835,#836);
#834 = CARTESIAN_POINT('',(87.419554,-23.5,5.));
#835 = DIRECTION('',(0.,0.,1.));
#836 = DIRECTION('',(1.,0.,0.));
#837 = ORIENTED_EDGE('',*,*,#838,.T.);
#838 = EDGE_CURVE('',#830,#839,#841,.T.);
#839 = VERTEX_POINT('',#840);
#840 = CARTESIAN_POINT('',(94.919554,81.5,5.));
#841 = LINE('',#842,#843);
#842 = CARTESIAN_POINT('',(94.919554,-23.5,5.));
#843 = VECTOR('',#844,1.);
#844 = DIRECTION('',(1.4E-16,1.,0.));
#845 = ORIENTED_EDGE('',*,*,#846,.T.);
#846 = EDGE_CURVE('',#839,#847,#849,.T.);
#847 = VERTEX_POINT('',#848);
#848 = CARTESIAN_POINT('',(87.419554,89.,5.));
#849 = CIRCLE('',#850,7.5);
#850 = AXIS2_PLACEMENT_3D('',#851,#852,#853);
#851 = CARTESIAN_POINT('',(87.419554,81.5,5.));
#852 = DIRECTION('',(0.,0.,1.));
#853 = DIRECTION('',(1.,0.,0.));
#854 = ORIENTED_EDGE('',*,*,#855,.T.);
#855 = EDGE_CURVE('',#847,#856,#858,.T.);
#856 = VERTEX_POINT('',#857);
#857 = CARTESIAN_POINT('',(-77.580446,89.,5.));
#858 = LINE('',#859,#860);
#859 = CARTESIAN_POINT('',(87.419554,89.,5.));
#860 = VECTOR('',#861,1.);
#861 = DIRECTION('',(-1.,0.,0.));
#862 = ORIENTED_EDGE('',*,*,#863,.T.);
#863 = EDGE_CURVE('',#856,#22,#864,.T.);
#864 = CIRCLE('',#865,7.5);
#865 = AXIS2_PLACEMENT_3D('',#866,#867,#868);
#866 = CARTESIAN_POINT('',(-77.580446,81.5,5.));
#867 = DIRECTION('',(0.,0.,1.));
#868 = DIRECTION('',(1.,0.,0.));
#869 = FACE_BOUND('',#870,.F.);
#870 = EDGE_LOOP('',(#871,#882,#890,#899,#908,#916,#925,#933,#942,#951,
    #959));
#871 = ORIENTED_EDGE('',*,*,#872,.F.);
#872 = EDGE_CURVE('',#873,#875,#877,.T.);
#873 = VERTEX_POINT('',#874);
#874 = CARTESIAN_POINT('',(88.527612909292,-25.85,5.));
#875 = VERTEX_POINT('',#876);
#876 = CARTESIAN_POINT('',(91.319554,-26.,5.));
#877 = CIRCLE('',#878,1.4);
#878 = AXIS2_PLACEMENT_3D('',#879,#880,#881);
#879 = CARTESIAN_POINT('',(89.919554,-26.,5.));
#880 = DIRECTION('',(0.,0.,1.));
#881 = DIRECTION('',(1.,0.,0.));
#882 = ORIENTED_EDGE('',*,*,#883,.T.);
#883 = EDGE_CURVE('',#873,#884,#886,.T.);
#884 = VERTEX_POINT('',#885);
#885 = CARTESIAN_POINT('',(-78.68850490929,-25.85,5.));
#886 = LINE('',#887,#888);
#887 = CARTESIAN_POINT('',(90.069554,-25.85,5.));
#888 = VECTOR('',#889,1.);
#889 = DIRECTION('',(-1.,0.,0.));
#890 = ORIENTED_EDGE('',*,*,#891,.F.);
#891 = EDGE_CURVE('',#892,#884,#894,.T.);
#892 = VERTEX_POINT('',#893);
#893 = CARTESIAN_POINT('',(-78.680446,-26.,5.));
#894 = CIRCLE('',#895,1.4);
#895 = AXIS2_PLACEMENT_3D('',#896,#897,#898);
#896 = CARTESIAN_POINT('',(-80.080446,-26.,5.));
#897 = DIRECTION('',(0.,0.,1.));
#898 = DIRECTION('',(1.,0.,0.));
#899 = ORIENTED_EDGE('',*,*,#900,.F.);
#900 = EDGE_CURVE('',#901,#892,#903,.T.);
#901 = VERTEX_POINT('',#902);
#902 = CARTESIAN_POINT('',(-79.930446,-24.60805890929,5.));
#903 = CIRCLE('',#904,1.4);
#904 = AXIS2_PLACEMENT_3D('',#905,#906,#907);
#905 = CARTESIAN_POINT('',(-80.080446,-26.,5.));
#906 = DIRECTION('',(0.,0.,1.));
#907 = DIRECTION('',(1.,0.,0.));
#908 = ORIENTED_EDGE('',*,*,#909,.T.);
#909 = EDGE_CURVE('',#901,#910,#912,.T.);
#910 = VERTEX_POINT('',#911);
#911 = CARTESIAN_POINT('',(-79.930446,82.608058909292,5.));
#912 = LINE('',#913,#914);
#913 = CARTESIAN_POINT('',(-79.930446,-25.85,5.));
#914 = VECTOR('',#915,1.);
#915 = DIRECTION('',(0.,1.,0.));
#916 = ORIENTED_EDGE('',*,*,#917,.F.);
#917 = EDGE_CURVE('',#918,#910,#920,.T.);
#918 = VERTEX_POINT('',#919);
#919 = CARTESIAN_POINT('',(-78.68850490929,84.15,5.));
#920 = CIRCLE('',#921,1.4);
#921 = AXIS2_PLACEMENT_3D('',#922,#923,#924);
#922 = CARTESIAN_POINT('',(-80.080446,84.,5.));
#923 = DIRECTION('',(0.,0.,1.));
#924 = DIRECTION('',(1.,0.,0.));
#925 = ORIENTED_EDGE('',*,*,#926,.T.);
#926 = EDGE_CURVE('',#918,#927,#929,.T.);
#927 = VERTEX_POINT('',#928);
#928 = CARTESIAN_POINT('',(88.527612909292,84.15,5.));
#929 = LINE('',#930,#931);
#930 = CARTESIAN_POINT('',(-79.930446,84.15,5.));
#931 = VECTOR('',#932,1.);
#932 = DIRECTION('',(1.,0.,0.));
#933 = ORIENTED_EDGE('',*,*,#934,.F.);
#934 = EDGE_CURVE('',#935,#927,#937,.T.);
#935 = VERTEX_POINT('',#936);
#936 = CARTESIAN_POINT('',(91.319554,84.,5.));
#937 = CIRCLE('',#938,1.4);
#938 = AXIS2_PLACEMENT_3D('',#939,#940,#941);
#939 = CARTESIAN_POINT('',(89.919554,84.,5.));
#940 = DIRECTION('',(0.,0.,1.));
#941 = DIRECTION('',(1.,0.,0.));
#942 = ORIENTED_EDGE('',*,*,#943,.F.);
#943 = EDGE_CURVE('',#944,#935,#946,.T.);
#944 = VERTEX_POINT('',#945);
#945 = CARTESIAN_POINT('',(90.069554,82.608058909292,5.));
#946 = CIRCLE('',#947,1.4);
#947 = AXIS2_PLACEMENT_3D('',#948,#949,#950);
#948 = CARTESIAN_POINT('',(89.919554,84.,5.));
#949 = DIRECTION('',(0.,0.,1.));
#950 = DIRECTION('',(1.,0.,0.));
#951 = ORIENTED_EDGE('',*,*,#952,.T.);
#952 = EDGE_CURVE('',#944,#953,#955,.T.);
#953 = VERTEX_POINT('',#954);
#954 = CARTESIAN_POINT('',(90.069554,-24.60805890929,5.));
#955 = LINE('',#956,#957);
#956 = CARTESIAN_POINT('',(90.069554,84.15,5.));
#957 = VECTOR('',#958,1.);
#958 = DIRECTION('',(0.,-1.,0.));
#959 = ORIENTED_EDGE('',*,*,#960,.F.);
#960 = EDGE_CURVE('',#875,#953,#961,.T.);
#961 = CIRCLE('',#962,1.4);
#962 = AXIS2_PLACEMENT_3D('',#963,#964,#965);
#963 = CARTESIAN_POINT('',(89.919554,-26.,5.));
#964 = DIRECTION('',(0.,0.,1.));
#965 = DIRECTION('',(1.,0.,0.));
#966 = PLANE('',#967);
#967 = AXIS2_PLACEMENT_3D('',#968,#969,#970);
#968 = CARTESIAN_POINT('',(4.919554187092,28.999999883424,5.));
#969 = DIRECTION('',(0.,0.,1.));
#970 = DIRECTION('',(1.,0.,0.));
#971 = ADVANCED_FACE('',(#972),#991,.T.);
#972 = FACE_BOUND('',#973,.F.);
#973 = EDGE_LOOP('',(#974,#975,#983,#990));
#974 = ORIENTED_EDGE('',*,*,#863,.F.);
#975 = ORIENTED_EDGE('',*,*,#976,.T.);
#976 = EDGE_CURVE('',#856,#977,#979,.T.);
#977 = VERTEX_POINT('',#978);
#978 = CARTESIAN_POINT('',(-77.580446,89.,60.));
#979 = LINE('',#980,#981);
#980 = CARTESIAN_POINT('',(-77.580446,89.,5.));
#981 = VECTOR('',#982,1.);
#982 = DIRECTION('',(0.,0.,1.));
#983 = ORIENTED_EDGE('',*,*,#984,.F.);
#984 = EDGE_CURVE('',#32,#977,#985,.T.);
#985 = CIRCLE('',#986,7.5);
#986 = AXIS2_PLACEMENT_3D('',#987,#988,#989);
#987 = CARTESIAN_POINT('',(-77.580446,81.5,60.));
#988 = DIRECTION('',(0.,0.,-1.));
#989 = DIRECTION('',(1.,0.,0.));
#990 = ORIENTED_EDGE('',*,*,#31,.F.);
#991 = CYLINDRICAL_SURFACE('',#992,7.5);
#992 = AXIS2_PLACEMENT_3D('',#993,#994,#995);
#993 = CARTESIAN_POINT('',(-77.580446,81.5,5.));
#994 = DIRECTION('',(-0.,-0.,-1.));
#995 = DIRECTION('',(1.,0.,0.));
#996 = ADVANCED_FACE('',(#997),#1016,.T.);
#997 = FACE_BOUND('',#998,.F.);
#998 = EDGE_LOOP('',(#999,#1000,#1001,#1010));
#999 = ORIENTED_EDGE('',*,*,#812,.F.);
#1000 = ORIENTED_EDGE('',*,*,#47,.T.);
#1001 = ORIENTED_EDGE('',*,*,#1002,.F.);
#1002 = EDGE_CURVE('',#1003,#40,#1005,.T.);
#1003 = VERTEX_POINT('',#1004);
#1004 = CARTESIAN_POINT('',(-77.580446,-31.,60.));
#1005 = CIRCLE('',#1006,7.5);
#1006 = AXIS2_PLACEMENT_3D('',#1007,#1008,#1009);
#1007 = CARTESIAN_POINT('',(-77.580446,-23.5,60.));
#1008 = DIRECTION('',(0.,0.,-1.));
#1009 = DIRECTION('',(1.,0.,0.));
#1010 = ORIENTED_EDGE('',*,*,#1011,.F.);
#1011 = EDGE_CURVE('',#813,#1003,#1012,.T.);
#1012 = LINE('',#1013,#1014);
#1013 = CARTESIAN_POINT('',(-77.580446,-31.,5.));
#1014 = VECTOR('',#1015,1.);
#1015 = DIRECTION('',(0.,0.,1.));
#1016 = CYLINDRICAL_SURFACE('',#1017,7.5);
#1017 = AXIS2_PLACEMENT_3D('',#1018,#1019,#1020);
#1018 = CARTESIAN_POINT('',(-77.580446,-23.5,5.));
#1019 = DIRECTION('',(-0.,-0.,-1.));
#1020 = DIRECTION('',(1.,0.,0.));
#1021 = ADVANCED_FACE('',(#1022,#1067),#1164,.T.);
#1022 = FACE_BOUND('',#1023,.T.);
#1023 = EDGE_LOOP('',(#1024,#1025,#1026,#1027,#1035,#1044,#1052,#1061));
#1024 = ORIENTED_EDGE('',*,*,#984,.F.);
#1025 = ORIENTED_EDGE('',*,*,#39,.T.);
#1026 = ORIENTED_EDGE('',*,*,#1002,.F.);
#1027 = ORIENTED_EDGE('',*,*,#1028,.T.);
#1028 = EDGE_CURVE('',#1003,#1029,#1031,.T.);
#1029 = VERTEX_POINT('',#1030);
#1030 = CARTESIAN_POINT('',(87.419554,-31.,60.));
#1031 = LINE('',#1032,#1033);
#1032 = CARTESIAN_POINT('',(-38.790223,-31.,60.));
#1033 = VECTOR('',#1034,1.);
#1034 = DIRECTION('',(1.,0.,0.));
#1035 = ORIENTED_EDGE('',*,*,#1036,.F.);
#1036 = EDGE_CURVE('',#1037,#1029,#1039,.T.);
#1037 = VERTEX_POINT('',#1038);
#1038 = CARTESIAN_POINT('',(94.919554,-23.5,60.));
#1039 = CIRCLE('',#1040,7.5);
#1040 = AXIS2_PLACEMENT_3D('',#1041,#1042,#1043);
#1041 = CARTESIAN_POINT('',(87.419554,-23.5,60.));
#1042 = DIRECTION('',(0.,0.,-1.));
#1043 = DIRECTION('',(1.,0.,0.));
#1044 = ORIENTED_EDGE('',*,*,#1045,.T.);
#1045 = EDGE_CURVE('',#1037,#1046,#1048,.T.);
#1046 = VERTEX_POINT('',#1047);
#1047 = CARTESIAN_POINT('',(94.919554,81.5,60.));
#1048 = LINE('',#1049,#1050);
#1049 = CARTESIAN_POINT('',(94.919554,-11.75,60.));
#1050 = VECTOR('',#1051,1.);
#1051 = DIRECTION('',(1.4E-16,1.,0.));
#1052 = ORIENTED_EDGE('',*,*,#1053,.F.);
#1053 = EDGE_CURVE('',#1054,#1046,#1056,.T.);
#1054 = VERTEX_POINT('',#1055);
#1055 = CARTESIAN_POINT('',(87.419554,89.,60.));
#1056 = CIRCLE('',#1057,7.5);
#1057 = AXIS2_PLACEMENT_3D('',#1058,#1059,#1060);
#1058 = CARTESIAN_POINT('',(87.419554,81.5,60.));
#1059 = DIRECTION('',(0.,0.,-1.));
#1060 = DIRECTION('',(1.,0.,0.));
#1061 = ORIENTED_EDGE('',*,*,#1062,.T.);
#1062 = EDGE_CURVE('',#1054,#977,#1063,.T.);
#1063 = LINE('',#1064,#1065);
#1064 = CARTESIAN_POINT('',(43.709777,89.,60.));
#1065 = VECTOR('',#1066,1.);
#1066 = DIRECTION('',(-1.,0.,0.));
#1067 = FACE_BOUND('',#1068,.T.);
#1068 = EDGE_LOOP('',(#1069,#1079,#1088,#1096,#1105,#1114,#1122,#1131,
    #1140,#1148,#1157));
#1069 = ORIENTED_EDGE('',*,*,#1070,.F.);
#1070 = EDGE_CURVE('',#1071,#1073,#1075,.T.);
#1071 = VERTEX_POINT('',#1072);
#1072 = CARTESIAN_POINT('',(-79.930446,82.608058909294,60.));
#1073 = VERTEX_POINT('',#1074);
#1074 = CARTESIAN_POINT('',(-79.930446,-24.60805890929,60.));
#1075 = LINE('',#1076,#1077);
#1076 = CARTESIAN_POINT('',(-79.930446,-12.925,60.));
#1077 = VECTOR('',#1078,1.);
#1078 = DIRECTION('',(0.,-1.,0.));
#1079 = ORIENTED_EDGE('',*,*,#1080,.T.);
#1080 = EDGE_CURVE('',#1071,#1081,#1083,.T.);
#1081 = VERTEX_POINT('',#1082);
#1082 = CARTESIAN_POINT('',(-78.68850490929,84.15,60.));
#1083 = CIRCLE('',#1084,1.4);
#1084 = AXIS2_PLACEMENT_3D('',#1085,#1086,#1087);
#1085 = CARTESIAN_POINT('',(-80.080446,84.,60.));
#1086 = DIRECTION('',(0.,0.,-1.));
#1087 = DIRECTION('',(1.,0.,0.));
#1088 = ORIENTED_EDGE('',*,*,#1089,.F.);
#1089 = EDGE_CURVE('',#1090,#1081,#1092,.T.);
#1090 = VERTEX_POINT('',#1091);
#1091 = CARTESIAN_POINT('',(88.527612909294,84.15,60.));
#1092 = LINE('',#1093,#1094);
#1093 = CARTESIAN_POINT('',(-39.965223,84.15,60.));
#1094 = VECTOR('',#1095,1.);
#1095 = DIRECTION('',(-1.,0.,0.));
#1096 = ORIENTED_EDGE('',*,*,#1097,.T.);
#1097 = EDGE_CURVE('',#1090,#1098,#1100,.T.);
#1098 = VERTEX_POINT('',#1099);
#1099 = CARTESIAN_POINT('',(91.319554,84.,60.));
#1100 = CIRCLE('',#1101,1.4);
#1101 = AXIS2_PLACEMENT_3D('',#1102,#1103,#1104);
#1102 = CARTESIAN_POINT('',(89.919554,84.,60.));
#1103 = DIRECTION('',(0.,0.,-1.));
#1104 = DIRECTION('',(1.,0.,0.));
#1105 = ORIENTED_EDGE('',*,*,#1106,.T.);
#1106 = EDGE_CURVE('',#1098,#1107,#1109,.T.);
#1107 = VERTEX_POINT('',#1108);
#1108 = CARTESIAN_POINT('',(90.069554,82.608058909293,60.));
#1109 = CIRCLE('',#1110,1.4);
#1110 = AXIS2_PLACEMENT_3D('',#1111,#1112,#1113);
#1111 = CARTESIAN_POINT('',(89.919554,84.,60.));
#1112 = DIRECTION('',(0.,0.,-1.));
#1113 = DIRECTION('',(1.,0.,0.));
#1114 = ORIENTED_EDGE('',*,*,#1115,.F.);
#1115 = EDGE_CURVE('',#1116,#1107,#1118,.T.);
#1116 = VERTEX_POINT('',#1117);
#1117 = CARTESIAN_POINT('',(90.069554,-24.60805890929,60.));
#1118 = LINE('',#1119,#1120);
#1119 = CARTESIAN_POINT('',(90.069554,42.075,60.));
#1120 = VECTOR('',#1121,1.);
#1121 = DIRECTION('',(0.,1.,0.));
#1122 = ORIENTED_EDGE('',*,*,#1123,.T.);
#1123 = EDGE_CURVE('',#1116,#1124,#1126,.T.);
#1124 = VERTEX_POINT('',#1125);
#1125 = CARTESIAN_POINT('',(91.319554,-26.,60.));
#1126 = CIRCLE('',#1127,1.4);
#1127 = AXIS2_PLACEMENT_3D('',#1128,#1129,#1130);
#1128 = CARTESIAN_POINT('',(89.919554,-26.,60.));
#1129 = DIRECTION('',(0.,0.,-1.));
#1130 = DIRECTION('',(1.,0.,0.));
#1131 = ORIENTED_EDGE('',*,*,#1132,.T.);
#1132 = EDGE_CURVE('',#1124,#1133,#1135,.T.);
#1133 = VERTEX_POINT('',#1134);
#1134 = CARTESIAN_POINT('',(88.527612909293,-25.85,60.));
#1135 = CIRCLE('',#1136,1.4);
#1136 = AXIS2_PLACEMENT_3D('',#1137,#1138,#1139);
#1137 = CARTESIAN_POINT('',(89.919554,-26.,60.));
#1138 = DIRECTION('',(0.,0.,-1.));
#1139 = DIRECTION('',(1.,0.,0.));
#1140 = ORIENTED_EDGE('',*,*,#1141,.F.);
#1141 = EDGE_CURVE('',#1142,#1133,#1144,.T.);
#1142 = VERTEX_POINT('',#1143);
#1143 = CARTESIAN_POINT('',(-78.68850490929,-25.85,60.));
#1144 = LINE('',#1145,#1146);
#1145 = CARTESIAN_POINT('',(45.034777,-25.85,60.));
#1146 = VECTOR('',#1147,1.);
#1147 = DIRECTION('',(1.,0.,0.));
#1148 = ORIENTED_EDGE('',*,*,#1149,.T.);
#1149 = EDGE_CURVE('',#1142,#1150,#1152,.T.);
#1150 = VERTEX_POINT('',#1151);
#1151 = CARTESIAN_POINT('',(-78.680446,-26.,60.));
#1152 = CIRCLE('',#1153,1.4);
#1153 = AXIS2_PLACEMENT_3D('',#1154,#1155,#1156);
#1154 = CARTESIAN_POINT('',(-80.080446,-26.,60.));
#1155 = DIRECTION('',(0.,0.,-1.));
#1156 = DIRECTION('',(1.,0.,0.));
#1157 = ORIENTED_EDGE('',*,*,#1158,.T.);
#1158 = EDGE_CURVE('',#1150,#1073,#1159,.T.);
#1159 = CIRCLE('',#1160,1.4);
#1160 = AXIS2_PLACEMENT_3D('',#1161,#1162,#1163);
#1161 = CARTESIAN_POINT('',(-80.080446,-26.,60.));
#1162 = DIRECTION('',(0.,0.,-1.));
#1163 = DIRECTION('',(1.,0.,0.));
#1164 = PLANE('',#1165);
#1165 = AXIS2_PLACEMENT_3D('',#1166,#1167,#1168);
#1166 = CARTESIAN_POINT('',(0.,0.,60.));
#1167 = DIRECTION('',(0.,0.,1.));
#1168 = DIRECTION('',(1.,0.,0.));
#1169 = ADVANCED_FACE('',(#1170),#1195,.T.);
#1170 = FACE_BOUND('',#1171,.T.);
#1171 = EDGE_LOOP('',(#1172,#1173,#1181,#1189));
#1172 = ORIENTED_EDGE('',*,*,#55,.F.);
#1173 = ORIENTED_EDGE('',*,*,#1174,.T.);
#1174 = EDGE_CURVE('',#56,#1175,#1177,.T.);
#1175 = VERTEX_POINT('',#1176);
#1176 = CARTESIAN_POINT('',(-79.930446,64.196136237003,44.392304845413)
  );
#1177 = LINE('',#1178,#1179);
#1178 = CARTESIAN_POINT('',(-85.080446,64.196136237003,44.392304845413)
  );
#1179 = VECTOR('',#1180,1.);
#1180 = DIRECTION('',(1.,0.,0.));
#1181 = ORIENTED_EDGE('',*,*,#1182,.T.);
#1182 = EDGE_CURVE('',#1175,#1183,#1185,.T.);
#1183 = VERTEX_POINT('',#1184);
#1184 = CARTESIAN_POINT('',(-79.930446,58.999983814296,47.392304845413)
  );
#1185 = LINE('',#1186,#1187);
#1186 = CARTESIAN_POINT('',(-79.930446,38.957519325564,58.963827113206)
  );
#1187 = VECTOR('',#1188,1.);
#1188 = DIRECTION('',(0.,-0.866025403784,0.5));
#1189 = ORIENTED_EDGE('',*,*,#1190,.F.);
#1190 = EDGE_CURVE('',#58,#1183,#1191,.T.);
#1191 = LINE('',#1192,#1193);
#1192 = CARTESIAN_POINT('',(-85.080446,58.999983814296,47.392304845413)
  );
#1193 = VECTOR('',#1194,1.);
#1194 = DIRECTION('',(1.,0.,0.));
#1195 = PLANE('',#1196);
#1196 = AXIS2_PLACEMENT_3D('',#1197,#1198,#1199);
#1197 = CARTESIAN_POINT('',(-85.080446,64.196136237003,44.392304845413)
  );
#1198 = DIRECTION('',(0.,-0.5,-0.866025403784));
#1199 = DIRECTION('',(0.,-0.866025403784,0.5));
#1200 = ADVANCED_FACE('',(#1201),#1219,.T.);
#1201 = FACE_BOUND('',#1202,.T.);
#1202 = EDGE_LOOP('',(#1203,#1204,#1205,#1213));
#1203 = ORIENTED_EDGE('',*,*,#97,.F.);
#1204 = ORIENTED_EDGE('',*,*,#1190,.T.);
#1205 = ORIENTED_EDGE('',*,*,#1206,.T.);
#1206 = EDGE_CURVE('',#1183,#1207,#1209,.T.);
#1207 = VERTEX_POINT('',#1208);
#1208 = CARTESIAN_POINT('',(-79.930446,53.80383139159,44.392304845413));
#1209 = LINE('',#1210,#1211);
#1210 = CARTESIAN_POINT('',(-79.930446,18.00303665366,23.722706366267));
#1211 = VECTOR('',#1212,1.);
#1212 = DIRECTION('',(-0.,-0.866025403784,-0.5));
#1213 = ORIENTED_EDGE('',*,*,#1214,.F.);
#1214 = EDGE_CURVE('',#90,#1207,#1215,.T.);
#1215 = LINE('',#1216,#1217);
#1216 = CARTESIAN_POINT('',(-85.080446,53.80383139159,44.392304845413));
#1217 = VECTOR('',#1218,1.);
#1218 = DIRECTION('',(1.,0.,0.));
#1219 = PLANE('',#1220);
#1220 = AXIS2_PLACEMENT_3D('',#1221,#1222,#1223);
#1221 = CARTESIAN_POINT('',(-85.080446,58.999983814296,47.392304845413)
  );
#1222 = DIRECTION('',(0.,0.5,-0.866025403784));
#1223 = DIRECTION('',(0.,-0.866025403784,-0.5));
#1224 = ADVANCED_FACE('',(#1225),#1243,.T.);
#1225 = FACE_BOUND('',#1226,.T.);
#1226 = EDGE_LOOP('',(#1227,#1228,#1229,#1237));
#1227 = ORIENTED_EDGE('',*,*,#89,.F.);
#1228 = ORIENTED_EDGE('',*,*,#1214,.T.);
#1229 = ORIENTED_EDGE('',*,*,#1230,.T.);
#1230 = EDGE_CURVE('',#1207,#1231,#1233,.T.);
#1231 = VERTEX_POINT('',#1232);
#1232 = CARTESIAN_POINT('',(-79.930446,53.803831391589,38.392304845413)
  );
#1233 = LINE('',#1234,#1235);
#1234 = CARTESIAN_POINT('',(-79.930446,53.803831391589,24.696152422707)
  );
#1235 = VECTOR('',#1236,1.);
#1236 = DIRECTION('',(-0.,-1.18E-15,-1.));
#1237 = ORIENTED_EDGE('',*,*,#1238,.F.);
#1238 = EDGE_CURVE('',#82,#1231,#1239,.T.);
#1239 = LINE('',#1240,#1241);
#1240 = CARTESIAN_POINT('',(-85.080446,53.803831391589,38.392304845413)
  );
#1241 = VECTOR('',#1242,1.);
#1242 = DIRECTION('',(1.,0.,0.));
#1243 = PLANE('',#1244);
#1244 = AXIS2_PLACEMENT_3D('',#1245,#1246,#1247);
#1245 = CARTESIAN_POINT('',(-85.080446,53.80383139159,44.392304845413));
#1246 = DIRECTION('',(0.,1.,-1.18E-15));
#1247 = DIRECTION('',(0.,-1.18E-15,-1.));
#1248 = ADVANCED_FACE('',(#1249),#1267,.T.);
#1249 = FACE_BOUND('',#1250,.T.);
#1250 = EDGE_LOOP('',(#1251,#1252,#1253,#1261));
#1251 = ORIENTED_EDGE('',*,*,#81,.F.);
#1252 = ORIENTED_EDGE('',*,*,#1238,.T.);
#1253 = ORIENTED_EDGE('',*,*,#1254,.T.);
#1254 = EDGE_CURVE('',#1231,#1255,#1257,.T.);
#1255 = VERTEX_POINT('',#1256);
#1256 = CARTESIAN_POINT('',(-79.930446,58.999983814296,35.392304845413)
  );
#1257 = LINE('',#1258,#1259);
#1258 = CARTESIAN_POINT('',(-79.930446,31.163290691504,51.463827113206)
  );
#1259 = VECTOR('',#1260,1.);
#1260 = DIRECTION('',(0.,0.866025403784,-0.5));
#1261 = ORIENTED_EDGE('',*,*,#1262,.F.);
#1262 = EDGE_CURVE('',#74,#1255,#1263,.T.);
#1263 = LINE('',#1264,#1265);
#1264 = CARTESIAN_POINT('',(-85.080446,58.999983814296,35.392304845413)
  );
#1265 = VECTOR('',#1266,1.);
#1266 = DIRECTION('',(1.,0.,0.));
#1267 = PLANE('',#1268);
#1268 = AXIS2_PLACEMENT_3D('',#1269,#1270,#1271);
#1269 = CARTESIAN_POINT('',(-85.080446,53.803831391589,38.392304845413)
  );
#1270 = DIRECTION('',(0.,0.5,0.866025403784));
#1271 = DIRECTION('',(0.,0.866025403784,-0.5));
#1272 = ADVANCED_FACE('',(#1273),#1291,.T.);
#1273 = FACE_BOUND('',#1274,.T.);
#1274 = EDGE_LOOP('',(#1275,#1276,#1277,#1285));
#1275 = ORIENTED_EDGE('',*,*,#73,.F.);
#1276 = ORIENTED_EDGE('',*,*,#1262,.T.);
#1277 = ORIENTED_EDGE('',*,*,#1278,.T.);
#1278 = EDGE_CURVE('',#1255,#1279,#1281,.T.);
#1279 = VERTEX_POINT('',#1280);
#1280 = CARTESIAN_POINT('',(-79.930446,64.196136237003,38.392304845413)
  );
#1281 = LINE('',#1282,#1283);
#1282 = CARTESIAN_POINT('',(-79.930446,20.601112865013,13.222706366267)
  );
#1283 = VECTOR('',#1284,1.);
#1284 = DIRECTION('',(0.,0.866025403784,0.5));
#1285 = ORIENTED_EDGE('',*,*,#1286,.F.);
#1286 = EDGE_CURVE('',#66,#1279,#1287,.T.);
#1287 = LINE('',#1288,#1289);
#1288 = CARTESIAN_POINT('',(-85.080446,64.196136237003,38.392304845413)
  );
#1289 = VECTOR('',#1290,1.);
#1290 = DIRECTION('',(1.,0.,0.));
#1291 = PLANE('',#1292);
#1292 = AXIS2_PLACEMENT_3D('',#1293,#1294,#1295);
#1293 = CARTESIAN_POINT('',(-85.080446,58.999983814296,35.392304845413)
  );
#1294 = DIRECTION('',(0.,-0.5,0.866025403784));
#1295 = DIRECTION('',(0.,0.866025403784,0.5));
#1296 = ADVANCED_FACE('',(#1297),#1308,.T.);
#1297 = FACE_BOUND('',#1298,.T.);
#1298 = EDGE_LOOP('',(#1299,#1300,#1301,#1307));
#1299 = ORIENTED_EDGE('',*,*,#65,.F.);
#1300 = ORIENTED_EDGE('',*,*,#1286,.T.);
#1301 = ORIENTED_EDGE('',*,*,#1302,.T.);
#1302 = EDGE_CURVE('',#1279,#1175,#1303,.T.);
#1303 = LINE('',#1304,#1305);
#1304 = CARTESIAN_POINT('',(-79.930446,64.196136237003,21.696152422707)
  );
#1305 = VECTOR('',#1306,1.);
#1306 = DIRECTION('',(0.,0.,1.));
#1307 = ORIENTED_EDGE('',*,*,#1174,.F.);
#1308 = PLANE('',#1309);
#1309 = AXIS2_PLACEMENT_3D('',#1310,#1311,#1312);
#1310 = CARTESIAN_POINT('',(-85.080446,64.196136237003,38.392304845413)
  );
#1311 = DIRECTION('',(0.,-1.,0.));
#1312 = DIRECTION('',(0.,0.,1.));
#1313 = ADVANCED_FACE('',(#1314),#1339,.T.);
#1314 = FACE_BOUND('',#1315,.T.);
#1315 = EDGE_LOOP('',(#1316,#1317,#1325,#1333));
#1316 = ORIENTED_EDGE('',*,*,#105,.F.);
#1317 = ORIENTED_EDGE('',*,*,#1318,.T.);
#1318 = EDGE_CURVE('',#106,#1319,#1321,.T.);
#1319 = VERTEX_POINT('',#1320);
#1320 = CARTESIAN_POINT('',(-79.930446,52.196136237003,44.392304845413)
  );
#1321 = LINE('',#1322,#1323);
#1322 = CARTESIAN_POINT('',(-85.080446,52.196136237003,44.392304845413)
  );
#1323 = VECTOR('',#1324,1.);
#1324 = DIRECTION('',(1.,0.,0.));
#1325 = ORIENTED_EDGE('',*,*,#1326,.T.);
#1326 = EDGE_CURVE('',#1319,#1327,#1329,.T.);
#1327 = VERTEX_POINT('',#1328);
#1328 = CARTESIAN_POINT('',(-79.930446,46.999983814296,47.392304845413)
  );
#1329 = LINE('',#1330,#1331);
#1330 = CARTESIAN_POINT('',(-79.930446,31.457519325564,56.365750901853)
  );
#1331 = VECTOR('',#1332,1.);
#1332 = DIRECTION('',(0.,-0.866025403784,0.5));
#1333 = ORIENTED_EDGE('',*,*,#1334,.F.);
#1334 = EDGE_CURVE('',#108,#1327,#1335,.T.);
#1335 = LINE('',#1336,#1337);
#1336 = CARTESIAN_POINT('',(-85.080446,46.999983814296,47.392304845413)
  );
#1337 = VECTOR('',#1338,1.);
#1338 = DIRECTION('',(1.,0.,0.));
#1339 = PLANE('',#1340);
#1340 = AXIS2_PLACEMENT_3D('',#1341,#1342,#1343);
#1341 = CARTESIAN_POINT('',(-85.080446,52.196136237003,44.392304845413)
  );
#1342 = DIRECTION('',(0.,-0.5,-0.866025403784));
#1343 = DIRECTION('',(0.,-0.866025403784,0.5));
#1344 = ADVANCED_FACE('',(#1345),#1363,.T.);
#1345 = FACE_BOUND('',#1346,.T.);
#1346 = EDGE_LOOP('',(#1347,#1348,#1349,#1357));
#1347 = ORIENTED_EDGE('',*,*,#147,.F.);
#1348 = ORIENTED_EDGE('',*,*,#1334,.T.);
#1349 = ORIENTED_EDGE('',*,*,#1350,.T.);
#1350 = EDGE_CURVE('',#1327,#1351,#1353,.T.);
#1351 = VERTEX_POINT('',#1352);
#1352 = CARTESIAN_POINT('',(-79.930446,41.80383139159,44.392304845413));
#1353 = LINE('',#1354,#1355);
#1354 = CARTESIAN_POINT('',(-79.930446,10.50303665366,26.32078257762));
#1355 = VECTOR('',#1356,1.);
#1356 = DIRECTION('',(-0.,-0.866025403784,-0.5));
#1357 = ORIENTED_EDGE('',*,*,#1358,.F.);
#1358 = EDGE_CURVE('',#140,#1351,#1359,.T.);
#1359 = LINE('',#1360,#1361);
#1360 = CARTESIAN_POINT('',(-85.080446,41.80383139159,44.392304845413));
#1361 = VECTOR('',#1362,1.);
#1362 = DIRECTION('',(1.,0.,0.));
#1363 = PLANE('',#1364);
#1364 = AXIS2_PLACEMENT_3D('',#1365,#1366,#1367);
#1365 = CARTESIAN_POINT('',(-85.080446,46.999983814296,47.392304845413)
  );
#1366 = DIRECTION('',(0.,0.5,-0.866025403784));
#1367 = DIRECTION('',(0.,-0.866025403784,-0.5));
#1368 = ADVANCED_FACE('',(#1369),#1387,.T.);
#1369 = FACE_BOUND('',#1370,.T.);
#1370 = EDGE_LOOP('',(#1371,#1372,#1373,#1381));
#1371 = ORIENTED_EDGE('',*,*,#139,.F.);
#1372 = ORIENTED_EDGE('',*,*,#1358,.T.);
#1373 = ORIENTED_EDGE('',*,*,#1374,.T.);
#1374 = EDGE_CURVE('',#1351,#1375,#1377,.T.);
#1375 = VERTEX_POINT('',#1376);
#1376 = CARTESIAN_POINT('',(-79.930446,41.80383139159,38.392304845413));
#1377 = LINE('',#1378,#1379);
#1378 = CARTESIAN_POINT('',(-79.930446,41.803831391589,24.696152422707)
  );
#1379 = VECTOR('',#1380,1.);
#1380 = DIRECTION('',(0.,0.,-1.));
#1381 = ORIENTED_EDGE('',*,*,#1382,.F.);
#1382 = EDGE_CURVE('',#132,#1375,#1383,.T.);
#1383 = LINE('',#1384,#1385);
#1384 = CARTESIAN_POINT('',(-85.080446,41.80383139159,38.392304845413));
#1385 = VECTOR('',#1386,1.);
#1386 = DIRECTION('',(1.,0.,0.));
#1387 = PLANE('',#1388);
#1388 = AXIS2_PLACEMENT_3D('',#1389,#1390,#1391);
#1389 = CARTESIAN_POINT('',(-85.080446,41.80383139159,44.392304845413));
#1390 = DIRECTION('',(0.,1.,0.));
#1391 = DIRECTION('',(0.,0.,-1.));
#1392 = ADVANCED_FACE('',(#1393),#1411,.T.);
#1393 = FACE_BOUND('',#1394,.T.);
#1394 = EDGE_LOOP('',(#1395,#1396,#1397,#1405));
#1395 = ORIENTED_EDGE('',*,*,#131,.F.);
#1396 = ORIENTED_EDGE('',*,*,#1382,.T.);
#1397 = ORIENTED_EDGE('',*,*,#1398,.T.);
#1398 = EDGE_CURVE('',#1375,#1399,#1401,.T.);
#1399 = VERTEX_POINT('',#1400);
#1400 = CARTESIAN_POINT('',(-79.930446,46.999983814296,35.392304845413)
  );
#1401 = LINE('',#1402,#1403);
#1402 = CARTESIAN_POINT('',(-79.930446,23.663290691504,48.865750901853)
  );
#1403 = VECTOR('',#1404,1.);
#1404 = DIRECTION('',(0.,0.866025403784,-0.5));
#1405 = ORIENTED_EDGE('',*,*,#1406,.F.);
#1406 = EDGE_CURVE('',#124,#1399,#1407,.T.);
#1407 = LINE('',#1408,#1409);
#1408 = CARTESIAN_POINT('',(-85.080446,46.999983814296,35.392304845413)
  );
#1409 = VECTOR('',#1410,1.);
#1410 = DIRECTION('',(1.,0.,0.));
#1411 = PLANE('',#1412);
#1412 = AXIS2_PLACEMENT_3D('',#1413,#1414,#1415);
#1413 = CARTESIAN_POINT('',(-85.080446,41.80383139159,38.392304845413));
#1414 = DIRECTION('',(0.,0.5,0.866025403784));
#1415 = DIRECTION('',(0.,0.866025403784,-0.5));
#1416 = ADVANCED_FACE('',(#1417),#1435,.T.);
#1417 = FACE_BOUND('',#1418,.T.);
#1418 = EDGE_LOOP('',(#1419,#1420,#1421,#1429));
#1419 = ORIENTED_EDGE('',*,*,#123,.F.);
#1420 = ORIENTED_EDGE('',*,*,#1406,.T.);
#1421 = ORIENTED_EDGE('',*,*,#1422,.T.);
#1422 = EDGE_CURVE('',#1399,#1423,#1425,.T.);
#1423 = VERTEX_POINT('',#1424);
#1424 = CARTESIAN_POINT('',(-79.930446,52.196136237003,38.392304845413)
  );
#1425 = LINE('',#1426,#1427);
#1426 = CARTESIAN_POINT('',(-79.930446,13.101112865013,15.82078257762));
#1427 = VECTOR('',#1428,1.);
#1428 = DIRECTION('',(0.,0.866025403784,0.5));
#1429 = ORIENTED_EDGE('',*,*,#1430,.F.);
#1430 = EDGE_CURVE('',#116,#1423,#1431,.T.);
#1431 = LINE('',#1432,#1433);
#1432 = CARTESIAN_POINT('',(-85.080446,52.196136237003,38.392304845413)
  );
#1433 = VECTOR('',#1434,1.);
#1434 = DIRECTION('',(1.,0.,0.));
#1435 = PLANE('',#1436);
#1436 = AXIS2_PLACEMENT_3D('',#1437,#1438,#1439);
#1437 = CARTESIAN_POINT('',(-85.080446,46.999983814296,35.392304845413)
  );
#1438 = DIRECTION('',(0.,-0.5,0.866025403784));
#1439 = DIRECTION('',(0.,0.866025403784,0.5));
#1440 = ADVANCED_FACE('',(#1441),#1452,.T.);
#1441 = FACE_BOUND('',#1442,.T.);
#1442 = EDGE_LOOP('',(#1443,#1444,#1445,#1451));
#1443 = ORIENTED_EDGE('',*,*,#115,.F.);
#1444 = ORIENTED_EDGE('',*,*,#1430,.T.);
#1445 = ORIENTED_EDGE('',*,*,#1446,.T.);
#1446 = EDGE_CURVE('',#1423,#1319,#1447,.T.);
#1447 = LINE('',#1448,#1449);
#1448 = CARTESIAN_POINT('',(-79.930446,52.196136237003,21.696152422707)
  );
#1449 = VECTOR('',#1450,1.);
#1450 = DIRECTION('',(0.,0.,1.));
#1451 = ORIENTED_EDGE('',*,*,#1318,.F.);
#1452 = PLANE('',#1453);
#1453 = AXIS2_PLACEMENT_3D('',#1454,#1455,#1456);
#1454 = CARTESIAN_POINT('',(-85.080446,52.196136237003,38.392304845413)
  );
#1455 = DIRECTION('',(0.,-1.,0.));
#1456 = DIRECTION('',(0.,0.,1.));
#1457 = ADVANCED_FACE('',(#1458),#1483,.T.);
#1458 = FACE_BOUND('',#1459,.T.);
#1459 = EDGE_LOOP('',(#1460,#1461,#1469,#1477));
#1460 = ORIENTED_EDGE('',*,*,#155,.F.);
#1461 = ORIENTED_EDGE('',*,*,#1462,.T.);
#1462 = EDGE_CURVE('',#156,#1463,#1465,.T.);
#1463 = VERTEX_POINT('',#1464);
#1464 = CARTESIAN_POINT('',(-79.930446,40.196136237003,44.392304845413)
  );
#1465 = LINE('',#1466,#1467);
#1466 = CARTESIAN_POINT('',(-85.080446,40.196136237003,44.392304845413)
  );
#1467 = VECTOR('',#1468,1.);
#1468 = DIRECTION('',(1.,0.,0.));
#1469 = ORIENTED_EDGE('',*,*,#1470,.T.);
#1470 = EDGE_CURVE('',#1463,#1471,#1473,.T.);
#1471 = VERTEX_POINT('',#1472);
#1472 = CARTESIAN_POINT('',(-79.930446,34.999983814296,47.392304845413)
  );
#1473 = LINE('',#1474,#1475);
#1474 = CARTESIAN_POINT('',(-79.930446,23.957519325564,53.7676746905));
#1475 = VECTOR('',#1476,1.);
#1476 = DIRECTION('',(0.,-0.866025403784,0.5));
#1477 = ORIENTED_EDGE('',*,*,#1478,.F.);
#1478 = EDGE_CURVE('',#158,#1471,#1479,.T.);
#1479 = LINE('',#1480,#1481);
#1480 = CARTESIAN_POINT('',(-85.080446,34.999983814296,47.392304845413)
  );
#1481 = VECTOR('',#1482,1.);
#1482 = DIRECTION('',(1.,0.,0.));
#1483 = PLANE('',#1484);
#1484 = AXIS2_PLACEMENT_3D('',#1485,#1486,#1487);
#1485 = CARTESIAN_POINT('',(-85.080446,40.196136237003,44.392304845413)
  );
#1486 = DIRECTION('',(0.,-0.5,-0.866025403784));
#1487 = DIRECTION('',(0.,-0.866025403784,0.5));
#1488 = ADVANCED_FACE('',(#1489),#1507,.T.);
#1489 = FACE_BOUND('',#1490,.T.);
#1490 = EDGE_LOOP('',(#1491,#1492,#1493,#1501));
#1491 = ORIENTED_EDGE('',*,*,#197,.F.);
#1492 = ORIENTED_EDGE('',*,*,#1478,.T.);
#1493 = ORIENTED_EDGE('',*,*,#1494,.T.);
#1494 = EDGE_CURVE('',#1471,#1495,#1497,.T.);
#1495 = VERTEX_POINT('',#1496);
#1496 = CARTESIAN_POINT('',(-79.930446,29.80383139159,44.392304845413));
#1497 = LINE('',#1498,#1499);
#1498 = CARTESIAN_POINT('',(-79.930446,3.00303665366,28.918858788974));
#1499 = VECTOR('',#1500,1.);
#1500 = DIRECTION('',(-0.,-0.866025403784,-0.5));
#1501 = ORIENTED_EDGE('',*,*,#1502,.F.);
#1502 = EDGE_CURVE('',#190,#1495,#1503,.T.);
#1503 = LINE('',#1504,#1505);
#1504 = CARTESIAN_POINT('',(-85.080446,29.80383139159,44.392304845413));
#1505 = VECTOR('',#1506,1.);
#1506 = DIRECTION('',(1.,0.,0.));
#1507 = PLANE('',#1508);
#1508 = AXIS2_PLACEMENT_3D('',#1509,#1510,#1511);
#1509 = CARTESIAN_POINT('',(-85.080446,34.999983814296,47.392304845413)
  );
#1510 = DIRECTION('',(0.,0.5,-0.866025403784));
#1511 = DIRECTION('',(0.,-0.866025403784,-0.5));
#1512 = ADVANCED_FACE('',(#1513),#1531,.T.);
#1513 = FACE_BOUND('',#1514,.T.);
#1514 = EDGE_LOOP('',(#1515,#1516,#1517,#1525));
#1515 = ORIENTED_EDGE('',*,*,#189,.F.);
#1516 = ORIENTED_EDGE('',*,*,#1502,.T.);
#1517 = ORIENTED_EDGE('',*,*,#1518,.T.);
#1518 = EDGE_CURVE('',#1495,#1519,#1521,.T.);
#1519 = VERTEX_POINT('',#1520);
#1520 = CARTESIAN_POINT('',(-79.930446,29.80383139159,38.392304845413));
#1521 = LINE('',#1522,#1523);
#1522 = CARTESIAN_POINT('',(-79.930446,29.80383139159,24.696152422707));
#1523 = VECTOR('',#1524,1.);
#1524 = DIRECTION('',(0.,0.,-1.));
#1525 = ORIENTED_EDGE('',*,*,#1526,.F.);
#1526 = EDGE_CURVE('',#182,#1519,#1527,.T.);
#1527 = LINE('',#1528,#1529);
#1528 = CARTESIAN_POINT('',(-85.080446,29.80383139159,38.392304845413));
#1529 = VECTOR('',#1530,1.);
#1530 = DIRECTION('',(1.,0.,0.));
#1531 = PLANE('',#1532);
#1532 = AXIS2_PLACEMENT_3D('',#1533,#1534,#1535);
#1533 = CARTESIAN_POINT('',(-85.080446,29.80383139159,44.392304845413));
#1534 = DIRECTION('',(0.,1.,0.));
#1535 = DIRECTION('',(0.,0.,-1.));
#1536 = ADVANCED_FACE('',(#1537),#1555,.T.);
#1537 = FACE_BOUND('',#1538,.T.);
#1538 = EDGE_LOOP('',(#1539,#1540,#1541,#1549));
#1539 = ORIENTED_EDGE('',*,*,#181,.F.);
#1540 = ORIENTED_EDGE('',*,*,#1526,.T.);
#1541 = ORIENTED_EDGE('',*,*,#1542,.T.);
#1542 = EDGE_CURVE('',#1519,#1543,#1545,.T.);
#1543 = VERTEX_POINT('',#1544);
#1544 = CARTESIAN_POINT('',(-79.930446,34.999983814296,35.392304845413)
  );
#1545 = LINE('',#1546,#1547);
#1546 = CARTESIAN_POINT('',(-79.930446,16.163290691504,46.2676746905));
#1547 = VECTOR('',#1548,1.);
#1548 = DIRECTION('',(0.,0.866025403784,-0.5));
#1549 = ORIENTED_EDGE('',*,*,#1550,.F.);
#1550 = EDGE_CURVE('',#174,#1543,#1551,.T.);
#1551 = LINE('',#1552,#1553);
#1552 = CARTESIAN_POINT('',(-85.080446,34.999983814296,35.392304845413)
  );
#1553 = VECTOR('',#1554,1.);
#1554 = DIRECTION('',(1.,0.,0.));
#1555 = PLANE('',#1556);
#1556 = AXIS2_PLACEMENT_3D('',#1557,#1558,#1559);
#1557 = CARTESIAN_POINT('',(-85.080446,29.80383139159,38.392304845413));
#1558 = DIRECTION('',(0.,0.5,0.866025403784));
#1559 = DIRECTION('',(0.,0.866025403784,-0.5));
#1560 = ADVANCED_FACE('',(#1561),#1579,.T.);
#1561 = FACE_BOUND('',#1562,.T.);
#1562 = EDGE_LOOP('',(#1563,#1564,#1565,#1573));
#1563 = ORIENTED_EDGE('',*,*,#173,.F.);
#1564 = ORIENTED_EDGE('',*,*,#1550,.T.);
#1565 = ORIENTED_EDGE('',*,*,#1566,.T.);
#1566 = EDGE_CURVE('',#1543,#1567,#1569,.T.);
#1567 = VERTEX_POINT('',#1568);
#1568 = CARTESIAN_POINT('',(-79.930446,40.196136237003,38.392304845413)
  );
#1569 = LINE('',#1570,#1571);
#1570 = CARTESIAN_POINT('',(-79.930446,5.601112865013,18.418858788973));
#1571 = VECTOR('',#1572,1.);
#1572 = DIRECTION('',(0.,0.866025403784,0.5));
#1573 = ORIENTED_EDGE('',*,*,#1574,.F.);
#1574 = EDGE_CURVE('',#166,#1567,#1575,.T.);
#1575 = LINE('',#1576,#1577);
#1576 = CARTESIAN_POINT('',(-85.080446,40.196136237003,38.392304845413)
  );
#1577 = VECTOR('',#1578,1.);
#1578 = DIRECTION('',(1.,0.,0.));
#1579 = PLANE('',#1580);
#1580 = AXIS2_PLACEMENT_3D('',#1581,#1582,#1583);
#1581 = CARTESIAN_POINT('',(-85.080446,34.999983814296,35.392304845413)
  );
#1582 = DIRECTION('',(0.,-0.5,0.866025403784));
#1583 = DIRECTION('',(0.,0.866025403784,0.5));
#1584 = ADVANCED_FACE('',(#1585),#1596,.T.);
#1585 = FACE_BOUND('',#1586,.T.);
#1586 = EDGE_LOOP('',(#1587,#1588,#1589,#1595));
#1587 = ORIENTED_EDGE('',*,*,#165,.F.);
#1588 = ORIENTED_EDGE('',*,*,#1574,.T.);
#1589 = ORIENTED_EDGE('',*,*,#1590,.T.);
#1590 = EDGE_CURVE('',#1567,#1463,#1591,.T.);
#1591 = LINE('',#1592,#1593);
#1592 = CARTESIAN_POINT('',(-79.930446,40.196136237003,21.696152422707)
  );
#1593 = VECTOR('',#1594,1.);
#1594 = DIRECTION('',(0.,0.,1.));
#1595 = ORIENTED_EDGE('',*,*,#1462,.F.);
#1596 = PLANE('',#1597);
#1597 = AXIS2_PLACEMENT_3D('',#1598,#1599,#1600);
#1598 = CARTESIAN_POINT('',(-85.080446,40.196136237003,38.392304845413)
  );
#1599 = DIRECTION('',(0.,-1.,0.));
#1600 = DIRECTION('',(0.,0.,1.));
#1601 = ADVANCED_FACE('',(#1602),#1627,.T.);
#1602 = FACE_BOUND('',#1603,.T.);
#1603 = EDGE_LOOP('',(#1604,#1605,#1613,#1621));
#1604 = ORIENTED_EDGE('',*,*,#205,.F.);
#1605 = ORIENTED_EDGE('',*,*,#1606,.T.);
#1606 = EDGE_CURVE('',#206,#1607,#1609,.T.);
#1607 = VERTEX_POINT('',#1608);
#1608 = CARTESIAN_POINT('',(-79.930446,28.196136237003,44.392304845413)
  );
#1609 = LINE('',#1610,#1611);
#1610 = CARTESIAN_POINT('',(-85.080446,28.196136237003,44.392304845413)
  );
#1611 = VECTOR('',#1612,1.);
#1612 = DIRECTION('',(1.,0.,0.));
#1613 = ORIENTED_EDGE('',*,*,#1614,.T.);
#1614 = EDGE_CURVE('',#1607,#1615,#1617,.T.);
#1615 = VERTEX_POINT('',#1616);
#1616 = CARTESIAN_POINT('',(-79.930446,22.999983814296,47.392304845413)
  );
#1617 = LINE('',#1618,#1619);
#1618 = CARTESIAN_POINT('',(-79.930446,16.457519325564,51.169598479146)
  );
#1619 = VECTOR('',#1620,1.);
#1620 = DIRECTION('',(0.,-0.866025403784,0.5));
#1621 = ORIENTED_EDGE('',*,*,#1622,.F.);
#1622 = EDGE_CURVE('',#208,#1615,#1623,.T.);
#1623 = LINE('',#1624,#1625);
#1624 = CARTESIAN_POINT('',(-85.080446,22.999983814296,47.392304845413)
  );
#1625 = VECTOR('',#1626,1.);
#1626 = DIRECTION('',(1.,0.,0.));
#1627 = PLANE('',#1628);
#1628 = AXIS2_PLACEMENT_3D('',#1629,#1630,#1631);
#1629 = CARTESIAN_POINT('',(-85.080446,28.196136237003,44.392304845413)
  );
#1630 = DIRECTION('',(0.,-0.5,-0.866025403784));
#1631 = DIRECTION('',(0.,-0.866025403784,0.5));
#1632 = ADVANCED_FACE('',(#1633),#1651,.T.);
#1633 = FACE_BOUND('',#1634,.T.);
#1634 = EDGE_LOOP('',(#1635,#1636,#1637,#1645));
#1635 = ORIENTED_EDGE('',*,*,#247,.F.);
#1636 = ORIENTED_EDGE('',*,*,#1622,.T.);
#1637 = ORIENTED_EDGE('',*,*,#1638,.T.);
#1638 = EDGE_CURVE('',#1615,#1639,#1641,.T.);
#1639 = VERTEX_POINT('',#1640);
#1640 = CARTESIAN_POINT('',(-79.930446,17.80383139159,44.392304845413));
#1641 = LINE('',#1642,#1643);
#1642 = CARTESIAN_POINT('',(-79.930446,-4.49696334634,31.516935000327));
#1643 = VECTOR('',#1644,1.);
#1644 = DIRECTION('',(-0.,-0.866025403784,-0.5));
#1645 = ORIENTED_EDGE('',*,*,#1646,.F.);
#1646 = EDGE_CURVE('',#240,#1639,#1647,.T.);
#1647 = LINE('',#1648,#1649);
#1648 = CARTESIAN_POINT('',(-85.080446,17.80383139159,44.392304845413));
#1649 = VECTOR('',#1650,1.);
#1650 = DIRECTION('',(1.,0.,0.));
#1651 = PLANE('',#1652);
#1652 = AXIS2_PLACEMENT_3D('',#1653,#1654,#1655);
#1653 = CARTESIAN_POINT('',(-85.080446,22.999983814296,47.392304845413)
  );
#1654 = DIRECTION('',(0.,0.5,-0.866025403784));
#1655 = DIRECTION('',(0.,-0.866025403784,-0.5));
#1656 = ADVANCED_FACE('',(#1657),#1675,.T.);
#1657 = FACE_BOUND('',#1658,.T.);
#1658 = EDGE_LOOP('',(#1659,#1660,#1661,#1669));
#1659 = ORIENTED_EDGE('',*,*,#239,.F.);
#1660 = ORIENTED_EDGE('',*,*,#1646,.T.);
#1661 = ORIENTED_EDGE('',*,*,#1662,.T.);
#1662 = EDGE_CURVE('',#1639,#1663,#1665,.T.);
#1663 = VERTEX_POINT('',#1664);
#1664 = CARTESIAN_POINT('',(-79.930446,17.80383139159,38.392304845413));
#1665 = LINE('',#1666,#1667);
#1666 = CARTESIAN_POINT('',(-79.930446,17.80383139159,24.696152422707));
#1667 = VECTOR('',#1668,1.);
#1668 = DIRECTION('',(0.,0.,-1.));
#1669 = ORIENTED_EDGE('',*,*,#1670,.F.);
#1670 = EDGE_CURVE('',#232,#1663,#1671,.T.);
#1671 = LINE('',#1672,#1673);
#1672 = CARTESIAN_POINT('',(-85.080446,17.80383139159,38.392304845413));
#1673 = VECTOR('',#1674,1.);
#1674 = DIRECTION('',(1.,0.,0.));
#1675 = PLANE('',#1676);
#1676 = AXIS2_PLACEMENT_3D('',#1677,#1678,#1679);
#1677 = CARTESIAN_POINT('',(-85.080446,17.80383139159,44.392304845413));
#1678 = DIRECTION('',(0.,1.,0.));
#1679 = DIRECTION('',(0.,0.,-1.));
#1680 = ADVANCED_FACE('',(#1681),#1699,.T.);
#1681 = FACE_BOUND('',#1682,.T.);
#1682 = EDGE_LOOP('',(#1683,#1684,#1685,#1693));
#1683 = ORIENTED_EDGE('',*,*,#231,.F.);
#1684 = ORIENTED_EDGE('',*,*,#1670,.T.);
#1685 = ORIENTED_EDGE('',*,*,#1686,.T.);
#1686 = EDGE_CURVE('',#1663,#1687,#1689,.T.);
#1687 = VERTEX_POINT('',#1688);
#1688 = CARTESIAN_POINT('',(-79.930446,22.999983814296,35.392304845413)
  );
#1689 = LINE('',#1690,#1691);
#1690 = CARTESIAN_POINT('',(-79.930446,8.663290691504,43.669598479146));
#1691 = VECTOR('',#1692,1.);
#1692 = DIRECTION('',(0.,0.866025403784,-0.5));
#1693 = ORIENTED_EDGE('',*,*,#1694,.F.);
#1694 = EDGE_CURVE('',#224,#1687,#1695,.T.);
#1695 = LINE('',#1696,#1697);
#1696 = CARTESIAN_POINT('',(-85.080446,22.999983814296,35.392304845413)
  );
#1697 = VECTOR('',#1698,1.);
#1698 = DIRECTION('',(1.,0.,0.));
#1699 = PLANE('',#1700);
#1700 = AXIS2_PLACEMENT_3D('',#1701,#1702,#1703);
#1701 = CARTESIAN_POINT('',(-85.080446,17.80383139159,38.392304845413));
#1702 = DIRECTION('',(0.,0.5,0.866025403784));
#1703 = DIRECTION('',(0.,0.866025403784,-0.5));
#1704 = ADVANCED_FACE('',(#1705),#1723,.T.);
#1705 = FACE_BOUND('',#1706,.T.);
#1706 = EDGE_LOOP('',(#1707,#1708,#1709,#1717));
#1707 = ORIENTED_EDGE('',*,*,#223,.F.);
#1708 = ORIENTED_EDGE('',*,*,#1694,.T.);
#1709 = ORIENTED_EDGE('',*,*,#1710,.T.);
#1710 = EDGE_CURVE('',#1687,#1711,#1713,.T.);
#1711 = VERTEX_POINT('',#1712);
#1712 = CARTESIAN_POINT('',(-79.930446,28.196136237003,38.392304845413)
  );
#1713 = LINE('',#1714,#1715);
#1714 = CARTESIAN_POINT('',(-79.930446,-1.898887134987,21.016935000327)
  );
#1715 = VECTOR('',#1716,1.);
#1716 = DIRECTION('',(0.,0.866025403784,0.5));
#1717 = ORIENTED_EDGE('',*,*,#1718,.F.);
#1718 = EDGE_CURVE('',#216,#1711,#1719,.T.);
#1719 = LINE('',#1720,#1721);
#1720 = CARTESIAN_POINT('',(-85.080446,28.196136237003,38.392304845413)
  );
#1721 = VECTOR('',#1722,1.);
#1722 = DIRECTION('',(1.,0.,0.));
#1723 = PLANE('',#1724);
#1724 = AXIS2_PLACEMENT_3D('',#1725,#1726,#1727);
#1725 = CARTESIAN_POINT('',(-85.080446,22.999983814296,35.392304845413)
  );
#1726 = DIRECTION('',(0.,-0.5,0.866025403784));
#1727 = DIRECTION('',(0.,0.866025403784,0.5));
#1728 = ADVANCED_FACE('',(#1729),#1740,.T.);
#1729 = FACE_BOUND('',#1730,.T.);
#1730 = EDGE_LOOP('',(#1731,#1732,#1733,#1739));
#1731 = ORIENTED_EDGE('',*,*,#215,.F.);
#1732 = ORIENTED_EDGE('',*,*,#1718,.T.);
#1733 = ORIENTED_EDGE('',*,*,#1734,.T.);
#1734 = EDGE_CURVE('',#1711,#1607,#1735,.T.);
#1735 = LINE('',#1736,#1737);
#1736 = CARTESIAN_POINT('',(-79.930446,28.196136237003,21.696152422707)
  );
#1737 = VECTOR('',#1738,1.);
#1738 = DIRECTION('',(0.,0.,1.));
#1739 = ORIENTED_EDGE('',*,*,#1606,.F.);
#1740 = PLANE('',#1741);
#1741 = AXIS2_PLACEMENT_3D('',#1742,#1743,#1744);
#1742 = CARTESIAN_POINT('',(-85.080446,28.196136237003,38.392304845413)
  );
#1743 = DIRECTION('',(0.,-1.,0.));
#1744 = DIRECTION('',(0.,0.,1.));
#1745 = ADVANCED_FACE('',(#1746),#1771,.T.);
#1746 = FACE_BOUND('',#1747,.T.);
#1747 = EDGE_LOOP('',(#1748,#1749,#1757,#1765));
#1748 = ORIENTED_EDGE('',*,*,#255,.F.);
#1749 = ORIENTED_EDGE('',*,*,#1750,.T.);
#1750 = EDGE_CURVE('',#256,#1751,#1753,.T.);
#1751 = VERTEX_POINT('',#1752);
#1752 = CARTESIAN_POINT('',(-79.930446,16.196136237003,44.392304845413)
  );
#1753 = LINE('',#1754,#1755);
#1754 = CARTESIAN_POINT('',(-85.080446,16.196136237003,44.392304845413)
  );
#1755 = VECTOR('',#1756,1.);
#1756 = DIRECTION('',(1.,0.,0.));
#1757 = ORIENTED_EDGE('',*,*,#1758,.T.);
#1758 = EDGE_CURVE('',#1751,#1759,#1761,.T.);
#1759 = VERTEX_POINT('',#1760);
#1760 = CARTESIAN_POINT('',(-79.930446,10.999983814296,47.392304845413)
  );
#1761 = LINE('',#1762,#1763);
#1762 = CARTESIAN_POINT('',(-79.930446,8.957519325564,48.571522267793));
#1763 = VECTOR('',#1764,1.);
#1764 = DIRECTION('',(0.,-0.866025403784,0.5));
#1765 = ORIENTED_EDGE('',*,*,#1766,.F.);
#1766 = EDGE_CURVE('',#258,#1759,#1767,.T.);
#1767 = LINE('',#1768,#1769);
#1768 = CARTESIAN_POINT('',(-85.080446,10.999983814296,47.392304845413)
  );
#1769 = VECTOR('',#1770,1.);
#1770 = DIRECTION('',(1.,0.,0.));
#1771 = PLANE('',#1772);
#1772 = AXIS2_PLACEMENT_3D('',#1773,#1774,#1775);
#1773 = CARTESIAN_POINT('',(-85.080446,16.196136237003,44.392304845413)
  );
#1774 = DIRECTION('',(0.,-0.5,-0.866025403784));
#1775 = DIRECTION('',(0.,-0.866025403784,0.5));
#1776 = ADVANCED_FACE('',(#1777),#1795,.T.);
#1777 = FACE_BOUND('',#1778,.T.);
#1778 = EDGE_LOOP('',(#1779,#1780,#1781,#1789));
#1779 = ORIENTED_EDGE('',*,*,#297,.F.);
#1780 = ORIENTED_EDGE('',*,*,#1766,.T.);
#1781 = ORIENTED_EDGE('',*,*,#1782,.T.);
#1782 = EDGE_CURVE('',#1759,#1783,#1785,.T.);
#1783 = VERTEX_POINT('',#1784);
#1784 = CARTESIAN_POINT('',(-79.930446,5.80383139159,44.392304845413));
#1785 = LINE('',#1786,#1787);
#1786 = CARTESIAN_POINT('',(-79.930446,-11.99696334634,34.11501121168));
#1787 = VECTOR('',#1788,1.);
#1788 = DIRECTION('',(-0.,-0.866025403784,-0.5));
#1789 = ORIENTED_EDGE('',*,*,#1790,.F.);
#1790 = EDGE_CURVE('',#290,#1783,#1791,.T.);
#1791 = LINE('',#1792,#1793);
#1792 = CARTESIAN_POINT('',(-85.080446,5.80383139159,44.392304845413));
#1793 = VECTOR('',#1794,1.);
#1794 = DIRECTION('',(1.,0.,0.));
#1795 = PLANE('',#1796);
#1796 = AXIS2_PLACEMENT_3D('',#1797,#1798,#1799);
#1797 = CARTESIAN_POINT('',(-85.080446,10.999983814296,47.392304845413)
  );
#1798 = DIRECTION('',(0.,0.5,-0.866025403784));
#1799 = DIRECTION('',(0.,-0.866025403784,-0.5));
#1800 = ADVANCED_FACE('',(#1801),#1819,.T.);
#1801 = FACE_BOUND('',#1802,.T.);
#1802 = EDGE_LOOP('',(#1803,#1804,#1805,#1813));
#1803 = ORIENTED_EDGE('',*,*,#289,.F.);
#1804 = ORIENTED_EDGE('',*,*,#1790,.T.);
#1805 = ORIENTED_EDGE('',*,*,#1806,.T.);
#1806 = EDGE_CURVE('',#1783,#1807,#1809,.T.);
#1807 = VERTEX_POINT('',#1808);
#1808 = CARTESIAN_POINT('',(-79.930446,5.80383139159,38.392304845413));
#1809 = LINE('',#1810,#1811);
#1810 = CARTESIAN_POINT('',(-79.930446,5.80383139159,24.696152422707));
#1811 = VECTOR('',#1812,1.);
#1812 = DIRECTION('',(0.,0.,-1.));
#1813 = ORIENTED_EDGE('',*,*,#1814,.F.);
#1814 = EDGE_CURVE('',#282,#1807,#1815,.T.);
#1815 = LINE('',#1816,#1817);
#1816 = CARTESIAN_POINT('',(-85.080446,5.80383139159,38.392304845413));
#1817 = VECTOR('',#1818,1.);
#1818 = DIRECTION('',(1.,0.,0.));
#1819 = PLANE('',#1820);
#1820 = AXIS2_PLACEMENT_3D('',#1821,#1822,#1823);
#1821 = CARTESIAN_POINT('',(-85.080446,5.80383139159,44.392304845413));
#1822 = DIRECTION('',(0.,1.,0.));
#1823 = DIRECTION('',(0.,0.,-1.));
#1824 = ADVANCED_FACE('',(#1825),#1843,.T.);
#1825 = FACE_BOUND('',#1826,.T.);
#1826 = EDGE_LOOP('',(#1827,#1828,#1829,#1837));
#1827 = ORIENTED_EDGE('',*,*,#281,.F.);
#1828 = ORIENTED_EDGE('',*,*,#1814,.T.);
#1829 = ORIENTED_EDGE('',*,*,#1830,.T.);
#1830 = EDGE_CURVE('',#1807,#1831,#1833,.T.);
#1831 = VERTEX_POINT('',#1832);
#1832 = CARTESIAN_POINT('',(-79.930446,10.999983814296,35.392304845413)
  );
#1833 = LINE('',#1834,#1835);
#1834 = CARTESIAN_POINT('',(-79.930446,1.163290691504,41.071522267793));
#1835 = VECTOR('',#1836,1.);
#1836 = DIRECTION('',(0.,0.866025403784,-0.5));
#1837 = ORIENTED_EDGE('',*,*,#1838,.F.);
#1838 = EDGE_CURVE('',#274,#1831,#1839,.T.);
#1839 = LINE('',#1840,#1841);
#1840 = CARTESIAN_POINT('',(-85.080446,10.999983814296,35.392304845413)
  );
#1841 = VECTOR('',#1842,1.);
#1842 = DIRECTION('',(1.,0.,0.));
#1843 = PLANE('',#1844);
#1844 = AXIS2_PLACEMENT_3D('',#1845,#1846,#1847);
#1845 = CARTESIAN_POINT('',(-85.080446,5.80383139159,38.392304845413));
#1846 = DIRECTION('',(0.,0.5,0.866025403784));
#1847 = DIRECTION('',(0.,0.866025403784,-0.5));
#1848 = ADVANCED_FACE('',(#1849),#1867,.T.);
#1849 = FACE_BOUND('',#1850,.T.);
#1850 = EDGE_LOOP('',(#1851,#1852,#1853,#1861));
#1851 = ORIENTED_EDGE('',*,*,#273,.F.);
#1852 = ORIENTED_EDGE('',*,*,#1838,.T.);
#1853 = ORIENTED_EDGE('',*,*,#1854,.T.);
#1854 = EDGE_CURVE('',#1831,#1855,#1857,.T.);
#1855 = VERTEX_POINT('',#1856);
#1856 = CARTESIAN_POINT('',(-79.930446,16.196136237003,38.392304845413)
  );
#1857 = LINE('',#1858,#1859);
#1858 = CARTESIAN_POINT('',(-79.930446,-9.398887134987,23.61501121168));
#1859 = VECTOR('',#1860,1.);
#1860 = DIRECTION('',(0.,0.866025403784,0.5));
#1861 = ORIENTED_EDGE('',*,*,#1862,.F.);
#1862 = EDGE_CURVE('',#266,#1855,#1863,.T.);
#1863 = LINE('',#1864,#1865);
#1864 = CARTESIAN_POINT('',(-85.080446,16.196136237003,38.392304845413)
  );
#1865 = VECTOR('',#1866,1.);
#1866 = DIRECTION('',(1.,0.,0.));
#1867 = PLANE('',#1868);
#1868 = AXIS2_PLACEMENT_3D('',#1869,#1870,#1871);
#1869 = CARTESIAN_POINT('',(-85.080446,10.999983814296,35.392304845413)
  );
#1870 = DIRECTION('',(0.,-0.5,0.866025403784));
#1871 = DIRECTION('',(0.,0.866025403784,0.5));
#1872 = ADVANCED_FACE('',(#1873),#1884,.T.);
#1873 = FACE_BOUND('',#1874,.T.);
#1874 = EDGE_LOOP('',(#1875,#1876,#1877,#1883));
#1875 = ORIENTED_EDGE('',*,*,#265,.F.);
#1876 = ORIENTED_EDGE('',*,*,#1862,.T.);
#1877 = ORIENTED_EDGE('',*,*,#1878,.T.);
#1878 = EDGE_CURVE('',#1855,#1751,#1879,.T.);
#1879 = LINE('',#1880,#1881);
#1880 = CARTESIAN_POINT('',(-79.930446,16.196136237003,21.696152422707)
  );
#1881 = VECTOR('',#1882,1.);
#1882 = DIRECTION('',(0.,0.,1.));
#1883 = ORIENTED_EDGE('',*,*,#1750,.F.);
#1884 = PLANE('',#1885);
#1885 = AXIS2_PLACEMENT_3D('',#1886,#1887,#1888);
#1886 = CARTESIAN_POINT('',(-85.080446,16.196136237003,38.392304845413)
  );
#1887 = DIRECTION('',(0.,-1.,0.));
#1888 = DIRECTION('',(0.,0.,1.));
#1889 = ADVANCED_FACE('',(#1890),#1915,.T.);
#1890 = FACE_BOUND('',#1891,.T.);
#1891 = EDGE_LOOP('',(#1892,#1893,#1901,#1909));
#1892 = ORIENTED_EDGE('',*,*,#305,.F.);
#1893 = ORIENTED_EDGE('',*,*,#1894,.T.);
#1894 = EDGE_CURVE('',#306,#1895,#1897,.T.);
#1895 = VERTEX_POINT('',#1896);
#1896 = CARTESIAN_POINT('',(-79.930446,4.196136237003,44.392304845413));
#1897 = LINE('',#1898,#1899);
#1898 = CARTESIAN_POINT('',(-85.080446,4.196136237003,44.392304845413));
#1899 = VECTOR('',#1900,1.);
#1900 = DIRECTION('',(1.,0.,0.));
#1901 = ORIENTED_EDGE('',*,*,#1902,.T.);
#1902 = EDGE_CURVE('',#1895,#1903,#1905,.T.);
#1903 = VERTEX_POINT('',#1904);
#1904 = CARTESIAN_POINT('',(-79.930446,-1.000016185704,47.392304845413)
  );
#1905 = LINE('',#1906,#1907);
#1906 = CARTESIAN_POINT('',(-79.930446,1.457519325564,45.97344605644));
#1907 = VECTOR('',#1908,1.);
#1908 = DIRECTION('',(0.,-0.866025403784,0.5));
#1909 = ORIENTED_EDGE('',*,*,#1910,.F.);
#1910 = EDGE_CURVE('',#308,#1903,#1911,.T.);
#1911 = LINE('',#1912,#1913);
#1912 = CARTESIAN_POINT('',(-85.080446,-1.000016185704,47.392304845413)
  );
#1913 = VECTOR('',#1914,1.);
#1914 = DIRECTION('',(1.,0.,0.));
#1915 = PLANE('',#1916);
#1916 = AXIS2_PLACEMENT_3D('',#1917,#1918,#1919);
#1917 = CARTESIAN_POINT('',(-85.080446,4.196136237003,44.392304845413));
#1918 = DIRECTION('',(0.,-0.5,-0.866025403784));
#1919 = DIRECTION('',(0.,-0.866025403784,0.5));
#1920 = ADVANCED_FACE('',(#1921),#1939,.T.);
#1921 = FACE_BOUND('',#1922,.T.);
#1922 = EDGE_LOOP('',(#1923,#1924,#1925,#1933));
#1923 = ORIENTED_EDGE('',*,*,#347,.F.);
#1924 = ORIENTED_EDGE('',*,*,#1910,.T.);
#1925 = ORIENTED_EDGE('',*,*,#1926,.T.);
#1926 = EDGE_CURVE('',#1903,#1927,#1929,.T.);
#1927 = VERTEX_POINT('',#1928);
#1928 = CARTESIAN_POINT('',(-79.930446,-6.19616860841,44.392304845413));
#1929 = LINE('',#1930,#1931);
#1930 = CARTESIAN_POINT('',(-79.930446,-19.49696334634,36.713087423033)
  );
#1931 = VECTOR('',#1932,1.);
#1932 = DIRECTION('',(-0.,-0.866025403784,-0.5));
#1933 = ORIENTED_EDGE('',*,*,#1934,.F.);
#1934 = EDGE_CURVE('',#340,#1927,#1935,.T.);
#1935 = LINE('',#1936,#1937);
#1936 = CARTESIAN_POINT('',(-85.080446,-6.19616860841,44.392304845413));
#1937 = VECTOR('',#1938,1.);
#1938 = DIRECTION('',(1.,0.,0.));
#1939 = PLANE('',#1940);
#1940 = AXIS2_PLACEMENT_3D('',#1941,#1942,#1943);
#1941 = CARTESIAN_POINT('',(-85.080446,-1.000016185704,47.392304845413)
  );
#1942 = DIRECTION('',(0.,0.5,-0.866025403784));
#1943 = DIRECTION('',(0.,-0.866025403784,-0.5));
#1944 = ADVANCED_FACE('',(#1945),#1963,.T.);
#1945 = FACE_BOUND('',#1946,.T.);
#1946 = EDGE_LOOP('',(#1947,#1948,#1949,#1957));
#1947 = ORIENTED_EDGE('',*,*,#339,.F.);
#1948 = ORIENTED_EDGE('',*,*,#1934,.T.);
#1949 = ORIENTED_EDGE('',*,*,#1950,.T.);
#1950 = EDGE_CURVE('',#1927,#1951,#1953,.T.);
#1951 = VERTEX_POINT('',#1952);
#1952 = CARTESIAN_POINT('',(-79.930446,-6.19616860841,38.392304845413));
#1953 = LINE('',#1954,#1955);
#1954 = CARTESIAN_POINT('',(-79.930446,-6.19616860841,24.696152422707));
#1955 = VECTOR('',#1956,1.);
#1956 = DIRECTION('',(0.,3.E-16,-1.));
#1957 = ORIENTED_EDGE('',*,*,#1958,.F.);
#1958 = EDGE_CURVE('',#332,#1951,#1959,.T.);
#1959 = LINE('',#1960,#1961);
#1960 = CARTESIAN_POINT('',(-85.080446,-6.19616860841,38.392304845413));
#1961 = VECTOR('',#1962,1.);
#1962 = DIRECTION('',(1.,0.,0.));
#1963 = PLANE('',#1964);
#1964 = AXIS2_PLACEMENT_3D('',#1965,#1966,#1967);
#1965 = CARTESIAN_POINT('',(-85.080446,-6.19616860841,44.392304845413));
#1966 = DIRECTION('',(0.,1.,3.E-16));
#1967 = DIRECTION('',(0.,3.E-16,-1.));
#1968 = ADVANCED_FACE('',(#1969),#1987,.T.);
#1969 = FACE_BOUND('',#1970,.T.);
#1970 = EDGE_LOOP('',(#1971,#1972,#1973,#1981));
#1971 = ORIENTED_EDGE('',*,*,#331,.F.);
#1972 = ORIENTED_EDGE('',*,*,#1958,.T.);
#1973 = ORIENTED_EDGE('',*,*,#1974,.T.);
#1974 = EDGE_CURVE('',#1951,#1975,#1977,.T.);
#1975 = VERTEX_POINT('',#1976);
#1976 = CARTESIAN_POINT('',(-79.930446,-1.000016185704,35.392304845413)
  );
#1977 = LINE('',#1978,#1979);
#1978 = CARTESIAN_POINT('',(-79.930446,-6.336709308496,38.47344605644));
#1979 = VECTOR('',#1980,1.);
#1980 = DIRECTION('',(0.,0.866025403784,-0.5));
#1981 = ORIENTED_EDGE('',*,*,#1982,.F.);
#1982 = EDGE_CURVE('',#324,#1975,#1983,.T.);
#1983 = LINE('',#1984,#1985);
#1984 = CARTESIAN_POINT('',(-85.080446,-1.000016185704,35.392304845413)
  );
#1985 = VECTOR('',#1986,1.);
#1986 = DIRECTION('',(1.,0.,0.));
#1987 = PLANE('',#1988);
#1988 = AXIS2_PLACEMENT_3D('',#1989,#1990,#1991);
#1989 = CARTESIAN_POINT('',(-85.080446,-6.19616860841,38.392304845413));
#1990 = DIRECTION('',(0.,0.5,0.866025403784));
#1991 = DIRECTION('',(0.,0.866025403784,-0.5));
#1992 = ADVANCED_FACE('',(#1993),#2011,.T.);
#1993 = FACE_BOUND('',#1994,.T.);
#1994 = EDGE_LOOP('',(#1995,#1996,#1997,#2005));
#1995 = ORIENTED_EDGE('',*,*,#323,.F.);
#1996 = ORIENTED_EDGE('',*,*,#1982,.T.);
#1997 = ORIENTED_EDGE('',*,*,#1998,.T.);
#1998 = EDGE_CURVE('',#1975,#1999,#2001,.T.);
#1999 = VERTEX_POINT('',#2000);
#2000 = CARTESIAN_POINT('',(-79.930446,4.196136237003,38.392304845413));
#2001 = LINE('',#2002,#2003);
#2002 = CARTESIAN_POINT('',(-79.930446,-16.89888713498,26.213087423033)
  );
#2003 = VECTOR('',#2004,1.);
#2004 = DIRECTION('',(0.,0.866025403784,0.5));
#2005 = ORIENTED_EDGE('',*,*,#2006,.F.);
#2006 = EDGE_CURVE('',#316,#1999,#2007,.T.);
#2007 = LINE('',#2008,#2009);
#2008 = CARTESIAN_POINT('',(-85.080446,4.196136237003,38.392304845413));
#2009 = VECTOR('',#2010,1.);
#2010 = DIRECTION('',(1.,0.,0.));
#2011 = PLANE('',#2012);
#2012 = AXIS2_PLACEMENT_3D('',#2013,#2014,#2015);
#2013 = CARTESIAN_POINT('',(-85.080446,-1.000016185704,35.392304845413)
  );
#2014 = DIRECTION('',(0.,-0.5,0.866025403784));
#2015 = DIRECTION('',(0.,0.866025403784,0.5));
#2016 = ADVANCED_FACE('',(#2017),#2028,.T.);
#2017 = FACE_BOUND('',#2018,.T.);
#2018 = EDGE_LOOP('',(#2019,#2020,#2021,#2027));
#2019 = ORIENTED_EDGE('',*,*,#315,.F.);
#2020 = ORIENTED_EDGE('',*,*,#2006,.T.);
#2021 = ORIENTED_EDGE('',*,*,#2022,.T.);
#2022 = EDGE_CURVE('',#1999,#1895,#2023,.T.);
#2023 = LINE('',#2024,#2025);
#2024 = CARTESIAN_POINT('',(-79.930446,4.196136237003,21.696152422707));
#2025 = VECTOR('',#2026,1.);
#2026 = DIRECTION('',(0.,-1.5E-16,1.));
#2027 = ORIENTED_EDGE('',*,*,#1894,.F.);
#2028 = PLANE('',#2029);
#2029 = AXIS2_PLACEMENT_3D('',#2030,#2031,#2032);
#2030 = CARTESIAN_POINT('',(-85.080446,4.196136237003,38.392304845413));
#2031 = DIRECTION('',(0.,-1.,-1.5E-16));
#2032 = DIRECTION('',(0.,-1.5E-16,1.));
#2033 = ADVANCED_FACE('',(#2034),#2059,.T.);
#2034 = FACE_BOUND('',#2035,.T.);
#2035 = EDGE_LOOP('',(#2036,#2037,#2045,#2053));
#2036 = ORIENTED_EDGE('',*,*,#355,.F.);
#2037 = ORIENTED_EDGE('',*,*,#2038,.T.);
#2038 = EDGE_CURVE('',#356,#2039,#2041,.T.);
#2039 = VERTEX_POINT('',#2040);
#2040 = CARTESIAN_POINT('',(-79.930446,58.196136237003,34.));
#2041 = LINE('',#2042,#2043);
#2042 = CARTESIAN_POINT('',(-85.080446,58.196136237003,34.));
#2043 = VECTOR('',#2044,1.);
#2044 = DIRECTION('',(1.,0.,0.));
#2045 = ORIENTED_EDGE('',*,*,#2046,.T.);
#2046 = EDGE_CURVE('',#2039,#2047,#2049,.T.);
#2047 = VERTEX_POINT('',#2048);
#2048 = CARTESIAN_POINT('',(-79.930446,52.999983814296,37.));
#2049 = LINE('',#2050,#2051);
#2050 = CARTESIAN_POINT('',(-79.930446,32.957519325564,48.571522267793)
  );
#2051 = VECTOR('',#2052,1.);
#2052 = DIRECTION('',(0.,-0.866025403784,0.5));
#2053 = ORIENTED_EDGE('',*,*,#2054,.F.);
#2054 = EDGE_CURVE('',#358,#2047,#2055,.T.);
#2055 = LINE('',#2056,#2057);
#2056 = CARTESIAN_POINT('',(-85.080446,52.999983814296,37.));
#2057 = VECTOR('',#2058,1.);
#2058 = DIRECTION('',(1.,0.,0.));
#2059 = PLANE('',#2060);
#2060 = AXIS2_PLACEMENT_3D('',#2061,#2062,#2063);
#2061 = CARTESIAN_POINT('',(-85.080446,58.196136237003,34.));
#2062 = DIRECTION('',(0.,-0.5,-0.866025403784));
#2063 = DIRECTION('',(0.,-0.866025403784,0.5));
#2064 = ADVANCED_FACE('',(#2065),#2083,.T.);
#2065 = FACE_BOUND('',#2066,.T.);
#2066 = EDGE_LOOP('',(#2067,#2068,#2069,#2077));
#2067 = ORIENTED_EDGE('',*,*,#397,.F.);
#2068 = ORIENTED_EDGE('',*,*,#2054,.T.);
#2069 = ORIENTED_EDGE('',*,*,#2070,.T.);
#2070 = EDGE_CURVE('',#2047,#2071,#2073,.T.);
#2071 = VERTEX_POINT('',#2072);
#2072 = CARTESIAN_POINT('',(-79.930446,47.80383139159,34.));
#2073 = LINE('',#2074,#2075);
#2074 = CARTESIAN_POINT('',(-79.930446,16.50303665366,15.928477732207));
#2075 = VECTOR('',#2076,1.);
#2076 = DIRECTION('',(-0.,-0.866025403784,-0.5));
#2077 = ORIENTED_EDGE('',*,*,#2078,.F.);
#2078 = EDGE_CURVE('',#390,#2071,#2079,.T.);
#2079 = LINE('',#2080,#2081);
#2080 = CARTESIAN_POINT('',(-85.080446,47.80383139159,34.));
#2081 = VECTOR('',#2082,1.);
#2082 = DIRECTION('',(1.,0.,0.));
#2083 = PLANE('',#2084);
#2084 = AXIS2_PLACEMENT_3D('',#2085,#2086,#2087);
#2085 = CARTESIAN_POINT('',(-85.080446,52.999983814296,37.));
#2086 = DIRECTION('',(0.,0.5,-0.866025403784));
#2087 = DIRECTION('',(0.,-0.866025403784,-0.5));
#2088 = ADVANCED_FACE('',(#2089),#2107,.T.);
#2089 = FACE_BOUND('',#2090,.T.);
#2090 = EDGE_LOOP('',(#2091,#2092,#2093,#2101));
#2091 = ORIENTED_EDGE('',*,*,#389,.F.);
#2092 = ORIENTED_EDGE('',*,*,#2078,.T.);
#2093 = ORIENTED_EDGE('',*,*,#2094,.T.);
#2094 = EDGE_CURVE('',#2071,#2095,#2097,.T.);
#2095 = VERTEX_POINT('',#2096);
#2096 = CARTESIAN_POINT('',(-79.930446,47.80383139159,28.));
#2097 = LINE('',#2098,#2099);
#2098 = CARTESIAN_POINT('',(-79.930446,47.80383139159,19.5));
#2099 = VECTOR('',#2100,1.);
#2100 = DIRECTION('',(0.,0.,-1.));
#2101 = ORIENTED_EDGE('',*,*,#2102,.F.);
#2102 = EDGE_CURVE('',#382,#2095,#2103,.T.);
#2103 = LINE('',#2104,#2105);
#2104 = CARTESIAN_POINT('',(-85.080446,47.80383139159,28.));
#2105 = VECTOR('',#2106,1.);
#2106 = DIRECTION('',(1.,0.,0.));
#2107 = PLANE('',#2108);
#2108 = AXIS2_PLACEMENT_3D('',#2109,#2110,#2111);
#2109 = CARTESIAN_POINT('',(-85.080446,47.80383139159,34.));
#2110 = DIRECTION('',(0.,1.,0.));
#2111 = DIRECTION('',(0.,0.,-1.));
#2112 = ADVANCED_FACE('',(#2113),#2131,.T.);
#2113 = FACE_BOUND('',#2114,.T.);
#2114 = EDGE_LOOP('',(#2115,#2116,#2117,#2125));
#2115 = ORIENTED_EDGE('',*,*,#381,.F.);
#2116 = ORIENTED_EDGE('',*,*,#2102,.T.);
#2117 = ORIENTED_EDGE('',*,*,#2118,.T.);
#2118 = EDGE_CURVE('',#2095,#2119,#2121,.T.);
#2119 = VERTEX_POINT('',#2120);
#2120 = CARTESIAN_POINT('',(-79.930446,52.999983814296,25.));
#2121 = LINE('',#2122,#2123);
#2122 = CARTESIAN_POINT('',(-79.930446,25.163290691504,41.071522267793)
  );
#2123 = VECTOR('',#2124,1.);
#2124 = DIRECTION('',(0.,0.866025403784,-0.5));
#2125 = ORIENTED_EDGE('',*,*,#2126,.F.);
#2126 = EDGE_CURVE('',#374,#2119,#2127,.T.);
#2127 = LINE('',#2128,#2129);
#2128 = CARTESIAN_POINT('',(-85.080446,52.999983814296,25.));
#2129 = VECTOR('',#2130,1.);
#2130 = DIRECTION('',(1.,0.,0.));
#2131 = PLANE('',#2132);
#2132 = AXIS2_PLACEMENT_3D('',#2133,#2134,#2135);
#2133 = CARTESIAN_POINT('',(-85.080446,47.80383139159,28.));
#2134 = DIRECTION('',(0.,0.5,0.866025403784));
#2135 = DIRECTION('',(0.,0.866025403784,-0.5));
#2136 = ADVANCED_FACE('',(#2137),#2155,.T.);
#2137 = FACE_BOUND('',#2138,.T.);
#2138 = EDGE_LOOP('',(#2139,#2140,#2141,#2149));
#2139 = ORIENTED_EDGE('',*,*,#373,.F.);
#2140 = ORIENTED_EDGE('',*,*,#2126,.T.);
#2141 = ORIENTED_EDGE('',*,*,#2142,.T.);
#2142 = EDGE_CURVE('',#2119,#2143,#2145,.T.);
#2143 = VERTEX_POINT('',#2144);
#2144 = CARTESIAN_POINT('',(-79.930446,58.196136237003,28.));
#2145 = LINE('',#2146,#2147);
#2146 = CARTESIAN_POINT('',(-79.930446,19.101112865013,5.428477732207));
#2147 = VECTOR('',#2148,1.);
#2148 = DIRECTION('',(0.,0.866025403784,0.5));
#2149 = ORIENTED_EDGE('',*,*,#2150,.F.);
#2150 = EDGE_CURVE('',#366,#2143,#2151,.T.);
#2151 = LINE('',#2152,#2153);
#2152 = CARTESIAN_POINT('',(-85.080446,58.196136237003,28.));
#2153 = VECTOR('',#2154,1.);
#2154 = DIRECTION('',(1.,0.,0.));
#2155 = PLANE('',#2156);
#2156 = AXIS2_PLACEMENT_3D('',#2157,#2158,#2159);
#2157 = CARTESIAN_POINT('',(-85.080446,52.999983814296,25.));
#2158 = DIRECTION('',(0.,-0.5,0.866025403784));
#2159 = DIRECTION('',(0.,0.866025403784,0.5));
#2160 = ADVANCED_FACE('',(#2161),#2172,.T.);
#2161 = FACE_BOUND('',#2162,.T.);
#2162 = EDGE_LOOP('',(#2163,#2164,#2165,#2171));
#2163 = ORIENTED_EDGE('',*,*,#365,.F.);
#2164 = ORIENTED_EDGE('',*,*,#2150,.T.);
#2165 = ORIENTED_EDGE('',*,*,#2166,.T.);
#2166 = EDGE_CURVE('',#2143,#2039,#2167,.T.);
#2167 = LINE('',#2168,#2169);
#2168 = CARTESIAN_POINT('',(-79.930446,58.196136237003,16.5));
#2169 = VECTOR('',#2170,1.);
#2170 = DIRECTION('',(0.,0.,1.));
#2171 = ORIENTED_EDGE('',*,*,#2038,.F.);
#2172 = PLANE('',#2173);
#2173 = AXIS2_PLACEMENT_3D('',#2174,#2175,#2176);
#2174 = CARTESIAN_POINT('',(-85.080446,58.196136237003,28.));
#2175 = DIRECTION('',(0.,-1.,0.));
#2176 = DIRECTION('',(0.,0.,1.));
#2177 = ADVANCED_FACE('',(#2178),#2203,.T.);
#2178 = FACE_BOUND('',#2179,.T.);
#2179 = EDGE_LOOP('',(#2180,#2181,#2189,#2197));
#2180 = ORIENTED_EDGE('',*,*,#405,.F.);
#2181 = ORIENTED_EDGE('',*,*,#2182,.T.);
#2182 = EDGE_CURVE('',#406,#2183,#2185,.T.);
#2183 = VERTEX_POINT('',#2184);
#2184 = CARTESIAN_POINT('',(-79.930446,46.196136237003,34.));
#2185 = LINE('',#2186,#2187);
#2186 = CARTESIAN_POINT('',(-85.080446,46.196136237003,34.));
#2187 = VECTOR('',#2188,1.);
#2188 = DIRECTION('',(1.,0.,0.));
#2189 = ORIENTED_EDGE('',*,*,#2190,.T.);
#2190 = EDGE_CURVE('',#2183,#2191,#2193,.T.);
#2191 = VERTEX_POINT('',#2192);
#2192 = CARTESIAN_POINT('',(-79.930446,40.999983814296,37.));
#2193 = LINE('',#2194,#2195);
#2194 = CARTESIAN_POINT('',(-79.930446,25.457519325564,45.97344605644));
#2195 = VECTOR('',#2196,1.);
#2196 = DIRECTION('',(0.,-0.866025403784,0.5));
#2197 = ORIENTED_EDGE('',*,*,#2198,.F.);
#2198 = EDGE_CURVE('',#408,#2191,#2199,.T.);
#2199 = LINE('',#2200,#2201);
#2200 = CARTESIAN_POINT('',(-85.080446,40.999983814296,37.));
#2201 = VECTOR('',#2202,1.);
#2202 = DIRECTION('',(1.,0.,0.));
#2203 = PLANE('',#2204);
#2204 = AXIS2_PLACEMENT_3D('',#2205,#2206,#2207);
#2205 = CARTESIAN_POINT('',(-85.080446,46.196136237003,34.));
#2206 = DIRECTION('',(0.,-0.5,-0.866025403784));
#2207 = DIRECTION('',(0.,-0.866025403784,0.5));
#2208 = ADVANCED_FACE('',(#2209),#2227,.T.);
#2209 = FACE_BOUND('',#2210,.T.);
#2210 = EDGE_LOOP('',(#2211,#2212,#2213,#2221));
#2211 = ORIENTED_EDGE('',*,*,#447,.F.);
#2212 = ORIENTED_EDGE('',*,*,#2198,.T.);
#2213 = ORIENTED_EDGE('',*,*,#2214,.T.);
#2214 = EDGE_CURVE('',#2191,#2215,#2217,.T.);
#2215 = VERTEX_POINT('',#2216);
#2216 = CARTESIAN_POINT('',(-79.930446,35.80383139159,34.));
#2217 = LINE('',#2218,#2219);
#2218 = CARTESIAN_POINT('',(-79.930446,9.00303665366,18.52655394356));
#2219 = VECTOR('',#2220,1.);
#2220 = DIRECTION('',(-0.,-0.866025403784,-0.5));
#2221 = ORIENTED_EDGE('',*,*,#2222,.F.);
#2222 = EDGE_CURVE('',#440,#2215,#2223,.T.);
#2223 = LINE('',#2224,#2225);
#2224 = CARTESIAN_POINT('',(-85.080446,35.80383139159,34.));
#2225 = VECTOR('',#2226,1.);
#2226 = DIRECTION('',(1.,0.,0.));
#2227 = PLANE('',#2228);
#2228 = AXIS2_PLACEMENT_3D('',#2229,#2230,#2231);
#2229 = CARTESIAN_POINT('',(-85.080446,40.999983814296,37.));
#2230 = DIRECTION('',(0.,0.5,-0.866025403784));
#2231 = DIRECTION('',(0.,-0.866025403784,-0.5));
#2232 = ADVANCED_FACE('',(#2233),#2251,.T.);
#2233 = FACE_BOUND('',#2234,.T.);
#2234 = EDGE_LOOP('',(#2235,#2236,#2237,#2245));
#2235 = ORIENTED_EDGE('',*,*,#439,.F.);
#2236 = ORIENTED_EDGE('',*,*,#2222,.T.);
#2237 = ORIENTED_EDGE('',*,*,#2238,.T.);
#2238 = EDGE_CURVE('',#2215,#2239,#2241,.T.);
#2239 = VERTEX_POINT('',#2240);
#2240 = CARTESIAN_POINT('',(-79.930446,35.80383139159,28.));
#2241 = LINE('',#2242,#2243);
#2242 = CARTESIAN_POINT('',(-79.930446,35.803831391589,19.5));
#2243 = VECTOR('',#2244,1.);
#2244 = DIRECTION('',(0.,0.,-1.));
#2245 = ORIENTED_EDGE('',*,*,#2246,.F.);
#2246 = EDGE_CURVE('',#432,#2239,#2247,.T.);
#2247 = LINE('',#2248,#2249);
#2248 = CARTESIAN_POINT('',(-85.080446,35.80383139159,28.));
#2249 = VECTOR('',#2250,1.);
#2250 = DIRECTION('',(1.,0.,0.));
#2251 = PLANE('',#2252);
#2252 = AXIS2_PLACEMENT_3D('',#2253,#2254,#2255);
#2253 = CARTESIAN_POINT('',(-85.080446,35.80383139159,34.));
#2254 = DIRECTION('',(0.,1.,0.));
#2255 = DIRECTION('',(0.,0.,-1.));
#2256 = ADVANCED_FACE('',(#2257),#2275,.T.);
#2257 = FACE_BOUND('',#2258,.T.);
#2258 = EDGE_LOOP('',(#2259,#2260,#2261,#2269));
#2259 = ORIENTED_EDGE('',*,*,#431,.F.);
#2260 = ORIENTED_EDGE('',*,*,#2246,.T.);
#2261 = ORIENTED_EDGE('',*,*,#2262,.T.);
#2262 = EDGE_CURVE('',#2239,#2263,#2265,.T.);
#2263 = VERTEX_POINT('',#2264);
#2264 = CARTESIAN_POINT('',(-79.930446,40.999983814296,25.));
#2265 = LINE('',#2266,#2267);
#2266 = CARTESIAN_POINT('',(-79.930446,17.663290691504,38.47344605644));
#2267 = VECTOR('',#2268,1.);
#2268 = DIRECTION('',(0.,0.866025403784,-0.5));
#2269 = ORIENTED_EDGE('',*,*,#2270,.F.);
#2270 = EDGE_CURVE('',#424,#2263,#2271,.T.);
#2271 = LINE('',#2272,#2273);
#2272 = CARTESIAN_POINT('',(-85.080446,40.999983814296,25.));
#2273 = VECTOR('',#2274,1.);
#2274 = DIRECTION('',(1.,0.,0.));
#2275 = PLANE('',#2276);
#2276 = AXIS2_PLACEMENT_3D('',#2277,#2278,#2279);
#2277 = CARTESIAN_POINT('',(-85.080446,35.80383139159,28.));
#2278 = DIRECTION('',(0.,0.5,0.866025403784));
#2279 = DIRECTION('',(0.,0.866025403784,-0.5));
#2280 = ADVANCED_FACE('',(#2281),#2299,.T.);
#2281 = FACE_BOUND('',#2282,.T.);
#2282 = EDGE_LOOP('',(#2283,#2284,#2285,#2293));
#2283 = ORIENTED_EDGE('',*,*,#423,.F.);
#2284 = ORIENTED_EDGE('',*,*,#2270,.T.);
#2285 = ORIENTED_EDGE('',*,*,#2286,.T.);
#2286 = EDGE_CURVE('',#2263,#2287,#2289,.T.);
#2287 = VERTEX_POINT('',#2288);
#2288 = CARTESIAN_POINT('',(-79.930446,46.196136237003,28.));
#2289 = LINE('',#2290,#2291);
#2290 = CARTESIAN_POINT('',(-79.930446,11.601112865013,8.02655394356));
#2291 = VECTOR('',#2292,1.);
#2292 = DIRECTION('',(0.,0.866025403784,0.5));
#2293 = ORIENTED_EDGE('',*,*,#2294,.F.);
#2294 = EDGE_CURVE('',#416,#2287,#2295,.T.);
#2295 = LINE('',#2296,#2297);
#2296 = CARTESIAN_POINT('',(-85.080446,46.196136237003,28.));
#2297 = VECTOR('',#2298,1.);
#2298 = DIRECTION('',(1.,0.,0.));
#2299 = PLANE('',#2300);
#2300 = AXIS2_PLACEMENT_3D('',#2301,#2302,#2303);
#2301 = CARTESIAN_POINT('',(-85.080446,40.999983814296,25.));
#2302 = DIRECTION('',(0.,-0.5,0.866025403784));
#2303 = DIRECTION('',(0.,0.866025403784,0.5));
#2304 = ADVANCED_FACE('',(#2305),#2316,.T.);
#2305 = FACE_BOUND('',#2306,.T.);
#2306 = EDGE_LOOP('',(#2307,#2308,#2309,#2315));
#2307 = ORIENTED_EDGE('',*,*,#415,.F.);
#2308 = ORIENTED_EDGE('',*,*,#2294,.T.);
#2309 = ORIENTED_EDGE('',*,*,#2310,.T.);
#2310 = EDGE_CURVE('',#2287,#2183,#2311,.T.);
#2311 = LINE('',#2312,#2313);
#2312 = CARTESIAN_POINT('',(-79.930446,46.196136237003,16.5));
#2313 = VECTOR('',#2314,1.);
#2314 = DIRECTION('',(0.,0.,1.));
#2315 = ORIENTED_EDGE('',*,*,#2182,.F.);
#2316 = PLANE('',#2317);
#2317 = AXIS2_PLACEMENT_3D('',#2318,#2319,#2320);
#2318 = CARTESIAN_POINT('',(-85.080446,46.196136237003,28.));
#2319 = DIRECTION('',(0.,-1.,0.));
#2320 = DIRECTION('',(0.,0.,1.));
#2321 = ADVANCED_FACE('',(#2322),#2347,.T.);
#2322 = FACE_BOUND('',#2323,.T.);
#2323 = EDGE_LOOP('',(#2324,#2325,#2333,#2341));
#2324 = ORIENTED_EDGE('',*,*,#455,.F.);
#2325 = ORIENTED_EDGE('',*,*,#2326,.T.);
#2326 = EDGE_CURVE('',#456,#2327,#2329,.T.);
#2327 = VERTEX_POINT('',#2328);
#2328 = CARTESIAN_POINT('',(-79.930446,52.196136237003,23.607695154587)
  );
#2329 = LINE('',#2330,#2331);
#2330 = CARTESIAN_POINT('',(-85.080446,52.196136237003,23.607695154587)
  );
#2331 = VECTOR('',#2332,1.);
#2332 = DIRECTION('',(1.,0.,0.));
#2333 = ORIENTED_EDGE('',*,*,#2334,.T.);
#2334 = EDGE_CURVE('',#2327,#2335,#2337,.T.);
#2335 = VERTEX_POINT('',#2336);
#2336 = CARTESIAN_POINT('',(-79.930446,46.999983814296,26.607695154587)
  );
#2337 = LINE('',#2338,#2339);
#2338 = CARTESIAN_POINT('',(-79.930446,26.957519325564,38.17921742238));
#2339 = VECTOR('',#2340,1.);
#2340 = DIRECTION('',(0.,-0.866025403784,0.5));
#2341 = ORIENTED_EDGE('',*,*,#2342,.F.);
#2342 = EDGE_CURVE('',#458,#2335,#2343,.T.);
#2343 = LINE('',#2344,#2345);
#2344 = CARTESIAN_POINT('',(-85.080446,46.999983814296,26.607695154587)
  );
#2345 = VECTOR('',#2346,1.);
#2346 = DIRECTION('',(1.,0.,0.));
#2347 = PLANE('',#2348);
#2348 = AXIS2_PLACEMENT_3D('',#2349,#2350,#2351);
#2349 = CARTESIAN_POINT('',(-85.080446,52.196136237003,23.607695154587)
  );
#2350 = DIRECTION('',(0.,-0.5,-0.866025403784));
#2351 = DIRECTION('',(0.,-0.866025403784,0.5));
#2352 = ADVANCED_FACE('',(#2353),#2371,.T.);
#2353 = FACE_BOUND('',#2354,.T.);
#2354 = EDGE_LOOP('',(#2355,#2356,#2357,#2365));
#2355 = ORIENTED_EDGE('',*,*,#497,.F.);
#2356 = ORIENTED_EDGE('',*,*,#2342,.T.);
#2357 = ORIENTED_EDGE('',*,*,#2358,.T.);
#2358 = EDGE_CURVE('',#2335,#2359,#2361,.T.);
#2359 = VERTEX_POINT('',#2360);
#2360 = CARTESIAN_POINT('',(-79.930446,41.80383139159,23.607695154587));
#2361 = LINE('',#2362,#2363);
#2362 = CARTESIAN_POINT('',(-79.930446,15.00303665366,8.134249098147));
#2363 = VECTOR('',#2364,1.);
#2364 = DIRECTION('',(-0.,-0.866025403784,-0.5));
#2365 = ORIENTED_EDGE('',*,*,#2366,.F.);
#2366 = EDGE_CURVE('',#490,#2359,#2367,.T.);
#2367 = LINE('',#2368,#2369);
#2368 = CARTESIAN_POINT('',(-85.080446,41.80383139159,23.607695154587));
#2369 = VECTOR('',#2370,1.);
#2370 = DIRECTION('',(1.,0.,0.));
#2371 = PLANE('',#2372);
#2372 = AXIS2_PLACEMENT_3D('',#2373,#2374,#2375);
#2373 = CARTESIAN_POINT('',(-85.080446,46.999983814296,26.607695154587)
  );
#2374 = DIRECTION('',(0.,0.5,-0.866025403784));
#2375 = DIRECTION('',(0.,-0.866025403784,-0.5));
#2376 = ADVANCED_FACE('',(#2377),#2395,.T.);
#2377 = FACE_BOUND('',#2378,.T.);
#2378 = EDGE_LOOP('',(#2379,#2380,#2381,#2389));
#2379 = ORIENTED_EDGE('',*,*,#489,.F.);
#2380 = ORIENTED_EDGE('',*,*,#2366,.T.);
#2381 = ORIENTED_EDGE('',*,*,#2382,.T.);
#2382 = EDGE_CURVE('',#2359,#2383,#2385,.T.);
#2383 = VERTEX_POINT('',#2384);
#2384 = CARTESIAN_POINT('',(-79.930446,41.80383139159,17.607695154587));
#2385 = LINE('',#2386,#2387);
#2386 = CARTESIAN_POINT('',(-79.930446,41.803831391589,14.303847577293)
  );
#2387 = VECTOR('',#2388,1.);
#2388 = DIRECTION('',(0.,0.,-1.));
#2389 = ORIENTED_EDGE('',*,*,#2390,.F.);
#2390 = EDGE_CURVE('',#482,#2383,#2391,.T.);
#2391 = LINE('',#2392,#2393);
#2392 = CARTESIAN_POINT('',(-85.080446,41.80383139159,17.607695154587));
#2393 = VECTOR('',#2394,1.);
#2394 = DIRECTION('',(1.,0.,0.));
#2395 = PLANE('',#2396);
#2396 = AXIS2_PLACEMENT_3D('',#2397,#2398,#2399);
#2397 = CARTESIAN_POINT('',(-85.080446,41.80383139159,23.607695154587));
#2398 = DIRECTION('',(0.,1.,0.));
#2399 = DIRECTION('',(0.,0.,-1.));
#2400 = ADVANCED_FACE('',(#2401),#2419,.T.);
#2401 = FACE_BOUND('',#2402,.T.);
#2402 = EDGE_LOOP('',(#2403,#2404,#2405,#2413));
#2403 = ORIENTED_EDGE('',*,*,#481,.F.);
#2404 = ORIENTED_EDGE('',*,*,#2390,.T.);
#2405 = ORIENTED_EDGE('',*,*,#2406,.T.);
#2406 = EDGE_CURVE('',#2383,#2407,#2409,.T.);
#2407 = VERTEX_POINT('',#2408);
#2408 = CARTESIAN_POINT('',(-79.930446,46.999983814296,14.607695154587)
  );
#2409 = LINE('',#2410,#2411);
#2410 = CARTESIAN_POINT('',(-79.930446,19.163290691504,30.67921742238));
#2411 = VECTOR('',#2412,1.);
#2412 = DIRECTION('',(0.,0.866025403784,-0.5));
#2413 = ORIENTED_EDGE('',*,*,#2414,.F.);
#2414 = EDGE_CURVE('',#474,#2407,#2415,.T.);
#2415 = LINE('',#2416,#2417);
#2416 = CARTESIAN_POINT('',(-85.080446,46.999983814296,14.607695154587)
  );
#2417 = VECTOR('',#2418,1.);
#2418 = DIRECTION('',(1.,0.,0.));
#2419 = PLANE('',#2420);
#2420 = AXIS2_PLACEMENT_3D('',#2421,#2422,#2423);
#2421 = CARTESIAN_POINT('',(-85.080446,41.80383139159,17.607695154587));
#2422 = DIRECTION('',(0.,0.5,0.866025403784));
#2423 = DIRECTION('',(0.,0.866025403784,-0.5));
#2424 = ADVANCED_FACE('',(#2425),#2443,.T.);
#2425 = FACE_BOUND('',#2426,.T.);
#2426 = EDGE_LOOP('',(#2427,#2428,#2429,#2437));
#2427 = ORIENTED_EDGE('',*,*,#473,.F.);
#2428 = ORIENTED_EDGE('',*,*,#2414,.T.);
#2429 = ORIENTED_EDGE('',*,*,#2430,.T.);
#2430 = EDGE_CURVE('',#2407,#2431,#2433,.T.);
#2431 = VERTEX_POINT('',#2432);
#2432 = CARTESIAN_POINT('',(-79.930446,52.196136237003,17.607695154587)
  );
#2433 = LINE('',#2434,#2435);
#2434 = CARTESIAN_POINT('',(-79.930446,17.601112865013,-2.365750901853)
  );
#2435 = VECTOR('',#2436,1.);
#2436 = DIRECTION('',(0.,0.866025403784,0.5));
#2437 = ORIENTED_EDGE('',*,*,#2438,.F.);
#2438 = EDGE_CURVE('',#466,#2431,#2439,.T.);
#2439 = LINE('',#2440,#2441);
#2440 = CARTESIAN_POINT('',(-85.080446,52.196136237003,17.607695154587)
  );
#2441 = VECTOR('',#2442,1.);
#2442 = DIRECTION('',(1.,0.,0.));
#2443 = PLANE('',#2444);
#2444 = AXIS2_PLACEMENT_3D('',#2445,#2446,#2447);
#2445 = CARTESIAN_POINT('',(-85.080446,46.999983814296,14.607695154587)
  );
#2446 = DIRECTION('',(0.,-0.5,0.866025403784));
#2447 = DIRECTION('',(0.,0.866025403784,0.5));
#2448 = ADVANCED_FACE('',(#2449),#2460,.T.);
#2449 = FACE_BOUND('',#2450,.T.);
#2450 = EDGE_LOOP('',(#2451,#2452,#2453,#2459));
#2451 = ORIENTED_EDGE('',*,*,#465,.F.);
#2452 = ORIENTED_EDGE('',*,*,#2438,.T.);
#2453 = ORIENTED_EDGE('',*,*,#2454,.T.);
#2454 = EDGE_CURVE('',#2431,#2327,#2455,.T.);
#2455 = LINE('',#2456,#2457);
#2456 = CARTESIAN_POINT('',(-79.930446,52.196136237003,11.303847577293)
  );
#2457 = VECTOR('',#2458,1.);
#2458 = DIRECTION('',(0.,0.,1.));
#2459 = ORIENTED_EDGE('',*,*,#2326,.F.);
#2460 = PLANE('',#2461);
#2461 = AXIS2_PLACEMENT_3D('',#2462,#2463,#2464);
#2462 = CARTESIAN_POINT('',(-85.080446,52.196136237003,17.607695154587)
  );
#2463 = DIRECTION('',(0.,-1.,0.));
#2464 = DIRECTION('',(0.,0.,1.));
#2465 = ADVANCED_FACE('',(#2466),#2491,.T.);
#2466 = FACE_BOUND('',#2467,.T.);
#2467 = EDGE_LOOP('',(#2468,#2469,#2477,#2485));
#2468 = ORIENTED_EDGE('',*,*,#505,.F.);
#2469 = ORIENTED_EDGE('',*,*,#2470,.T.);
#2470 = EDGE_CURVE('',#506,#2471,#2473,.T.);
#2471 = VERTEX_POINT('',#2472);
#2472 = CARTESIAN_POINT('',(-79.930446,40.196136237003,23.607695154587)
  );
#2473 = LINE('',#2474,#2475);
#2474 = CARTESIAN_POINT('',(-85.080446,40.196136237003,23.607695154587)
  );
#2475 = VECTOR('',#2476,1.);
#2476 = DIRECTION('',(1.,0.,0.));
#2477 = ORIENTED_EDGE('',*,*,#2478,.T.);
#2478 = EDGE_CURVE('',#2471,#2479,#2481,.T.);
#2479 = VERTEX_POINT('',#2480);
#2480 = CARTESIAN_POINT('',(-79.930446,34.999983814296,26.607695154587)
  );
#2481 = LINE('',#2482,#2483);
#2482 = CARTESIAN_POINT('',(-79.930446,19.457519325564,35.581141211026)
  );
#2483 = VECTOR('',#2484,1.);
#2484 = DIRECTION('',(0.,-0.866025403784,0.5));
#2485 = ORIENTED_EDGE('',*,*,#2486,.F.);
#2486 = EDGE_CURVE('',#508,#2479,#2487,.T.);
#2487 = LINE('',#2488,#2489);
#2488 = CARTESIAN_POINT('',(-85.080446,34.999983814296,26.607695154587)
  );
#2489 = VECTOR('',#2490,1.);
#2490 = DIRECTION('',(1.,0.,0.));
#2491 = PLANE('',#2492);
#2492 = AXIS2_PLACEMENT_3D('',#2493,#2494,#2495);
#2493 = CARTESIAN_POINT('',(-85.080446,40.196136237003,23.607695154587)
  );
#2494 = DIRECTION('',(0.,-0.5,-0.866025403784));
#2495 = DIRECTION('',(0.,-0.866025403784,0.5));
#2496 = ADVANCED_FACE('',(#2497),#2515,.T.);
#2497 = FACE_BOUND('',#2498,.T.);
#2498 = EDGE_LOOP('',(#2499,#2500,#2501,#2509));
#2499 = ORIENTED_EDGE('',*,*,#547,.F.);
#2500 = ORIENTED_EDGE('',*,*,#2486,.T.);
#2501 = ORIENTED_EDGE('',*,*,#2502,.T.);
#2502 = EDGE_CURVE('',#2479,#2503,#2505,.T.);
#2503 = VERTEX_POINT('',#2504);
#2504 = CARTESIAN_POINT('',(-79.930446,29.80383139159,23.607695154587));
#2505 = LINE('',#2506,#2507);
#2506 = CARTESIAN_POINT('',(-79.930446,7.50303665366,10.7323253095));
#2507 = VECTOR('',#2508,1.);
#2508 = DIRECTION('',(-0.,-0.866025403784,-0.5));
#2509 = ORIENTED_EDGE('',*,*,#2510,.F.);
#2510 = EDGE_CURVE('',#540,#2503,#2511,.T.);
#2511 = LINE('',#2512,#2513);
#2512 = CARTESIAN_POINT('',(-85.080446,29.80383139159,23.607695154587));
#2513 = VECTOR('',#2514,1.);
#2514 = DIRECTION('',(1.,0.,0.));
#2515 = PLANE('',#2516);
#2516 = AXIS2_PLACEMENT_3D('',#2517,#2518,#2519);
#2517 = CARTESIAN_POINT('',(-85.080446,34.999983814296,26.607695154587)
  );
#2518 = DIRECTION('',(0.,0.5,-0.866025403784));
#2519 = DIRECTION('',(0.,-0.866025403784,-0.5));
#2520 = ADVANCED_FACE('',(#2521),#2539,.T.);
#2521 = FACE_BOUND('',#2522,.T.);
#2522 = EDGE_LOOP('',(#2523,#2524,#2525,#2533));
#2523 = ORIENTED_EDGE('',*,*,#539,.F.);
#2524 = ORIENTED_EDGE('',*,*,#2510,.T.);
#2525 = ORIENTED_EDGE('',*,*,#2526,.T.);
#2526 = EDGE_CURVE('',#2503,#2527,#2529,.T.);
#2527 = VERTEX_POINT('',#2528);
#2528 = CARTESIAN_POINT('',(-79.930446,29.80383139159,17.607695154587));
#2529 = LINE('',#2530,#2531);
#2530 = CARTESIAN_POINT('',(-79.930446,29.80383139159,14.303847577293));
#2531 = VECTOR('',#2532,1.);
#2532 = DIRECTION('',(0.,0.,-1.));
#2533 = ORIENTED_EDGE('',*,*,#2534,.F.);
#2534 = EDGE_CURVE('',#532,#2527,#2535,.T.);
#2535 = LINE('',#2536,#2537);
#2536 = CARTESIAN_POINT('',(-85.080446,29.80383139159,17.607695154587));
#2537 = VECTOR('',#2538,1.);
#2538 = DIRECTION('',(1.,0.,0.));
#2539 = PLANE('',#2540);
#2540 = AXIS2_PLACEMENT_3D('',#2541,#2542,#2543);
#2541 = CARTESIAN_POINT('',(-85.080446,29.80383139159,23.607695154587));
#2542 = DIRECTION('',(0.,1.,0.));
#2543 = DIRECTION('',(0.,0.,-1.));
#2544 = ADVANCED_FACE('',(#2545),#2563,.T.);
#2545 = FACE_BOUND('',#2546,.T.);
#2546 = EDGE_LOOP('',(#2547,#2548,#2549,#2557));
#2547 = ORIENTED_EDGE('',*,*,#531,.F.);
#2548 = ORIENTED_EDGE('',*,*,#2534,.T.);
#2549 = ORIENTED_EDGE('',*,*,#2550,.T.);
#2550 = EDGE_CURVE('',#2527,#2551,#2553,.T.);
#2551 = VERTEX_POINT('',#2552);
#2552 = CARTESIAN_POINT('',(-79.930446,34.999983814296,14.607695154587)
  );
#2553 = LINE('',#2554,#2555);
#2554 = CARTESIAN_POINT('',(-79.930446,11.663290691504,28.081141211026)
  );
#2555 = VECTOR('',#2556,1.);
#2556 = DIRECTION('',(0.,0.866025403784,-0.5));
#2557 = ORIENTED_EDGE('',*,*,#2558,.F.);
#2558 = EDGE_CURVE('',#524,#2551,#2559,.T.);
#2559 = LINE('',#2560,#2561);
#2560 = CARTESIAN_POINT('',(-85.080446,34.999983814296,14.607695154587)
  );
#2561 = VECTOR('',#2562,1.);
#2562 = DIRECTION('',(1.,0.,0.));
#2563 = PLANE('',#2564);
#2564 = AXIS2_PLACEMENT_3D('',#2565,#2566,#2567);
#2565 = CARTESIAN_POINT('',(-85.080446,29.80383139159,17.607695154587));
#2566 = DIRECTION('',(0.,0.5,0.866025403784));
#2567 = DIRECTION('',(0.,0.866025403784,-0.5));
#2568 = ADVANCED_FACE('',(#2569),#2587,.T.);
#2569 = FACE_BOUND('',#2570,.T.);
#2570 = EDGE_LOOP('',(#2571,#2572,#2573,#2581));
#2571 = ORIENTED_EDGE('',*,*,#523,.F.);
#2572 = ORIENTED_EDGE('',*,*,#2558,.T.);
#2573 = ORIENTED_EDGE('',*,*,#2574,.T.);
#2574 = EDGE_CURVE('',#2551,#2575,#2577,.T.);
#2575 = VERTEX_POINT('',#2576);
#2576 = CARTESIAN_POINT('',(-79.930446,40.196136237003,17.607695154587)
  );
#2577 = LINE('',#2578,#2579);
#2578 = CARTESIAN_POINT('',(-79.930446,10.101112865013,0.2323253095));
#2579 = VECTOR('',#2580,1.);
#2580 = DIRECTION('',(0.,0.866025403784,0.5));
#2581 = ORIENTED_EDGE('',*,*,#2582,.F.);
#2582 = EDGE_CURVE('',#516,#2575,#2583,.T.);
#2583 = LINE('',#2584,#2585);
#2584 = CARTESIAN_POINT('',(-85.080446,40.196136237003,17.607695154587)
  );
#2585 = VECTOR('',#2586,1.);
#2586 = DIRECTION('',(1.,0.,0.));
#2587 = PLANE('',#2588);
#2588 = AXIS2_PLACEMENT_3D('',#2589,#2590,#2591);
#2589 = CARTESIAN_POINT('',(-85.080446,34.999983814296,14.607695154587)
  );
#2590 = DIRECTION('',(0.,-0.5,0.866025403784));
#2591 = DIRECTION('',(0.,0.866025403784,0.5));
#2592 = ADVANCED_FACE('',(#2593),#2604,.T.);
#2593 = FACE_BOUND('',#2594,.T.);
#2594 = EDGE_LOOP('',(#2595,#2596,#2597,#2603));
#2595 = ORIENTED_EDGE('',*,*,#515,.F.);
#2596 = ORIENTED_EDGE('',*,*,#2582,.T.);
#2597 = ORIENTED_EDGE('',*,*,#2598,.T.);
#2598 = EDGE_CURVE('',#2575,#2471,#2599,.T.);
#2599 = LINE('',#2600,#2601);
#2600 = CARTESIAN_POINT('',(-79.930446,40.196136237003,11.303847577293)
  );
#2601 = VECTOR('',#2602,1.);
#2602 = DIRECTION('',(0.,0.,1.));
#2603 = ORIENTED_EDGE('',*,*,#2470,.F.);
#2604 = PLANE('',#2605);
#2605 = AXIS2_PLACEMENT_3D('',#2606,#2607,#2608);
#2606 = CARTESIAN_POINT('',(-85.080446,40.196136237003,17.607695154587)
  );
#2607 = DIRECTION('',(0.,-1.,0.));
#2608 = DIRECTION('',(0.,0.,1.));
#2609 = ADVANCED_FACE('',(#2610),#2635,.T.);
#2610 = FACE_BOUND('',#2611,.T.);
#2611 = EDGE_LOOP('',(#2612,#2613,#2621,#2629));
#2612 = ORIENTED_EDGE('',*,*,#555,.F.);
#2613 = ORIENTED_EDGE('',*,*,#2614,.T.);
#2614 = EDGE_CURVE('',#556,#2615,#2617,.T.);
#2615 = VERTEX_POINT('',#2616);
#2616 = CARTESIAN_POINT('',(-79.930446,34.196136237003,34.));
#2617 = LINE('',#2618,#2619);
#2618 = CARTESIAN_POINT('',(-85.080446,34.196136237003,34.));
#2619 = VECTOR('',#2620,1.);
#2620 = DIRECTION('',(1.,0.,0.));
#2621 = ORIENTED_EDGE('',*,*,#2622,.T.);
#2622 = EDGE_CURVE('',#2615,#2623,#2625,.T.);
#2623 = VERTEX_POINT('',#2624);
#2624 = CARTESIAN_POINT('',(-79.930446,28.999983814296,37.));
#2625 = LINE('',#2626,#2627);
#2626 = CARTESIAN_POINT('',(-79.930446,17.957519325564,43.375369845086)
  );
#2627 = VECTOR('',#2628,1.);
#2628 = DIRECTION('',(0.,-0.866025403784,0.5));
#2629 = ORIENTED_EDGE('',*,*,#2630,.F.);
#2630 = EDGE_CURVE('',#558,#2623,#2631,.T.);
#2631 = LINE('',#2632,#2633);
#2632 = CARTESIAN_POINT('',(-85.080446,28.999983814296,37.));
#2633 = VECTOR('',#2634,1.);
#2634 = DIRECTION('',(1.,0.,0.));
#2635 = PLANE('',#2636);
#2636 = AXIS2_PLACEMENT_3D('',#2637,#2638,#2639);
#2637 = CARTESIAN_POINT('',(-85.080446,34.196136237003,34.));
#2638 = DIRECTION('',(0.,-0.5,-0.866025403784));
#2639 = DIRECTION('',(0.,-0.866025403784,0.5));
#2640 = ADVANCED_FACE('',(#2641),#2659,.T.);
#2641 = FACE_BOUND('',#2642,.T.);
#2642 = EDGE_LOOP('',(#2643,#2644,#2645,#2653));
#2643 = ORIENTED_EDGE('',*,*,#597,.F.);
#2644 = ORIENTED_EDGE('',*,*,#2630,.T.);
#2645 = ORIENTED_EDGE('',*,*,#2646,.T.);
#2646 = EDGE_CURVE('',#2623,#2647,#2649,.T.);
#2647 = VERTEX_POINT('',#2648);
#2648 = CARTESIAN_POINT('',(-79.930446,23.80383139159,34.));
#2649 = LINE('',#2650,#2651);
#2650 = CARTESIAN_POINT('',(-79.930446,1.50303665366,21.124630154914));
#2651 = VECTOR('',#2652,1.);
#2652 = DIRECTION('',(-0.,-0.866025403784,-0.5));
#2653 = ORIENTED_EDGE('',*,*,#2654,.F.);
#2654 = EDGE_CURVE('',#590,#2647,#2655,.T.);
#2655 = LINE('',#2656,#2657);
#2656 = CARTESIAN_POINT('',(-85.080446,23.80383139159,34.));
#2657 = VECTOR('',#2658,1.);
#2658 = DIRECTION('',(1.,0.,0.));
#2659 = PLANE('',#2660);
#2660 = AXIS2_PLACEMENT_3D('',#2661,#2662,#2663);
#2661 = CARTESIAN_POINT('',(-85.080446,28.999983814296,37.));
#2662 = DIRECTION('',(0.,0.5,-0.866025403784));
#2663 = DIRECTION('',(0.,-0.866025403784,-0.5));
#2664 = ADVANCED_FACE('',(#2665),#2683,.T.);
#2665 = FACE_BOUND('',#2666,.T.);
#2666 = EDGE_LOOP('',(#2667,#2668,#2669,#2677));
#2667 = ORIENTED_EDGE('',*,*,#589,.F.);
#2668 = ORIENTED_EDGE('',*,*,#2654,.T.);
#2669 = ORIENTED_EDGE('',*,*,#2670,.T.);
#2670 = EDGE_CURVE('',#2647,#2671,#2673,.T.);
#2671 = VERTEX_POINT('',#2672);
#2672 = CARTESIAN_POINT('',(-79.930446,23.80383139159,28.));
#2673 = LINE('',#2674,#2675);
#2674 = CARTESIAN_POINT('',(-79.930446,23.80383139159,19.5));
#2675 = VECTOR('',#2676,1.);
#2676 = DIRECTION('',(0.,0.,-1.));
#2677 = ORIENTED_EDGE('',*,*,#2678,.F.);
#2678 = EDGE_CURVE('',#582,#2671,#2679,.T.);
#2679 = LINE('',#2680,#2681);
#2680 = CARTESIAN_POINT('',(-85.080446,23.80383139159,28.));
#2681 = VECTOR('',#2682,1.);
#2682 = DIRECTION('',(1.,0.,0.));
#2683 = PLANE('',#2684);
#2684 = AXIS2_PLACEMENT_3D('',#2685,#2686,#2687);
#2685 = CARTESIAN_POINT('',(-85.080446,23.80383139159,34.));
#2686 = DIRECTION('',(0.,1.,0.));
#2687 = DIRECTION('',(0.,0.,-1.));
#2688 = ADVANCED_FACE('',(#2689),#2707,.T.);
#2689 = FACE_BOUND('',#2690,.T.);
#2690 = EDGE_LOOP('',(#2691,#2692,#2693,#2701));
#2691 = ORIENTED_EDGE('',*,*,#581,.F.);
#2692 = ORIENTED_EDGE('',*,*,#2678,.T.);
#2693 = ORIENTED_EDGE('',*,*,#2694,.T.);
#2694 = EDGE_CURVE('',#2671,#2695,#2697,.T.);
#2695 = VERTEX_POINT('',#2696);
#2696 = CARTESIAN_POINT('',(-79.930446,28.999983814296,25.));
#2697 = LINE('',#2698,#2699);
#2698 = CARTESIAN_POINT('',(-79.930446,10.163290691504,35.875369845086)
  );
#2699 = VECTOR('',#2700,1.);
#2700 = DIRECTION('',(0.,0.866025403784,-0.5));
#2701 = ORIENTED_EDGE('',*,*,#2702,.F.);
#2702 = EDGE_CURVE('',#574,#2695,#2703,.T.);
#2703 = LINE('',#2704,#2705);
#2704 = CARTESIAN_POINT('',(-85.080446,28.999983814296,25.));
#2705 = VECTOR('',#2706,1.);
#2706 = DIRECTION('',(1.,0.,0.));
#2707 = PLANE('',#2708);
#2708 = AXIS2_PLACEMENT_3D('',#2709,#2710,#2711);
#2709 = CARTESIAN_POINT('',(-85.080446,23.80383139159,28.));
#2710 = DIRECTION('',(0.,0.5,0.866025403784));
#2711 = DIRECTION('',(0.,0.866025403784,-0.5));
#2712 = ADVANCED_FACE('',(#2713),#2731,.T.);
#2713 = FACE_BOUND('',#2714,.T.);
#2714 = EDGE_LOOP('',(#2715,#2716,#2717,#2725));
#2715 = ORIENTED_EDGE('',*,*,#573,.F.);
#2716 = ORIENTED_EDGE('',*,*,#2702,.T.);
#2717 = ORIENTED_EDGE('',*,*,#2718,.T.);
#2718 = EDGE_CURVE('',#2695,#2719,#2721,.T.);
#2719 = VERTEX_POINT('',#2720);
#2720 = CARTESIAN_POINT('',(-79.930446,34.196136237003,28.));
#2721 = LINE('',#2722,#2723);
#2722 = CARTESIAN_POINT('',(-79.930446,4.101112865013,10.624630154914));
#2723 = VECTOR('',#2724,1.);
#2724 = DIRECTION('',(0.,0.866025403784,0.5));
#2725 = ORIENTED_EDGE('',*,*,#2726,.F.);
#2726 = EDGE_CURVE('',#566,#2719,#2727,.T.);
#2727 = LINE('',#2728,#2729);
#2728 = CARTESIAN_POINT('',(-85.080446,34.196136237003,28.));
#2729 = VECTOR('',#2730,1.);
#2730 = DIRECTION('',(1.,0.,0.));
#2731 = PLANE('',#2732);
#2732 = AXIS2_PLACEMENT_3D('',#2733,#2734,#2735);
#2733 = CARTESIAN_POINT('',(-85.080446,28.999983814296,25.));
#2734 = DIRECTION('',(0.,-0.5,0.866025403784));
#2735 = DIRECTION('',(0.,0.866025403784,0.5));
#2736 = ADVANCED_FACE('',(#2737),#2748,.T.);
#2737 = FACE_BOUND('',#2738,.T.);
#2738 = EDGE_LOOP('',(#2739,#2740,#2741,#2747));
#2739 = ORIENTED_EDGE('',*,*,#565,.F.);
#2740 = ORIENTED_EDGE('',*,*,#2726,.T.);
#2741 = ORIENTED_EDGE('',*,*,#2742,.T.);
#2742 = EDGE_CURVE('',#2719,#2615,#2743,.T.);
#2743 = LINE('',#2744,#2745);
#2744 = CARTESIAN_POINT('',(-79.930446,34.196136237003,16.5));
#2745 = VECTOR('',#2746,1.);
#2746 = DIRECTION('',(0.,0.,1.));
#2747 = ORIENTED_EDGE('',*,*,#2614,.F.);
#2748 = PLANE('',#2749);
#2749 = AXIS2_PLACEMENT_3D('',#2750,#2751,#2752);
#2750 = CARTESIAN_POINT('',(-85.080446,34.196136237003,28.));
#2751 = DIRECTION('',(0.,-1.,0.));
#2752 = DIRECTION('',(0.,0.,1.));
#2753 = ADVANCED_FACE('',(#2754),#2779,.T.);
#2754 = FACE_BOUND('',#2755,.T.);
#2755 = EDGE_LOOP('',(#2756,#2757,#2765,#2773));
#2756 = ORIENTED_EDGE('',*,*,#605,.F.);
#2757 = ORIENTED_EDGE('',*,*,#2758,.T.);
#2758 = EDGE_CURVE('',#606,#2759,#2761,.T.);
#2759 = VERTEX_POINT('',#2760);
#2760 = CARTESIAN_POINT('',(-79.930446,22.196136237003,34.));
#2761 = LINE('',#2762,#2763);
#2762 = CARTESIAN_POINT('',(-85.080446,22.196136237003,34.));
#2763 = VECTOR('',#2764,1.);
#2764 = DIRECTION('',(1.,0.,0.));
#2765 = ORIENTED_EDGE('',*,*,#2766,.T.);
#2766 = EDGE_CURVE('',#2759,#2767,#2769,.T.);
#2767 = VERTEX_POINT('',#2768);
#2768 = CARTESIAN_POINT('',(-79.930446,16.999983814296,37.));
#2769 = LINE('',#2770,#2771);
#2770 = CARTESIAN_POINT('',(-79.930446,10.457519325564,40.777293633733)
  );
#2771 = VECTOR('',#2772,1.);
#2772 = DIRECTION('',(0.,-0.866025403784,0.5));
#2773 = ORIENTED_EDGE('',*,*,#2774,.F.);
#2774 = EDGE_CURVE('',#608,#2767,#2775,.T.);
#2775 = LINE('',#2776,#2777);
#2776 = CARTESIAN_POINT('',(-85.080446,16.999983814296,37.));
#2777 = VECTOR('',#2778,1.);
#2778 = DIRECTION('',(1.,0.,0.));
#2779 = PLANE('',#2780);
#2780 = AXIS2_PLACEMENT_3D('',#2781,#2782,#2783);
#2781 = CARTESIAN_POINT('',(-85.080446,22.196136237003,34.));
#2782 = DIRECTION('',(0.,-0.5,-0.866025403784));
#2783 = DIRECTION('',(0.,-0.866025403784,0.5));
#2784 = ADVANCED_FACE('',(#2785),#2803,.T.);
#2785 = FACE_BOUND('',#2786,.T.);
#2786 = EDGE_LOOP('',(#2787,#2788,#2789,#2797));
#2787 = ORIENTED_EDGE('',*,*,#647,.F.);
#2788 = ORIENTED_EDGE('',*,*,#2774,.T.);
#2789 = ORIENTED_EDGE('',*,*,#2790,.T.);
#2790 = EDGE_CURVE('',#2767,#2791,#2793,.T.);
#2791 = VERTEX_POINT('',#2792);
#2792 = CARTESIAN_POINT('',(-79.930446,11.80383139159,34.));
#2793 = LINE('',#2794,#2795);
#2794 = CARTESIAN_POINT('',(-79.930446,-5.99696334634,23.722706366267));
#2795 = VECTOR('',#2796,1.);
#2796 = DIRECTION('',(-0.,-0.866025403784,-0.5));
#2797 = ORIENTED_EDGE('',*,*,#2798,.F.);
#2798 = EDGE_CURVE('',#640,#2791,#2799,.T.);
#2799 = LINE('',#2800,#2801);
#2800 = CARTESIAN_POINT('',(-85.080446,11.80383139159,34.));
#2801 = VECTOR('',#2802,1.);
#2802 = DIRECTION('',(1.,0.,0.));
#2803 = PLANE('',#2804);
#2804 = AXIS2_PLACEMENT_3D('',#2805,#2806,#2807);
#2805 = CARTESIAN_POINT('',(-85.080446,16.999983814296,37.));
#2806 = DIRECTION('',(0.,0.5,-0.866025403784));
#2807 = DIRECTION('',(0.,-0.866025403784,-0.5));
#2808 = ADVANCED_FACE('',(#2809),#2827,.T.);
#2809 = FACE_BOUND('',#2810,.T.);
#2810 = EDGE_LOOP('',(#2811,#2812,#2813,#2821));
#2811 = ORIENTED_EDGE('',*,*,#639,.F.);
#2812 = ORIENTED_EDGE('',*,*,#2798,.T.);
#2813 = ORIENTED_EDGE('',*,*,#2814,.T.);
#2814 = EDGE_CURVE('',#2791,#2815,#2817,.T.);
#2815 = VERTEX_POINT('',#2816);
#2816 = CARTESIAN_POINT('',(-79.930446,11.80383139159,28.));
#2817 = LINE('',#2818,#2819);
#2818 = CARTESIAN_POINT('',(-79.930446,11.80383139159,19.5));
#2819 = VECTOR('',#2820,1.);
#2820 = DIRECTION('',(0.,0.,-1.));
#2821 = ORIENTED_EDGE('',*,*,#2822,.F.);
#2822 = EDGE_CURVE('',#632,#2815,#2823,.T.);
#2823 = LINE('',#2824,#2825);
#2824 = CARTESIAN_POINT('',(-85.080446,11.80383139159,28.));
#2825 = VECTOR('',#2826,1.);
#2826 = DIRECTION('',(1.,0.,0.));
#2827 = PLANE('',#2828);
#2828 = AXIS2_PLACEMENT_3D('',#2829,#2830,#2831);
#2829 = CARTESIAN_POINT('',(-85.080446,11.80383139159,34.));
#2830 = DIRECTION('',(0.,1.,0.));
#2831 = DIRECTION('',(0.,0.,-1.));
#2832 = ADVANCED_FACE('',(#2833),#2851,.T.);
#2833 = FACE_BOUND('',#2834,.T.);
#2834 = EDGE_LOOP('',(#2835,#2836,#2837,#2845));
#2835 = ORIENTED_EDGE('',*,*,#631,.F.);
#2836 = ORIENTED_EDGE('',*,*,#2822,.T.);
#2837 = ORIENTED_EDGE('',*,*,#2838,.T.);
#2838 = EDGE_CURVE('',#2815,#2839,#2841,.T.);
#2839 = VERTEX_POINT('',#2840);
#2840 = CARTESIAN_POINT('',(-79.930446,16.999983814296,25.));
#2841 = LINE('',#2842,#2843);
#2842 = CARTESIAN_POINT('',(-79.930446,2.663290691504,33.277293633733));
#2843 = VECTOR('',#2844,1.);
#2844 = DIRECTION('',(0.,0.866025403784,-0.5));
#2845 = ORIENTED_EDGE('',*,*,#2846,.F.);
#2846 = EDGE_CURVE('',#624,#2839,#2847,.T.);
#2847 = LINE('',#2848,#2849);
#2848 = CARTESIAN_POINT('',(-85.080446,16.999983814296,25.));
#2849 = VECTOR('',#2850,1.);
#2850 = DIRECTION('',(1.,0.,0.));
#2851 = PLANE('',#2852);
#2852 = AXIS2_PLACEMENT_3D('',#2853,#2854,#2855);
#2853 = CARTESIAN_POINT('',(-85.080446,11.80383139159,28.));
#2854 = DIRECTION('',(0.,0.5,0.866025403784));
#2855 = DIRECTION('',(0.,0.866025403784,-0.5));
#2856 = ADVANCED_FACE('',(#2857),#2875,.T.);
#2857 = FACE_BOUND('',#2858,.T.);
#2858 = EDGE_LOOP('',(#2859,#2860,#2861,#2869));
#2859 = ORIENTED_EDGE('',*,*,#623,.F.);
#2860 = ORIENTED_EDGE('',*,*,#2846,.T.);
#2861 = ORIENTED_EDGE('',*,*,#2862,.T.);
#2862 = EDGE_CURVE('',#2839,#2863,#2865,.T.);
#2863 = VERTEX_POINT('',#2864);
#2864 = CARTESIAN_POINT('',(-79.930446,22.196136237003,28.));
#2865 = LINE('',#2866,#2867);
#2866 = CARTESIAN_POINT('',(-79.930446,-3.398887134987,13.222706366267)
  );
#2867 = VECTOR('',#2868,1.);
#2868 = DIRECTION('',(0.,0.866025403784,0.5));
#2869 = ORIENTED_EDGE('',*,*,#2870,.F.);
#2870 = EDGE_CURVE('',#616,#2863,#2871,.T.);
#2871 = LINE('',#2872,#2873);
#2872 = CARTESIAN_POINT('',(-85.080446,22.196136237003,28.));
#2873 = VECTOR('',#2874,1.);
#2874 = DIRECTION('',(1.,0.,0.));
#2875 = PLANE('',#2876);
#2876 = AXIS2_PLACEMENT_3D('',#2877,#2878,#2879);
#2877 = CARTESIAN_POINT('',(-85.080446,16.999983814296,25.));
#2878 = DIRECTION('',(0.,-0.5,0.866025403784));
#2879 = DIRECTION('',(0.,0.866025403784,0.5));
#2880 = ADVANCED_FACE('',(#2881),#2892,.T.);
#2881 = FACE_BOUND('',#2882,.T.);
#2882 = EDGE_LOOP('',(#2883,#2884,#2885,#2891));
#2883 = ORIENTED_EDGE('',*,*,#615,.F.);
#2884 = ORIENTED_EDGE('',*,*,#2870,.T.);
#2885 = ORIENTED_EDGE('',*,*,#2886,.T.);
#2886 = EDGE_CURVE('',#2863,#2759,#2887,.T.);
#2887 = LINE('',#2888,#2889);
#2888 = CARTESIAN_POINT('',(-79.930446,22.196136237003,16.5));
#2889 = VECTOR('',#2890,1.);
#2890 = DIRECTION('',(0.,0.,1.));
#2891 = ORIENTED_EDGE('',*,*,#2758,.F.);
#2892 = PLANE('',#2893);
#2893 = AXIS2_PLACEMENT_3D('',#2894,#2895,#2896);
#2894 = CARTESIAN_POINT('',(-85.080446,22.196136237003,28.));
#2895 = DIRECTION('',(0.,-1.,0.));
#2896 = DIRECTION('',(0.,0.,1.));
#2897 = ADVANCED_FACE('',(#2898),#2923,.T.);
#2898 = FACE_BOUND('',#2899,.T.);
#2899 = EDGE_LOOP('',(#2900,#2901,#2909,#2917));
#2900 = ORIENTED_EDGE('',*,*,#655,.F.);
#2901 = ORIENTED_EDGE('',*,*,#2902,.T.);
#2902 = EDGE_CURVE('',#656,#2903,#2905,.T.);
#2903 = VERTEX_POINT('',#2904);
#2904 = CARTESIAN_POINT('',(-79.930446,10.196136237003,34.));
#2905 = LINE('',#2906,#2907);
#2906 = CARTESIAN_POINT('',(-85.080446,10.196136237003,34.));
#2907 = VECTOR('',#2908,1.);
#2908 = DIRECTION('',(1.,0.,0.));
#2909 = ORIENTED_EDGE('',*,*,#2910,.T.);
#2910 = EDGE_CURVE('',#2903,#2911,#2913,.T.);
#2911 = VERTEX_POINT('',#2912);
#2912 = CARTESIAN_POINT('',(-79.930446,4.999983814296,37.));
#2913 = LINE('',#2914,#2915);
#2914 = CARTESIAN_POINT('',(-79.930446,2.957519325564,38.17921742238));
#2915 = VECTOR('',#2916,1.);
#2916 = DIRECTION('',(0.,-0.866025403784,0.5));
#2917 = ORIENTED_EDGE('',*,*,#2918,.F.);
#2918 = EDGE_CURVE('',#658,#2911,#2919,.T.);
#2919 = LINE('',#2920,#2921);
#2920 = CARTESIAN_POINT('',(-85.080446,4.999983814296,37.));
#2921 = VECTOR('',#2922,1.);
#2922 = DIRECTION('',(1.,0.,0.));
#2923 = PLANE('',#2924);
#2924 = AXIS2_PLACEMENT_3D('',#2925,#2926,#2927);
#2925 = CARTESIAN_POINT('',(-85.080446,10.196136237003,34.));
#2926 = DIRECTION('',(0.,-0.5,-0.866025403784));
#2927 = DIRECTION('',(0.,-0.866025403784,0.5));
#2928 = ADVANCED_FACE('',(#2929),#2947,.T.);
#2929 = FACE_BOUND('',#2930,.T.);
#2930 = EDGE_LOOP('',(#2931,#2932,#2933,#2941));
#2931 = ORIENTED_EDGE('',*,*,#697,.F.);
#2932 = ORIENTED_EDGE('',*,*,#2918,.T.);
#2933 = ORIENTED_EDGE('',*,*,#2934,.T.);
#2934 = EDGE_CURVE('',#2911,#2935,#2937,.T.);
#2935 = VERTEX_POINT('',#2936);
#2936 = CARTESIAN_POINT('',(-79.930446,-0.19616860841,34.));
#2937 = LINE('',#2938,#2939);
#2938 = CARTESIAN_POINT('',(-79.930446,-13.49696334634,26.32078257762));
#2939 = VECTOR('',#2940,1.);
#2940 = DIRECTION('',(-0.,-0.866025403784,-0.5));
#2941 = ORIENTED_EDGE('',*,*,#2942,.F.);
#2942 = EDGE_CURVE('',#690,#2935,#2943,.T.);
#2943 = LINE('',#2944,#2945);
#2944 = CARTESIAN_POINT('',(-85.080446,-0.19616860841,34.));
#2945 = VECTOR('',#2946,1.);
#2946 = DIRECTION('',(1.,0.,0.));
#2947 = PLANE('',#2948);
#2948 = AXIS2_PLACEMENT_3D('',#2949,#2950,#2951);
#2949 = CARTESIAN_POINT('',(-85.080446,4.999983814296,37.));
#2950 = DIRECTION('',(0.,0.5,-0.866025403784));
#2951 = DIRECTION('',(0.,-0.866025403784,-0.5));
#2952 = ADVANCED_FACE('',(#2953),#2971,.T.);
#2953 = FACE_BOUND('',#2954,.T.);
#2954 = EDGE_LOOP('',(#2955,#2956,#2957,#2965));
#2955 = ORIENTED_EDGE('',*,*,#689,.F.);
#2956 = ORIENTED_EDGE('',*,*,#2942,.T.);
#2957 = ORIENTED_EDGE('',*,*,#2958,.T.);
#2958 = EDGE_CURVE('',#2935,#2959,#2961,.T.);
#2959 = VERTEX_POINT('',#2960);
#2960 = CARTESIAN_POINT('',(-79.930446,-0.19616860841,28.));
#2961 = LINE('',#2962,#2963);
#2962 = CARTESIAN_POINT('',(-79.930446,-0.19616860841,19.5));
#2963 = VECTOR('',#2964,1.);
#2964 = DIRECTION('',(0.,5.E-17,-1.));
#2965 = ORIENTED_EDGE('',*,*,#2966,.F.);
#2966 = EDGE_CURVE('',#682,#2959,#2967,.T.);
#2967 = LINE('',#2968,#2969);
#2968 = CARTESIAN_POINT('',(-85.080446,-0.19616860841,28.));
#2969 = VECTOR('',#2970,1.);
#2970 = DIRECTION('',(1.,0.,0.));
#2971 = PLANE('',#2972);
#2972 = AXIS2_PLACEMENT_3D('',#2973,#2974,#2975);
#2973 = CARTESIAN_POINT('',(-85.080446,-0.19616860841,34.));
#2974 = DIRECTION('',(0.,1.,5.E-17));
#2975 = DIRECTION('',(0.,5.E-17,-1.));
#2976 = ADVANCED_FACE('',(#2977),#2995,.T.);
#2977 = FACE_BOUND('',#2978,.T.);
#2978 = EDGE_LOOP('',(#2979,#2980,#2981,#2989));
#2979 = ORIENTED_EDGE('',*,*,#681,.F.);
#2980 = ORIENTED_EDGE('',*,*,#2966,.T.);
#2981 = ORIENTED_EDGE('',*,*,#2982,.T.);
#2982 = EDGE_CURVE('',#2959,#2983,#2985,.T.);
#2983 = VERTEX_POINT('',#2984);
#2984 = CARTESIAN_POINT('',(-79.930446,4.999983814296,25.));
#2985 = LINE('',#2986,#2987);
#2986 = CARTESIAN_POINT('',(-79.930446,-4.836709308496,30.67921742238));
#2987 = VECTOR('',#2988,1.);
#2988 = DIRECTION('',(0.,0.866025403784,-0.5));
#2989 = ORIENTED_EDGE('',*,*,#2990,.F.);
#2990 = EDGE_CURVE('',#674,#2983,#2991,.T.);
#2991 = LINE('',#2992,#2993);
#2992 = CARTESIAN_POINT('',(-85.080446,4.999983814296,25.));
#2993 = VECTOR('',#2994,1.);
#2994 = DIRECTION('',(1.,0.,0.));
#2995 = PLANE('',#2996);
#2996 = AXIS2_PLACEMENT_3D('',#2997,#2998,#2999);
#2997 = CARTESIAN_POINT('',(-85.080446,-0.19616860841,28.));
#2998 = DIRECTION('',(0.,0.5,0.866025403784));
#2999 = DIRECTION('',(0.,0.866025403784,-0.5));
#3000 = ADVANCED_FACE('',(#3001),#3019,.T.);
#3001 = FACE_BOUND('',#3002,.T.);
#3002 = EDGE_LOOP('',(#3003,#3004,#3005,#3013));
#3003 = ORIENTED_EDGE('',*,*,#673,.F.);
#3004 = ORIENTED_EDGE('',*,*,#2990,.T.);
#3005 = ORIENTED_EDGE('',*,*,#3006,.T.);
#3006 = EDGE_CURVE('',#2983,#3007,#3009,.T.);
#3007 = VERTEX_POINT('',#3008);
#3008 = CARTESIAN_POINT('',(-79.930446,10.196136237003,28.));
#3009 = LINE('',#3010,#3011);
#3010 = CARTESIAN_POINT('',(-79.930446,-10.89888713498,15.82078257762));
#3011 = VECTOR('',#3012,1.);
#3012 = DIRECTION('',(0.,0.866025403784,0.5));
#3013 = ORIENTED_EDGE('',*,*,#3014,.F.);
#3014 = EDGE_CURVE('',#666,#3007,#3015,.T.);
#3015 = LINE('',#3016,#3017);
#3016 = CARTESIAN_POINT('',(-85.080446,10.196136237003,28.));
#3017 = VECTOR('',#3018,1.);
#3018 = DIRECTION('',(1.,0.,0.));
#3019 = PLANE('',#3020);
#3020 = AXIS2_PLACEMENT_3D('',#3021,#3022,#3023);
#3021 = CARTESIAN_POINT('',(-85.080446,4.999983814296,25.));
#3022 = DIRECTION('',(0.,-0.5,0.866025403784));
#3023 = DIRECTION('',(0.,0.866025403784,0.5));
#3024 = ADVANCED_FACE('',(#3025),#3036,.T.);
#3025 = FACE_BOUND('',#3026,.T.);
#3026 = EDGE_LOOP('',(#3027,#3028,#3029,#3035));
#3027 = ORIENTED_EDGE('',*,*,#665,.F.);
#3028 = ORIENTED_EDGE('',*,*,#3014,.T.);
#3029 = ORIENTED_EDGE('',*,*,#3030,.T.);
#3030 = EDGE_CURVE('',#3007,#2903,#3031,.T.);
#3031 = LINE('',#3032,#3033);
#3032 = CARTESIAN_POINT('',(-79.930446,10.196136237003,16.5));
#3033 = VECTOR('',#3034,1.);
#3034 = DIRECTION('',(0.,0.,1.));
#3035 = ORIENTED_EDGE('',*,*,#2902,.F.);
#3036 = PLANE('',#3037);
#3037 = AXIS2_PLACEMENT_3D('',#3038,#3039,#3040);
#3038 = CARTESIAN_POINT('',(-85.080446,10.196136237003,28.));
#3039 = DIRECTION('',(0.,-1.,0.));
#3040 = DIRECTION('',(0.,0.,1.));
#3041 = ADVANCED_FACE('',(#3042),#3067,.T.);
#3042 = FACE_BOUND('',#3043,.T.);
#3043 = EDGE_LOOP('',(#3044,#3045,#3053,#3061));
#3044 = ORIENTED_EDGE('',*,*,#705,.F.);
#3045 = ORIENTED_EDGE('',*,*,#3046,.T.);
#3046 = EDGE_CURVE('',#706,#3047,#3049,.T.);
#3047 = VERTEX_POINT('',#3048);
#3048 = CARTESIAN_POINT('',(-79.930446,28.196136237003,23.607695154587)
  );
#3049 = LINE('',#3050,#3051);
#3050 = CARTESIAN_POINT('',(-85.080446,28.196136237003,23.607695154587)
  );
#3051 = VECTOR('',#3052,1.);
#3052 = DIRECTION('',(1.,0.,0.));
#3053 = ORIENTED_EDGE('',*,*,#3054,.T.);
#3054 = EDGE_CURVE('',#3047,#3055,#3057,.T.);
#3055 = VERTEX_POINT('',#3056);
#3056 = CARTESIAN_POINT('',(-79.930446,22.999983814296,26.607695154587)
  );
#3057 = LINE('',#3058,#3059);
#3058 = CARTESIAN_POINT('',(-79.930446,11.957519325564,32.983064999673)
  );
#3059 = VECTOR('',#3060,1.);
#3060 = DIRECTION('',(0.,-0.866025403784,0.5));
#3061 = ORIENTED_EDGE('',*,*,#3062,.F.);
#3062 = EDGE_CURVE('',#708,#3055,#3063,.T.);
#3063 = LINE('',#3064,#3065);
#3064 = CARTESIAN_POINT('',(-85.080446,22.999983814296,26.607695154587)
  );
#3065 = VECTOR('',#3066,1.);
#3066 = DIRECTION('',(1.,0.,0.));
#3067 = PLANE('',#3068);
#3068 = AXIS2_PLACEMENT_3D('',#3069,#3070,#3071);
#3069 = CARTESIAN_POINT('',(-85.080446,28.196136237003,23.607695154587)
  );
#3070 = DIRECTION('',(0.,-0.5,-0.866025403784));
#3071 = DIRECTION('',(0.,-0.866025403784,0.5));
#3072 = ADVANCED_FACE('',(#3073),#3091,.T.);
#3073 = FACE_BOUND('',#3074,.T.);
#3074 = EDGE_LOOP('',(#3075,#3076,#3077,#3085));
#3075 = ORIENTED_EDGE('',*,*,#747,.F.);
#3076 = ORIENTED_EDGE('',*,*,#3062,.T.);
#3077 = ORIENTED_EDGE('',*,*,#3078,.T.);
#3078 = EDGE_CURVE('',#3055,#3079,#3081,.T.);
#3079 = VERTEX_POINT('',#3080);
#3080 = CARTESIAN_POINT('',(-79.930446,17.80383139159,23.607695154587));
#3081 = LINE('',#3082,#3083);
#3082 = CARTESIAN_POINT('',(-79.930446,3.036653659576E-03,
    13.330401520854));
#3083 = VECTOR('',#3084,1.);
#3084 = DIRECTION('',(-0.,-0.866025403784,-0.5));
#3085 = ORIENTED_EDGE('',*,*,#3086,.F.);
#3086 = EDGE_CURVE('',#740,#3079,#3087,.T.);
#3087 = LINE('',#3088,#3089);
#3088 = CARTESIAN_POINT('',(-85.080446,17.80383139159,23.607695154587));
#3089 = VECTOR('',#3090,1.);
#3090 = DIRECTION('',(1.,0.,0.));
#3091 = PLANE('',#3092);
#3092 = AXIS2_PLACEMENT_3D('',#3093,#3094,#3095);
#3093 = CARTESIAN_POINT('',(-85.080446,22.999983814296,26.607695154587)
  );
#3094 = DIRECTION('',(0.,0.5,-0.866025403784));
#3095 = DIRECTION('',(0.,-0.866025403784,-0.5));
#3096 = ADVANCED_FACE('',(#3097),#3115,.T.);
#3097 = FACE_BOUND('',#3098,.T.);
#3098 = EDGE_LOOP('',(#3099,#3100,#3101,#3109));
#3099 = ORIENTED_EDGE('',*,*,#739,.F.);
#3100 = ORIENTED_EDGE('',*,*,#3086,.T.);
#3101 = ORIENTED_EDGE('',*,*,#3102,.T.);
#3102 = EDGE_CURVE('',#3079,#3103,#3105,.T.);
#3103 = VERTEX_POINT('',#3104);
#3104 = CARTESIAN_POINT('',(-79.930446,17.80383139159,17.607695154587));
#3105 = LINE('',#3106,#3107);
#3106 = CARTESIAN_POINT('',(-79.930446,17.80383139159,14.303847577293));
#3107 = VECTOR('',#3108,1.);
#3108 = DIRECTION('',(0.,0.,-1.));
#3109 = ORIENTED_EDGE('',*,*,#3110,.F.);
#3110 = EDGE_CURVE('',#732,#3103,#3111,.T.);
#3111 = LINE('',#3112,#3113);
#3112 = CARTESIAN_POINT('',(-85.080446,17.80383139159,17.607695154587));
#3113 = VECTOR('',#3114,1.);
#3114 = DIRECTION('',(1.,0.,0.));
#3115 = PLANE('',#3116);
#3116 = AXIS2_PLACEMENT_3D('',#3117,#3118,#3119);
#3117 = CARTESIAN_POINT('',(-85.080446,17.80383139159,23.607695154587));
#3118 = DIRECTION('',(0.,1.,0.));
#3119 = DIRECTION('',(0.,0.,-1.));
#3120 = ADVANCED_FACE('',(#3121),#3139,.T.);
#3121 = FACE_BOUND('',#3122,.T.);
#3122 = EDGE_LOOP('',(#3123,#3124,#3125,#3133));
#3123 = ORIENTED_EDGE('',*,*,#731,.F.);
#3124 = ORIENTED_EDGE('',*,*,#3110,.T.);
#3125 = ORIENTED_EDGE('',*,*,#3126,.T.);
#3126 = EDGE_CURVE('',#3103,#3127,#3129,.T.);
#3127 = VERTEX_POINT('',#3128);
#3128 = CARTESIAN_POINT('',(-79.930446,22.999983814296,14.607695154587)
  );
#3129 = LINE('',#3130,#3131);
#3130 = CARTESIAN_POINT('',(-79.930446,4.163290691504,25.483064999673));
#3131 = VECTOR('',#3132,1.);
#3132 = DIRECTION('',(0.,0.866025403784,-0.5));
#3133 = ORIENTED_EDGE('',*,*,#3134,.F.);
#3134 = EDGE_CURVE('',#724,#3127,#3135,.T.);
#3135 = LINE('',#3136,#3137);
#3136 = CARTESIAN_POINT('',(-85.080446,22.999983814296,14.607695154587)
  );
#3137 = VECTOR('',#3138,1.);
#3138 = DIRECTION('',(1.,0.,0.));
#3139 = PLANE('',#3140);
#3140 = AXIS2_PLACEMENT_3D('',#3141,#3142,#3143);
#3141 = CARTESIAN_POINT('',(-85.080446,17.80383139159,17.607695154587));
#3142 = DIRECTION('',(0.,0.5,0.866025403784));
#3143 = DIRECTION('',(0.,0.866025403784,-0.5));
#3144 = ADVANCED_FACE('',(#3145),#3163,.T.);
#3145 = FACE_BOUND('',#3146,.T.);
#3146 = EDGE_LOOP('',(#3147,#3148,#3149,#3157));
#3147 = ORIENTED_EDGE('',*,*,#723,.F.);
#3148 = ORIENTED_EDGE('',*,*,#3134,.T.);
#3149 = ORIENTED_EDGE('',*,*,#3150,.T.);
#3150 = EDGE_CURVE('',#3127,#3151,#3153,.T.);
#3151 = VERTEX_POINT('',#3152);
#3152 = CARTESIAN_POINT('',(-79.930446,28.196136237003,17.607695154587)
  );
#3153 = LINE('',#3154,#3155);
#3154 = CARTESIAN_POINT('',(-79.930446,2.601112865013,2.830401520854));
#3155 = VECTOR('',#3156,1.);
#3156 = DIRECTION('',(0.,0.866025403784,0.5));
#3157 = ORIENTED_EDGE('',*,*,#3158,.F.);
#3158 = EDGE_CURVE('',#716,#3151,#3159,.T.);
#3159 = LINE('',#3160,#3161);
#3160 = CARTESIAN_POINT('',(-85.080446,28.196136237003,17.607695154587)
  );
#3161 = VECTOR('',#3162,1.);
#3162 = DIRECTION('',(1.,0.,0.));
#3163 = PLANE('',#3164);
#3164 = AXIS2_PLACEMENT_3D('',#3165,#3166,#3167);
#3165 = CARTESIAN_POINT('',(-85.080446,22.999983814296,14.607695154587)
  );
#3166 = DIRECTION('',(0.,-0.5,0.866025403784));
#3167 = DIRECTION('',(0.,0.866025403784,0.5));
#3168 = ADVANCED_FACE('',(#3169),#3180,.T.);
#3169 = FACE_BOUND('',#3170,.T.);
#3170 = EDGE_LOOP('',(#3171,#3172,#3173,#3179));
#3171 = ORIENTED_EDGE('',*,*,#715,.F.);
#3172 = ORIENTED_EDGE('',*,*,#3158,.T.);
#3173 = ORIENTED_EDGE('',*,*,#3174,.T.);
#3174 = EDGE_CURVE('',#3151,#3047,#3175,.T.);
#3175 = LINE('',#3176,#3177);
#3176 = CARTESIAN_POINT('',(-79.930446,28.196136237003,11.303847577293)
  );
#3177 = VECTOR('',#3178,1.);
#3178 = DIRECTION('',(0.,0.,1.));
#3179 = ORIENTED_EDGE('',*,*,#3046,.F.);
#3180 = PLANE('',#3181);
#3181 = AXIS2_PLACEMENT_3D('',#3182,#3183,#3184);
#3182 = CARTESIAN_POINT('',(-85.080446,28.196136237003,17.607695154587)
  );
#3183 = DIRECTION('',(0.,-1.,0.));
#3184 = DIRECTION('',(0.,0.,1.));
#3185 = ADVANCED_FACE('',(#3186),#3211,.T.);
#3186 = FACE_BOUND('',#3187,.T.);
#3187 = EDGE_LOOP('',(#3188,#3189,#3197,#3205));
#3188 = ORIENTED_EDGE('',*,*,#755,.F.);
#3189 = ORIENTED_EDGE('',*,*,#3190,.T.);
#3190 = EDGE_CURVE('',#756,#3191,#3193,.T.);
#3191 = VERTEX_POINT('',#3192);
#3192 = CARTESIAN_POINT('',(-79.930446,16.196136237003,23.607695154587)
  );
#3193 = LINE('',#3194,#3195);
#3194 = CARTESIAN_POINT('',(-85.080446,16.196136237003,23.607695154587)
  );
#3195 = VECTOR('',#3196,1.);
#3196 = DIRECTION('',(1.,0.,0.));
#3197 = ORIENTED_EDGE('',*,*,#3198,.T.);
#3198 = EDGE_CURVE('',#3191,#3199,#3201,.T.);
#3199 = VERTEX_POINT('',#3200);
#3200 = CARTESIAN_POINT('',(-79.930446,10.999983814296,26.607695154587)
  );
#3201 = LINE('',#3202,#3203);
#3202 = CARTESIAN_POINT('',(-79.930446,4.457519325564,30.38498878832));
#3203 = VECTOR('',#3204,1.);
#3204 = DIRECTION('',(0.,-0.866025403784,0.5));
#3205 = ORIENTED_EDGE('',*,*,#3206,.F.);
#3206 = EDGE_CURVE('',#758,#3199,#3207,.T.);
#3207 = LINE('',#3208,#3209);
#3208 = CARTESIAN_POINT('',(-85.080446,10.999983814296,26.607695154587)
  );
#3209 = VECTOR('',#3210,1.);
#3210 = DIRECTION('',(1.,0.,0.));
#3211 = PLANE('',#3212);
#3212 = AXIS2_PLACEMENT_3D('',#3213,#3214,#3215);
#3213 = CARTESIAN_POINT('',(-85.080446,16.196136237003,23.607695154587)
  );
#3214 = DIRECTION('',(0.,-0.5,-0.866025403784));
#3215 = DIRECTION('',(0.,-0.866025403784,0.5));
#3216 = ADVANCED_FACE('',(#3217),#3235,.T.);
#3217 = FACE_BOUND('',#3218,.T.);
#3218 = EDGE_LOOP('',(#3219,#3220,#3221,#3229));
#3219 = ORIENTED_EDGE('',*,*,#797,.F.);
#3220 = ORIENTED_EDGE('',*,*,#3206,.T.);
#3221 = ORIENTED_EDGE('',*,*,#3222,.T.);
#3222 = EDGE_CURVE('',#3199,#3223,#3225,.T.);
#3223 = VERTEX_POINT('',#3224);
#3224 = CARTESIAN_POINT('',(-79.930446,5.80383139159,23.607695154587));
#3225 = LINE('',#3226,#3227);
#3226 = CARTESIAN_POINT('',(-79.930446,-7.49696334634,15.928477732207));
#3227 = VECTOR('',#3228,1.);
#3228 = DIRECTION('',(-0.,-0.866025403784,-0.5));
#3229 = ORIENTED_EDGE('',*,*,#3230,.F.);
#3230 = EDGE_CURVE('',#790,#3223,#3231,.T.);
#3231 = LINE('',#3232,#3233);
#3232 = CARTESIAN_POINT('',(-85.080446,5.80383139159,23.607695154587));
#3233 = VECTOR('',#3234,1.);
#3234 = DIRECTION('',(1.,0.,0.));
#3235 = PLANE('',#3236);
#3236 = AXIS2_PLACEMENT_3D('',#3237,#3238,#3239);
#3237 = CARTESIAN_POINT('',(-85.080446,10.999983814296,26.607695154587)
  );
#3238 = DIRECTION('',(0.,0.5,-0.866025403784));
#3239 = DIRECTION('',(0.,-0.866025403784,-0.5));
#3240 = ADVANCED_FACE('',(#3241),#3259,.T.);
#3241 = FACE_BOUND('',#3242,.T.);
#3242 = EDGE_LOOP('',(#3243,#3244,#3245,#3253));
#3243 = ORIENTED_EDGE('',*,*,#789,.F.);
#3244 = ORIENTED_EDGE('',*,*,#3230,.T.);
#3245 = ORIENTED_EDGE('',*,*,#3246,.T.);
#3246 = EDGE_CURVE('',#3223,#3247,#3249,.T.);
#3247 = VERTEX_POINT('',#3248);
#3248 = CARTESIAN_POINT('',(-79.930446,5.80383139159,17.607695154587));
#3249 = LINE('',#3250,#3251);
#3250 = CARTESIAN_POINT('',(-79.930446,5.80383139159,14.303847577293));
#3251 = VECTOR('',#3252,1.);
#3252 = DIRECTION('',(0.,0.,-1.));
#3253 = ORIENTED_EDGE('',*,*,#3254,.F.);
#3254 = EDGE_CURVE('',#782,#3247,#3255,.T.);
#3255 = LINE('',#3256,#3257);
#3256 = CARTESIAN_POINT('',(-85.080446,5.80383139159,17.607695154587));
#3257 = VECTOR('',#3258,1.);
#3258 = DIRECTION('',(1.,0.,0.));
#3259 = PLANE('',#3260);
#3260 = AXIS2_PLACEMENT_3D('',#3261,#3262,#3263);
#3261 = CARTESIAN_POINT('',(-85.080446,5.80383139159,23.607695154587));
#3262 = DIRECTION('',(0.,1.,0.));
#3263 = DIRECTION('',(0.,0.,-1.));
#3264 = ADVANCED_FACE('',(#3265),#3283,.T.);
#3265 = FACE_BOUND('',#3266,.T.);
#3266 = EDGE_LOOP('',(#3267,#3268,#3269,#3277));
#3267 = ORIENTED_EDGE('',*,*,#781,.F.);
#3268 = ORIENTED_EDGE('',*,*,#3254,.T.);
#3269 = ORIENTED_EDGE('',*,*,#3270,.T.);
#3270 = EDGE_CURVE('',#3247,#3271,#3273,.T.);
#3271 = VERTEX_POINT('',#3272);
#3272 = CARTESIAN_POINT('',(-79.930446,10.999983814296,14.607695154587)
  );
#3273 = LINE('',#3274,#3275);
#3274 = CARTESIAN_POINT('',(-79.930446,-3.336709308496,22.88498878832));
#3275 = VECTOR('',#3276,1.);
#3276 = DIRECTION('',(0.,0.866025403784,-0.5));
#3277 = ORIENTED_EDGE('',*,*,#3278,.F.);
#3278 = EDGE_CURVE('',#774,#3271,#3279,.T.);
#3279 = LINE('',#3280,#3281);
#3280 = CARTESIAN_POINT('',(-85.080446,10.999983814296,14.607695154587)
  );
#3281 = VECTOR('',#3282,1.);
#3282 = DIRECTION('',(1.,0.,0.));
#3283 = PLANE('',#3284);
#3284 = AXIS2_PLACEMENT_3D('',#3285,#3286,#3287);
#3285 = CARTESIAN_POINT('',(-85.080446,5.80383139159,17.607695154587));
#3286 = DIRECTION('',(0.,0.5,0.866025403784));
#3287 = DIRECTION('',(0.,0.866025403784,-0.5));
#3288 = ADVANCED_FACE('',(#3289),#3307,.T.);
#3289 = FACE_BOUND('',#3290,.T.);
#3290 = EDGE_LOOP('',(#3291,#3292,#3293,#3301));
#3291 = ORIENTED_EDGE('',*,*,#773,.F.);
#3292 = ORIENTED_EDGE('',*,*,#3278,.T.);
#3293 = ORIENTED_EDGE('',*,*,#3294,.T.);
#3294 = EDGE_CURVE('',#3271,#3295,#3297,.T.);
#3295 = VERTEX_POINT('',#3296);
#3296 = CARTESIAN_POINT('',(-79.930446,16.196136237003,17.607695154587)
  );
#3297 = LINE('',#3298,#3299);
#3298 = CARTESIAN_POINT('',(-79.930446,-4.898887134987,5.428477732207));
#3299 = VECTOR('',#3300,1.);
#3300 = DIRECTION('',(0.,0.866025403784,0.5));
#3301 = ORIENTED_EDGE('',*,*,#3302,.F.);
#3302 = EDGE_CURVE('',#766,#3295,#3303,.T.);
#3303 = LINE('',#3304,#3305);
#3304 = CARTESIAN_POINT('',(-85.080446,16.196136237003,17.607695154587)
  );
#3305 = VECTOR('',#3306,1.);
#3306 = DIRECTION('',(1.,0.,0.));
#3307 = PLANE('',#3308);
#3308 = AXIS2_PLACEMENT_3D('',#3309,#3310,#3311);
#3309 = CARTESIAN_POINT('',(-85.080446,10.999983814296,14.607695154587)
  );
#3310 = DIRECTION('',(0.,-0.5,0.866025403784));
#3311 = DIRECTION('',(0.,0.866025403784,0.5));
#3312 = ADVANCED_FACE('',(#3313),#3324,.T.);
#3313 = FACE_BOUND('',#3314,.T.);
#3314 = EDGE_LOOP('',(#3315,#3316,#3317,#3323));
#3315 = ORIENTED_EDGE('',*,*,#765,.F.);
#3316 = ORIENTED_EDGE('',*,*,#3302,.T.);
#3317 = ORIENTED_EDGE('',*,*,#3318,.T.);
#3318 = EDGE_CURVE('',#3295,#3191,#3319,.T.);
#3319 = LINE('',#3320,#3321);
#3320 = CARTESIAN_POINT('',(-79.930446,16.196136237003,11.303847577293)
  );
#3321 = VECTOR('',#3322,1.);
#3322 = DIRECTION('',(0.,0.,1.));
#3323 = ORIENTED_EDGE('',*,*,#3190,.F.);
#3324 = PLANE('',#3325);
#3325 = AXIS2_PLACEMENT_3D('',#3326,#3327,#3328);
#3326 = CARTESIAN_POINT('',(-85.080446,16.196136237003,17.607695154587)
  );
#3327 = DIRECTION('',(0.,-1.,0.));
#3328 = DIRECTION('',(0.,0.,1.));
#3329 = ADVANCED_FACE('',(#3330,#3341,#3375,#3409,#3443,#3454,#3488,
    #3522),#3556,.F.);
#3330 = FACE_BOUND('',#3331,.F.);
#3331 = EDGE_LOOP('',(#3332,#3333,#3339,#3340));
#3332 = ORIENTED_EDGE('',*,*,#855,.F.);
#3333 = ORIENTED_EDGE('',*,*,#3334,.T.);
#3334 = EDGE_CURVE('',#847,#1054,#3335,.T.);
#3335 = LINE('',#3336,#3337);
#3336 = CARTESIAN_POINT('',(87.419554,89.,5.));
#3337 = VECTOR('',#3338,1.);
#3338 = DIRECTION('',(0.,0.,1.));
#3339 = ORIENTED_EDGE('',*,*,#1062,.T.);
#3340 = ORIENTED_EDGE('',*,*,#976,.F.);
#3341 = FACE_BOUND('',#3342,.F.);
#3342 = EDGE_LOOP('',(#3343,#3353,#3361,#3369));
#3343 = ORIENTED_EDGE('',*,*,#3344,.F.);
#3344 = EDGE_CURVE('',#3345,#3347,#3349,.T.);
#3345 = VERTEX_POINT('',#3346);
#3346 = CARTESIAN_POINT('',(79.919554,89.,53.));
#3347 = VERTEX_POINT('',#3348);
#3348 = CARTESIAN_POINT('',(48.219554,89.,53.));
#3349 = LINE('',#3350,#3351);
#3350 = CARTESIAN_POINT('',(79.919554,89.,53.));
#3351 = VECTOR('',#3352,1.);
#3352 = DIRECTION('',(-1.,0.,0.));
#3353 = ORIENTED_EDGE('',*,*,#3354,.F.);
#3354 = EDGE_CURVE('',#3355,#3345,#3357,.T.);
#3355 = VERTEX_POINT('',#3356);
#3356 = CARTESIAN_POINT('',(79.919554,89.,45.5));
#3357 = LINE('',#3358,#3359);
#3358 = CARTESIAN_POINT('',(79.919554,89.,45.5));
#3359 = VECTOR('',#3360,1.);
#3360 = DIRECTION('',(0.,0.,1.));
#3361 = ORIENTED_EDGE('',*,*,#3362,.F.);
#3362 = EDGE_CURVE('',#3363,#3355,#3365,.T.);
#3363 = VERTEX_POINT('',#3364);
#3364 = CARTESIAN_POINT('',(48.219554,89.,45.5));
#3365 = LINE('',#3366,#3367);
#3366 = CARTESIAN_POINT('',(48.219554,89.,45.5));
#3367 = VECTOR('',#3368,1.);
#3368 = DIRECTION('',(1.,0.,0.));
#3369 = ORIENTED_EDGE('',*,*,#3370,.F.);
#3370 = EDGE_CURVE('',#3347,#3363,#3371,.T.);
#3371 = LINE('',#3372,#3373);
#3372 = CARTESIAN_POINT('',(48.219554,89.,53.));
#3373 = VECTOR('',#3374,1.);
#3374 = DIRECTION('',(0.,0.,-1.));
#3375 = FACE_BOUND('',#3376,.F.);
#3376 = EDGE_LOOP('',(#3377,#3387,#3395,#3403));
#3377 = ORIENTED_EDGE('',*,*,#3378,.F.);
#3378 = EDGE_CURVE('',#3379,#3381,#3383,.T.);
#3379 = VERTEX_POINT('',#3380);
#3380 = CARTESIAN_POINT('',(41.219554,89.,53.));
#3381 = VERTEX_POINT('',#3382);
#3382 = CARTESIAN_POINT('',(17.519554,89.,53.));
#3383 = LINE('',#3384,#3385);
#3384 = CARTESIAN_POINT('',(41.219554,89.,53.));
#3385 = VECTOR('',#3386,1.);
#3386 = DIRECTION('',(-1.,0.,0.));
#3387 = ORIENTED_EDGE('',*,*,#3388,.F.);
#3388 = EDGE_CURVE('',#3389,#3379,#3391,.T.);
#3389 = VERTEX_POINT('',#3390);
#3390 = CARTESIAN_POINT('',(41.219554,89.,45.500000000003));
#3391 = LINE('',#3392,#3393);
#3392 = CARTESIAN_POINT('',(41.219554,89.,45.500000000003));
#3393 = VECTOR('',#3394,1.);
#3394 = DIRECTION('',(0.,0.,1.));
#3395 = ORIENTED_EDGE('',*,*,#3396,.F.);
#3396 = EDGE_CURVE('',#3397,#3389,#3399,.T.);
#3397 = VERTEX_POINT('',#3398);
#3398 = CARTESIAN_POINT('',(17.519554,89.,45.500000000003));
#3399 = LINE('',#3400,#3401);
#3400 = CARTESIAN_POINT('',(17.519554,89.,45.500000000003));
#3401 = VECTOR('',#3402,1.);
#3402 = DIRECTION('',(1.,0.,0.));
#3403 = ORIENTED_EDGE('',*,*,#3404,.F.);
#3404 = EDGE_CURVE('',#3381,#3397,#3405,.T.);
#3405 = LINE('',#3406,#3407);
#3406 = CARTESIAN_POINT('',(17.519554,89.,53.));
#3407 = VECTOR('',#3408,1.);
#3408 = DIRECTION('',(0.,0.,-1.));
#3409 = FACE_BOUND('',#3410,.F.);
#3410 = EDGE_LOOP('',(#3411,#3421,#3429,#3437));
#3411 = ORIENTED_EDGE('',*,*,#3412,.F.);
#3412 = EDGE_CURVE('',#3413,#3415,#3417,.T.);
#3413 = VERTEX_POINT('',#3414);
#3414 = CARTESIAN_POINT('',(10.519554000003,89.,53.));
#3415 = VERTEX_POINT('',#3416);
#3416 = CARTESIAN_POINT('',(-5.680445999997,89.,53.));
#3417 = LINE('',#3418,#3419);
#3418 = CARTESIAN_POINT('',(10.519554000003,89.,53.));
#3419 = VECTOR('',#3420,1.);
#3420 = DIRECTION('',(-1.,0.,0.));
#3421 = ORIENTED_EDGE('',*,*,#3422,.F.);
#3422 = EDGE_CURVE('',#3423,#3413,#3425,.T.);
#3423 = VERTEX_POINT('',#3424);
#3424 = CARTESIAN_POINT('',(10.519554000003,89.,45.500000000007));
#3425 = LINE('',#3426,#3427);
#3426 = CARTESIAN_POINT('',(10.519554000003,89.,45.500000000007));
#3427 = VECTOR('',#3428,1.);
#3428 = DIRECTION('',(0.,0.,1.));
#3429 = ORIENTED_EDGE('',*,*,#3430,.F.);
#3430 = EDGE_CURVE('',#3431,#3423,#3433,.T.);
#3431 = VERTEX_POINT('',#3432);
#3432 = CARTESIAN_POINT('',(-5.680445999997,89.,45.500000000007));
#3433 = LINE('',#3434,#3435);
#3434 = CARTESIAN_POINT('',(-5.680445999997,89.,45.500000000007));
#3435 = VECTOR('',#3436,1.);
#3436 = DIRECTION('',(1.,0.,0.));
#3437 = ORIENTED_EDGE('',*,*,#3438,.F.);
#3438 = EDGE_CURVE('',#3415,#3431,#3439,.T.);
#3439 = LINE('',#3440,#3441);
#3440 = CARTESIAN_POINT('',(-5.680445999997,89.,53.));
#3441 = VECTOR('',#3442,1.);
#3442 = DIRECTION('',(0.,0.,-1.));
#3443 = FACE_BOUND('',#3444,.F.);
#3444 = EDGE_LOOP('',(#3445));
#3445 = ORIENTED_EDGE('',*,*,#3446,.F.);
#3446 = EDGE_CURVE('',#3447,#3447,#3449,.T.);
#3447 = VERTEX_POINT('',#3448);
#3448 = CARTESIAN_POINT('',(79.919554,89.,17.));
#3449 = CIRCLE('',#3450,7.6);
#3450 = AXIS2_PLACEMENT_3D('',#3451,#3452,#3453);
#3451 = CARTESIAN_POINT('',(72.319554,89.,17.));
#3452 = DIRECTION('',(0.,-1.,0.));
#3453 = DIRECTION('',(1.,0.,0.));
#3454 = FACE_BOUND('',#3455,.F.);
#3455 = EDGE_LOOP('',(#3456,#3466,#3474,#3482));
#3456 = ORIENTED_EDGE('',*,*,#3457,.F.);
#3457 = EDGE_CURVE('',#3458,#3460,#3462,.T.);
#3458 = VERTEX_POINT('',#3459);
#3459 = CARTESIAN_POINT('',(-21.880446,89.,29.5));
#3460 = VERTEX_POINT('',#3461);
#3461 = CARTESIAN_POINT('',(-38.880446,89.,29.5));
#3462 = LINE('',#3463,#3464);
#3463 = CARTESIAN_POINT('',(-21.880446,89.,29.5));
#3464 = VECTOR('',#3465,1.);
#3465 = DIRECTION('',(-1.,0.,0.));
#3466 = ORIENTED_EDGE('',*,*,#3467,.F.);
#3467 = EDGE_CURVE('',#3468,#3458,#3470,.T.);
#3468 = VERTEX_POINT('',#3469);
#3469 = CARTESIAN_POINT('',(-21.880446,89.,12.));
#3470 = LINE('',#3471,#3472);
#3471 = CARTESIAN_POINT('',(-21.880446,89.,12.));
#3472 = VECTOR('',#3473,1.);
#3473 = DIRECTION('',(0.,0.,1.));
#3474 = ORIENTED_EDGE('',*,*,#3475,.F.);
#3475 = EDGE_CURVE('',#3476,#3468,#3478,.T.);
#3476 = VERTEX_POINT('',#3477);
#3477 = CARTESIAN_POINT('',(-38.880446,89.,12.));
#3478 = LINE('',#3479,#3480);
#3479 = CARTESIAN_POINT('',(-38.880446,89.,12.));
#3480 = VECTOR('',#3481,1.);
#3481 = DIRECTION('',(1.,0.,0.));
#3482 = ORIENTED_EDGE('',*,*,#3483,.F.);
#3483 = EDGE_CURVE('',#3460,#3476,#3484,.T.);
#3484 = LINE('',#3485,#3486);
#3485 = CARTESIAN_POINT('',(-38.880446,89.,29.5));
#3486 = VECTOR('',#3487,1.);
#3487 = DIRECTION('',(0.,0.,-1.));
#3488 = FACE_BOUND('',#3489,.F.);
#3489 = EDGE_LOOP('',(#3490,#3500,#3508,#3516));
#3490 = ORIENTED_EDGE('',*,*,#3491,.F.);
#3491 = EDGE_CURVE('',#3492,#3494,#3496,.T.);
#3492 = VERTEX_POINT('',#3493);
#3493 = CARTESIAN_POINT('',(-40.180446,89.,29.5));
#3494 = VERTEX_POINT('',#3495);
#3495 = CARTESIAN_POINT('',(-57.180446,89.,29.5));
#3496 = LINE('',#3497,#3498);
#3497 = CARTESIAN_POINT('',(-40.180446,89.,29.5));
#3498 = VECTOR('',#3499,1.);
#3499 = DIRECTION('',(-1.,0.,0.));
#3500 = ORIENTED_EDGE('',*,*,#3501,.F.);
#3501 = EDGE_CURVE('',#3502,#3492,#3504,.T.);
#3502 = VERTEX_POINT('',#3503);
#3503 = CARTESIAN_POINT('',(-40.180446,89.,12.));
#3504 = LINE('',#3505,#3506);
#3505 = CARTESIAN_POINT('',(-40.180446,89.,12.));
#3506 = VECTOR('',#3507,1.);
#3507 = DIRECTION('',(0.,0.,1.));
#3508 = ORIENTED_EDGE('',*,*,#3509,.F.);
#3509 = EDGE_CURVE('',#3510,#3502,#3512,.T.);
#3510 = VERTEX_POINT('',#3511);
#3511 = CARTESIAN_POINT('',(-57.180446,89.,12.));
#3512 = LINE('',#3513,#3514);
#3513 = CARTESIAN_POINT('',(-57.180446,89.,12.));
#3514 = VECTOR('',#3515,1.);
#3515 = DIRECTION('',(1.,0.,0.));
#3516 = ORIENTED_EDGE('',*,*,#3517,.F.);
#3517 = EDGE_CURVE('',#3494,#3510,#3518,.T.);
#3518 = LINE('',#3519,#3520);
#3519 = CARTESIAN_POINT('',(-57.180446,89.,29.5));
#3520 = VECTOR('',#3521,1.);
#3521 = DIRECTION('',(0.,0.,-1.));
#3522 = FACE_BOUND('',#3523,.F.);
#3523 = EDGE_LOOP('',(#3524,#3534,#3542,#3550));
#3524 = ORIENTED_EDGE('',*,*,#3525,.F.);
#3525 = EDGE_CURVE('',#3526,#3528,#3530,.T.);
#3526 = VERTEX_POINT('',#3527);
#3527 = CARTESIAN_POINT('',(-58.480446,89.,29.5));
#3528 = VERTEX_POINT('',#3529);
#3529 = CARTESIAN_POINT('',(-75.480446,89.,29.5));
#3530 = LINE('',#3531,#3532);
#3531 = CARTESIAN_POINT('',(-58.480446,89.,29.5));
#3532 = VECTOR('',#3533,1.);
#3533 = DIRECTION('',(-1.,0.,0.));
#3534 = ORIENTED_EDGE('',*,*,#3535,.F.);
#3535 = EDGE_CURVE('',#3536,#3526,#3538,.T.);
#3536 = VERTEX_POINT('',#3537);
#3537 = CARTESIAN_POINT('',(-58.480446,89.,12.));
#3538 = LINE('',#3539,#3540);
#3539 = CARTESIAN_POINT('',(-58.480446,89.,12.));
#3540 = VECTOR('',#3541,1.);
#3541 = DIRECTION('',(0.,0.,1.));
#3542 = ORIENTED_EDGE('',*,*,#3543,.F.);
#3543 = EDGE_CURVE('',#3544,#3536,#3546,.T.);
#3544 = VERTEX_POINT('',#3545);
#3545 = CARTESIAN_POINT('',(-75.480446,89.,12.));
#3546 = LINE('',#3547,#3548);
#3547 = CARTESIAN_POINT('',(-75.480446,89.,12.));
#3548 = VECTOR('',#3549,1.);
#3549 = DIRECTION('',(1.,0.,0.));
#3550 = ORIENTED_EDGE('',*,*,#3551,.F.);
#3551 = EDGE_CURVE('',#3528,#3544,#3552,.T.);
#3552 = LINE('',#3553,#3554);
#3553 = CARTESIAN_POINT('',(-75.480446,89.,29.5));
#3554 = VECTOR('',#3555,1.);
#3555 = DIRECTION('',(0.,0.,-1.));
#3556 = PLANE('',#3557);
#3557 = AXIS2_PLACEMENT_3D('',#3558,#3559,#3560);
#3558 = CARTESIAN_POINT('',(87.419554,89.,5.));
#3559 = DIRECTION('',(0.,-1.,0.));
#3560 = DIRECTION('',(-1.,0.,0.));
#3561 = ADVANCED_FACE('',(#3562,#3573),#3623,.F.);
#3562 = FACE_BOUND('',#3563,.F.);
#3563 = EDGE_LOOP('',(#3564,#3565,#3566,#3567));
#3564 = ORIENTED_EDGE('',*,*,#821,.F.);
#3565 = ORIENTED_EDGE('',*,*,#1011,.T.);
#3566 = ORIENTED_EDGE('',*,*,#1028,.T.);
#3567 = ORIENTED_EDGE('',*,*,#3568,.F.);
#3568 = EDGE_CURVE('',#822,#1029,#3569,.T.);
#3569 = LINE('',#3570,#3571);
#3570 = CARTESIAN_POINT('',(87.419554,-31.,5.));
#3571 = VECTOR('',#3572,1.);
#3572 = DIRECTION('',(0.,0.,1.));
#3573 = FACE_BOUND('',#3574,.F.);
#3574 = EDGE_LOOP('',(#3575,#3585,#3593,#3601,#3609,#3617));
#3575 = ORIENTED_EDGE('',*,*,#3576,.T.);
#3576 = EDGE_CURVE('',#3577,#3579,#3581,.T.);
#3577 = VERTEX_POINT('',#3578);
#3578 = CARTESIAN_POINT('',(23.106087479479,-31.,16.999999999995));
#3579 = VERTEX_POINT('',#3580);
#3580 = CARTESIAN_POINT('',(23.106087479474,-31.,37.999999999999));
#3581 = LINE('',#3582,#3583);
#3582 = CARTESIAN_POINT('',(23.106087479479,-31.,16.999999999995));
#3583 = VECTOR('',#3584,1.);
#3584 = DIRECTION('',(-2.0843E-13,0.,1.));
#3585 = ORIENTED_EDGE('',*,*,#3586,.T.);
#3586 = EDGE_CURVE('',#3579,#3587,#3589,.T.);
#3587 = VERTEX_POINT('',#3588);
#3588 = CARTESIAN_POINT('',(4.919554,-31.,48.499999999999));
#3589 = LINE('',#3590,#3591);
#3590 = CARTESIAN_POINT('',(23.106087479474,-31.,37.999999999999));
#3591 = VECTOR('',#3592,1.);
#3592 = DIRECTION('',(-0.866025403784,0.,0.5));
#3593 = ORIENTED_EDGE('',*,*,#3594,.T.);
#3594 = EDGE_CURVE('',#3587,#3595,#3597,.T.);
#3595 = VERTEX_POINT('',#3596);
#3596 = CARTESIAN_POINT('',(-13.26697947948,-31.,38.000000000011));
#3597 = LINE('',#3598,#3599);
#3598 = CARTESIAN_POINT('',(4.919554,-31.,48.499999999999));
#3599 = VECTOR('',#3600,1.);
#3600 = DIRECTION('',(-0.866025403785,-0.,-0.499999999999));
#3601 = ORIENTED_EDGE('',*,*,#3602,.T.);
#3602 = EDGE_CURVE('',#3595,#3603,#3605,.T.);
#3603 = VERTEX_POINT('',#3604);
#3604 = CARTESIAN_POINT('',(-13.26697947947,-31.,17.000000000001));
#3605 = LINE('',#3606,#3607);
#3606 = CARTESIAN_POINT('',(-13.26697947948,-31.,38.000000000011));
#3607 = VECTOR('',#3608,1.);
#3608 = DIRECTION('',(2.3186E-13,0.,-1.));
#3609 = ORIENTED_EDGE('',*,*,#3610,.T.);
#3610 = EDGE_CURVE('',#3603,#3611,#3613,.T.);
#3611 = VERTEX_POINT('',#3612);
#3612 = CARTESIAN_POINT('',(4.919553999998,-31.,6.5));
#3613 = LINE('',#3614,#3615);
#3614 = CARTESIAN_POINT('',(-13.26697947947,-31.,17.000000000001));
#3615 = VECTOR('',#3616,1.);
#3616 = DIRECTION('',(0.866025403784,0.,-0.5));
#3617 = ORIENTED_EDGE('',*,*,#3618,.T.);
#3618 = EDGE_CURVE('',#3611,#3577,#3619,.T.);
#3619 = LINE('',#3620,#3621);
#3620 = CARTESIAN_POINT('',(4.919553999998,-31.,6.5));
#3621 = VECTOR('',#3622,1.);
#3622 = DIRECTION('',(0.866025403785,0.,0.5));
#3623 = PLANE('',#3624);
#3624 = AXIS2_PLACEMENT_3D('',#3625,#3626,#3627);
#3625 = CARTESIAN_POINT('',(-77.580446,-31.,5.));
#3626 = DIRECTION('',(0.,1.,0.));
#3627 = DIRECTION('',(1.,0.,0.));
#3628 = ADVANCED_FACE('',(#3629),#3640,.T.);
#3629 = FACE_BOUND('',#3630,.F.);
#3630 = EDGE_LOOP('',(#3631,#3632,#3638,#3639));
#3631 = ORIENTED_EDGE('',*,*,#846,.F.);
#3632 = ORIENTED_EDGE('',*,*,#3633,.T.);
#3633 = EDGE_CURVE('',#839,#1046,#3634,.T.);
#3634 = LINE('',#3635,#3636);
#3635 = CARTESIAN_POINT('',(94.919554,81.5,5.));
#3636 = VECTOR('',#3637,1.);
#3637 = DIRECTION('',(0.,0.,1.));
#3638 = ORIENTED_EDGE('',*,*,#1053,.F.);
#3639 = ORIENTED_EDGE('',*,*,#3334,.F.);
#3640 = CYLINDRICAL_SURFACE('',#3641,7.5);
#3641 = AXIS2_PLACEMENT_3D('',#3642,#3643,#3644);
#3642 = CARTESIAN_POINT('',(87.419554,81.5,5.));
#3643 = DIRECTION('',(-0.,-0.,-1.));
#3644 = DIRECTION('',(1.,0.,0.));
#3645 = ADVANCED_FACE('',(#3646),#3657,.T.);
#3646 = FACE_BOUND('',#3647,.F.);
#3647 = EDGE_LOOP('',(#3648,#3649,#3650,#3651));
#3648 = ORIENTED_EDGE('',*,*,#829,.F.);
#3649 = ORIENTED_EDGE('',*,*,#3568,.T.);
#3650 = ORIENTED_EDGE('',*,*,#1036,.F.);
#3651 = ORIENTED_EDGE('',*,*,#3652,.F.);
#3652 = EDGE_CURVE('',#830,#1037,#3653,.T.);
#3653 = LINE('',#3654,#3655);
#3654 = CARTESIAN_POINT('',(94.919554,-23.5,5.));
#3655 = VECTOR('',#3656,1.);
#3656 = DIRECTION('',(0.,0.,1.));
#3657 = CYLINDRICAL_SURFACE('',#3658,7.5);
#3658 = AXIS2_PLACEMENT_3D('',#3659,#3660,#3661);
#3659 = CARTESIAN_POINT('',(87.419554,-23.5,5.));
#3660 = DIRECTION('',(-0.,-0.,-1.));
#3661 = DIRECTION('',(1.,0.,0.));
#3662 = ADVANCED_FACE('',(#3663,#3669,#3719,#3769,#3819,#3869,#3919,
    #3969,#4019,#4069,#4119,#4169,#4219,#4269,#4319,#4369),#4419,.F.);
#3663 = FACE_BOUND('',#3664,.F.);
#3664 = EDGE_LOOP('',(#3665,#3666,#3667,#3668));
#3665 = ORIENTED_EDGE('',*,*,#838,.F.);
#3666 = ORIENTED_EDGE('',*,*,#3652,.T.);
#3667 = ORIENTED_EDGE('',*,*,#1045,.T.);
#3668 = ORIENTED_EDGE('',*,*,#3633,.F.);
#3669 = FACE_BOUND('',#3670,.F.);
#3670 = EDGE_LOOP('',(#3671,#3681,#3689,#3697,#3705,#3713));
#3671 = ORIENTED_EDGE('',*,*,#3672,.T.);
#3672 = EDGE_CURVE('',#3673,#3675,#3677,.T.);
#3673 = VERTEX_POINT('',#3674);
#3674 = CARTESIAN_POINT('',(94.919554,4.196136237003,38.392304845413));
#3675 = VERTEX_POINT('',#3676);
#3676 = CARTESIAN_POINT('',(94.919554,4.196136237003,44.392304845413));
#3677 = LINE('',#3678,#3679);
#3678 = CARTESIAN_POINT('',(94.919554,4.196136237003,21.696152422707));
#3679 = VECTOR('',#3680,1.);
#3680 = DIRECTION('',(0.,-1.5E-16,1.));
#3681 = ORIENTED_EDGE('',*,*,#3682,.T.);
#3682 = EDGE_CURVE('',#3675,#3683,#3685,.T.);
#3683 = VERTEX_POINT('',#3684);
#3684 = CARTESIAN_POINT('',(94.919554,-1.000016185704,47.392304845413));
#3685 = LINE('',#3686,#3687);
#3686 = CARTESIAN_POINT('',(94.919554,2.338769325564,45.464656131716));
#3687 = VECTOR('',#3688,1.);
#3688 = DIRECTION('',(-1.2E-16,-0.866025403784,0.5));
#3689 = ORIENTED_EDGE('',*,*,#3690,.T.);
#3690 = EDGE_CURVE('',#3683,#3691,#3693,.T.);
#3691 = VERTEX_POINT('',#3692);
#3692 = CARTESIAN_POINT('',(94.919554,-6.19616860841,44.392304845413));
#3693 = LINE('',#3694,#3695);
#3694 = CARTESIAN_POINT('',(94.919554,-18.61571334634,37.221877347757));
#3695 = VECTOR('',#3696,1.);
#3696 = DIRECTION('',(-1.2E-16,-0.866025403784,-0.5));
#3697 = ORIENTED_EDGE('',*,*,#3698,.T.);
#3698 = EDGE_CURVE('',#3691,#3699,#3701,.T.);
#3699 = VERTEX_POINT('',#3700);
#3700 = CARTESIAN_POINT('',(94.919554,-6.19616860841,38.392304845413));
#3701 = LINE('',#3702,#3703);
#3702 = CARTESIAN_POINT('',(94.919554,-6.19616860841,24.696152422707));
#3703 = VECTOR('',#3704,1.);
#3704 = DIRECTION('',(0.,3.E-16,-1.));
#3705 = ORIENTED_EDGE('',*,*,#3706,.T.);
#3706 = EDGE_CURVE('',#3699,#3707,#3709,.T.);
#3707 = VERTEX_POINT('',#3708);
#3708 = CARTESIAN_POINT('',(94.919554,-1.000016185704,35.392304845413));
#3709 = LINE('',#3710,#3711);
#3710 = CARTESIAN_POINT('',(94.919554,-5.455459308496,37.964656131716));
#3711 = VECTOR('',#3712,1.);
#3712 = DIRECTION('',(1.2E-16,0.866025403784,-0.5));
#3713 = ORIENTED_EDGE('',*,*,#3714,.T.);
#3714 = EDGE_CURVE('',#3707,#3673,#3715,.T.);
#3715 = LINE('',#3716,#3717);
#3716 = CARTESIAN_POINT('',(94.919554,-16.01763713498,26.721877347757));
#3717 = VECTOR('',#3718,1.);
#3718 = DIRECTION('',(1.2E-16,0.866025403784,0.5));
#3719 = FACE_BOUND('',#3720,.F.);
#3720 = EDGE_LOOP('',(#3721,#3731,#3739,#3747,#3755,#3763));
#3721 = ORIENTED_EDGE('',*,*,#3722,.T.);
#3722 = EDGE_CURVE('',#3723,#3725,#3727,.T.);
#3723 = VERTEX_POINT('',#3724);
#3724 = CARTESIAN_POINT('',(94.919554,16.196136237003,38.392304845413));
#3725 = VERTEX_POINT('',#3726);
#3726 = CARTESIAN_POINT('',(94.919554,16.196136237003,44.392304845413));
#3727 = LINE('',#3728,#3729);
#3728 = CARTESIAN_POINT('',(94.919554,16.196136237003,21.696152422707));
#3729 = VECTOR('',#3730,1.);
#3730 = DIRECTION('',(0.,0.,1.));
#3731 = ORIENTED_EDGE('',*,*,#3732,.T.);
#3732 = EDGE_CURVE('',#3725,#3733,#3735,.T.);
#3733 = VERTEX_POINT('',#3734);
#3734 = CARTESIAN_POINT('',(94.919554,10.999983814296,47.392304845413));
#3735 = LINE('',#3736,#3737);
#3736 = CARTESIAN_POINT('',(94.919554,9.838769325564,48.06273234307));
#3737 = VECTOR('',#3738,1.);
#3738 = DIRECTION('',(-1.2E-16,-0.866025403784,0.5));
#3739 = ORIENTED_EDGE('',*,*,#3740,.T.);
#3740 = EDGE_CURVE('',#3733,#3741,#3743,.T.);
#3741 = VERTEX_POINT('',#3742);
#3742 = CARTESIAN_POINT('',(94.919554,5.80383139159,44.392304845413));
#3743 = LINE('',#3744,#3745);
#3744 = CARTESIAN_POINT('',(94.919554,-11.11571334634,34.623801136404));
#3745 = VECTOR('',#3746,1.);
#3746 = DIRECTION('',(-1.2E-16,-0.866025403784,-0.5));
#3747 = ORIENTED_EDGE('',*,*,#3748,.T.);
#3748 = EDGE_CURVE('',#3741,#3749,#3751,.T.);
#3749 = VERTEX_POINT('',#3750);
#3750 = CARTESIAN_POINT('',(94.919554,5.80383139159,38.392304845413));
#3751 = LINE('',#3752,#3753);
#3752 = CARTESIAN_POINT('',(94.919554,5.80383139159,24.696152422707));
#3753 = VECTOR('',#3754,1.);
#3754 = DIRECTION('',(0.,0.,-1.));
#3755 = ORIENTED_EDGE('',*,*,#3756,.T.);
#3756 = EDGE_CURVE('',#3749,#3757,#3759,.T.);
#3757 = VERTEX_POINT('',#3758);
#3758 = CARTESIAN_POINT('',(94.919554,10.999983814296,35.392304845413));
#3759 = LINE('',#3760,#3761);
#3760 = CARTESIAN_POINT('',(94.919554,2.044540691504,40.56273234307));
#3761 = VECTOR('',#3762,1.);
#3762 = DIRECTION('',(1.2E-16,0.866025403784,-0.5));
#3763 = ORIENTED_EDGE('',*,*,#3764,.T.);
#3764 = EDGE_CURVE('',#3757,#3723,#3765,.T.);
#3765 = LINE('',#3766,#3767);
#3766 = CARTESIAN_POINT('',(94.919554,-8.517637134987,24.123801136403));
#3767 = VECTOR('',#3768,1.);
#3768 = DIRECTION('',(1.2E-16,0.866025403784,0.5));
#3769 = FACE_BOUND('',#3770,.F.);
#3770 = EDGE_LOOP('',(#3771,#3781,#3789,#3797,#3805,#3813));
#3771 = ORIENTED_EDGE('',*,*,#3772,.T.);
#3772 = EDGE_CURVE('',#3773,#3775,#3777,.T.);
#3773 = VERTEX_POINT('',#3774);
#3774 = CARTESIAN_POINT('',(94.919554,28.196136237003,38.392304845413));
#3775 = VERTEX_POINT('',#3776);
#3776 = CARTESIAN_POINT('',(94.919554,28.196136237003,44.392304845413));
#3777 = LINE('',#3778,#3779);
#3778 = CARTESIAN_POINT('',(94.919554,28.196136237003,21.696152422707));
#3779 = VECTOR('',#3780,1.);
#3780 = DIRECTION('',(0.,0.,1.));
#3781 = ORIENTED_EDGE('',*,*,#3782,.T.);
#3782 = EDGE_CURVE('',#3775,#3783,#3785,.T.);
#3783 = VERTEX_POINT('',#3784);
#3784 = CARTESIAN_POINT('',(94.919554,22.999983814296,47.392304845413));
#3785 = LINE('',#3786,#3787);
#3786 = CARTESIAN_POINT('',(94.919554,17.338769325564,50.660808554423));
#3787 = VECTOR('',#3788,1.);
#3788 = DIRECTION('',(-1.2E-16,-0.866025403784,0.5));
#3789 = ORIENTED_EDGE('',*,*,#3790,.T.);
#3790 = EDGE_CURVE('',#3783,#3791,#3793,.T.);
#3791 = VERTEX_POINT('',#3792);
#3792 = CARTESIAN_POINT('',(94.919554,17.80383139159,44.392304845413));
#3793 = LINE('',#3794,#3795);
#3794 = CARTESIAN_POINT('',(94.919554,-3.61571334634,32.02572492505));
#3795 = VECTOR('',#3796,1.);
#3796 = DIRECTION('',(-1.2E-16,-0.866025403784,-0.5));
#3797 = ORIENTED_EDGE('',*,*,#3798,.T.);
#3798 = EDGE_CURVE('',#3791,#3799,#3801,.T.);
#3799 = VERTEX_POINT('',#3800);
#3800 = CARTESIAN_POINT('',(94.919554,17.80383139159,38.392304845413));
#3801 = LINE('',#3802,#3803);
#3802 = CARTESIAN_POINT('',(94.919554,17.80383139159,24.696152422707));
#3803 = VECTOR('',#3804,1.);
#3804 = DIRECTION('',(0.,0.,-1.));
#3805 = ORIENTED_EDGE('',*,*,#3806,.T.);
#3806 = EDGE_CURVE('',#3799,#3807,#3809,.T.);
#3807 = VERTEX_POINT('',#3808);
#3808 = CARTESIAN_POINT('',(94.919554,22.999983814296,35.392304845413));
#3809 = LINE('',#3810,#3811);
#3810 = CARTESIAN_POINT('',(94.919554,9.544540691504,43.160808554423));
#3811 = VECTOR('',#3812,1.);
#3812 = DIRECTION('',(1.2E-16,0.866025403784,-0.5));
#3813 = ORIENTED_EDGE('',*,*,#3814,.T.);
#3814 = EDGE_CURVE('',#3807,#3773,#3815,.T.);
#3815 = LINE('',#3816,#3817);
#3816 = CARTESIAN_POINT('',(94.919554,-1.017637134987,21.52572492505));
#3817 = VECTOR('',#3818,1.);
#3818 = DIRECTION('',(1.2E-16,0.866025403784,0.5));
#3819 = FACE_BOUND('',#3820,.F.);
#3820 = EDGE_LOOP('',(#3821,#3831,#3839,#3847,#3855,#3863));
#3821 = ORIENTED_EDGE('',*,*,#3822,.T.);
#3822 = EDGE_CURVE('',#3823,#3825,#3827,.T.);
#3823 = VERTEX_POINT('',#3824);
#3824 = CARTESIAN_POINT('',(94.919554,40.196136237003,38.392304845413));
#3825 = VERTEX_POINT('',#3826);
#3826 = CARTESIAN_POINT('',(94.919554,40.196136237003,44.392304845413));
#3827 = LINE('',#3828,#3829);
#3828 = CARTESIAN_POINT('',(94.919554,40.196136237003,21.696152422707));
#3829 = VECTOR('',#3830,1.);
#3830 = DIRECTION('',(0.,0.,1.));
#3831 = ORIENTED_EDGE('',*,*,#3832,.T.);
#3832 = EDGE_CURVE('',#3825,#3833,#3835,.T.);
#3833 = VERTEX_POINT('',#3834);
#3834 = CARTESIAN_POINT('',(94.919554,34.999983814296,47.392304845413));
#3835 = LINE('',#3836,#3837);
#3836 = CARTESIAN_POINT('',(94.919554,24.838769325564,53.258884765776));
#3837 = VECTOR('',#3838,1.);
#3838 = DIRECTION('',(-1.2E-16,-0.866025403784,0.5));
#3839 = ORIENTED_EDGE('',*,*,#3840,.T.);
#3840 = EDGE_CURVE('',#3833,#3841,#3843,.T.);
#3841 = VERTEX_POINT('',#3842);
#3842 = CARTESIAN_POINT('',(94.919554,29.80383139159,44.392304845413));
#3843 = LINE('',#3844,#3845);
#3844 = CARTESIAN_POINT('',(94.919554,3.88428665366,29.427648713697));
#3845 = VECTOR('',#3846,1.);
#3846 = DIRECTION('',(-1.2E-16,-0.866025403784,-0.5));
#3847 = ORIENTED_EDGE('',*,*,#3848,.T.);
#3848 = EDGE_CURVE('',#3841,#3849,#3851,.T.);
#3849 = VERTEX_POINT('',#3850);
#3850 = CARTESIAN_POINT('',(94.919554,29.80383139159,38.392304845413));
#3851 = LINE('',#3852,#3853);
#3852 = CARTESIAN_POINT('',(94.919554,29.80383139159,24.696152422707));
#3853 = VECTOR('',#3854,1.);
#3854 = DIRECTION('',(0.,0.,-1.));
#3855 = ORIENTED_EDGE('',*,*,#3856,.T.);
#3856 = EDGE_CURVE('',#3849,#3857,#3859,.T.);
#3857 = VERTEX_POINT('',#3858);
#3858 = CARTESIAN_POINT('',(94.919554,34.999983814296,35.392304845413));
#3859 = LINE('',#3860,#3861);
#3860 = CARTESIAN_POINT('',(94.919554,17.044540691504,45.758884765776));
#3861 = VECTOR('',#3862,1.);
#3862 = DIRECTION('',(1.2E-16,0.866025403784,-0.5));
#3863 = ORIENTED_EDGE('',*,*,#3864,.T.);
#3864 = EDGE_CURVE('',#3857,#3823,#3865,.T.);
#3865 = LINE('',#3866,#3867);
#3866 = CARTESIAN_POINT('',(94.919554,6.482362865013,18.927648713697));
#3867 = VECTOR('',#3868,1.);
#3868 = DIRECTION('',(1.2E-16,0.866025403784,0.5));
#3869 = FACE_BOUND('',#3870,.F.);
#3870 = EDGE_LOOP('',(#3871,#3881,#3889,#3897,#3905,#3913));
#3871 = ORIENTED_EDGE('',*,*,#3872,.T.);
#3872 = EDGE_CURVE('',#3873,#3875,#3877,.T.);
#3873 = VERTEX_POINT('',#3874);
#3874 = CARTESIAN_POINT('',(94.919554,52.196136237003,38.392304845413));
#3875 = VERTEX_POINT('',#3876);
#3876 = CARTESIAN_POINT('',(94.919554,52.196136237003,44.392304845413));
#3877 = LINE('',#3878,#3879);
#3878 = CARTESIAN_POINT('',(94.919554,52.196136237003,21.696152422707));
#3879 = VECTOR('',#3880,1.);
#3880 = DIRECTION('',(0.,0.,1.));
#3881 = ORIENTED_EDGE('',*,*,#3882,.T.);
#3882 = EDGE_CURVE('',#3875,#3883,#3885,.T.);
#3883 = VERTEX_POINT('',#3884);
#3884 = CARTESIAN_POINT('',(94.919554,46.999983814296,47.392304845413));
#3885 = LINE('',#3886,#3887);
#3886 = CARTESIAN_POINT('',(94.919554,32.338769325564,55.85696097713));
#3887 = VECTOR('',#3888,1.);
#3888 = DIRECTION('',(-1.2E-16,-0.866025403784,0.5));
#3889 = ORIENTED_EDGE('',*,*,#3890,.T.);
#3890 = EDGE_CURVE('',#3883,#3891,#3893,.T.);
#3891 = VERTEX_POINT('',#3892);
#3892 = CARTESIAN_POINT('',(94.919554,41.80383139159,44.392304845413));
#3893 = LINE('',#3894,#3895);
#3894 = CARTESIAN_POINT('',(94.919554,11.38428665366,26.829572502344));
#3895 = VECTOR('',#3896,1.);
#3896 = DIRECTION('',(-1.2E-16,-0.866025403784,-0.5));
#3897 = ORIENTED_EDGE('',*,*,#3898,.T.);
#3898 = EDGE_CURVE('',#3891,#3899,#3901,.T.);
#3899 = VERTEX_POINT('',#3900);
#3900 = CARTESIAN_POINT('',(94.919554,41.80383139159,38.392304845413));
#3901 = LINE('',#3902,#3903);
#3902 = CARTESIAN_POINT('',(94.919554,41.80383139159,24.696152422707));
#3903 = VECTOR('',#3904,1.);
#3904 = DIRECTION('',(0.,0.,-1.));
#3905 = ORIENTED_EDGE('',*,*,#3906,.T.);
#3906 = EDGE_CURVE('',#3899,#3907,#3909,.T.);
#3907 = VERTEX_POINT('',#3908);
#3908 = CARTESIAN_POINT('',(94.919554,46.999983814296,35.392304845413));
#3909 = LINE('',#3910,#3911);
#3910 = CARTESIAN_POINT('',(94.919554,24.544540691504,48.35696097713));
#3911 = VECTOR('',#3912,1.);
#3912 = DIRECTION('',(1.2E-16,0.866025403784,-0.5));
#3913 = ORIENTED_EDGE('',*,*,#3914,.T.);
#3914 = EDGE_CURVE('',#3907,#3873,#3915,.T.);
#3915 = LINE('',#3916,#3917);
#3916 = CARTESIAN_POINT('',(94.919554,13.982362865013,16.329572502344));
#3917 = VECTOR('',#3918,1.);
#3918 = DIRECTION('',(1.2E-16,0.866025403784,0.5));
#3919 = FACE_BOUND('',#3920,.F.);
#3920 = EDGE_LOOP('',(#3921,#3931,#3939,#3947,#3955,#3963));
#3921 = ORIENTED_EDGE('',*,*,#3922,.T.);
#3922 = EDGE_CURVE('',#3923,#3925,#3927,.T.);
#3923 = VERTEX_POINT('',#3924);
#3924 = CARTESIAN_POINT('',(94.919554,64.196136237003,38.392304845413));
#3925 = VERTEX_POINT('',#3926);
#3926 = CARTESIAN_POINT('',(94.919554,64.196136237003,44.392304845413));
#3927 = LINE('',#3928,#3929);
#3928 = CARTESIAN_POINT('',(94.919554,64.196136237003,21.696152422707));
#3929 = VECTOR('',#3930,1.);
#3930 = DIRECTION('',(0.,0.,1.));
#3931 = ORIENTED_EDGE('',*,*,#3932,.T.);
#3932 = EDGE_CURVE('',#3925,#3933,#3935,.T.);
#3933 = VERTEX_POINT('',#3934);
#3934 = CARTESIAN_POINT('',(94.919554,58.999983814296,47.392304845413));
#3935 = LINE('',#3936,#3937);
#3936 = CARTESIAN_POINT('',(94.919554,39.838769325564,58.455037188483));
#3937 = VECTOR('',#3938,1.);
#3938 = DIRECTION('',(-1.2E-16,-0.866025403784,0.5));
#3939 = ORIENTED_EDGE('',*,*,#3940,.T.);
#3940 = EDGE_CURVE('',#3933,#3941,#3943,.T.);
#3941 = VERTEX_POINT('',#3942);
#3942 = CARTESIAN_POINT('',(94.919554,53.80383139159,44.392304845413));
#3943 = LINE('',#3944,#3945);
#3944 = CARTESIAN_POINT('',(94.919554,18.88428665366,24.23149629099));
#3945 = VECTOR('',#3946,1.);
#3946 = DIRECTION('',(-1.2E-16,-0.866025403784,-0.5));
#3947 = ORIENTED_EDGE('',*,*,#3948,.T.);
#3948 = EDGE_CURVE('',#3941,#3949,#3951,.T.);
#3949 = VERTEX_POINT('',#3950);
#3950 = CARTESIAN_POINT('',(94.919554,53.803831391589,38.392304845413));
#3951 = LINE('',#3952,#3953);
#3952 = CARTESIAN_POINT('',(94.919554,53.803831391589,24.696152422707));
#3953 = VECTOR('',#3954,1.);
#3954 = DIRECTION('',(-0.,-1.18E-15,-1.));
#3955 = ORIENTED_EDGE('',*,*,#3956,.T.);
#3956 = EDGE_CURVE('',#3949,#3957,#3959,.T.);
#3957 = VERTEX_POINT('',#3958);
#3958 = CARTESIAN_POINT('',(94.919554,58.999983814296,35.392304845413));
#3959 = LINE('',#3960,#3961);
#3960 = CARTESIAN_POINT('',(94.919554,32.044540691504,50.955037188483));
#3961 = VECTOR('',#3962,1.);
#3962 = DIRECTION('',(1.2E-16,0.866025403784,-0.5));
#3963 = ORIENTED_EDGE('',*,*,#3964,.T.);
#3964 = EDGE_CURVE('',#3957,#3923,#3965,.T.);
#3965 = LINE('',#3966,#3967);
#3966 = CARTESIAN_POINT('',(94.919554,21.482362865013,13.73149629099));
#3967 = VECTOR('',#3968,1.);
#3968 = DIRECTION('',(1.2E-16,0.866025403784,0.5));
#3969 = FACE_BOUND('',#3970,.F.);
#3970 = EDGE_LOOP('',(#3971,#3981,#3989,#3997,#4005,#4013));
#3971 = ORIENTED_EDGE('',*,*,#3972,.T.);
#3972 = EDGE_CURVE('',#3973,#3975,#3977,.T.);
#3973 = VERTEX_POINT('',#3974);
#3974 = CARTESIAN_POINT('',(94.919554,10.196136237003,28.));
#3975 = VERTEX_POINT('',#3976);
#3976 = CARTESIAN_POINT('',(94.919554,10.196136237003,34.));
#3977 = LINE('',#3978,#3979);
#3978 = CARTESIAN_POINT('',(94.919554,10.196136237003,16.5));
#3979 = VECTOR('',#3980,1.);
#3980 = DIRECTION('',(0.,0.,1.));
#3981 = ORIENTED_EDGE('',*,*,#3982,.T.);
#3982 = EDGE_CURVE('',#3975,#3983,#3985,.T.);
#3983 = VERTEX_POINT('',#3984);
#3984 = CARTESIAN_POINT('',(94.919554,4.999983814296,37.));
#3985 = LINE('',#3986,#3987);
#3986 = CARTESIAN_POINT('',(94.919554,3.838769325564,37.670427497656));
#3987 = VECTOR('',#3988,1.);
#3988 = DIRECTION('',(-1.2E-16,-0.866025403784,0.5));
#3989 = ORIENTED_EDGE('',*,*,#3990,.T.);
#3990 = EDGE_CURVE('',#3983,#3991,#3993,.T.);
#3991 = VERTEX_POINT('',#3992);
#3992 = CARTESIAN_POINT('',(94.919554,-0.19616860841,34.));
#3993 = LINE('',#3994,#3995);
#3994 = CARTESIAN_POINT('',(94.919554,-12.61571334634,26.829572502344));
#3995 = VECTOR('',#3996,1.);
#3996 = DIRECTION('',(-1.2E-16,-0.866025403784,-0.5));
#3997 = ORIENTED_EDGE('',*,*,#3998,.T.);
#3998 = EDGE_CURVE('',#3991,#3999,#4001,.T.);
#3999 = VERTEX_POINT('',#4000);
#4000 = CARTESIAN_POINT('',(94.919554,-0.19616860841,28.));
#4001 = LINE('',#4002,#4003);
#4002 = CARTESIAN_POINT('',(94.919554,-0.19616860841,19.5));
#4003 = VECTOR('',#4004,1.);
#4004 = DIRECTION('',(0.,5.E-17,-1.));
#4005 = ORIENTED_EDGE('',*,*,#4006,.T.);
#4006 = EDGE_CURVE('',#3999,#4007,#4009,.T.);
#4007 = VERTEX_POINT('',#4008);
#4008 = CARTESIAN_POINT('',(94.919554,4.999983814296,25.));
#4009 = LINE('',#4010,#4011);
#4010 = CARTESIAN_POINT('',(94.919554,-3.955459308496,30.170427497656));
#4011 = VECTOR('',#4012,1.);
#4012 = DIRECTION('',(1.2E-16,0.866025403784,-0.5));
#4013 = ORIENTED_EDGE('',*,*,#4014,.T.);
#4014 = EDGE_CURVE('',#4007,#3973,#4015,.T.);
#4015 = LINE('',#4016,#4017);
#4016 = CARTESIAN_POINT('',(94.919554,-10.01763713498,16.329572502344));
#4017 = VECTOR('',#4018,1.);
#4018 = DIRECTION('',(1.2E-16,0.866025403784,0.5));
#4019 = FACE_BOUND('',#4020,.F.);
#4020 = EDGE_LOOP('',(#4021,#4031,#4039,#4047,#4055,#4063));
#4021 = ORIENTED_EDGE('',*,*,#4022,.T.);
#4022 = EDGE_CURVE('',#4023,#4025,#4027,.T.);
#4023 = VERTEX_POINT('',#4024);
#4024 = CARTESIAN_POINT('',(94.919554,22.196136237003,28.));
#4025 = VERTEX_POINT('',#4026);
#4026 = CARTESIAN_POINT('',(94.919554,22.196136237003,34.));
#4027 = LINE('',#4028,#4029);
#4028 = CARTESIAN_POINT('',(94.919554,22.196136237003,16.5));
#4029 = VECTOR('',#4030,1.);
#4030 = DIRECTION('',(0.,0.,1.));
#4031 = ORIENTED_EDGE('',*,*,#4032,.T.);
#4032 = EDGE_CURVE('',#4025,#4033,#4035,.T.);
#4033 = VERTEX_POINT('',#4034);
#4034 = CARTESIAN_POINT('',(94.919554,16.999983814296,37.));
#4035 = LINE('',#4036,#4037);
#4036 = CARTESIAN_POINT('',(94.919554,11.338769325564,40.26850370901));
#4037 = VECTOR('',#4038,1.);
#4038 = DIRECTION('',(-1.2E-16,-0.866025403784,0.5));
#4039 = ORIENTED_EDGE('',*,*,#4040,.T.);
#4040 = EDGE_CURVE('',#4033,#4041,#4043,.T.);
#4041 = VERTEX_POINT('',#4042);
#4042 = CARTESIAN_POINT('',(94.919554,11.80383139159,34.));
#4043 = LINE('',#4044,#4045);
#4044 = CARTESIAN_POINT('',(94.919554,-5.11571334634,24.23149629099));
#4045 = VECTOR('',#4046,1.);
#4046 = DIRECTION('',(-1.2E-16,-0.866025403784,-0.5));
#4047 = ORIENTED_EDGE('',*,*,#4048,.T.);
#4048 = EDGE_CURVE('',#4041,#4049,#4051,.T.);
#4049 = VERTEX_POINT('',#4050);
#4050 = CARTESIAN_POINT('',(94.919554,11.80383139159,28.));
#4051 = LINE('',#4052,#4053);
#4052 = CARTESIAN_POINT('',(94.919554,11.80383139159,19.5));
#4053 = VECTOR('',#4054,1.);
#4054 = DIRECTION('',(0.,0.,-1.));
#4055 = ORIENTED_EDGE('',*,*,#4056,.T.);
#4056 = EDGE_CURVE('',#4049,#4057,#4059,.T.);
#4057 = VERTEX_POINT('',#4058);
#4058 = CARTESIAN_POINT('',(94.919554,16.999983814296,25.));
#4059 = LINE('',#4060,#4061);
#4060 = CARTESIAN_POINT('',(94.919554,3.544540691504,32.76850370901));
#4061 = VECTOR('',#4062,1.);
#4062 = DIRECTION('',(1.2E-16,0.866025403784,-0.5));
#4063 = ORIENTED_EDGE('',*,*,#4064,.T.);
#4064 = EDGE_CURVE('',#4057,#4023,#4065,.T.);
#4065 = LINE('',#4066,#4067);
#4066 = CARTESIAN_POINT('',(94.919554,-2.517637134987,13.73149629099));
#4067 = VECTOR('',#4068,1.);
#4068 = DIRECTION('',(1.2E-16,0.866025403784,0.5));
#4069 = FACE_BOUND('',#4070,.F.);
#4070 = EDGE_LOOP('',(#4071,#4081,#4089,#4097,#4105,#4113));
#4071 = ORIENTED_EDGE('',*,*,#4072,.T.);
#4072 = EDGE_CURVE('',#4073,#4075,#4077,.T.);
#4073 = VERTEX_POINT('',#4074);
#4074 = CARTESIAN_POINT('',(94.919554,34.196136237003,28.));
#4075 = VERTEX_POINT('',#4076);
#4076 = CARTESIAN_POINT('',(94.919554,34.196136237003,34.));
#4077 = LINE('',#4078,#4079);
#4078 = CARTESIAN_POINT('',(94.919554,34.196136237003,16.5));
#4079 = VECTOR('',#4080,1.);
#4080 = DIRECTION('',(0.,0.,1.));
#4081 = ORIENTED_EDGE('',*,*,#4082,.T.);
#4082 = EDGE_CURVE('',#4075,#4083,#4085,.T.);
#4083 = VERTEX_POINT('',#4084);
#4084 = CARTESIAN_POINT('',(94.919554,28.999983814296,37.));
#4085 = LINE('',#4086,#4087);
#4086 = CARTESIAN_POINT('',(94.919554,18.838769325564,42.866579920363));
#4087 = VECTOR('',#4088,1.);
#4088 = DIRECTION('',(-1.2E-16,-0.866025403784,0.5));
#4089 = ORIENTED_EDGE('',*,*,#4090,.T.);
#4090 = EDGE_CURVE('',#4083,#4091,#4093,.T.);
#4091 = VERTEX_POINT('',#4092);
#4092 = CARTESIAN_POINT('',(94.919554,23.80383139159,34.));
#4093 = LINE('',#4094,#4095);
#4094 = CARTESIAN_POINT('',(94.919554,2.38428665366,21.633420079637));
#4095 = VECTOR('',#4096,1.);
#4096 = DIRECTION('',(-1.2E-16,-0.866025403784,-0.5));
#4097 = ORIENTED_EDGE('',*,*,#4098,.T.);
#4098 = EDGE_CURVE('',#4091,#4099,#4101,.T.);
#4099 = VERTEX_POINT('',#4100);
#4100 = CARTESIAN_POINT('',(94.919554,23.80383139159,28.));
#4101 = LINE('',#4102,#4103);
#4102 = CARTESIAN_POINT('',(94.919554,23.80383139159,19.5));
#4103 = VECTOR('',#4104,1.);
#4104 = DIRECTION('',(0.,0.,-1.));
#4105 = ORIENTED_EDGE('',*,*,#4106,.T.);
#4106 = EDGE_CURVE('',#4099,#4107,#4109,.T.);
#4107 = VERTEX_POINT('',#4108);
#4108 = CARTESIAN_POINT('',(94.919554,28.999983814296,25.));
#4109 = LINE('',#4110,#4111);
#4110 = CARTESIAN_POINT('',(94.919554,11.044540691504,35.366579920363));
#4111 = VECTOR('',#4112,1.);
#4112 = DIRECTION('',(1.2E-16,0.866025403784,-0.5));
#4113 = ORIENTED_EDGE('',*,*,#4114,.T.);
#4114 = EDGE_CURVE('',#4107,#4073,#4115,.T.);
#4115 = LINE('',#4116,#4117);
#4116 = CARTESIAN_POINT('',(94.919554,4.982362865013,11.133420079637));
#4117 = VECTOR('',#4118,1.);
#4118 = DIRECTION('',(1.2E-16,0.866025403784,0.5));
#4119 = FACE_BOUND('',#4120,.F.);
#4120 = EDGE_LOOP('',(#4121,#4131,#4139,#4147,#4155,#4163));
#4121 = ORIENTED_EDGE('',*,*,#4122,.T.);
#4122 = EDGE_CURVE('',#4123,#4125,#4127,.T.);
#4123 = VERTEX_POINT('',#4124);
#4124 = CARTESIAN_POINT('',(94.919554,16.196136237003,17.607695154587));
#4125 = VERTEX_POINT('',#4126);
#4126 = CARTESIAN_POINT('',(94.919554,16.196136237003,23.607695154587));
#4127 = LINE('',#4128,#4129);
#4128 = CARTESIAN_POINT('',(94.919554,16.196136237003,11.303847577293));
#4129 = VECTOR('',#4130,1.);
#4130 = DIRECTION('',(0.,0.,1.));
#4131 = ORIENTED_EDGE('',*,*,#4132,.T.);
#4132 = EDGE_CURVE('',#4125,#4133,#4135,.T.);
#4133 = VERTEX_POINT('',#4134);
#4134 = CARTESIAN_POINT('',(94.919554,10.999983814296,26.607695154587));
#4135 = LINE('',#4136,#4137);
#4136 = CARTESIAN_POINT('',(94.919554,5.338769325564,29.876198863597));
#4137 = VECTOR('',#4138,1.);
#4138 = DIRECTION('',(-1.2E-16,-0.866025403784,0.5));
#4139 = ORIENTED_EDGE('',*,*,#4140,.T.);
#4140 = EDGE_CURVE('',#4133,#4141,#4143,.T.);
#4141 = VERTEX_POINT('',#4142);
#4142 = CARTESIAN_POINT('',(94.919554,5.80383139159,23.607695154587));
#4143 = LINE('',#4144,#4145);
#4144 = CARTESIAN_POINT('',(94.919554,-6.61571334634,16.43726765693));
#4145 = VECTOR('',#4146,1.);
#4146 = DIRECTION('',(-1.2E-16,-0.866025403784,-0.5));
#4147 = ORIENTED_EDGE('',*,*,#4148,.T.);
#4148 = EDGE_CURVE('',#4141,#4149,#4151,.T.);
#4149 = VERTEX_POINT('',#4150);
#4150 = CARTESIAN_POINT('',(94.919554,5.80383139159,17.607695154587));
#4151 = LINE('',#4152,#4153);
#4152 = CARTESIAN_POINT('',(94.919554,5.80383139159,14.303847577293));
#4153 = VECTOR('',#4154,1.);
#4154 = DIRECTION('',(0.,0.,-1.));
#4155 = ORIENTED_EDGE('',*,*,#4156,.T.);
#4156 = EDGE_CURVE('',#4149,#4157,#4159,.T.);
#4157 = VERTEX_POINT('',#4158);
#4158 = CARTESIAN_POINT('',(94.919554,10.999983814296,14.607695154587));
#4159 = LINE('',#4160,#4161);
#4160 = CARTESIAN_POINT('',(94.919554,-2.455459308496,22.376198863597));
#4161 = VECTOR('',#4162,1.);
#4162 = DIRECTION('',(1.2E-16,0.866025403784,-0.5));
#4163 = ORIENTED_EDGE('',*,*,#4164,.T.);
#4164 = EDGE_CURVE('',#4157,#4123,#4165,.T.);
#4165 = LINE('',#4166,#4167);
#4166 = CARTESIAN_POINT('',(94.919554,-4.017637134987,5.93726765693));
#4167 = VECTOR('',#4168,1.);
#4168 = DIRECTION('',(1.2E-16,0.866025403784,0.5));
#4169 = FACE_BOUND('',#4170,.F.);
#4170 = EDGE_LOOP('',(#4171,#4181,#4189,#4197,#4205,#4213));
#4171 = ORIENTED_EDGE('',*,*,#4172,.T.);
#4172 = EDGE_CURVE('',#4173,#4175,#4177,.T.);
#4173 = VERTEX_POINT('',#4174);
#4174 = CARTESIAN_POINT('',(94.919554,28.196136237003,17.607695154587));
#4175 = VERTEX_POINT('',#4176);
#4176 = CARTESIAN_POINT('',(94.919554,28.196136237003,23.607695154587));
#4177 = LINE('',#4178,#4179);
#4178 = CARTESIAN_POINT('',(94.919554,28.196136237003,11.303847577293));
#4179 = VECTOR('',#4180,1.);
#4180 = DIRECTION('',(0.,0.,1.));
#4181 = ORIENTED_EDGE('',*,*,#4182,.T.);
#4182 = EDGE_CURVE('',#4175,#4183,#4185,.T.);
#4183 = VERTEX_POINT('',#4184);
#4184 = CARTESIAN_POINT('',(94.919554,22.999983814296,26.607695154587));
#4185 = LINE('',#4186,#4187);
#4186 = CARTESIAN_POINT('',(94.919554,12.838769325564,32.47427507495));
#4187 = VECTOR('',#4188,1.);
#4188 = DIRECTION('',(-1.2E-16,-0.866025403784,0.5));
#4189 = ORIENTED_EDGE('',*,*,#4190,.T.);
#4190 = EDGE_CURVE('',#4183,#4191,#4193,.T.);
#4191 = VERTEX_POINT('',#4192);
#4192 = CARTESIAN_POINT('',(94.919554,17.80383139159,23.607695154587));
#4193 = LINE('',#4194,#4195);
#4194 = CARTESIAN_POINT('',(94.919554,0.88428665366,13.839191445577));
#4195 = VECTOR('',#4196,1.);
#4196 = DIRECTION('',(-1.2E-16,-0.866025403784,-0.5));
#4197 = ORIENTED_EDGE('',*,*,#4198,.T.);
#4198 = EDGE_CURVE('',#4191,#4199,#4201,.T.);
#4199 = VERTEX_POINT('',#4200);
#4200 = CARTESIAN_POINT('',(94.919554,17.80383139159,17.607695154587));
#4201 = LINE('',#4202,#4203);
#4202 = CARTESIAN_POINT('',(94.919554,17.80383139159,14.303847577293));
#4203 = VECTOR('',#4204,1.);
#4204 = DIRECTION('',(0.,0.,-1.));
#4205 = ORIENTED_EDGE('',*,*,#4206,.T.);
#4206 = EDGE_CURVE('',#4199,#4207,#4209,.T.);
#4207 = VERTEX_POINT('',#4208);
#4208 = CARTESIAN_POINT('',(94.919554,22.999983814296,14.607695154587));
#4209 = LINE('',#4210,#4211);
#4210 = CARTESIAN_POINT('',(94.919554,5.044540691504,24.97427507495));
#4211 = VECTOR('',#4212,1.);
#4212 = DIRECTION('',(1.2E-16,0.866025403784,-0.5));
#4213 = ORIENTED_EDGE('',*,*,#4214,.T.);
#4214 = EDGE_CURVE('',#4207,#4173,#4215,.T.);
#4215 = LINE('',#4216,#4217);
#4216 = CARTESIAN_POINT('',(94.919554,3.482362865013,3.339191445577));
#4217 = VECTOR('',#4218,1.);
#4218 = DIRECTION('',(1.2E-16,0.866025403784,0.5));
#4219 = FACE_BOUND('',#4220,.F.);
#4220 = EDGE_LOOP('',(#4221,#4231,#4239,#4247,#4255,#4263));
#4221 = ORIENTED_EDGE('',*,*,#4222,.T.);
#4222 = EDGE_CURVE('',#4223,#4225,#4227,.T.);
#4223 = VERTEX_POINT('',#4224);
#4224 = CARTESIAN_POINT('',(94.919554,46.196136237003,28.));
#4225 = VERTEX_POINT('',#4226);
#4226 = CARTESIAN_POINT('',(94.919554,46.196136237003,34.));
#4227 = LINE('',#4228,#4229);
#4228 = CARTESIAN_POINT('',(94.919554,46.196136237003,16.5));
#4229 = VECTOR('',#4230,1.);
#4230 = DIRECTION('',(0.,0.,1.));
#4231 = ORIENTED_EDGE('',*,*,#4232,.T.);
#4232 = EDGE_CURVE('',#4225,#4233,#4235,.T.);
#4233 = VERTEX_POINT('',#4234);
#4234 = CARTESIAN_POINT('',(94.919554,40.999983814296,37.));
#4235 = LINE('',#4236,#4237);
#4236 = CARTESIAN_POINT('',(94.919554,26.338769325564,45.464656131716));
#4237 = VECTOR('',#4238,1.);
#4238 = DIRECTION('',(-1.2E-16,-0.866025403784,0.5));
#4239 = ORIENTED_EDGE('',*,*,#4240,.T.);
#4240 = EDGE_CURVE('',#4233,#4241,#4243,.T.);
#4241 = VERTEX_POINT('',#4242);
#4242 = CARTESIAN_POINT('',(94.919554,35.80383139159,34.));
#4243 = LINE('',#4244,#4245);
#4244 = CARTESIAN_POINT('',(94.919554,9.88428665366,19.035343868284));
#4245 = VECTOR('',#4246,1.);
#4246 = DIRECTION('',(-1.2E-16,-0.866025403784,-0.5));
#4247 = ORIENTED_EDGE('',*,*,#4248,.T.);
#4248 = EDGE_CURVE('',#4241,#4249,#4251,.T.);
#4249 = VERTEX_POINT('',#4250);
#4250 = CARTESIAN_POINT('',(94.919554,35.80383139159,28.));
#4251 = LINE('',#4252,#4253);
#4252 = CARTESIAN_POINT('',(94.919554,35.80383139159,19.5));
#4253 = VECTOR('',#4254,1.);
#4254 = DIRECTION('',(0.,0.,-1.));
#4255 = ORIENTED_EDGE('',*,*,#4256,.T.);
#4256 = EDGE_CURVE('',#4249,#4257,#4259,.T.);
#4257 = VERTEX_POINT('',#4258);
#4258 = CARTESIAN_POINT('',(94.919554,40.999983814296,25.));
#4259 = LINE('',#4260,#4261);
#4260 = CARTESIAN_POINT('',(94.919554,18.544540691504,37.964656131716));
#4261 = VECTOR('',#4262,1.);
#4262 = DIRECTION('',(1.2E-16,0.866025403784,-0.5));
#4263 = ORIENTED_EDGE('',*,*,#4264,.T.);
#4264 = EDGE_CURVE('',#4257,#4223,#4265,.T.);
#4265 = LINE('',#4266,#4267);
#4266 = CARTESIAN_POINT('',(94.919554,12.482362865013,8.535343868284));
#4267 = VECTOR('',#4268,1.);
#4268 = DIRECTION('',(1.2E-16,0.866025403784,0.5));
#4269 = FACE_BOUND('',#4270,.F.);
#4270 = EDGE_LOOP('',(#4271,#4281,#4289,#4297,#4305,#4313));
#4271 = ORIENTED_EDGE('',*,*,#4272,.T.);
#4272 = EDGE_CURVE('',#4273,#4275,#4277,.T.);
#4273 = VERTEX_POINT('',#4274);
#4274 = CARTESIAN_POINT('',(94.919554,58.196136237003,28.));
#4275 = VERTEX_POINT('',#4276);
#4276 = CARTESIAN_POINT('',(94.919554,58.196136237003,34.));
#4277 = LINE('',#4278,#4279);
#4278 = CARTESIAN_POINT('',(94.919554,58.196136237003,16.5));
#4279 = VECTOR('',#4280,1.);
#4280 = DIRECTION('',(0.,0.,1.));
#4281 = ORIENTED_EDGE('',*,*,#4282,.T.);
#4282 = EDGE_CURVE('',#4275,#4283,#4285,.T.);
#4283 = VERTEX_POINT('',#4284);
#4284 = CARTESIAN_POINT('',(94.919554,52.999983814296,37.));
#4285 = LINE('',#4286,#4287);
#4286 = CARTESIAN_POINT('',(94.919554,33.838769325564,48.06273234307));
#4287 = VECTOR('',#4288,1.);
#4288 = DIRECTION('',(-1.2E-16,-0.866025403784,0.5));
#4289 = ORIENTED_EDGE('',*,*,#4290,.T.);
#4290 = EDGE_CURVE('',#4283,#4291,#4293,.T.);
#4291 = VERTEX_POINT('',#4292);
#4292 = CARTESIAN_POINT('',(94.919554,47.80383139159,34.));
#4293 = LINE('',#4294,#4295);
#4294 = CARTESIAN_POINT('',(94.919554,17.38428665366,16.43726765693));
#4295 = VECTOR('',#4296,1.);
#4296 = DIRECTION('',(-1.2E-16,-0.866025403784,-0.5));
#4297 = ORIENTED_EDGE('',*,*,#4298,.T.);
#4298 = EDGE_CURVE('',#4291,#4299,#4301,.T.);
#4299 = VERTEX_POINT('',#4300);
#4300 = CARTESIAN_POINT('',(94.919554,47.80383139159,28.));
#4301 = LINE('',#4302,#4303);
#4302 = CARTESIAN_POINT('',(94.919554,47.80383139159,19.5));
#4303 = VECTOR('',#4304,1.);
#4304 = DIRECTION('',(0.,0.,-1.));
#4305 = ORIENTED_EDGE('',*,*,#4306,.T.);
#4306 = EDGE_CURVE('',#4299,#4307,#4309,.T.);
#4307 = VERTEX_POINT('',#4308);
#4308 = CARTESIAN_POINT('',(94.919554,52.999983814296,25.));
#4309 = LINE('',#4310,#4311);
#4310 = CARTESIAN_POINT('',(94.919554,26.044540691504,40.56273234307));
#4311 = VECTOR('',#4312,1.);
#4312 = DIRECTION('',(1.2E-16,0.866025403784,-0.5));
#4313 = ORIENTED_EDGE('',*,*,#4314,.T.);
#4314 = EDGE_CURVE('',#4307,#4273,#4315,.T.);
#4315 = LINE('',#4316,#4317);
#4316 = CARTESIAN_POINT('',(94.919554,19.982362865013,5.93726765693));
#4317 = VECTOR('',#4318,1.);
#4318 = DIRECTION('',(1.2E-16,0.866025403784,0.5));
#4319 = FACE_BOUND('',#4320,.F.);
#4320 = EDGE_LOOP('',(#4321,#4331,#4339,#4347,#4355,#4363));
#4321 = ORIENTED_EDGE('',*,*,#4322,.T.);
#4322 = EDGE_CURVE('',#4323,#4325,#4327,.T.);
#4323 = VERTEX_POINT('',#4324);
#4324 = CARTESIAN_POINT('',(94.919554,40.196136237003,17.607695154587));
#4325 = VERTEX_POINT('',#4326);
#4326 = CARTESIAN_POINT('',(94.919554,40.196136237003,23.607695154587));
#4327 = LINE('',#4328,#4329);
#4328 = CARTESIAN_POINT('',(94.919554,40.196136237003,11.303847577293));
#4329 = VECTOR('',#4330,1.);
#4330 = DIRECTION('',(0.,0.,1.));
#4331 = ORIENTED_EDGE('',*,*,#4332,.T.);
#4332 = EDGE_CURVE('',#4325,#4333,#4335,.T.);
#4333 = VERTEX_POINT('',#4334);
#4334 = CARTESIAN_POINT('',(94.919554,34.999983814296,26.607695154587));
#4335 = LINE('',#4336,#4337);
#4336 = CARTESIAN_POINT('',(94.919554,20.338769325564,35.072351286303));
#4337 = VECTOR('',#4338,1.);
#4338 = DIRECTION('',(-1.2E-16,-0.866025403784,0.5));
#4339 = ORIENTED_EDGE('',*,*,#4340,.T.);
#4340 = EDGE_CURVE('',#4333,#4341,#4343,.T.);
#4341 = VERTEX_POINT('',#4342);
#4342 = CARTESIAN_POINT('',(94.919554,29.80383139159,23.607695154587));
#4343 = LINE('',#4344,#4345);
#4344 = CARTESIAN_POINT('',(94.919554,8.38428665366,11.241115234224));
#4345 = VECTOR('',#4346,1.);
#4346 = DIRECTION('',(-1.2E-16,-0.866025403784,-0.5));
#4347 = ORIENTED_EDGE('',*,*,#4348,.T.);
#4348 = EDGE_CURVE('',#4341,#4349,#4351,.T.);
#4349 = VERTEX_POINT('',#4350);
#4350 = CARTESIAN_POINT('',(94.919554,29.80383139159,17.607695154587));
#4351 = LINE('',#4352,#4353);
#4352 = CARTESIAN_POINT('',(94.919554,29.80383139159,14.303847577293));
#4353 = VECTOR('',#4354,1.);
#4354 = DIRECTION('',(0.,0.,-1.));
#4355 = ORIENTED_EDGE('',*,*,#4356,.T.);
#4356 = EDGE_CURVE('',#4349,#4357,#4359,.T.);
#4357 = VERTEX_POINT('',#4358);
#4358 = CARTESIAN_POINT('',(94.919554,34.999983814296,14.607695154587));
#4359 = LINE('',#4360,#4361);
#4360 = CARTESIAN_POINT('',(94.919554,12.544540691504,27.572351286303));
#4361 = VECTOR('',#4362,1.);
#4362 = DIRECTION('',(1.2E-16,0.866025403784,-0.5));
#4363 = ORIENTED_EDGE('',*,*,#4364,.T.);
#4364 = EDGE_CURVE('',#4357,#4323,#4365,.T.);
#4365 = LINE('',#4366,#4367);
#4366 = CARTESIAN_POINT('',(94.919554,10.982362865013,0.741115234224));
#4367 = VECTOR('',#4368,1.);
#4368 = DIRECTION('',(1.2E-16,0.866025403784,0.5));
#4369 = FACE_BOUND('',#4370,.F.);
#4370 = EDGE_LOOP('',(#4371,#4381,#4389,#4397,#4405,#4413));
#4371 = ORIENTED_EDGE('',*,*,#4372,.T.);
#4372 = EDGE_CURVE('',#4373,#4375,#4377,.T.);
#4373 = VERTEX_POINT('',#4374);
#4374 = CARTESIAN_POINT('',(94.919554,52.196136237003,17.607695154587));
#4375 = VERTEX_POINT('',#4376);
#4376 = CARTESIAN_POINT('',(94.919554,52.196136237003,23.607695154587));
#4377 = LINE('',#4378,#4379);
#4378 = CARTESIAN_POINT('',(94.919554,52.196136237003,11.303847577293));
#4379 = VECTOR('',#4380,1.);
#4380 = DIRECTION('',(0.,0.,1.));
#4381 = ORIENTED_EDGE('',*,*,#4382,.T.);
#4382 = EDGE_CURVE('',#4375,#4383,#4385,.T.);
#4383 = VERTEX_POINT('',#4384);
#4384 = CARTESIAN_POINT('',(94.919554,46.999983814296,26.607695154587));
#4385 = LINE('',#4386,#4387);
#4386 = CARTESIAN_POINT('',(94.919554,27.838769325564,37.670427497656));
#4387 = VECTOR('',#4388,1.);
#4388 = DIRECTION('',(-1.2E-16,-0.866025403784,0.5));
#4389 = ORIENTED_EDGE('',*,*,#4390,.T.);
#4390 = EDGE_CURVE('',#4383,#4391,#4393,.T.);
#4391 = VERTEX_POINT('',#4392);
#4392 = CARTESIAN_POINT('',(94.919554,41.80383139159,23.607695154587));
#4393 = LINE('',#4394,#4395);
#4394 = CARTESIAN_POINT('',(94.919554,15.88428665366,8.64303902287));
#4395 = VECTOR('',#4396,1.);
#4396 = DIRECTION('',(-1.2E-16,-0.866025403784,-0.5));
#4397 = ORIENTED_EDGE('',*,*,#4398,.T.);
#4398 = EDGE_CURVE('',#4391,#4399,#4401,.T.);
#4399 = VERTEX_POINT('',#4400);
#4400 = CARTESIAN_POINT('',(94.919554,41.80383139159,17.607695154587));
#4401 = LINE('',#4402,#4403);
#4402 = CARTESIAN_POINT('',(94.919554,41.80383139159,14.303847577293));
#4403 = VECTOR('',#4404,1.);
#4404 = DIRECTION('',(0.,0.,-1.));
#4405 = ORIENTED_EDGE('',*,*,#4406,.T.);
#4406 = EDGE_CURVE('',#4399,#4407,#4409,.T.);
#4407 = VERTEX_POINT('',#4408);
#4408 = CARTESIAN_POINT('',(94.919554,46.999983814296,14.607695154587));
#4409 = LINE('',#4410,#4411);
#4410 = CARTESIAN_POINT('',(94.919554,20.044540691504,30.170427497656));
#4411 = VECTOR('',#4412,1.);
#4412 = DIRECTION('',(1.2E-16,0.866025403784,-0.5));
#4413 = ORIENTED_EDGE('',*,*,#4414,.T.);
#4414 = EDGE_CURVE('',#4407,#4373,#4415,.T.);
#4415 = LINE('',#4416,#4417);
#4416 = CARTESIAN_POINT('',(94.919554,18.482362865013,-1.85696097713));
#4417 = VECTOR('',#4418,1.);
#4418 = DIRECTION('',(1.2E-16,0.866025403784,0.5));
#4419 = PLANE('',#4420);
#4420 = AXIS2_PLACEMENT_3D('',#4421,#4422,#4423);
#4421 = CARTESIAN_POINT('',(94.919554,-23.5,5.));
#4422 = DIRECTION('',(-1.,1.4E-16,0.));
#4423 = DIRECTION('',(1.4E-16,1.,0.));
#4424 = ADVANCED_FACE('',(#4425),#4484,.F.);
#4425 = FACE_BOUND('',#4426,.T.);
#4426 = EDGE_LOOP('',(#4427,#4428,#4434,#4435,#4443,#4452,#4458,#4459,
    #4460,#4461,#4469,#4478));
#4427 = ORIENTED_EDGE('',*,*,#960,.F.);
#4428 = ORIENTED_EDGE('',*,*,#4429,.T.);
#4429 = EDGE_CURVE('',#875,#1124,#4430,.T.);
#4430 = LINE('',#4431,#4432);
#4431 = CARTESIAN_POINT('',(91.319554,-26.,5.));
#4432 = VECTOR('',#4433,1.);
#4433 = DIRECTION('',(0.,0.,1.));
#4434 = ORIENTED_EDGE('',*,*,#1123,.F.);
#4435 = ORIENTED_EDGE('',*,*,#4436,.T.);
#4436 = EDGE_CURVE('',#1116,#4437,#4439,.T.);
#4437 = VERTEX_POINT('',#4438);
#4438 = CARTESIAN_POINT('',(90.069554,-24.60805890929,56.));
#4439 = LINE('',#4440,#4441);
#4440 = CARTESIAN_POINT('',(90.069554,-24.60805890929,5.));
#4441 = VECTOR('',#4442,1.);
#4442 = DIRECTION('',(-0.,-0.,-1.));
#4443 = ORIENTED_EDGE('',*,*,#4444,.F.);
#4444 = EDGE_CURVE('',#4445,#4437,#4447,.T.);
#4445 = VERTEX_POINT('',#4446);
#4446 = CARTESIAN_POINT('',(88.527612909293,-25.85,56.));
#4447 = CIRCLE('',#4448,1.4);
#4448 = AXIS2_PLACEMENT_3D('',#4449,#4450,#4451);
#4449 = CARTESIAN_POINT('',(89.919554,-26.,56.));
#4450 = DIRECTION('',(0.,0.,-1.));
#4451 = DIRECTION('',(1.,0.,0.));
#4452 = ORIENTED_EDGE('',*,*,#4453,.F.);
#4453 = EDGE_CURVE('',#1133,#4445,#4454,.T.);
#4454 = LINE('',#4455,#4456);
#4455 = CARTESIAN_POINT('',(88.527612909292,-25.85,5.));
#4456 = VECTOR('',#4457,1.);
#4457 = DIRECTION('',(-0.,-0.,-1.));
#4458 = ORIENTED_EDGE('',*,*,#1132,.F.);
#4459 = ORIENTED_EDGE('',*,*,#4429,.F.);
#4460 = ORIENTED_EDGE('',*,*,#872,.F.);
#4461 = ORIENTED_EDGE('',*,*,#4462,.F.);
#4462 = EDGE_CURVE('',#4463,#873,#4465,.T.);
#4463 = VERTEX_POINT('',#4464);
#4464 = CARTESIAN_POINT('',(88.527612909293,-25.85,8.));
#4465 = LINE('',#4466,#4467);
#4466 = CARTESIAN_POINT('',(88.527612909292,-25.85,5.));
#4467 = VECTOR('',#4468,1.);
#4468 = DIRECTION('',(-0.,-0.,-1.));
#4469 = ORIENTED_EDGE('',*,*,#4470,.T.);
#4470 = EDGE_CURVE('',#4463,#4471,#4473,.T.);
#4471 = VERTEX_POINT('',#4472);
#4472 = CARTESIAN_POINT('',(90.069554,-24.60805890929,8.));
#4473 = CIRCLE('',#4474,1.4);
#4474 = AXIS2_PLACEMENT_3D('',#4475,#4476,#4477);
#4475 = CARTESIAN_POINT('',(89.919554,-26.,8.));
#4476 = DIRECTION('',(0.,0.,-1.));
#4477 = DIRECTION('',(1.,0.,0.));
#4478 = ORIENTED_EDGE('',*,*,#4479,.T.);
#4479 = EDGE_CURVE('',#4471,#953,#4480,.T.);
#4480 = LINE('',#4481,#4482);
#4481 = CARTESIAN_POINT('',(90.069554,-24.60805890929,5.));
#4482 = VECTOR('',#4483,1.);
#4483 = DIRECTION('',(-0.,-0.,-1.));
#4484 = CYLINDRICAL_SURFACE('',#4485,1.4);
#4485 = AXIS2_PLACEMENT_3D('',#4486,#4487,#4488);
#4486 = CARTESIAN_POINT('',(89.919554,-26.,5.));
#4487 = DIRECTION('',(-0.,-0.,-1.));
#4488 = DIRECTION('',(1.,0.,0.));
#4489 = ADVANCED_FACE('',(#4490,#4556,#4606,#4656,#4706,#4756,#4806,
    #4856,#4906,#4956,#5006,#5056,#5106,#5156,#5206,#5256),#5306,.F.);
#4490 = FACE_BOUND('',#4491,.F.);
#4491 = EDGE_LOOP('',(#4492,#4493,#4501,#4509,#4517,#4525,#4531,#4532,
    #4533,#4541,#4549,#4555));
#4492 = ORIENTED_EDGE('',*,*,#952,.F.);
#4493 = ORIENTED_EDGE('',*,*,#4494,.F.);
#4494 = EDGE_CURVE('',#4495,#944,#4497,.T.);
#4495 = VERTEX_POINT('',#4496);
#4496 = CARTESIAN_POINT('',(90.069554,82.608058909293,8.));
#4497 = LINE('',#4498,#4499);
#4498 = CARTESIAN_POINT('',(90.069554,82.608058909292,5.));
#4499 = VECTOR('',#4500,1.);
#4500 = DIRECTION('',(-0.,-0.,-1.));
#4501 = ORIENTED_EDGE('',*,*,#4502,.T.);
#4502 = EDGE_CURVE('',#4495,#4503,#4505,.T.);
#4503 = VERTEX_POINT('',#4504);
#4504 = CARTESIAN_POINT('',(90.069554,81.003752346684,8.));
#4505 = LINE('',#4506,#4507);
#4506 = CARTESIAN_POINT('',(90.069554,56.575,8.));
#4507 = VECTOR('',#4508,1.);
#4508 = DIRECTION('',(0.,-1.,0.));
#4509 = ORIENTED_EDGE('',*,*,#4510,.F.);
#4510 = EDGE_CURVE('',#4511,#4503,#4513,.T.);
#4511 = VERTEX_POINT('',#4512);
#4512 = CARTESIAN_POINT('',(90.069554,81.003752346684,56.));
#4513 = LINE('',#4514,#4515);
#4514 = CARTESIAN_POINT('',(90.069554,81.003752346684,8.));
#4515 = VECTOR('',#4516,1.);
#4516 = DIRECTION('',(0.,0.,-1.));
#4517 = ORIENTED_EDGE('',*,*,#4518,.F.);
#4518 = EDGE_CURVE('',#4519,#4511,#4521,.T.);
#4519 = VERTEX_POINT('',#4520);
#4520 = CARTESIAN_POINT('',(90.069554,82.608058909293,56.));
#4521 = LINE('',#4522,#4523);
#4522 = CARTESIAN_POINT('',(90.069554,42.075,56.));
#4523 = VECTOR('',#4524,1.);
#4524 = DIRECTION('',(0.,-1.,0.));
#4525 = ORIENTED_EDGE('',*,*,#4526,.F.);
#4526 = EDGE_CURVE('',#1107,#4519,#4527,.T.);
#4527 = LINE('',#4528,#4529);
#4528 = CARTESIAN_POINT('',(90.069554,82.608058909292,5.));
#4529 = VECTOR('',#4530,1.);
#4530 = DIRECTION('',(-0.,-0.,-1.));
#4531 = ORIENTED_EDGE('',*,*,#1115,.F.);
#4532 = ORIENTED_EDGE('',*,*,#4436,.T.);
#4533 = ORIENTED_EDGE('',*,*,#4534,.F.);
#4534 = EDGE_CURVE('',#4535,#4437,#4537,.T.);
#4535 = VERTEX_POINT('',#4536);
#4536 = CARTESIAN_POINT('',(90.069554,-23.00375234668,56.));
#4537 = LINE('',#4538,#4539);
#4538 = CARTESIAN_POINT('',(90.069554,42.075,56.));
#4539 = VECTOR('',#4540,1.);
#4540 = DIRECTION('',(0.,-1.,0.));
#4541 = ORIENTED_EDGE('',*,*,#4542,.T.);
#4542 = EDGE_CURVE('',#4535,#4543,#4545,.T.);
#4543 = VERTEX_POINT('',#4544);
#4544 = CARTESIAN_POINT('',(90.069554,-23.00375234668,8.));
#4545 = LINE('',#4546,#4547);
#4546 = CARTESIAN_POINT('',(90.069554,-23.00375234668,8.));
#4547 = VECTOR('',#4548,1.);
#4548 = DIRECTION('',(0.,0.,-1.));
#4549 = ORIENTED_EDGE('',*,*,#4550,.T.);
#4550 = EDGE_CURVE('',#4543,#4471,#4551,.T.);
#4551 = LINE('',#4552,#4553);
#4552 = CARTESIAN_POINT('',(90.069554,56.575,8.));
#4553 = VECTOR('',#4554,1.);
#4554 = DIRECTION('',(0.,-1.,0.));
#4555 = ORIENTED_EDGE('',*,*,#4479,.T.);
#4556 = FACE_BOUND('',#4557,.F.);
#4557 = EDGE_LOOP('',(#4558,#4568,#4576,#4584,#4592,#4600));
#4558 = ORIENTED_EDGE('',*,*,#4559,.T.);
#4559 = EDGE_CURVE('',#4560,#4562,#4564,.T.);
#4560 = VERTEX_POINT('',#4561);
#4561 = CARTESIAN_POINT('',(90.069554,53.80383139159,44.392304845413));
#4562 = VERTEX_POINT('',#4563);
#4563 = CARTESIAN_POINT('',(90.069554,58.999983814296,47.392304845413));
#4564 = LINE('',#4565,#4566);
#4565 = CARTESIAN_POINT('',(90.069554,59.25303665366,47.538404970339));
#4566 = VECTOR('',#4567,1.);
#4567 = DIRECTION('',(0.,0.866025403784,0.5));
#4568 = ORIENTED_EDGE('',*,*,#4569,.T.);
#4569 = EDGE_CURVE('',#4562,#4570,#4572,.T.);
#4570 = VERTEX_POINT('',#4571);
#4571 = CARTESIAN_POINT('',(90.069554,64.196136237003,44.392304845413));
#4572 = LINE('',#4573,#4574);
#4573 = CARTESIAN_POINT('',(90.069554,80.207519325564,35.148128509134));
#4574 = VECTOR('',#4575,1.);
#4575 = DIRECTION('',(0.,0.866025403784,-0.5));
#4576 = ORIENTED_EDGE('',*,*,#4577,.T.);
#4577 = EDGE_CURVE('',#4570,#4578,#4580,.T.);
#4578 = VERTEX_POINT('',#4579);
#4579 = CARTESIAN_POINT('',(90.069554,64.196136237003,38.392304845413));
#4580 = LINE('',#4581,#4582);
#4581 = CARTESIAN_POINT('',(90.069554,64.196136237003,21.696152422707));
#4582 = VECTOR('',#4583,1.);
#4583 = DIRECTION('',(0.,0.,-1.));
#4584 = ORIENTED_EDGE('',*,*,#4585,.T.);
#4585 = EDGE_CURVE('',#4578,#4586,#4588,.T.);
#4586 = VERTEX_POINT('',#4587);
#4587 = CARTESIAN_POINT('',(90.069554,58.999983814296,35.392304845413));
#4588 = LINE('',#4589,#4590);
#4589 = CARTESIAN_POINT('',(90.069554,61.851112865013,37.038404970339));
#4590 = VECTOR('',#4591,1.);
#4591 = DIRECTION('',(0.,-0.866025403784,-0.5));
#4592 = ORIENTED_EDGE('',*,*,#4593,.T.);
#4593 = EDGE_CURVE('',#4586,#4594,#4596,.T.);
#4594 = VERTEX_POINT('',#4595);
#4595 = CARTESIAN_POINT('',(90.069554,53.803831391589,38.392304845413));
#4596 = LINE('',#4597,#4598);
#4597 = CARTESIAN_POINT('',(90.069554,72.413290691504,27.648128509134));
#4598 = VECTOR('',#4599,1.);
#4599 = DIRECTION('',(0.,-0.866025403784,0.5));
#4600 = ORIENTED_EDGE('',*,*,#4601,.T.);
#4601 = EDGE_CURVE('',#4594,#4560,#4602,.T.);
#4602 = LINE('',#4603,#4604);
#4603 = CARTESIAN_POINT('',(90.069554,53.803831391589,24.696152422707));
#4604 = VECTOR('',#4605,1.);
#4605 = DIRECTION('',(0.,1.18E-15,1.));
#4606 = FACE_BOUND('',#4607,.F.);
#4607 = EDGE_LOOP('',(#4608,#4618,#4626,#4634,#4642,#4650));
#4608 = ORIENTED_EDGE('',*,*,#4609,.T.);
#4609 = EDGE_CURVE('',#4610,#4612,#4614,.T.);
#4610 = VERTEX_POINT('',#4611);
#4611 = CARTESIAN_POINT('',(90.069554,41.80383139159,44.392304845413));
#4612 = VERTEX_POINT('',#4613);
#4613 = CARTESIAN_POINT('',(90.069554,46.999983814296,47.392304845413));
#4614 = LINE('',#4615,#4616);
#4615 = CARTESIAN_POINT('',(90.069554,51.75303665366,50.136481181692));
#4616 = VECTOR('',#4617,1.);
#4617 = DIRECTION('',(0.,0.866025403784,0.5));
#4618 = ORIENTED_EDGE('',*,*,#4619,.T.);
#4619 = EDGE_CURVE('',#4612,#4620,#4622,.T.);
#4620 = VERTEX_POINT('',#4621);
#4621 = CARTESIAN_POINT('',(90.069554,52.196136237003,44.392304845413));
#4622 = LINE('',#4623,#4624);
#4623 = CARTESIAN_POINT('',(90.069554,72.707519325564,32.550052297781));
#4624 = VECTOR('',#4625,1.);
#4625 = DIRECTION('',(0.,0.866025403784,-0.5));
#4626 = ORIENTED_EDGE('',*,*,#4627,.T.);
#4627 = EDGE_CURVE('',#4620,#4628,#4630,.T.);
#4628 = VERTEX_POINT('',#4629);
#4629 = CARTESIAN_POINT('',(90.069554,52.196136237003,38.392304845413));
#4630 = LINE('',#4631,#4632);
#4631 = CARTESIAN_POINT('',(90.069554,52.196136237003,21.696152422707));
#4632 = VECTOR('',#4633,1.);
#4633 = DIRECTION('',(0.,0.,-1.));
#4634 = ORIENTED_EDGE('',*,*,#4635,.T.);
#4635 = EDGE_CURVE('',#4628,#4636,#4638,.T.);
#4636 = VERTEX_POINT('',#4637);
#4637 = CARTESIAN_POINT('',(90.069554,46.999983814296,35.392304845413));
#4638 = LINE('',#4639,#4640);
#4639 = CARTESIAN_POINT('',(90.069554,54.351112865013,39.636481181692));
#4640 = VECTOR('',#4641,1.);
#4641 = DIRECTION('',(0.,-0.866025403784,-0.5));
#4642 = ORIENTED_EDGE('',*,*,#4643,.T.);
#4643 = EDGE_CURVE('',#4636,#4644,#4646,.T.);
#4644 = VERTEX_POINT('',#4645);
#4645 = CARTESIAN_POINT('',(90.069554,41.80383139159,38.392304845413));
#4646 = LINE('',#4647,#4648);
#4647 = CARTESIAN_POINT('',(90.069554,64.913290691504,25.050052297781));
#4648 = VECTOR('',#4649,1.);
#4649 = DIRECTION('',(0.,-0.866025403784,0.5));
#4650 = ORIENTED_EDGE('',*,*,#4651,.T.);
#4651 = EDGE_CURVE('',#4644,#4610,#4652,.T.);
#4652 = LINE('',#4653,#4654);
#4653 = CARTESIAN_POINT('',(90.069554,41.80383139159,24.696152422707));
#4654 = VECTOR('',#4655,1.);
#4655 = DIRECTION('',(0.,0.,1.));
#4656 = FACE_BOUND('',#4657,.F.);
#4657 = EDGE_LOOP('',(#4658,#4668,#4676,#4684,#4692,#4700));
#4658 = ORIENTED_EDGE('',*,*,#4659,.T.);
#4659 = EDGE_CURVE('',#4660,#4662,#4664,.T.);
#4660 = VERTEX_POINT('',#4661);
#4661 = CARTESIAN_POINT('',(90.069554,29.80383139159,44.392304845413));
#4662 = VERTEX_POINT('',#4663);
#4663 = CARTESIAN_POINT('',(90.069554,34.999983814296,47.392304845413));
#4664 = LINE('',#4665,#4666);
#4665 = CARTESIAN_POINT('',(90.069554,44.25303665366,52.734557393046));
#4666 = VECTOR('',#4667,1.);
#4667 = DIRECTION('',(0.,0.866025403784,0.5));
#4668 = ORIENTED_EDGE('',*,*,#4669,.T.);
#4669 = EDGE_CURVE('',#4662,#4670,#4672,.T.);
#4670 = VERTEX_POINT('',#4671);
#4671 = CARTESIAN_POINT('',(90.069554,40.196136237003,44.392304845413));
#4672 = LINE('',#4673,#4674);
#4673 = CARTESIAN_POINT('',(90.069554,65.207519325564,29.951976086428));
#4674 = VECTOR('',#4675,1.);
#4675 = DIRECTION('',(0.,0.866025403784,-0.5));
#4676 = ORIENTED_EDGE('',*,*,#4677,.T.);
#4677 = EDGE_CURVE('',#4670,#4678,#4680,.T.);
#4678 = VERTEX_POINT('',#4679);
#4679 = CARTESIAN_POINT('',(90.069554,40.196136237003,38.392304845413));
#4680 = LINE('',#4681,#4682);
#4681 = CARTESIAN_POINT('',(90.069554,40.196136237003,21.696152422707));
#4682 = VECTOR('',#4683,1.);
#4683 = DIRECTION('',(0.,0.,-1.));
#4684 = ORIENTED_EDGE('',*,*,#4685,.T.);
#4685 = EDGE_CURVE('',#4678,#4686,#4688,.T.);
#4686 = VERTEX_POINT('',#4687);
#4687 = CARTESIAN_POINT('',(90.069554,34.999983814296,35.392304845413));
#4688 = LINE('',#4689,#4690);
#4689 = CARTESIAN_POINT('',(90.069554,46.851112865013,42.234557393046));
#4690 = VECTOR('',#4691,1.);
#4691 = DIRECTION('',(0.,-0.866025403784,-0.5));
#4692 = ORIENTED_EDGE('',*,*,#4693,.T.);
#4693 = EDGE_CURVE('',#4686,#4694,#4696,.T.);
#4694 = VERTEX_POINT('',#4695);
#4695 = CARTESIAN_POINT('',(90.069554,29.80383139159,38.392304845413));
#4696 = LINE('',#4697,#4698);
#4697 = CARTESIAN_POINT('',(90.069554,57.413290691504,22.451976086428));
#4698 = VECTOR('',#4699,1.);
#4699 = DIRECTION('',(0.,-0.866025403784,0.5));
#4700 = ORIENTED_EDGE('',*,*,#4701,.T.);
#4701 = EDGE_CURVE('',#4694,#4660,#4702,.T.);
#4702 = LINE('',#4703,#4704);
#4703 = CARTESIAN_POINT('',(90.069554,29.80383139159,24.696152422707));
#4704 = VECTOR('',#4705,1.);
#4705 = DIRECTION('',(0.,0.,1.));
#4706 = FACE_BOUND('',#4707,.F.);
#4707 = EDGE_LOOP('',(#4708,#4718,#4726,#4734,#4742,#4750));
#4708 = ORIENTED_EDGE('',*,*,#4709,.T.);
#4709 = EDGE_CURVE('',#4710,#4712,#4714,.T.);
#4710 = VERTEX_POINT('',#4711);
#4711 = CARTESIAN_POINT('',(90.069554,17.80383139159,44.392304845413));
#4712 = VERTEX_POINT('',#4713);
#4713 = CARTESIAN_POINT('',(90.069554,22.999983814296,47.392304845413));
#4714 = LINE('',#4715,#4716);
#4715 = CARTESIAN_POINT('',(90.069554,36.75303665366,55.332633604399));
#4716 = VECTOR('',#4717,1.);
#4717 = DIRECTION('',(0.,0.866025403784,0.5));
#4718 = ORIENTED_EDGE('',*,*,#4719,.T.);
#4719 = EDGE_CURVE('',#4712,#4720,#4722,.T.);
#4720 = VERTEX_POINT('',#4721);
#4721 = CARTESIAN_POINT('',(90.069554,28.196136237003,44.392304845413));
#4722 = LINE('',#4723,#4724);
#4723 = CARTESIAN_POINT('',(90.069554,57.707519325564,27.353899875074));
#4724 = VECTOR('',#4725,1.);
#4725 = DIRECTION('',(0.,0.866025403784,-0.5));
#4726 = ORIENTED_EDGE('',*,*,#4727,.T.);
#4727 = EDGE_CURVE('',#4720,#4728,#4730,.T.);
#4728 = VERTEX_POINT('',#4729);
#4729 = CARTESIAN_POINT('',(90.069554,28.196136237003,38.392304845413));
#4730 = LINE('',#4731,#4732);
#4731 = CARTESIAN_POINT('',(90.069554,28.196136237003,21.696152422707));
#4732 = VECTOR('',#4733,1.);
#4733 = DIRECTION('',(0.,0.,-1.));
#4734 = ORIENTED_EDGE('',*,*,#4735,.T.);
#4735 = EDGE_CURVE('',#4728,#4736,#4738,.T.);
#4736 = VERTEX_POINT('',#4737);
#4737 = CARTESIAN_POINT('',(90.069554,22.999983814296,35.392304845413));
#4738 = LINE('',#4739,#4740);
#4739 = CARTESIAN_POINT('',(90.069554,39.351112865013,44.832633604399));
#4740 = VECTOR('',#4741,1.);
#4741 = DIRECTION('',(0.,-0.866025403784,-0.5));
#4742 = ORIENTED_EDGE('',*,*,#4743,.T.);
#4743 = EDGE_CURVE('',#4736,#4744,#4746,.T.);
#4744 = VERTEX_POINT('',#4745);
#4745 = CARTESIAN_POINT('',(90.069554,17.80383139159,38.392304845413));
#4746 = LINE('',#4747,#4748);
#4747 = CARTESIAN_POINT('',(90.069554,49.913290691504,19.853899875074));
#4748 = VECTOR('',#4749,1.);
#4749 = DIRECTION('',(0.,-0.866025403784,0.5));
#4750 = ORIENTED_EDGE('',*,*,#4751,.T.);
#4751 = EDGE_CURVE('',#4744,#4710,#4752,.T.);
#4752 = LINE('',#4753,#4754);
#4753 = CARTESIAN_POINT('',(90.069554,17.80383139159,24.696152422707));
#4754 = VECTOR('',#4755,1.);
#4755 = DIRECTION('',(0.,0.,1.));
#4756 = FACE_BOUND('',#4757,.F.);
#4757 = EDGE_LOOP('',(#4758,#4768,#4776,#4784,#4792,#4800));
#4758 = ORIENTED_EDGE('',*,*,#4759,.T.);
#4759 = EDGE_CURVE('',#4760,#4762,#4764,.T.);
#4760 = VERTEX_POINT('',#4761);
#4761 = CARTESIAN_POINT('',(90.069554,5.80383139159,44.392304845413));
#4762 = VERTEX_POINT('',#4763);
#4763 = CARTESIAN_POINT('',(90.069554,10.999983814296,47.392304845413));
#4764 = LINE('',#4765,#4766);
#4765 = CARTESIAN_POINT('',(90.069554,29.25303665366,57.930709815752));
#4766 = VECTOR('',#4767,1.);
#4767 = DIRECTION('',(0.,0.866025403784,0.5));
#4768 = ORIENTED_EDGE('',*,*,#4769,.T.);
#4769 = EDGE_CURVE('',#4762,#4770,#4772,.T.);
#4770 = VERTEX_POINT('',#4771);
#4771 = CARTESIAN_POINT('',(90.069554,16.196136237003,44.392304845413));
#4772 = LINE('',#4773,#4774);
#4773 = CARTESIAN_POINT('',(90.069554,50.207519325564,24.755823663721));
#4774 = VECTOR('',#4775,1.);
#4775 = DIRECTION('',(0.,0.866025403784,-0.5));
#4776 = ORIENTED_EDGE('',*,*,#4777,.T.);
#4777 = EDGE_CURVE('',#4770,#4778,#4780,.T.);
#4778 = VERTEX_POINT('',#4779);
#4779 = CARTESIAN_POINT('',(90.069554,16.196136237003,38.392304845413));
#4780 = LINE('',#4781,#4782);
#4781 = CARTESIAN_POINT('',(90.069554,16.196136237003,21.696152422707));
#4782 = VECTOR('',#4783,1.);
#4783 = DIRECTION('',(0.,0.,-1.));
#4784 = ORIENTED_EDGE('',*,*,#4785,.T.);
#4785 = EDGE_CURVE('',#4778,#4786,#4788,.T.);
#4786 = VERTEX_POINT('',#4787);
#4787 = CARTESIAN_POINT('',(90.069554,10.999983814296,35.392304845413));
#4788 = LINE('',#4789,#4790);
#4789 = CARTESIAN_POINT('',(90.069554,31.851112865013,47.430709815752));
#4790 = VECTOR('',#4791,1.);
#4791 = DIRECTION('',(0.,-0.866025403784,-0.5));
#4792 = ORIENTED_EDGE('',*,*,#4793,.T.);
#4793 = EDGE_CURVE('',#4786,#4794,#4796,.T.);
#4794 = VERTEX_POINT('',#4795);
#4795 = CARTESIAN_POINT('',(90.069554,5.80383139159,38.392304845413));
#4796 = LINE('',#4797,#4798);
#4797 = CARTESIAN_POINT('',(90.069554,42.413290691504,17.255823663721));
#4798 = VECTOR('',#4799,1.);
#4799 = DIRECTION('',(0.,-0.866025403784,0.5));
#4800 = ORIENTED_EDGE('',*,*,#4801,.T.);
#4801 = EDGE_CURVE('',#4794,#4760,#4802,.T.);
#4802 = LINE('',#4803,#4804);
#4803 = CARTESIAN_POINT('',(90.069554,5.80383139159,24.696152422707));
#4804 = VECTOR('',#4805,1.);
#4805 = DIRECTION('',(0.,0.,1.));
#4806 = FACE_BOUND('',#4807,.F.);
#4807 = EDGE_LOOP('',(#4808,#4818,#4826,#4834,#4842,#4850));
#4808 = ORIENTED_EDGE('',*,*,#4809,.T.);
#4809 = EDGE_CURVE('',#4810,#4812,#4814,.T.);
#4810 = VERTEX_POINT('',#4811);
#4811 = CARTESIAN_POINT('',(90.069554,-6.19616860841,44.392304845413));
#4812 = VERTEX_POINT('',#4813);
#4813 = CARTESIAN_POINT('',(90.069554,-1.000016185704,47.392304845413));
#4814 = LINE('',#4815,#4816);
#4815 = CARTESIAN_POINT('',(90.069554,21.75303665366,60.528786027106));
#4816 = VECTOR('',#4817,1.);
#4817 = DIRECTION('',(0.,0.866025403784,0.5));
#4818 = ORIENTED_EDGE('',*,*,#4819,.T.);
#4819 = EDGE_CURVE('',#4812,#4820,#4822,.T.);
#4820 = VERTEX_POINT('',#4821);
#4821 = CARTESIAN_POINT('',(90.069554,4.196136237003,44.392304845413));
#4822 = LINE('',#4823,#4824);
#4823 = CARTESIAN_POINT('',(90.069554,42.707519325564,22.157747452368));
#4824 = VECTOR('',#4825,1.);
#4825 = DIRECTION('',(0.,0.866025403784,-0.5));
#4826 = ORIENTED_EDGE('',*,*,#4827,.T.);
#4827 = EDGE_CURVE('',#4820,#4828,#4830,.T.);
#4828 = VERTEX_POINT('',#4829);
#4829 = CARTESIAN_POINT('',(90.069554,4.196136237003,38.392304845413));
#4830 = LINE('',#4831,#4832);
#4831 = CARTESIAN_POINT('',(90.069554,4.196136237003,21.696152422707));
#4832 = VECTOR('',#4833,1.);
#4833 = DIRECTION('',(0.,1.5E-16,-1.));
#4834 = ORIENTED_EDGE('',*,*,#4835,.T.);
#4835 = EDGE_CURVE('',#4828,#4836,#4838,.T.);
#4836 = VERTEX_POINT('',#4837);
#4837 = CARTESIAN_POINT('',(90.069554,-1.000016185704,35.392304845413));
#4838 = LINE('',#4839,#4840);
#4839 = CARTESIAN_POINT('',(90.069554,24.351112865013,50.028786027106));
#4840 = VECTOR('',#4841,1.);
#4841 = DIRECTION('',(0.,-0.866025403784,-0.5));
#4842 = ORIENTED_EDGE('',*,*,#4843,.T.);
#4843 = EDGE_CURVE('',#4836,#4844,#4846,.T.);
#4844 = VERTEX_POINT('',#4845);
#4845 = CARTESIAN_POINT('',(90.069554,-6.19616860841,38.392304845413));
#4846 = LINE('',#4847,#4848);
#4847 = CARTESIAN_POINT('',(90.069554,34.913290691504,14.657747452368));
#4848 = VECTOR('',#4849,1.);
#4849 = DIRECTION('',(0.,-0.866025403784,0.5));
#4850 = ORIENTED_EDGE('',*,*,#4851,.T.);
#4851 = EDGE_CURVE('',#4844,#4810,#4852,.T.);
#4852 = LINE('',#4853,#4854);
#4853 = CARTESIAN_POINT('',(90.069554,-6.19616860841,24.696152422707));
#4854 = VECTOR('',#4855,1.);
#4855 = DIRECTION('',(0.,-3.E-16,1.));
#4856 = FACE_BOUND('',#4857,.F.);
#4857 = EDGE_LOOP('',(#4858,#4868,#4876,#4884,#4892,#4900));
#4858 = ORIENTED_EDGE('',*,*,#4859,.T.);
#4859 = EDGE_CURVE('',#4860,#4862,#4864,.T.);
#4860 = VERTEX_POINT('',#4861);
#4861 = CARTESIAN_POINT('',(90.069554,47.80383139159,34.));
#4862 = VERTEX_POINT('',#4863);
#4863 = CARTESIAN_POINT('',(90.069554,52.999983814296,37.));
#4864 = LINE('',#4865,#4866);
#4865 = CARTESIAN_POINT('',(90.069554,57.75303665366,39.744176336279));
#4866 = VECTOR('',#4867,1.);
#4867 = DIRECTION('',(0.,0.866025403784,0.5));
#4868 = ORIENTED_EDGE('',*,*,#4869,.T.);
#4869 = EDGE_CURVE('',#4862,#4870,#4872,.T.);
#4870 = VERTEX_POINT('',#4871);
#4871 = CARTESIAN_POINT('',(90.069554,58.196136237003,34.));
#4872 = LINE('',#4873,#4874);
#4873 = CARTESIAN_POINT('',(90.069554,74.207519325564,24.755823663721));
#4874 = VECTOR('',#4875,1.);
#4875 = DIRECTION('',(0.,0.866025403784,-0.5));
#4876 = ORIENTED_EDGE('',*,*,#4877,.T.);
#4877 = EDGE_CURVE('',#4870,#4878,#4880,.T.);
#4878 = VERTEX_POINT('',#4879);
#4879 = CARTESIAN_POINT('',(90.069554,58.196136237003,28.));
#4880 = LINE('',#4881,#4882);
#4881 = CARTESIAN_POINT('',(90.069554,58.196136237003,16.5));
#4882 = VECTOR('',#4883,1.);
#4883 = DIRECTION('',(0.,0.,-1.));
#4884 = ORIENTED_EDGE('',*,*,#4885,.T.);
#4885 = EDGE_CURVE('',#4878,#4886,#4888,.T.);
#4886 = VERTEX_POINT('',#4887);
#4887 = CARTESIAN_POINT('',(90.069554,52.999983814296,25.));
#4888 = LINE('',#4889,#4890);
#4889 = CARTESIAN_POINT('',(90.069554,60.351112865013,29.244176336279));
#4890 = VECTOR('',#4891,1.);
#4891 = DIRECTION('',(0.,-0.866025403784,-0.5));
#4892 = ORIENTED_EDGE('',*,*,#4893,.T.);
#4893 = EDGE_CURVE('',#4886,#4894,#4896,.T.);
#4894 = VERTEX_POINT('',#4895);
#4895 = CARTESIAN_POINT('',(90.069554,47.80383139159,28.));
#4896 = LINE('',#4897,#4898);
#4897 = CARTESIAN_POINT('',(90.069554,66.413290691504,17.255823663721));
#4898 = VECTOR('',#4899,1.);
#4899 = DIRECTION('',(0.,-0.866025403784,0.5));
#4900 = ORIENTED_EDGE('',*,*,#4901,.T.);
#4901 = EDGE_CURVE('',#4894,#4860,#4902,.T.);
#4902 = LINE('',#4903,#4904);
#4903 = CARTESIAN_POINT('',(90.069554,47.80383139159,19.5));
#4904 = VECTOR('',#4905,1.);
#4905 = DIRECTION('',(0.,0.,1.));
#4906 = FACE_BOUND('',#4907,.F.);
#4907 = EDGE_LOOP('',(#4908,#4918,#4926,#4934,#4942,#4950));
#4908 = ORIENTED_EDGE('',*,*,#4909,.T.);
#4909 = EDGE_CURVE('',#4910,#4912,#4914,.T.);
#4910 = VERTEX_POINT('',#4911);
#4911 = CARTESIAN_POINT('',(90.069554,35.80383139159,34.));
#4912 = VERTEX_POINT('',#4913);
#4913 = CARTESIAN_POINT('',(90.069554,40.999983814296,37.));
#4914 = LINE('',#4915,#4916);
#4915 = CARTESIAN_POINT('',(90.069554,50.25303665366,42.342252547632));
#4916 = VECTOR('',#4917,1.);
#4917 = DIRECTION('',(0.,0.866025403784,0.5));
#4918 = ORIENTED_EDGE('',*,*,#4919,.T.);
#4919 = EDGE_CURVE('',#4912,#4920,#4922,.T.);
#4920 = VERTEX_POINT('',#4921);
#4921 = CARTESIAN_POINT('',(90.069554,46.196136237003,34.));
#4922 = LINE('',#4923,#4924);
#4923 = CARTESIAN_POINT('',(90.069554,66.707519325564,22.157747452368));
#4924 = VECTOR('',#4925,1.);
#4925 = DIRECTION('',(0.,0.866025403784,-0.5));
#4926 = ORIENTED_EDGE('',*,*,#4927,.T.);
#4927 = EDGE_CURVE('',#4920,#4928,#4930,.T.);
#4928 = VERTEX_POINT('',#4929);
#4929 = CARTESIAN_POINT('',(90.069554,46.196136237003,28.));
#4930 = LINE('',#4931,#4932);
#4931 = CARTESIAN_POINT('',(90.069554,46.196136237003,16.5));
#4932 = VECTOR('',#4933,1.);
#4933 = DIRECTION('',(0.,0.,-1.));
#4934 = ORIENTED_EDGE('',*,*,#4935,.T.);
#4935 = EDGE_CURVE('',#4928,#4936,#4938,.T.);
#4936 = VERTEX_POINT('',#4937);
#4937 = CARTESIAN_POINT('',(90.069554,40.999983814296,25.));
#4938 = LINE('',#4939,#4940);
#4939 = CARTESIAN_POINT('',(90.069554,52.851112865013,31.842252547632));
#4940 = VECTOR('',#4941,1.);
#4941 = DIRECTION('',(0.,-0.866025403784,-0.5));
#4942 = ORIENTED_EDGE('',*,*,#4943,.T.);
#4943 = EDGE_CURVE('',#4936,#4944,#4946,.T.);
#4944 = VERTEX_POINT('',#4945);
#4945 = CARTESIAN_POINT('',(90.069554,35.80383139159,28.));
#4946 = LINE('',#4947,#4948);
#4947 = CARTESIAN_POINT('',(90.069554,58.913290691504,14.657747452368));
#4948 = VECTOR('',#4949,1.);
#4949 = DIRECTION('',(0.,-0.866025403784,0.5));
#4950 = ORIENTED_EDGE('',*,*,#4951,.T.);
#4951 = EDGE_CURVE('',#4944,#4910,#4952,.T.);
#4952 = LINE('',#4953,#4954);
#4953 = CARTESIAN_POINT('',(90.069554,35.80383139159,19.5));
#4954 = VECTOR('',#4955,1.);
#4955 = DIRECTION('',(0.,0.,1.));
#4956 = FACE_BOUND('',#4957,.F.);
#4957 = EDGE_LOOP('',(#4958,#4968,#4976,#4984,#4992,#5000));
#4958 = ORIENTED_EDGE('',*,*,#4959,.T.);
#4959 = EDGE_CURVE('',#4960,#4962,#4964,.T.);
#4960 = VERTEX_POINT('',#4961);
#4961 = CARTESIAN_POINT('',(90.069554,41.80383139159,23.607695154587));
#4962 = VERTEX_POINT('',#4963);
#4963 = CARTESIAN_POINT('',(90.069554,46.999983814296,26.607695154587));
#4964 = LINE('',#4965,#4966);
#4965 = CARTESIAN_POINT('',(90.069554,56.25303665366,31.949947702219));
#4966 = VECTOR('',#4967,1.);
#4967 = DIRECTION('',(0.,0.866025403784,0.5));
#4968 = ORIENTED_EDGE('',*,*,#4969,.T.);
#4969 = EDGE_CURVE('',#4962,#4970,#4972,.T.);
#4970 = VERTEX_POINT('',#4971);
#4971 = CARTESIAN_POINT('',(90.069554,52.196136237003,23.607695154587));
#4972 = LINE('',#4973,#4974);
#4973 = CARTESIAN_POINT('',(90.069554,68.207519325564,14.363518818308));
#4974 = VECTOR('',#4975,1.);
#4975 = DIRECTION('',(0.,0.866025403784,-0.5));
#4976 = ORIENTED_EDGE('',*,*,#4977,.T.);
#4977 = EDGE_CURVE('',#4970,#4978,#4980,.T.);
#4978 = VERTEX_POINT('',#4979);
#4979 = CARTESIAN_POINT('',(90.069554,52.196136237003,17.607695154587));
#4980 = LINE('',#4981,#4982);
#4981 = CARTESIAN_POINT('',(90.069554,52.196136237003,11.303847577293));
#4982 = VECTOR('',#4983,1.);
#4983 = DIRECTION('',(0.,0.,-1.));
#4984 = ORIENTED_EDGE('',*,*,#4985,.T.);
#4985 = EDGE_CURVE('',#4978,#4986,#4988,.T.);
#4986 = VERTEX_POINT('',#4987);
#4987 = CARTESIAN_POINT('',(90.069554,46.999983814296,14.607695154587));
#4988 = LINE('',#4989,#4990);
#4989 = CARTESIAN_POINT('',(90.069554,58.851112865013,21.449947702219));
#4990 = VECTOR('',#4991,1.);
#4991 = DIRECTION('',(0.,-0.866025403784,-0.5));
#4992 = ORIENTED_EDGE('',*,*,#4993,.T.);
#4993 = EDGE_CURVE('',#4986,#4994,#4996,.T.);
#4994 = VERTEX_POINT('',#4995);
#4995 = CARTESIAN_POINT('',(90.069554,41.80383139159,17.607695154587));
#4996 = LINE('',#4997,#4998);
#4997 = CARTESIAN_POINT('',(90.069554,60.413290691504,6.863518818308));
#4998 = VECTOR('',#4999,1.);
#4999 = DIRECTION('',(0.,-0.866025403784,0.5));
#5000 = ORIENTED_EDGE('',*,*,#5001,.T.);
#5001 = EDGE_CURVE('',#4994,#4960,#5002,.T.);
#5002 = LINE('',#5003,#5004);
#5003 = CARTESIAN_POINT('',(90.069554,41.80383139159,14.303847577293));
#5004 = VECTOR('',#5005,1.);
#5005 = DIRECTION('',(0.,0.,1.));
#5006 = FACE_BOUND('',#5007,.F.);
#5007 = EDGE_LOOP('',(#5008,#5018,#5026,#5034,#5042,#5050));
#5008 = ORIENTED_EDGE('',*,*,#5009,.T.);
#5009 = EDGE_CURVE('',#5010,#5012,#5014,.T.);
#5010 = VERTEX_POINT('',#5011);
#5011 = CARTESIAN_POINT('',(90.069554,29.80383139159,23.607695154587));
#5012 = VERTEX_POINT('',#5013);
#5013 = CARTESIAN_POINT('',(90.069554,34.999983814296,26.607695154587));
#5014 = LINE('',#5015,#5016);
#5015 = CARTESIAN_POINT('',(90.069554,48.75303665366,34.548023913572));
#5016 = VECTOR('',#5017,1.);
#5017 = DIRECTION('',(0.,0.866025403784,0.5));
#5018 = ORIENTED_EDGE('',*,*,#5019,.T.);
#5019 = EDGE_CURVE('',#5012,#5020,#5022,.T.);
#5020 = VERTEX_POINT('',#5021);
#5021 = CARTESIAN_POINT('',(90.069554,40.196136237003,23.607695154587));
#5022 = LINE('',#5023,#5024);
#5023 = CARTESIAN_POINT('',(90.069554,60.707519325564,11.765442606954));
#5024 = VECTOR('',#5025,1.);
#5025 = DIRECTION('',(0.,0.866025403784,-0.5));
#5026 = ORIENTED_EDGE('',*,*,#5027,.T.);
#5027 = EDGE_CURVE('',#5020,#5028,#5030,.T.);
#5028 = VERTEX_POINT('',#5029);
#5029 = CARTESIAN_POINT('',(90.069554,40.196136237003,17.607695154587));
#5030 = LINE('',#5031,#5032);
#5031 = CARTESIAN_POINT('',(90.069554,40.196136237003,11.303847577293));
#5032 = VECTOR('',#5033,1.);
#5033 = DIRECTION('',(0.,0.,-1.));
#5034 = ORIENTED_EDGE('',*,*,#5035,.T.);
#5035 = EDGE_CURVE('',#5028,#5036,#5038,.T.);
#5036 = VERTEX_POINT('',#5037);
#5037 = CARTESIAN_POINT('',(90.069554,34.999983814296,14.607695154587));
#5038 = LINE('',#5039,#5040);
#5039 = CARTESIAN_POINT('',(90.069554,51.351112865013,24.048023913572));
#5040 = VECTOR('',#5041,1.);
#5041 = DIRECTION('',(0.,-0.866025403784,-0.5));
#5042 = ORIENTED_EDGE('',*,*,#5043,.T.);
#5043 = EDGE_CURVE('',#5036,#5044,#5046,.T.);
#5044 = VERTEX_POINT('',#5045);
#5045 = CARTESIAN_POINT('',(90.069554,29.80383139159,17.607695154587));
#5046 = LINE('',#5047,#5048);
#5047 = CARTESIAN_POINT('',(90.069554,52.913290691504,4.265442606954));
#5048 = VECTOR('',#5049,1.);
#5049 = DIRECTION('',(0.,-0.866025403784,0.5));
#5050 = ORIENTED_EDGE('',*,*,#5051,.T.);
#5051 = EDGE_CURVE('',#5044,#5010,#5052,.T.);
#5052 = LINE('',#5053,#5054);
#5053 = CARTESIAN_POINT('',(90.069554,29.80383139159,14.303847577293));
#5054 = VECTOR('',#5055,1.);
#5055 = DIRECTION('',(0.,0.,1.));
#5056 = FACE_BOUND('',#5057,.F.);
#5057 = EDGE_LOOP('',(#5058,#5068,#5076,#5084,#5092,#5100));
#5058 = ORIENTED_EDGE('',*,*,#5059,.T.);
#5059 = EDGE_CURVE('',#5060,#5062,#5064,.T.);
#5060 = VERTEX_POINT('',#5061);
#5061 = CARTESIAN_POINT('',(90.069554,23.80383139159,34.));
#5062 = VERTEX_POINT('',#5063);
#5063 = CARTESIAN_POINT('',(90.069554,28.999983814296,37.));
#5064 = LINE('',#5065,#5066);
#5065 = CARTESIAN_POINT('',(90.069554,42.75303665366,44.940328758986));
#5066 = VECTOR('',#5067,1.);
#5067 = DIRECTION('',(0.,0.866025403784,0.5));
#5068 = ORIENTED_EDGE('',*,*,#5069,.T.);
#5069 = EDGE_CURVE('',#5062,#5070,#5072,.T.);
#5070 = VERTEX_POINT('',#5071);
#5071 = CARTESIAN_POINT('',(90.069554,34.196136237003,34.));
#5072 = LINE('',#5073,#5074);
#5073 = CARTESIAN_POINT('',(90.069554,59.207519325564,19.559671241014));
#5074 = VECTOR('',#5075,1.);
#5075 = DIRECTION('',(0.,0.866025403784,-0.5));
#5076 = ORIENTED_EDGE('',*,*,#5077,.T.);
#5077 = EDGE_CURVE('',#5070,#5078,#5080,.T.);
#5078 = VERTEX_POINT('',#5079);
#5079 = CARTESIAN_POINT('',(90.069554,34.196136237003,28.));
#5080 = LINE('',#5081,#5082);
#5081 = CARTESIAN_POINT('',(90.069554,34.196136237003,16.5));
#5082 = VECTOR('',#5083,1.);
#5083 = DIRECTION('',(0.,0.,-1.));
#5084 = ORIENTED_EDGE('',*,*,#5085,.T.);
#5085 = EDGE_CURVE('',#5078,#5086,#5088,.T.);
#5086 = VERTEX_POINT('',#5087);
#5087 = CARTESIAN_POINT('',(90.069554,28.999983814296,25.));
#5088 = LINE('',#5089,#5090);
#5089 = CARTESIAN_POINT('',(90.069554,45.351112865013,34.440328758986));
#5090 = VECTOR('',#5091,1.);
#5091 = DIRECTION('',(0.,-0.866025403784,-0.5));
#5092 = ORIENTED_EDGE('',*,*,#5093,.T.);
#5093 = EDGE_CURVE('',#5086,#5094,#5096,.T.);
#5094 = VERTEX_POINT('',#5095);
#5095 = CARTESIAN_POINT('',(90.069554,23.80383139159,28.));
#5096 = LINE('',#5097,#5098);
#5097 = CARTESIAN_POINT('',(90.069554,51.413290691504,12.059671241014));
#5098 = VECTOR('',#5099,1.);
#5099 = DIRECTION('',(0.,-0.866025403784,0.5));
#5100 = ORIENTED_EDGE('',*,*,#5101,.T.);
#5101 = EDGE_CURVE('',#5094,#5060,#5102,.T.);
#5102 = LINE('',#5103,#5104);
#5103 = CARTESIAN_POINT('',(90.069554,23.80383139159,19.5));
#5104 = VECTOR('',#5105,1.);
#5105 = DIRECTION('',(0.,0.,1.));
#5106 = FACE_BOUND('',#5107,.F.);
#5107 = EDGE_LOOP('',(#5108,#5118,#5126,#5134,#5142,#5150));
#5108 = ORIENTED_EDGE('',*,*,#5109,.T.);
#5109 = EDGE_CURVE('',#5110,#5112,#5114,.T.);
#5110 = VERTEX_POINT('',#5111);
#5111 = CARTESIAN_POINT('',(90.069554,11.80383139159,34.));
#5112 = VERTEX_POINT('',#5113);
#5113 = CARTESIAN_POINT('',(90.069554,16.999983814296,37.));
#5114 = LINE('',#5115,#5116);
#5115 = CARTESIAN_POINT('',(90.069554,35.25303665366,47.538404970339));
#5116 = VECTOR('',#5117,1.);
#5117 = DIRECTION('',(0.,0.866025403784,0.5));
#5118 = ORIENTED_EDGE('',*,*,#5119,.T.);
#5119 = EDGE_CURVE('',#5112,#5120,#5122,.T.);
#5120 = VERTEX_POINT('',#5121);
#5121 = CARTESIAN_POINT('',(90.069554,22.196136237003,34.));
#5122 = LINE('',#5123,#5124);
#5123 = CARTESIAN_POINT('',(90.069554,51.707519325564,16.961595029661));
#5124 = VECTOR('',#5125,1.);
#5125 = DIRECTION('',(0.,0.866025403784,-0.5));
#5126 = ORIENTED_EDGE('',*,*,#5127,.T.);
#5127 = EDGE_CURVE('',#5120,#5128,#5130,.T.);
#5128 = VERTEX_POINT('',#5129);
#5129 = CARTESIAN_POINT('',(90.069554,22.196136237003,28.));
#5130 = LINE('',#5131,#5132);
#5131 = CARTESIAN_POINT('',(90.069554,22.196136237003,16.5));
#5132 = VECTOR('',#5133,1.);
#5133 = DIRECTION('',(0.,0.,-1.));
#5134 = ORIENTED_EDGE('',*,*,#5135,.T.);
#5135 = EDGE_CURVE('',#5128,#5136,#5138,.T.);
#5136 = VERTEX_POINT('',#5137);
#5137 = CARTESIAN_POINT('',(90.069554,16.999983814296,25.));
#5138 = LINE('',#5139,#5140);
#5139 = CARTESIAN_POINT('',(90.069554,37.851112865013,37.038404970339));
#5140 = VECTOR('',#5141,1.);
#5141 = DIRECTION('',(0.,-0.866025403784,-0.5));
#5142 = ORIENTED_EDGE('',*,*,#5143,.T.);
#5143 = EDGE_CURVE('',#5136,#5144,#5146,.T.);
#5144 = VERTEX_POINT('',#5145);
#5145 = CARTESIAN_POINT('',(90.069554,11.80383139159,28.));
#5146 = LINE('',#5147,#5148);
#5147 = CARTESIAN_POINT('',(90.069554,43.913290691504,9.461595029661));
#5148 = VECTOR('',#5149,1.);
#5149 = DIRECTION('',(0.,-0.866025403784,0.5));
#5150 = ORIENTED_EDGE('',*,*,#5151,.T.);
#5151 = EDGE_CURVE('',#5144,#5110,#5152,.T.);
#5152 = LINE('',#5153,#5154);
#5153 = CARTESIAN_POINT('',(90.069554,11.80383139159,19.5));
#5154 = VECTOR('',#5155,1.);
#5155 = DIRECTION('',(0.,0.,1.));
#5156 = FACE_BOUND('',#5157,.F.);
#5157 = EDGE_LOOP('',(#5158,#5168,#5176,#5184,#5192,#5200));
#5158 = ORIENTED_EDGE('',*,*,#5159,.T.);
#5159 = EDGE_CURVE('',#5160,#5162,#5164,.T.);
#5160 = VERTEX_POINT('',#5161);
#5161 = CARTESIAN_POINT('',(90.069554,-0.19616860841,34.));
#5162 = VERTEX_POINT('',#5163);
#5163 = CARTESIAN_POINT('',(90.069554,4.999983814296,37.));
#5164 = LINE('',#5165,#5166);
#5165 = CARTESIAN_POINT('',(90.069554,27.75303665366,50.136481181692));
#5166 = VECTOR('',#5167,1.);
#5167 = DIRECTION('',(0.,0.866025403784,0.5));
#5168 = ORIENTED_EDGE('',*,*,#5169,.T.);
#5169 = EDGE_CURVE('',#5162,#5170,#5172,.T.);
#5170 = VERTEX_POINT('',#5171);
#5171 = CARTESIAN_POINT('',(90.069554,10.196136237003,34.));
#5172 = LINE('',#5173,#5174);
#5173 = CARTESIAN_POINT('',(90.069554,44.207519325564,14.363518818308));
#5174 = VECTOR('',#5175,1.);
#5175 = DIRECTION('',(0.,0.866025403784,-0.5));
#5176 = ORIENTED_EDGE('',*,*,#5177,.T.);
#5177 = EDGE_CURVE('',#5170,#5178,#5180,.T.);
#5178 = VERTEX_POINT('',#5179);
#5179 = CARTESIAN_POINT('',(90.069554,10.196136237003,28.));
#5180 = LINE('',#5181,#5182);
#5181 = CARTESIAN_POINT('',(90.069554,10.196136237003,16.5));
#5182 = VECTOR('',#5183,1.);
#5183 = DIRECTION('',(0.,0.,-1.));
#5184 = ORIENTED_EDGE('',*,*,#5185,.T.);
#5185 = EDGE_CURVE('',#5178,#5186,#5188,.T.);
#5186 = VERTEX_POINT('',#5187);
#5187 = CARTESIAN_POINT('',(90.069554,4.999983814296,25.));
#5188 = LINE('',#5189,#5190);
#5189 = CARTESIAN_POINT('',(90.069554,30.351112865013,39.636481181692));
#5190 = VECTOR('',#5191,1.);
#5191 = DIRECTION('',(0.,-0.866025403784,-0.5));
#5192 = ORIENTED_EDGE('',*,*,#5193,.T.);
#5193 = EDGE_CURVE('',#5186,#5194,#5196,.T.);
#5194 = VERTEX_POINT('',#5195);
#5195 = CARTESIAN_POINT('',(90.069554,-0.19616860841,28.));
#5196 = LINE('',#5197,#5198);
#5197 = CARTESIAN_POINT('',(90.069554,36.413290691504,6.863518818308));
#5198 = VECTOR('',#5199,1.);
#5199 = DIRECTION('',(0.,-0.866025403784,0.5));
#5200 = ORIENTED_EDGE('',*,*,#5201,.T.);
#5201 = EDGE_CURVE('',#5194,#5160,#5202,.T.);
#5202 = LINE('',#5203,#5204);
#5203 = CARTESIAN_POINT('',(90.069554,-0.19616860841,19.5));
#5204 = VECTOR('',#5205,1.);
#5205 = DIRECTION('',(0.,-5.E-17,1.));
#5206 = FACE_BOUND('',#5207,.F.);
#5207 = EDGE_LOOP('',(#5208,#5218,#5226,#5234,#5242,#5250));
#5208 = ORIENTED_EDGE('',*,*,#5209,.T.);
#5209 = EDGE_CURVE('',#5210,#5212,#5214,.T.);
#5210 = VERTEX_POINT('',#5211);
#5211 = CARTESIAN_POINT('',(90.069554,17.80383139159,23.607695154587));
#5212 = VERTEX_POINT('',#5213);
#5213 = CARTESIAN_POINT('',(90.069554,22.999983814296,26.607695154587));
#5214 = LINE('',#5215,#5216);
#5215 = CARTESIAN_POINT('',(90.069554,41.25303665366,37.146100124926));
#5216 = VECTOR('',#5217,1.);
#5217 = DIRECTION('',(0.,0.866025403784,0.5));
#5218 = ORIENTED_EDGE('',*,*,#5219,.T.);
#5219 = EDGE_CURVE('',#5212,#5220,#5222,.T.);
#5220 = VERTEX_POINT('',#5221);
#5221 = CARTESIAN_POINT('',(90.069554,28.196136237003,23.607695154587));
#5222 = LINE('',#5223,#5224);
#5223 = CARTESIAN_POINT('',(90.069554,53.207519325564,9.167366395601));
#5224 = VECTOR('',#5225,1.);
#5225 = DIRECTION('',(0.,0.866025403784,-0.5));
#5226 = ORIENTED_EDGE('',*,*,#5227,.T.);
#5227 = EDGE_CURVE('',#5220,#5228,#5230,.T.);
#5228 = VERTEX_POINT('',#5229);
#5229 = CARTESIAN_POINT('',(90.069554,28.196136237003,17.607695154587));
#5230 = LINE('',#5231,#5232);
#5231 = CARTESIAN_POINT('',(90.069554,28.196136237003,11.303847577293));
#5232 = VECTOR('',#5233,1.);
#5233 = DIRECTION('',(0.,0.,-1.));
#5234 = ORIENTED_EDGE('',*,*,#5235,.T.);
#5235 = EDGE_CURVE('',#5228,#5236,#5238,.T.);
#5236 = VERTEX_POINT('',#5237);
#5237 = CARTESIAN_POINT('',(90.069554,22.999983814296,14.607695154587));
#5238 = LINE('',#5239,#5240);
#5239 = CARTESIAN_POINT('',(90.069554,43.851112865013,26.646100124926));
#5240 = VECTOR('',#5241,1.);
#5241 = DIRECTION('',(0.,-0.866025403784,-0.5));
#5242 = ORIENTED_EDGE('',*,*,#5243,.T.);
#5243 = EDGE_CURVE('',#5236,#5244,#5246,.T.);
#5244 = VERTEX_POINT('',#5245);
#5245 = CARTESIAN_POINT('',(90.069554,17.80383139159,17.607695154587));
#5246 = LINE('',#5247,#5248);
#5247 = CARTESIAN_POINT('',(90.069554,45.413290691504,1.667366395601));
#5248 = VECTOR('',#5249,1.);
#5249 = DIRECTION('',(0.,-0.866025403784,0.5));
#5250 = ORIENTED_EDGE('',*,*,#5251,.T.);
#5251 = EDGE_CURVE('',#5244,#5210,#5252,.T.);
#5252 = LINE('',#5253,#5254);
#5253 = CARTESIAN_POINT('',(90.069554,17.80383139159,14.303847577293));
#5254 = VECTOR('',#5255,1.);
#5255 = DIRECTION('',(0.,0.,1.));
#5256 = FACE_BOUND('',#5257,.F.);
#5257 = EDGE_LOOP('',(#5258,#5268,#5276,#5284,#5292,#5300));
#5258 = ORIENTED_EDGE('',*,*,#5259,.T.);
#5259 = EDGE_CURVE('',#5260,#5262,#5264,.T.);
#5260 = VERTEX_POINT('',#5261);
#5261 = CARTESIAN_POINT('',(90.069554,5.80383139159,23.607695154587));
#5262 = VERTEX_POINT('',#5263);
#5263 = CARTESIAN_POINT('',(90.069554,10.999983814296,26.607695154587));
#5264 = LINE('',#5265,#5266);
#5265 = CARTESIAN_POINT('',(90.069554,33.75303665366,39.744176336279));
#5266 = VECTOR('',#5267,1.);
#5267 = DIRECTION('',(0.,0.866025403784,0.5));
#5268 = ORIENTED_EDGE('',*,*,#5269,.T.);
#5269 = EDGE_CURVE('',#5262,#5270,#5272,.T.);
#5270 = VERTEX_POINT('',#5271);
#5271 = CARTESIAN_POINT('',(90.069554,16.196136237003,23.607695154587));
#5272 = LINE('',#5273,#5274);
#5273 = CARTESIAN_POINT('',(90.069554,45.707519325564,6.569290184248));
#5274 = VECTOR('',#5275,1.);
#5275 = DIRECTION('',(0.,0.866025403784,-0.5));
#5276 = ORIENTED_EDGE('',*,*,#5277,.T.);
#5277 = EDGE_CURVE('',#5270,#5278,#5280,.T.);
#5278 = VERTEX_POINT('',#5279);
#5279 = CARTESIAN_POINT('',(90.069554,16.196136237003,17.607695154587));
#5280 = LINE('',#5281,#5282);
#5281 = CARTESIAN_POINT('',(90.069554,16.196136237003,11.303847577293));
#5282 = VECTOR('',#5283,1.);
#5283 = DIRECTION('',(0.,0.,-1.));
#5284 = ORIENTED_EDGE('',*,*,#5285,.T.);
#5285 = EDGE_CURVE('',#5278,#5286,#5288,.T.);
#5286 = VERTEX_POINT('',#5287);
#5287 = CARTESIAN_POINT('',(90.069554,10.999983814296,14.607695154587));
#5288 = LINE('',#5289,#5290);
#5289 = CARTESIAN_POINT('',(90.069554,36.351112865013,29.244176336279));
#5290 = VECTOR('',#5291,1.);
#5291 = DIRECTION('',(0.,-0.866025403784,-0.5));
#5292 = ORIENTED_EDGE('',*,*,#5293,.T.);
#5293 = EDGE_CURVE('',#5286,#5294,#5296,.T.);
#5294 = VERTEX_POINT('',#5295);
#5295 = CARTESIAN_POINT('',(90.069554,5.80383139159,17.607695154587));
#5296 = LINE('',#5297,#5298);
#5297 = CARTESIAN_POINT('',(90.069554,37.913290691504,-0.930709815752));
#5298 = VECTOR('',#5299,1.);
#5299 = DIRECTION('',(0.,-0.866025403784,0.5));
#5300 = ORIENTED_EDGE('',*,*,#5301,.T.);
#5301 = EDGE_CURVE('',#5294,#5260,#5302,.T.);
#5302 = LINE('',#5303,#5304);
#5303 = CARTESIAN_POINT('',(90.069554,5.80383139159,14.303847577293));
#5304 = VECTOR('',#5305,1.);
#5305 = DIRECTION('',(0.,0.,1.));
#5306 = PLANE('',#5307);
#5307 = AXIS2_PLACEMENT_3D('',#5308,#5309,#5310);
#5308 = CARTESIAN_POINT('',(90.069554,84.15,5.));
#5309 = DIRECTION('',(1.,0.,0.));
#5310 = DIRECTION('',(0.,-1.,0.));
#5311 = ADVANCED_FACE('',(#5312),#5357,.F.);
#5312 = FACE_BOUND('',#5313,.T.);
#5313 = EDGE_LOOP('',(#5314,#5315,#5321,#5322,#5330,#5337,#5338,#5339,
    #5340,#5341,#5342,#5351));
#5314 = ORIENTED_EDGE('',*,*,#934,.F.);
#5315 = ORIENTED_EDGE('',*,*,#5316,.T.);
#5316 = EDGE_CURVE('',#935,#1098,#5317,.T.);
#5317 = LINE('',#5318,#5319);
#5318 = CARTESIAN_POINT('',(91.319554,84.,5.));
#5319 = VECTOR('',#5320,1.);
#5320 = DIRECTION('',(0.,0.,1.));
#5321 = ORIENTED_EDGE('',*,*,#1097,.F.);
#5322 = ORIENTED_EDGE('',*,*,#5323,.T.);
#5323 = EDGE_CURVE('',#1090,#5324,#5326,.T.);
#5324 = VERTEX_POINT('',#5325);
#5325 = CARTESIAN_POINT('',(88.527612909294,84.15,56.));
#5326 = LINE('',#5327,#5328);
#5327 = CARTESIAN_POINT('',(88.527612909292,84.15,5.));
#5328 = VECTOR('',#5329,1.);
#5329 = DIRECTION('',(-0.,-0.,-1.));
#5330 = ORIENTED_EDGE('',*,*,#5331,.F.);
#5331 = EDGE_CURVE('',#4519,#5324,#5332,.T.);
#5332 = CIRCLE('',#5333,1.4);
#5333 = AXIS2_PLACEMENT_3D('',#5334,#5335,#5336);
#5334 = CARTESIAN_POINT('',(89.919554,84.,56.));
#5335 = DIRECTION('',(0.,0.,-1.));
#5336 = DIRECTION('',(1.,0.,0.));
#5337 = ORIENTED_EDGE('',*,*,#4526,.F.);
#5338 = ORIENTED_EDGE('',*,*,#1106,.F.);
#5339 = ORIENTED_EDGE('',*,*,#5316,.F.);
#5340 = ORIENTED_EDGE('',*,*,#943,.F.);
#5341 = ORIENTED_EDGE('',*,*,#4494,.F.);
#5342 = ORIENTED_EDGE('',*,*,#5343,.T.);
#5343 = EDGE_CURVE('',#4495,#5344,#5346,.T.);
#5344 = VERTEX_POINT('',#5345);
#5345 = CARTESIAN_POINT('',(88.527612909293,84.15,8.));
#5346 = CIRCLE('',#5347,1.4);
#5347 = AXIS2_PLACEMENT_3D('',#5348,#5349,#5350);
#5348 = CARTESIAN_POINT('',(89.919554,84.,8.));
#5349 = DIRECTION('',(0.,0.,-1.));
#5350 = DIRECTION('',(1.,0.,0.));
#5351 = ORIENTED_EDGE('',*,*,#5352,.T.);
#5352 = EDGE_CURVE('',#5344,#927,#5353,.T.);
#5353 = LINE('',#5354,#5355);
#5354 = CARTESIAN_POINT('',(88.527612909292,84.15,5.));
#5355 = VECTOR('',#5356,1.);
#5356 = DIRECTION('',(-0.,-0.,-1.));
#5357 = CYLINDRICAL_SURFACE('',#5358,1.4);
#5358 = AXIS2_PLACEMENT_3D('',#5359,#5360,#5361);
#5359 = CARTESIAN_POINT('',(89.919554,84.,5.));
#5360 = DIRECTION('',(-0.,-0.,-1.));
#5361 = DIRECTION('',(1.,0.,0.));
#5362 = ADVANCED_FACE('',(#5363,#5429,#5463,#5497,#5531,#5565,#5599,
    #5633),#5644,.F.);
#5363 = FACE_BOUND('',#5364,.F.);
#5364 = EDGE_LOOP('',(#5365,#5366,#5374,#5382,#5390,#5398,#5404,#5405,
    #5406,#5414,#5422,#5428));
#5365 = ORIENTED_EDGE('',*,*,#926,.F.);
#5366 = ORIENTED_EDGE('',*,*,#5367,.F.);
#5367 = EDGE_CURVE('',#5368,#918,#5370,.T.);
#5368 = VERTEX_POINT('',#5369);
#5369 = CARTESIAN_POINT('',(-78.68850490929,84.15,8.));
#5370 = LINE('',#5371,#5372);
#5371 = CARTESIAN_POINT('',(-78.68850490929,84.15,5.));
#5372 = VECTOR('',#5373,1.);
#5373 = DIRECTION('',(-0.,-0.,-1.));
#5374 = ORIENTED_EDGE('',*,*,#5375,.T.);
#5375 = EDGE_CURVE('',#5368,#5376,#5378,.T.);
#5376 = VERTEX_POINT('',#5377);
#5377 = CARTESIAN_POINT('',(-77.08419834668,84.15,8.));
#5378 = LINE('',#5379,#5380);
#5379 = CARTESIAN_POINT('',(-37.505446,84.15,8.));
#5380 = VECTOR('',#5381,1.);
#5381 = DIRECTION('',(1.,0.,0.));
#5382 = ORIENTED_EDGE('',*,*,#5383,.F.);
#5383 = EDGE_CURVE('',#5384,#5376,#5386,.T.);
#5384 = VERTEX_POINT('',#5385);
#5385 = CARTESIAN_POINT('',(-77.08419834668,84.15,56.));
#5386 = LINE('',#5387,#5388);
#5387 = CARTESIAN_POINT('',(-77.08419834668,84.15,8.));
#5388 = VECTOR('',#5389,1.);
#5389 = DIRECTION('',(0.,0.,-1.));
#5390 = ORIENTED_EDGE('',*,*,#5391,.F.);
#5391 = EDGE_CURVE('',#5392,#5384,#5394,.T.);
#5392 = VERTEX_POINT('',#5393);
#5393 = CARTESIAN_POINT('',(-78.68850490929,84.15,56.));
#5394 = LINE('',#5395,#5396);
#5395 = CARTESIAN_POINT('',(-39.965223,84.15,56.));
#5396 = VECTOR('',#5397,1.);
#5397 = DIRECTION('',(1.,0.,0.));
#5398 = ORIENTED_EDGE('',*,*,#5399,.F.);
#5399 = EDGE_CURVE('',#1081,#5392,#5400,.T.);
#5400 = LINE('',#5401,#5402);
#5401 = CARTESIAN_POINT('',(-78.68850490929,84.15,5.));
#5402 = VECTOR('',#5403,1.);
#5403 = DIRECTION('',(-0.,-0.,-1.));
#5404 = ORIENTED_EDGE('',*,*,#1089,.F.);
#5405 = ORIENTED_EDGE('',*,*,#5323,.T.);
#5406 = ORIENTED_EDGE('',*,*,#5407,.F.);
#5407 = EDGE_CURVE('',#5408,#5324,#5410,.T.);
#5408 = VERTEX_POINT('',#5409);
#5409 = CARTESIAN_POINT('',(86.923306346684,84.15,56.));
#5410 = LINE('',#5411,#5412);
#5411 = CARTESIAN_POINT('',(-39.965223,84.15,56.));
#5412 = VECTOR('',#5413,1.);
#5413 = DIRECTION('',(1.,0.,0.));
#5414 = ORIENTED_EDGE('',*,*,#5415,.T.);
#5415 = EDGE_CURVE('',#5408,#5416,#5418,.T.);
#5416 = VERTEX_POINT('',#5417);
#5417 = CARTESIAN_POINT('',(86.923306346684,84.15,8.));
#5418 = LINE('',#5419,#5420);
#5419 = CARTESIAN_POINT('',(86.923306346684,84.15,8.));
#5420 = VECTOR('',#5421,1.);
#5421 = DIRECTION('',(0.,0.,-1.));
#5422 = ORIENTED_EDGE('',*,*,#5423,.T.);
#5423 = EDGE_CURVE('',#5416,#5344,#5424,.T.);
#5424 = LINE('',#5425,#5426);
#5425 = CARTESIAN_POINT('',(-37.505446,84.15,8.));
#5426 = VECTOR('',#5427,1.);
#5427 = DIRECTION('',(1.,0.,0.));
#5428 = ORIENTED_EDGE('',*,*,#5352,.T.);
#5429 = FACE_BOUND('',#5430,.F.);
#5430 = EDGE_LOOP('',(#5431,#5441,#5449,#5457));
#5431 = ORIENTED_EDGE('',*,*,#5432,.F.);
#5432 = EDGE_CURVE('',#5433,#5435,#5437,.T.);
#5433 = VERTEX_POINT('',#5434);
#5434 = CARTESIAN_POINT('',(-5.680445999997,84.15,53.));
#5435 = VERTEX_POINT('',#5436);
#5436 = CARTESIAN_POINT('',(10.519554000003,84.15,53.));
#5437 = LINE('',#5438,#5439);
#5438 = CARTESIAN_POINT('',(-34.70544599999,84.15,53.));
#5439 = VECTOR('',#5440,1.);
#5440 = DIRECTION('',(1.,0.,0.));
#5441 = ORIENTED_EDGE('',*,*,#5442,.F.);
#5442 = EDGE_CURVE('',#5443,#5433,#5445,.T.);
#5443 = VERTEX_POINT('',#5444);
#5444 = CARTESIAN_POINT('',(-5.680445999997,84.15,45.500000000007));
#5445 = LINE('',#5446,#5447);
#5446 = CARTESIAN_POINT('',(-5.680445999997,84.15,29.));
#5447 = VECTOR('',#5448,1.);
#5448 = DIRECTION('',(0.,0.,1.));
#5449 = ORIENTED_EDGE('',*,*,#5450,.F.);
#5450 = EDGE_CURVE('',#5451,#5443,#5453,.T.);
#5451 = VERTEX_POINT('',#5452);
#5452 = CARTESIAN_POINT('',(10.519554000003,84.15,45.500000000007));
#5453 = LINE('',#5454,#5455);
#5454 = CARTESIAN_POINT('',(-42.80544599999,84.15,45.500000000007));
#5455 = VECTOR('',#5456,1.);
#5456 = DIRECTION('',(-1.,0.,0.));
#5457 = ORIENTED_EDGE('',*,*,#5458,.F.);
#5458 = EDGE_CURVE('',#5435,#5451,#5459,.T.);
#5459 = LINE('',#5460,#5461);
#5460 = CARTESIAN_POINT('',(10.519554000003,84.15,25.250000000003));
#5461 = VECTOR('',#5462,1.);
#5462 = DIRECTION('',(0.,0.,-1.));
#5463 = FACE_BOUND('',#5464,.F.);
#5464 = EDGE_LOOP('',(#5465,#5475,#5483,#5491));
#5465 = ORIENTED_EDGE('',*,*,#5466,.F.);
#5466 = EDGE_CURVE('',#5467,#5469,#5471,.T.);
#5467 = VERTEX_POINT('',#5468);
#5468 = CARTESIAN_POINT('',(17.519554,84.15,53.));
#5469 = VERTEX_POINT('',#5470);
#5470 = CARTESIAN_POINT('',(41.219554,84.15,53.));
#5471 = LINE('',#5472,#5473);
#5472 = CARTESIAN_POINT('',(-19.355446,84.15,53.));
#5473 = VECTOR('',#5474,1.);
#5474 = DIRECTION('',(1.,0.,0.));
#5475 = ORIENTED_EDGE('',*,*,#5476,.F.);
#5476 = EDGE_CURVE('',#5477,#5467,#5479,.T.);
#5477 = VERTEX_POINT('',#5478);
#5478 = CARTESIAN_POINT('',(17.519554,84.15,45.500000000003));
#5479 = LINE('',#5480,#5481);
#5480 = CARTESIAN_POINT('',(17.519554,84.15,29.));
#5481 = VECTOR('',#5482,1.);
#5482 = DIRECTION('',(0.,0.,1.));
#5483 = ORIENTED_EDGE('',*,*,#5484,.F.);
#5484 = EDGE_CURVE('',#5485,#5477,#5487,.T.);
#5485 = VERTEX_POINT('',#5486);
#5486 = CARTESIAN_POINT('',(41.219554,84.15,45.500000000003));
#5487 = LINE('',#5488,#5489);
#5488 = CARTESIAN_POINT('',(-31.205446,84.15,45.500000000003));
#5489 = VECTOR('',#5490,1.);
#5490 = DIRECTION('',(-1.,0.,0.));
#5491 = ORIENTED_EDGE('',*,*,#5492,.F.);
#5492 = EDGE_CURVE('',#5469,#5485,#5493,.T.);
#5493 = LINE('',#5494,#5495);
#5494 = CARTESIAN_POINT('',(41.219554,84.15,25.250000000002));
#5495 = VECTOR('',#5496,1.);
#5496 = DIRECTION('',(0.,0.,-1.));
#5497 = FACE_BOUND('',#5498,.F.);
#5498 = EDGE_LOOP('',(#5499,#5509,#5517,#5525));
#5499 = ORIENTED_EDGE('',*,*,#5500,.F.);
#5500 = EDGE_CURVE('',#5501,#5503,#5505,.T.);
#5501 = VERTEX_POINT('',#5502);
#5502 = CARTESIAN_POINT('',(48.219554,84.15,53.));
#5503 = VERTEX_POINT('',#5504);
#5504 = CARTESIAN_POINT('',(79.919554,84.15,53.));
#5505 = LINE('',#5506,#5507);
#5506 = CARTESIAN_POINT('',(-5.446000000013E-03,84.15,53.));
#5507 = VECTOR('',#5508,1.);
#5508 = DIRECTION('',(1.,0.,0.));
#5509 = ORIENTED_EDGE('',*,*,#5510,.F.);
#5510 = EDGE_CURVE('',#5511,#5501,#5513,.T.);
#5511 = VERTEX_POINT('',#5512);
#5512 = CARTESIAN_POINT('',(48.219554,84.15,45.5));
#5513 = LINE('',#5514,#5515);
#5514 = CARTESIAN_POINT('',(48.219554,84.15,29.));
#5515 = VECTOR('',#5516,1.);
#5516 = DIRECTION('',(0.,0.,1.));
#5517 = ORIENTED_EDGE('',*,*,#5518,.F.);
#5518 = EDGE_CURVE('',#5519,#5511,#5521,.T.);
#5519 = VERTEX_POINT('',#5520);
#5520 = CARTESIAN_POINT('',(79.919554,84.15,45.5));
#5521 = LINE('',#5522,#5523);
#5522 = CARTESIAN_POINT('',(-15.855446,84.15,45.5));
#5523 = VECTOR('',#5524,1.);
#5524 = DIRECTION('',(-1.,0.,0.));
#5525 = ORIENTED_EDGE('',*,*,#5526,.F.);
#5526 = EDGE_CURVE('',#5503,#5519,#5527,.T.);
#5527 = LINE('',#5528,#5529);
#5528 = CARTESIAN_POINT('',(79.919554,84.15,25.25));
#5529 = VECTOR('',#5530,1.);
#5530 = DIRECTION('',(0.,0.,-1.));
#5531 = FACE_BOUND('',#5532,.F.);
#5532 = EDGE_LOOP('',(#5533,#5543,#5551,#5559));
#5533 = ORIENTED_EDGE('',*,*,#5534,.F.);
#5534 = EDGE_CURVE('',#5535,#5537,#5539,.T.);
#5535 = VERTEX_POINT('',#5536);
#5536 = CARTESIAN_POINT('',(-75.480446,84.15,29.5));
#5537 = VERTEX_POINT('',#5538);
#5538 = CARTESIAN_POINT('',(-58.480446,84.15,29.5));
#5539 = LINE('',#5540,#5541);
#5540 = CARTESIAN_POINT('',(-69.205446,84.15,29.5));
#5541 = VECTOR('',#5542,1.);
#5542 = DIRECTION('',(1.,0.,0.));
#5543 = ORIENTED_EDGE('',*,*,#5544,.F.);
#5544 = EDGE_CURVE('',#5545,#5535,#5547,.T.);
#5545 = VERTEX_POINT('',#5546);
#5546 = CARTESIAN_POINT('',(-75.480446,84.15,12.));
#5547 = LINE('',#5548,#5549);
#5548 = CARTESIAN_POINT('',(-75.480446,84.15,17.25));
#5549 = VECTOR('',#5550,1.);
#5550 = DIRECTION('',(0.,0.,1.));
#5551 = ORIENTED_EDGE('',*,*,#5552,.F.);
#5552 = EDGE_CURVE('',#5553,#5545,#5555,.T.);
#5553 = VERTEX_POINT('',#5554);
#5554 = CARTESIAN_POINT('',(-58.480446,84.15,12.));
#5555 = LINE('',#5556,#5557);
#5556 = CARTESIAN_POINT('',(-77.705446,84.15,12.));
#5557 = VECTOR('',#5558,1.);
#5558 = DIRECTION('',(-1.,0.,0.));
#5559 = ORIENTED_EDGE('',*,*,#5560,.F.);
#5560 = EDGE_CURVE('',#5537,#5553,#5561,.T.);
#5561 = LINE('',#5562,#5563);
#5562 = CARTESIAN_POINT('',(-58.480446,84.15,8.5));
#5563 = VECTOR('',#5564,1.);
#5564 = DIRECTION('',(0.,0.,-1.));
#5565 = FACE_BOUND('',#5566,.F.);
#5566 = EDGE_LOOP('',(#5567,#5577,#5585,#5593));
#5567 = ORIENTED_EDGE('',*,*,#5568,.F.);
#5568 = EDGE_CURVE('',#5569,#5571,#5573,.T.);
#5569 = VERTEX_POINT('',#5570);
#5570 = CARTESIAN_POINT('',(-57.180446,84.15,29.5));
#5571 = VERTEX_POINT('',#5572);
#5572 = CARTESIAN_POINT('',(-40.180446,84.15,29.5));
#5573 = LINE('',#5574,#5575);
#5574 = CARTESIAN_POINT('',(-60.055446,84.15,29.5));
#5575 = VECTOR('',#5576,1.);
#5576 = DIRECTION('',(1.,0.,0.));
#5577 = ORIENTED_EDGE('',*,*,#5578,.F.);
#5578 = EDGE_CURVE('',#5579,#5569,#5581,.T.);
#5579 = VERTEX_POINT('',#5580);
#5580 = CARTESIAN_POINT('',(-57.180446,84.15,12.));
#5581 = LINE('',#5582,#5583);
#5582 = CARTESIAN_POINT('',(-57.180446,84.15,17.25));
#5583 = VECTOR('',#5584,1.);
#5584 = DIRECTION('',(0.,0.,1.));
#5585 = ORIENTED_EDGE('',*,*,#5586,.F.);
#5586 = EDGE_CURVE('',#5587,#5579,#5589,.T.);
#5587 = VERTEX_POINT('',#5588);
#5588 = CARTESIAN_POINT('',(-40.180446,84.15,12.));
#5589 = LINE('',#5590,#5591);
#5590 = CARTESIAN_POINT('',(-68.555446,84.15,12.));
#5591 = VECTOR('',#5592,1.);
#5592 = DIRECTION('',(-1.,0.,0.));
#5593 = ORIENTED_EDGE('',*,*,#5594,.F.);
#5594 = EDGE_CURVE('',#5571,#5587,#5595,.T.);
#5595 = LINE('',#5596,#5597);
#5596 = CARTESIAN_POINT('',(-40.180446,84.15,8.5));
#5597 = VECTOR('',#5598,1.);
#5598 = DIRECTION('',(0.,0.,-1.));
#5599 = FACE_BOUND('',#5600,.F.);
#5600 = EDGE_LOOP('',(#5601,#5611,#5619,#5627));
#5601 = ORIENTED_EDGE('',*,*,#5602,.F.);
#5602 = EDGE_CURVE('',#5603,#5605,#5607,.T.);
#5603 = VERTEX_POINT('',#5604);
#5604 = CARTESIAN_POINT('',(-38.880446,84.15,29.5));
#5605 = VERTEX_POINT('',#5606);
#5606 = CARTESIAN_POINT('',(-21.880446,84.15,29.5));
#5607 = LINE('',#5608,#5609);
#5608 = CARTESIAN_POINT('',(-50.905446,84.15,29.5));
#5609 = VECTOR('',#5610,1.);
#5610 = DIRECTION('',(1.,0.,0.));
#5611 = ORIENTED_EDGE('',*,*,#5612,.F.);
#5612 = EDGE_CURVE('',#5613,#5603,#5615,.T.);
#5613 = VERTEX_POINT('',#5614);
#5614 = CARTESIAN_POINT('',(-38.880446,84.15,12.));
#5615 = LINE('',#5616,#5617);
#5616 = CARTESIAN_POINT('',(-38.880446,84.15,17.25));
#5617 = VECTOR('',#5618,1.);
#5618 = DIRECTION('',(0.,0.,1.));
#5619 = ORIENTED_EDGE('',*,*,#5620,.F.);
#5620 = EDGE_CURVE('',#5621,#5613,#5623,.T.);
#5621 = VERTEX_POINT('',#5622);
#5622 = CARTESIAN_POINT('',(-21.880446,84.15,12.));
#5623 = LINE('',#5624,#5625);
#5624 = CARTESIAN_POINT('',(-59.405446,84.15,12.));
#5625 = VECTOR('',#5626,1.);
#5626 = DIRECTION('',(-1.,0.,0.));
#5627 = ORIENTED_EDGE('',*,*,#5628,.F.);
#5628 = EDGE_CURVE('',#5605,#5621,#5629,.T.);
#5629 = LINE('',#5630,#5631);
#5630 = CARTESIAN_POINT('',(-21.880446,84.15,8.5));
#5631 = VECTOR('',#5632,1.);
#5632 = DIRECTION('',(0.,0.,-1.));
#5633 = FACE_BOUND('',#5634,.F.);
#5634 = EDGE_LOOP('',(#5635));
#5635 = ORIENTED_EDGE('',*,*,#5636,.F.);
#5636 = EDGE_CURVE('',#5637,#5637,#5639,.T.);
#5637 = VERTEX_POINT('',#5638);
#5638 = CARTESIAN_POINT('',(79.919554,84.15,17.));
#5639 = CIRCLE('',#5640,7.6);
#5640 = AXIS2_PLACEMENT_3D('',#5641,#5642,#5643);
#5641 = CARTESIAN_POINT('',(72.319554,84.15,17.));
#5642 = DIRECTION('',(0.,1.,-2.2E-16));
#5643 = DIRECTION('',(1.,0.,0.));
#5644 = PLANE('',#5645);
#5645 = AXIS2_PLACEMENT_3D('',#5646,#5647,#5648);
#5646 = CARTESIAN_POINT('',(-79.930446,84.15,5.));
#5647 = DIRECTION('',(0.,1.,0.));
#5648 = DIRECTION('',(1.,0.,0.));
#5649 = ADVANCED_FACE('',(#5650),#5711,.F.);
#5650 = FACE_BOUND('',#5651,.T.);
#5651 = EDGE_LOOP('',(#5652,#5661,#5669,#5676,#5677,#5678,#5686,#5693,
    #5694,#5703,#5709,#5710));
#5652 = ORIENTED_EDGE('',*,*,#5653,.T.);
#5653 = EDGE_CURVE('',#5368,#5654,#5656,.T.);
#5654 = VERTEX_POINT('',#5655);
#5655 = CARTESIAN_POINT('',(-78.680446,84.,8.));
#5656 = CIRCLE('',#5657,1.4);
#5657 = AXIS2_PLACEMENT_3D('',#5658,#5659,#5660);
#5658 = CARTESIAN_POINT('',(-80.080446,84.,8.));
#5659 = DIRECTION('',(0.,0.,-1.));
#5660 = DIRECTION('',(1.,0.,0.));
#5661 = ORIENTED_EDGE('',*,*,#5662,.T.);
#5662 = EDGE_CURVE('',#5654,#5663,#5665,.T.);
#5663 = VERTEX_POINT('',#5664);
#5664 = CARTESIAN_POINT('',(-78.680446,84.,56.));
#5665 = LINE('',#5666,#5667);
#5666 = CARTESIAN_POINT('',(-78.680446,84.,5.));
#5667 = VECTOR('',#5668,1.);
#5668 = DIRECTION('',(0.,0.,1.));
#5669 = ORIENTED_EDGE('',*,*,#5670,.F.);
#5670 = EDGE_CURVE('',#5392,#5663,#5671,.T.);
#5671 = CIRCLE('',#5672,1.4);
#5672 = AXIS2_PLACEMENT_3D('',#5673,#5674,#5675);
#5673 = CARTESIAN_POINT('',(-80.080446,84.,56.));
#5674 = DIRECTION('',(0.,0.,-1.));
#5675 = DIRECTION('',(1.,0.,0.));
#5676 = ORIENTED_EDGE('',*,*,#5399,.F.);
#5677 = ORIENTED_EDGE('',*,*,#1080,.F.);
#5678 = ORIENTED_EDGE('',*,*,#5679,.T.);
#5679 = EDGE_CURVE('',#1071,#5680,#5682,.T.);
#5680 = VERTEX_POINT('',#5681);
#5681 = CARTESIAN_POINT('',(-79.930446,82.608058909294,56.));
#5682 = LINE('',#5683,#5684);
#5683 = CARTESIAN_POINT('',(-79.930446,82.608058909292,5.));
#5684 = VECTOR('',#5685,1.);
#5685 = DIRECTION('',(-0.,-0.,-1.));
#5686 = ORIENTED_EDGE('',*,*,#5687,.F.);
#5687 = EDGE_CURVE('',#5663,#5680,#5688,.T.);
#5688 = CIRCLE('',#5689,1.4);
#5689 = AXIS2_PLACEMENT_3D('',#5690,#5691,#5692);
#5690 = CARTESIAN_POINT('',(-80.080446,84.,56.));
#5691 = DIRECTION('',(0.,0.,-1.));
#5692 = DIRECTION('',(1.,0.,0.));
#5693 = ORIENTED_EDGE('',*,*,#5662,.F.);
#5694 = ORIENTED_EDGE('',*,*,#5695,.T.);
#5695 = EDGE_CURVE('',#5654,#5696,#5698,.T.);
#5696 = VERTEX_POINT('',#5697);
#5697 = CARTESIAN_POINT('',(-79.930446,82.608058909292,8.));
#5698 = CIRCLE('',#5699,1.4);
#5699 = AXIS2_PLACEMENT_3D('',#5700,#5701,#5702);
#5700 = CARTESIAN_POINT('',(-80.080446,84.,8.));
#5701 = DIRECTION('',(0.,0.,-1.));
#5702 = DIRECTION('',(1.,0.,0.));
#5703 = ORIENTED_EDGE('',*,*,#5704,.T.);
#5704 = EDGE_CURVE('',#5696,#910,#5705,.T.);
#5705 = LINE('',#5706,#5707);
#5706 = CARTESIAN_POINT('',(-79.930446,82.608058909292,5.));
#5707 = VECTOR('',#5708,1.);
#5708 = DIRECTION('',(-0.,-0.,-1.));
#5709 = ORIENTED_EDGE('',*,*,#917,.F.);
#5710 = ORIENTED_EDGE('',*,*,#5367,.F.);
#5711 = CYLINDRICAL_SURFACE('',#5712,1.4);
#5712 = AXIS2_PLACEMENT_3D('',#5713,#5714,#5715);
#5713 = CARTESIAN_POINT('',(-80.080446,84.,5.));
#5714 = DIRECTION('',(-0.,-0.,-1.));
#5715 = DIRECTION('',(1.,0.,0.));
#5716 = ADVANCED_FACE('',(#5717,#5783,#5791,#5799,#5807,#5815,#5823,
    #5831,#5839,#5847,#5855,#5863,#5871,#5879,#5887,#5895),#5903,.F.);
#5717 = FACE_BOUND('',#5718,.F.);
#5718 = EDGE_LOOP('',(#5719,#5720,#5728,#5736,#5744,#5752,#5758,#5759,
    #5760,#5768,#5776,#5782));
#5719 = ORIENTED_EDGE('',*,*,#909,.F.);
#5720 = ORIENTED_EDGE('',*,*,#5721,.F.);
#5721 = EDGE_CURVE('',#5722,#901,#5724,.T.);
#5722 = VERTEX_POINT('',#5723);
#5723 = CARTESIAN_POINT('',(-79.930446,-24.60805890929,8.));
#5724 = LINE('',#5725,#5726);
#5725 = CARTESIAN_POINT('',(-79.930446,-24.60805890929,5.));
#5726 = VECTOR('',#5727,1.);
#5727 = DIRECTION('',(-0.,-0.,-1.));
#5728 = ORIENTED_EDGE('',*,*,#5729,.T.);
#5729 = EDGE_CURVE('',#5722,#5730,#5732,.T.);
#5730 = VERTEX_POINT('',#5731);
#5731 = CARTESIAN_POINT('',(-79.930446,-23.00375234668,8.));
#5732 = LINE('',#5733,#5734);
#5733 = CARTESIAN_POINT('',(-79.930446,1.575,8.));
#5734 = VECTOR('',#5735,1.);
#5735 = DIRECTION('',(0.,1.,0.));
#5736 = ORIENTED_EDGE('',*,*,#5737,.F.);
#5737 = EDGE_CURVE('',#5738,#5730,#5740,.T.);
#5738 = VERTEX_POINT('',#5739);
#5739 = CARTESIAN_POINT('',(-79.930446,-23.00375234668,56.));
#5740 = LINE('',#5741,#5742);
#5741 = CARTESIAN_POINT('',(-79.930446,-23.00375234668,8.));
#5742 = VECTOR('',#5743,1.);
#5743 = DIRECTION('',(0.,0.,-1.));
#5744 = ORIENTED_EDGE('',*,*,#5745,.F.);
#5745 = EDGE_CURVE('',#5746,#5738,#5748,.T.);
#5746 = VERTEX_POINT('',#5747);
#5747 = CARTESIAN_POINT('',(-79.930446,-24.60805890929,56.));
#5748 = LINE('',#5749,#5750);
#5749 = CARTESIAN_POINT('',(-79.930446,-12.925,56.));
#5750 = VECTOR('',#5751,1.);
#5751 = DIRECTION('',(0.,1.,0.));
#5752 = ORIENTED_EDGE('',*,*,#5753,.F.);
#5753 = EDGE_CURVE('',#1073,#5746,#5754,.T.);
#5754 = LINE('',#5755,#5756);
#5755 = CARTESIAN_POINT('',(-79.930446,-24.60805890929,5.));
#5756 = VECTOR('',#5757,1.);
#5757 = DIRECTION('',(-0.,-0.,-1.));
#5758 = ORIENTED_EDGE('',*,*,#1070,.F.);
#5759 = ORIENTED_EDGE('',*,*,#5679,.T.);
#5760 = ORIENTED_EDGE('',*,*,#5761,.F.);
#5761 = EDGE_CURVE('',#5762,#5680,#5764,.T.);
#5762 = VERTEX_POINT('',#5763);
#5763 = CARTESIAN_POINT('',(-79.930446,81.003752346684,56.));
#5764 = LINE('',#5765,#5766);
#5765 = CARTESIAN_POINT('',(-79.930446,-12.925,56.));
#5766 = VECTOR('',#5767,1.);
#5767 = DIRECTION('',(0.,1.,0.));
#5768 = ORIENTED_EDGE('',*,*,#5769,.T.);
#5769 = EDGE_CURVE('',#5762,#5770,#5772,.T.);
#5770 = VERTEX_POINT('',#5771);
#5771 = CARTESIAN_POINT('',(-79.930446,81.003752346684,8.));
#5772 = LINE('',#5773,#5774);
#5773 = CARTESIAN_POINT('',(-79.930446,81.003752346684,8.));
#5774 = VECTOR('',#5775,1.);
#5775 = DIRECTION('',(0.,0.,-1.));
#5776 = ORIENTED_EDGE('',*,*,#5777,.T.);
#5777 = EDGE_CURVE('',#5770,#5696,#5778,.T.);
#5778 = LINE('',#5779,#5780);
#5779 = CARTESIAN_POINT('',(-79.930446,1.575,8.));
#5780 = VECTOR('',#5781,1.);
#5781 = DIRECTION('',(0.,1.,0.));
#5782 = ORIENTED_EDGE('',*,*,#5704,.T.);
#5783 = FACE_BOUND('',#5784,.F.);
#5784 = EDGE_LOOP('',(#5785,#5786,#5787,#5788,#5789,#5790));
#5785 = ORIENTED_EDGE('',*,*,#2022,.T.);
#5786 = ORIENTED_EDGE('',*,*,#1902,.T.);
#5787 = ORIENTED_EDGE('',*,*,#1926,.T.);
#5788 = ORIENTED_EDGE('',*,*,#1950,.T.);
#5789 = ORIENTED_EDGE('',*,*,#1974,.T.);
#5790 = ORIENTED_EDGE('',*,*,#1998,.T.);
#5791 = FACE_BOUND('',#5792,.F.);
#5792 = EDGE_LOOP('',(#5793,#5794,#5795,#5796,#5797,#5798));
#5793 = ORIENTED_EDGE('',*,*,#1878,.T.);
#5794 = ORIENTED_EDGE('',*,*,#1758,.T.);
#5795 = ORIENTED_EDGE('',*,*,#1782,.T.);
#5796 = ORIENTED_EDGE('',*,*,#1806,.T.);
#5797 = ORIENTED_EDGE('',*,*,#1830,.T.);
#5798 = ORIENTED_EDGE('',*,*,#1854,.T.);
#5799 = FACE_BOUND('',#5800,.F.);
#5800 = EDGE_LOOP('',(#5801,#5802,#5803,#5804,#5805,#5806));
#5801 = ORIENTED_EDGE('',*,*,#1734,.T.);
#5802 = ORIENTED_EDGE('',*,*,#1614,.T.);
#5803 = ORIENTED_EDGE('',*,*,#1638,.T.);
#5804 = ORIENTED_EDGE('',*,*,#1662,.T.);
#5805 = ORIENTED_EDGE('',*,*,#1686,.T.);
#5806 = ORIENTED_EDGE('',*,*,#1710,.T.);
#5807 = FACE_BOUND('',#5808,.F.);
#5808 = EDGE_LOOP('',(#5809,#5810,#5811,#5812,#5813,#5814));
#5809 = ORIENTED_EDGE('',*,*,#1590,.T.);
#5810 = ORIENTED_EDGE('',*,*,#1470,.T.);
#5811 = ORIENTED_EDGE('',*,*,#1494,.T.);
#5812 = ORIENTED_EDGE('',*,*,#1518,.T.);
#5813 = ORIENTED_EDGE('',*,*,#1542,.T.);
#5814 = ORIENTED_EDGE('',*,*,#1566,.T.);
#5815 = FACE_BOUND('',#5816,.F.);
#5816 = EDGE_LOOP('',(#5817,#5818,#5819,#5820,#5821,#5822));
#5817 = ORIENTED_EDGE('',*,*,#1446,.T.);
#5818 = ORIENTED_EDGE('',*,*,#1326,.T.);
#5819 = ORIENTED_EDGE('',*,*,#1350,.T.);
#5820 = ORIENTED_EDGE('',*,*,#1374,.T.);
#5821 = ORIENTED_EDGE('',*,*,#1398,.T.);
#5822 = ORIENTED_EDGE('',*,*,#1422,.T.);
#5823 = FACE_BOUND('',#5824,.F.);
#5824 = EDGE_LOOP('',(#5825,#5826,#5827,#5828,#5829,#5830));
#5825 = ORIENTED_EDGE('',*,*,#1302,.T.);
#5826 = ORIENTED_EDGE('',*,*,#1182,.T.);
#5827 = ORIENTED_EDGE('',*,*,#1206,.T.);
#5828 = ORIENTED_EDGE('',*,*,#1230,.T.);
#5829 = ORIENTED_EDGE('',*,*,#1254,.T.);
#5830 = ORIENTED_EDGE('',*,*,#1278,.T.);
#5831 = FACE_BOUND('',#5832,.F.);
#5832 = EDGE_LOOP('',(#5833,#5834,#5835,#5836,#5837,#5838));
#5833 = ORIENTED_EDGE('',*,*,#3030,.T.);
#5834 = ORIENTED_EDGE('',*,*,#2910,.T.);
#5835 = ORIENTED_EDGE('',*,*,#2934,.T.);
#5836 = ORIENTED_EDGE('',*,*,#2958,.T.);
#5837 = ORIENTED_EDGE('',*,*,#2982,.T.);
#5838 = ORIENTED_EDGE('',*,*,#3006,.T.);
#5839 = FACE_BOUND('',#5840,.F.);
#5840 = EDGE_LOOP('',(#5841,#5842,#5843,#5844,#5845,#5846));
#5841 = ORIENTED_EDGE('',*,*,#2886,.T.);
#5842 = ORIENTED_EDGE('',*,*,#2766,.T.);
#5843 = ORIENTED_EDGE('',*,*,#2790,.T.);
#5844 = ORIENTED_EDGE('',*,*,#2814,.T.);
#5845 = ORIENTED_EDGE('',*,*,#2838,.T.);
#5846 = ORIENTED_EDGE('',*,*,#2862,.T.);
#5847 = FACE_BOUND('',#5848,.F.);
#5848 = EDGE_LOOP('',(#5849,#5850,#5851,#5852,#5853,#5854));
#5849 = ORIENTED_EDGE('',*,*,#3318,.T.);
#5850 = ORIENTED_EDGE('',*,*,#3198,.T.);
#5851 = ORIENTED_EDGE('',*,*,#3222,.T.);
#5852 = ORIENTED_EDGE('',*,*,#3246,.T.);
#5853 = ORIENTED_EDGE('',*,*,#3270,.T.);
#5854 = ORIENTED_EDGE('',*,*,#3294,.T.);
#5855 = FACE_BOUND('',#5856,.F.);
#5856 = EDGE_LOOP('',(#5857,#5858,#5859,#5860,#5861,#5862));
#5857 = ORIENTED_EDGE('',*,*,#3174,.T.);
#5858 = ORIENTED_EDGE('',*,*,#3054,.T.);
#5859 = ORIENTED_EDGE('',*,*,#3078,.T.);
#5860 = ORIENTED_EDGE('',*,*,#3102,.T.);
#5861 = ORIENTED_EDGE('',*,*,#3126,.T.);
#5862 = ORIENTED_EDGE('',*,*,#3150,.T.);
#5863 = FACE_BOUND('',#5864,.F.);
#5864 = EDGE_LOOP('',(#5865,#5866,#5867,#5868,#5869,#5870));
#5865 = ORIENTED_EDGE('',*,*,#2742,.T.);
#5866 = ORIENTED_EDGE('',*,*,#2622,.T.);
#5867 = ORIENTED_EDGE('',*,*,#2646,.T.);
#5868 = ORIENTED_EDGE('',*,*,#2670,.T.);
#5869 = ORIENTED_EDGE('',*,*,#2694,.T.);
#5870 = ORIENTED_EDGE('',*,*,#2718,.T.);
#5871 = FACE_BOUND('',#5872,.F.);
#5872 = EDGE_LOOP('',(#5873,#5874,#5875,#5876,#5877,#5878));
#5873 = ORIENTED_EDGE('',*,*,#2310,.T.);
#5874 = ORIENTED_EDGE('',*,*,#2190,.T.);
#5875 = ORIENTED_EDGE('',*,*,#2214,.T.);
#5876 = ORIENTED_EDGE('',*,*,#2238,.T.);
#5877 = ORIENTED_EDGE('',*,*,#2262,.T.);
#5878 = ORIENTED_EDGE('',*,*,#2286,.T.);
#5879 = FACE_BOUND('',#5880,.F.);
#5880 = EDGE_LOOP('',(#5881,#5882,#5883,#5884,#5885,#5886));
#5881 = ORIENTED_EDGE('',*,*,#2166,.T.);
#5882 = ORIENTED_EDGE('',*,*,#2046,.T.);
#5883 = ORIENTED_EDGE('',*,*,#2070,.T.);
#5884 = ORIENTED_EDGE('',*,*,#2094,.T.);
#5885 = ORIENTED_EDGE('',*,*,#2118,.T.);
#5886 = ORIENTED_EDGE('',*,*,#2142,.T.);
#5887 = FACE_BOUND('',#5888,.F.);
#5888 = EDGE_LOOP('',(#5889,#5890,#5891,#5892,#5893,#5894));
#5889 = ORIENTED_EDGE('',*,*,#2598,.T.);
#5890 = ORIENTED_EDGE('',*,*,#2478,.T.);
#5891 = ORIENTED_EDGE('',*,*,#2502,.T.);
#5892 = ORIENTED_EDGE('',*,*,#2526,.T.);
#5893 = ORIENTED_EDGE('',*,*,#2550,.T.);
#5894 = ORIENTED_EDGE('',*,*,#2574,.T.);
#5895 = FACE_BOUND('',#5896,.F.);
#5896 = EDGE_LOOP('',(#5897,#5898,#5899,#5900,#5901,#5902));
#5897 = ORIENTED_EDGE('',*,*,#2454,.T.);
#5898 = ORIENTED_EDGE('',*,*,#2334,.T.);
#5899 = ORIENTED_EDGE('',*,*,#2358,.T.);
#5900 = ORIENTED_EDGE('',*,*,#2382,.T.);
#5901 = ORIENTED_EDGE('',*,*,#2406,.T.);
#5902 = ORIENTED_EDGE('',*,*,#2430,.T.);
#5903 = PLANE('',#5904);
#5904 = AXIS2_PLACEMENT_3D('',#5905,#5906,#5907);
#5905 = CARTESIAN_POINT('',(-79.930446,-25.85,5.));
#5906 = DIRECTION('',(-1.,0.,0.));
#5907 = DIRECTION('',(0.,1.,0.));
#5908 = ADVANCED_FACE('',(#5909),#5954,.F.);
#5909 = FACE_BOUND('',#5910,.T.);
#5910 = EDGE_LOOP('',(#5911,#5912,#5918,#5919,#5927,#5934,#5935,#5936,
    #5937,#5938,#5939,#5948));
#5911 = ORIENTED_EDGE('',*,*,#891,.F.);
#5912 = ORIENTED_EDGE('',*,*,#5913,.T.);
#5913 = EDGE_CURVE('',#892,#1150,#5914,.T.);
#5914 = LINE('',#5915,#5916);
#5915 = CARTESIAN_POINT('',(-78.680446,-26.,5.));
#5916 = VECTOR('',#5917,1.);
#5917 = DIRECTION('',(0.,0.,1.));
#5918 = ORIENTED_EDGE('',*,*,#1149,.F.);
#5919 = ORIENTED_EDGE('',*,*,#5920,.T.);
#5920 = EDGE_CURVE('',#1142,#5921,#5923,.T.);
#5921 = VERTEX_POINT('',#5922);
#5922 = CARTESIAN_POINT('',(-78.68850490929,-25.85,56.));
#5923 = LINE('',#5924,#5925);
#5924 = CARTESIAN_POINT('',(-78.68850490929,-25.85,5.));
#5925 = VECTOR('',#5926,1.);
#5926 = DIRECTION('',(-0.,-0.,-1.));
#5927 = ORIENTED_EDGE('',*,*,#5928,.F.);
#5928 = EDGE_CURVE('',#5746,#5921,#5929,.T.);
#5929 = CIRCLE('',#5930,1.4);
#5930 = AXIS2_PLACEMENT_3D('',#5931,#5932,#5933);
#5931 = CARTESIAN_POINT('',(-80.080446,-26.,56.));
#5932 = DIRECTION('',(0.,0.,-1.));
#5933 = DIRECTION('',(1.,0.,0.));
#5934 = ORIENTED_EDGE('',*,*,#5753,.F.);
#5935 = ORIENTED_EDGE('',*,*,#1158,.F.);
#5936 = ORIENTED_EDGE('',*,*,#5913,.F.);
#5937 = ORIENTED_EDGE('',*,*,#900,.F.);
#5938 = ORIENTED_EDGE('',*,*,#5721,.F.);
#5939 = ORIENTED_EDGE('',*,*,#5940,.T.);
#5940 = EDGE_CURVE('',#5722,#5941,#5943,.T.);
#5941 = VERTEX_POINT('',#5942);
#5942 = CARTESIAN_POINT('',(-78.68850490929,-25.85,8.));
#5943 = CIRCLE('',#5944,1.4);
#5944 = AXIS2_PLACEMENT_3D('',#5945,#5946,#5947);
#5945 = CARTESIAN_POINT('',(-80.080446,-26.,8.));
#5946 = DIRECTION('',(0.,0.,-1.));
#5947 = DIRECTION('',(1.,0.,0.));
#5948 = ORIENTED_EDGE('',*,*,#5949,.T.);
#5949 = EDGE_CURVE('',#5941,#884,#5950,.T.);
#5950 = LINE('',#5951,#5952);
#5951 = CARTESIAN_POINT('',(-78.68850490929,-25.85,5.));
#5952 = VECTOR('',#5953,1.);
#5953 = DIRECTION('',(-0.,-0.,-1.));
#5954 = CYLINDRICAL_SURFACE('',#5955,1.4);
#5955 = AXIS2_PLACEMENT_3D('',#5956,#5957,#5958);
#5956 = CARTESIAN_POINT('',(-80.080446,-26.,5.));
#5957 = DIRECTION('',(-0.,-0.,-1.));
#5958 = DIRECTION('',(1.,0.,0.));
#5959 = ADVANCED_FACE('',(#5960,#6012,#6046,#6080),#6114,.F.);
#5960 = FACE_BOUND('',#5961,.F.);
#5961 = EDGE_LOOP('',(#5962,#5963,#5964,#5972,#5980,#5986,#5987,#5988,
    #5989,#5997,#6005,#6011));
#5962 = ORIENTED_EDGE('',*,*,#883,.F.);
#5963 = ORIENTED_EDGE('',*,*,#4462,.F.);
#5964 = ORIENTED_EDGE('',*,*,#5965,.T.);
#5965 = EDGE_CURVE('',#4463,#5966,#5968,.T.);
#5966 = VERTEX_POINT('',#5967);
#5967 = CARTESIAN_POINT('',(86.923306346684,-25.85,8.));
#5968 = LINE('',#5969,#5970);
#5969 = CARTESIAN_POINT('',(47.494554,-25.85,8.));
#5970 = VECTOR('',#5971,1.);
#5971 = DIRECTION('',(-1.,0.,0.));
#5972 = ORIENTED_EDGE('',*,*,#5973,.F.);
#5973 = EDGE_CURVE('',#5974,#5966,#5976,.T.);
#5974 = VERTEX_POINT('',#5975);
#5975 = CARTESIAN_POINT('',(86.923306346684,-25.85,56.));
#5976 = LINE('',#5977,#5978);
#5977 = CARTESIAN_POINT('',(86.923306346684,-25.85,8.));
#5978 = VECTOR('',#5979,1.);
#5979 = DIRECTION('',(0.,0.,-1.));
#5980 = ORIENTED_EDGE('',*,*,#5981,.F.);
#5981 = EDGE_CURVE('',#4445,#5974,#5982,.T.);
#5982 = LINE('',#5983,#5984);
#5983 = CARTESIAN_POINT('',(45.034777,-25.85,56.));
#5984 = VECTOR('',#5985,1.);
#5985 = DIRECTION('',(-1.,0.,0.));
#5986 = ORIENTED_EDGE('',*,*,#4453,.F.);
#5987 = ORIENTED_EDGE('',*,*,#1141,.F.);
#5988 = ORIENTED_EDGE('',*,*,#5920,.T.);
#5989 = ORIENTED_EDGE('',*,*,#5990,.F.);
#5990 = EDGE_CURVE('',#5991,#5921,#5993,.T.);
#5991 = VERTEX_POINT('',#5992);
#5992 = CARTESIAN_POINT('',(-77.08419834668,-25.85,56.));
#5993 = LINE('',#5994,#5995);
#5994 = CARTESIAN_POINT('',(45.034777,-25.85,56.));
#5995 = VECTOR('',#5996,1.);
#5996 = DIRECTION('',(-1.,0.,0.));
#5997 = ORIENTED_EDGE('',*,*,#5998,.T.);
#5998 = EDGE_CURVE('',#5991,#5999,#6001,.T.);
#5999 = VERTEX_POINT('',#6000);
#6000 = CARTESIAN_POINT('',(-77.08419834668,-25.85,8.));
#6001 = LINE('',#6002,#6003);
#6002 = CARTESIAN_POINT('',(-77.08419834668,-25.85,8.));
#6003 = VECTOR('',#6004,1.);
#6004 = DIRECTION('',(0.,0.,-1.));
#6005 = ORIENTED_EDGE('',*,*,#6006,.T.);
#6006 = EDGE_CURVE('',#5999,#5941,#6007,.T.);
#6007 = LINE('',#6008,#6009);
#6008 = CARTESIAN_POINT('',(47.494554,-25.85,8.));
#6009 = VECTOR('',#6010,1.);
#6010 = DIRECTION('',(-1.,0.,0.));
#6011 = ORIENTED_EDGE('',*,*,#5949,.T.);
#6012 = FACE_BOUND('',#6013,.F.);
#6013 = EDGE_LOOP('',(#6014,#6024,#6032,#6040));
#6014 = ORIENTED_EDGE('',*,*,#6015,.F.);
#6015 = EDGE_CURVE('',#6016,#6018,#6020,.T.);
#6016 = VERTEX_POINT('',#6017);
#6017 = CARTESIAN_POINT('',(0.739719070593,-25.85,38.000000000011));
#6018 = VERTEX_POINT('',#6019);
#6019 = CARTESIAN_POINT('',(-8.070827056773,-25.85,27.500000000006));
#6020 = LINE('',#6021,#6022);
#6021 = CARTESIAN_POINT('',(11.069523078897,-25.85,50.310581037701));
#6022 = VECTOR('',#6023,1.);
#6023 = DIRECTION('',(-0.642787609687,-0.,-0.766044443119));
#6024 = ORIENTED_EDGE('',*,*,#6025,.F.);
#6025 = EDGE_CURVE('',#6026,#6016,#6028,.T.);
#6026 = VERTEX_POINT('',#6027);
#6027 = CARTESIAN_POINT('',(5.935871493302,-25.85,38.000000000011));
#6028 = LINE('',#6029,#6030);
#6029 = CARTESIAN_POINT('',(48.002712746651,-25.85,38.000000000011));
#6030 = VECTOR('',#6031,1.);
#6031 = DIRECTION('',(-1.,0.,0.));
#6032 = ORIENTED_EDGE('',*,*,#6033,.F.);
#6033 = EDGE_CURVE('',#6034,#6026,#6036,.T.);
#6034 = VERTEX_POINT('',#6035);
#6035 = CARTESIAN_POINT('',(-2.874674634064,-25.85,27.500000000006));
#6036 = LINE('',#6037,#6038);
#6037 = CARTESIAN_POINT('',(10.786939932016,-25.85,43.781278239769));
#6038 = VECTOR('',#6039,1.);
#6039 = DIRECTION('',(0.642787609687,0.,0.766044443119));
#6040 = ORIENTED_EDGE('',*,*,#6041,.F.);
#6041 = EDGE_CURVE('',#6018,#6034,#6042,.T.);
#6042 = LINE('',#6043,#6044);
#6043 = CARTESIAN_POINT('',(40.999363471614,-25.85,27.500000000006));
#6044 = VECTOR('',#6045,1.);
#6045 = DIRECTION('',(1.,0.,0.));
#6046 = FACE_BOUND('',#6047,.F.);
#6047 = EDGE_LOOP('',(#6048,#6058,#6066,#6074));
#6048 = ORIENTED_EDGE('',*,*,#6049,.F.);
#6049 = EDGE_CURVE('',#6050,#6052,#6054,.T.);
#6050 = VERTEX_POINT('',#6051);
#6051 = CARTESIAN_POINT('',(11.132023916011,-25.85,38.000000000011));
#6052 = VERTEX_POINT('',#6053);
#6053 = CARTESIAN_POINT('',(-6.48906833872,-25.85,17.000000000001));
#6054 = LINE('',#6055,#6056);
#6055 = CARTESIAN_POINT('',(19.314902912502,-25.85,47.751975441842));
#6056 = VECTOR('',#6057,1.);
#6057 = DIRECTION('',(-0.642787609687,-0.,-0.766044443119));
#6058 = ORIENTED_EDGE('',*,*,#6059,.F.);
#6059 = EDGE_CURVE('',#6060,#6050,#6062,.T.);
#6060 = VERTEX_POINT('',#6061);
#6061 = CARTESIAN_POINT('',(16.32817633872,-25.85,38.000000000011));
#6062 = LINE('',#6063,#6064);
#6063 = CARTESIAN_POINT('',(53.19886516936,-25.85,38.000000000011));
#6064 = VECTOR('',#6065,1.);
#6065 = DIRECTION('',(-1.,0.,0.));
#6066 = ORIENTED_EDGE('',*,*,#6067,.F.);
#6067 = EDGE_CURVE('',#6068,#6060,#6070,.T.);
#6068 = VERTEX_POINT('',#6069);
#6069 = CARTESIAN_POINT('',(-1.292915916011,-25.85,17.000000000001));
#6070 = LINE('',#6071,#6072);
#6071 = CARTESIAN_POINT('',(14.627046701939,-25.85,35.972672643908));
#6072 = VECTOR('',#6073,1.);
#6073 = DIRECTION('',(0.642787609687,0.,0.766044443119));
#6074 = ORIENTED_EDGE('',*,*,#6075,.F.);
#6075 = EDGE_CURVE('',#6052,#6068,#6076,.T.);
#6076 = LINE('',#6077,#6078);
#6077 = CARTESIAN_POINT('',(41.79024283064,-25.85,17.000000000001));
#6078 = VECTOR('',#6079,1.);
#6079 = DIRECTION('',(1.,0.,0.));
#6080 = FACE_BOUND('',#6081,.F.);
#6081 = EDGE_LOOP('',(#6082,#6092,#6100,#6108));
#6082 = ORIENTED_EDGE('',*,*,#6083,.F.);
#6083 = EDGE_CURVE('',#6084,#6086,#6088,.T.);
#6084 = VERTEX_POINT('',#6085);
#6085 = CARTESIAN_POINT('',(12.713782634064,-25.85,27.500000000006));
#6086 = VERTEX_POINT('',#6087);
#6087 = CARTESIAN_POINT('',(3.903236506698,-25.85,17.000000000001));
#6088 = LINE('',#6089,#6090);
#6089 = CARTESIAN_POINT('',(23.155009682424,-25.85,39.943369845981));
#6090 = VECTOR('',#6091,1.);
#6091 = DIRECTION('',(-0.642787609687,-0.,-0.766044443119));
#6092 = ORIENTED_EDGE('',*,*,#6093,.F.);
#6093 = EDGE_CURVE('',#6094,#6084,#6096,.T.);
#6094 = VERTEX_POINT('',#6095);
#6095 = CARTESIAN_POINT('',(17.909935056773,-25.85,27.500000000006));
#6096 = LINE('',#6097,#6098);
#6097 = CARTESIAN_POINT('',(53.989744528386,-25.85,27.500000000006));
#6098 = VECTOR('',#6099,1.);
#6099 = DIRECTION('',(-1.,0.,0.));
#6100 = ORIENTED_EDGE('',*,*,#6101,.F.);
#6101 = EDGE_CURVE('',#6102,#6094,#6104,.T.);
#6102 = VERTEX_POINT('',#6103);
#6103 = CARTESIAN_POINT('',(9.099388929407,-25.85,17.000000000001));
#6104 = LINE('',#6105,#6106);
#6105 = CARTESIAN_POINT('',(22.872426535544,-25.85,33.414067048049));
#6106 = VECTOR('',#6107,1.);
#6107 = DIRECTION('',(0.642787609687,0.,0.766044443119));
#6108 = ORIENTED_EDGE('',*,*,#6109,.F.);
#6109 = EDGE_CURVE('',#6086,#6102,#6110,.T.);
#6110 = LINE('',#6111,#6112);
#6111 = CARTESIAN_POINT('',(46.986395253349,-25.85,17.000000000001));
#6112 = VECTOR('',#6113,1.);
#6113 = DIRECTION('',(1.,0.,0.));
#6114 = PLANE('',#6115);
#6115 = AXIS2_PLACEMENT_3D('',#6116,#6117,#6118);
#6116 = CARTESIAN_POINT('',(90.069554,-25.85,5.));
#6117 = DIRECTION('',(0.,-1.,0.));
#6118 = DIRECTION('',(-1.,0.,0.));
#6119 = ADVANCED_FACE('',(#6120),#6136,.T.);
#6120 = FACE_BOUND('',#6121,.T.);
#6121 = EDGE_LOOP('',(#6122,#6123,#6129,#6130));
#6122 = ORIENTED_EDGE('',*,*,#3344,.F.);
#6123 = ORIENTED_EDGE('',*,*,#6124,.T.);
#6124 = EDGE_CURVE('',#3345,#5503,#6125,.T.);
#6125 = LINE('',#6126,#6127);
#6126 = CARTESIAN_POINT('',(79.919554,89.,53.));
#6127 = VECTOR('',#6128,1.);
#6128 = DIRECTION('',(0.,-1.,2.2E-16));
#6129 = ORIENTED_EDGE('',*,*,#5500,.F.);
#6130 = ORIENTED_EDGE('',*,*,#6131,.F.);
#6131 = EDGE_CURVE('',#3347,#5501,#6132,.T.);
#6132 = LINE('',#6133,#6134);
#6133 = CARTESIAN_POINT('',(48.219554,89.,53.));
#6134 = VECTOR('',#6135,1.);
#6135 = DIRECTION('',(0.,-1.,2.2E-16));
#6136 = PLANE('',#6137);
#6137 = AXIS2_PLACEMENT_3D('',#6138,#6139,#6140);
#6138 = CARTESIAN_POINT('',(79.919554,89.,53.));
#6139 = DIRECTION('',(-0.,-2.2E-16,-1.));
#6140 = DIRECTION('',(-1.,0.,0.));
#6141 = ADVANCED_FACE('',(#6142),#6153,.T.);
#6142 = FACE_BOUND('',#6143,.T.);
#6143 = EDGE_LOOP('',(#6144,#6145,#6146,#6147));
#6144 = ORIENTED_EDGE('',*,*,#3370,.F.);
#6145 = ORIENTED_EDGE('',*,*,#6131,.T.);
#6146 = ORIENTED_EDGE('',*,*,#5510,.F.);
#6147 = ORIENTED_EDGE('',*,*,#6148,.F.);
#6148 = EDGE_CURVE('',#3363,#5511,#6149,.T.);
#6149 = LINE('',#6150,#6151);
#6150 = CARTESIAN_POINT('',(48.219554,89.,45.5));
#6151 = VECTOR('',#6152,1.);
#6152 = DIRECTION('',(0.,-1.,2.2E-16));
#6153 = PLANE('',#6154);
#6154 = AXIS2_PLACEMENT_3D('',#6155,#6156,#6157);
#6155 = CARTESIAN_POINT('',(48.219554,89.,53.));
#6156 = DIRECTION('',(1.,0.,0.));
#6157 = DIRECTION('',(0.,-2.2E-16,-1.));
#6158 = ADVANCED_FACE('',(#6159),#6170,.T.);
#6159 = FACE_BOUND('',#6160,.T.);
#6160 = EDGE_LOOP('',(#6161,#6162,#6163,#6164));
#6161 = ORIENTED_EDGE('',*,*,#3362,.F.);
#6162 = ORIENTED_EDGE('',*,*,#6148,.T.);
#6163 = ORIENTED_EDGE('',*,*,#5518,.F.);
#6164 = ORIENTED_EDGE('',*,*,#6165,.F.);
#6165 = EDGE_CURVE('',#3355,#5519,#6166,.T.);
#6166 = LINE('',#6167,#6168);
#6167 = CARTESIAN_POINT('',(79.919554,89.,45.5));
#6168 = VECTOR('',#6169,1.);
#6169 = DIRECTION('',(0.,-1.,2.2E-16));
#6170 = PLANE('',#6171);
#6171 = AXIS2_PLACEMENT_3D('',#6172,#6173,#6174);
#6172 = CARTESIAN_POINT('',(48.219554,89.,45.5));
#6173 = DIRECTION('',(0.,2.2E-16,1.));
#6174 = DIRECTION('',(1.,0.,-0.));
#6175 = ADVANCED_FACE('',(#6176),#6182,.T.);
#6176 = FACE_BOUND('',#6177,.T.);
#6177 = EDGE_LOOP('',(#6178,#6179,#6180,#6181));
#6178 = ORIENTED_EDGE('',*,*,#3354,.F.);
#6179 = ORIENTED_EDGE('',*,*,#6165,.T.);
#6180 = ORIENTED_EDGE('',*,*,#5526,.F.);
#6181 = ORIENTED_EDGE('',*,*,#6124,.F.);
#6182 = PLANE('',#6183);
#6183 = AXIS2_PLACEMENT_3D('',#6184,#6185,#6186);
#6184 = CARTESIAN_POINT('',(79.919554,89.,45.5));
#6185 = DIRECTION('',(-1.,0.,0.));
#6186 = DIRECTION('',(0.,2.2E-16,1.));
#6187 = ADVANCED_FACE('',(#6188),#6204,.T.);
#6188 = FACE_BOUND('',#6189,.T.);
#6189 = EDGE_LOOP('',(#6190,#6191,#6197,#6198));
#6190 = ORIENTED_EDGE('',*,*,#3378,.F.);
#6191 = ORIENTED_EDGE('',*,*,#6192,.T.);
#6192 = EDGE_CURVE('',#3379,#5469,#6193,.T.);
#6193 = LINE('',#6194,#6195);
#6194 = CARTESIAN_POINT('',(41.219554,89.,53.));
#6195 = VECTOR('',#6196,1.);
#6196 = DIRECTION('',(0.,-1.,2.2E-16));
#6197 = ORIENTED_EDGE('',*,*,#5466,.F.);
#6198 = ORIENTED_EDGE('',*,*,#6199,.F.);
#6199 = EDGE_CURVE('',#3381,#5467,#6200,.T.);
#6200 = LINE('',#6201,#6202);
#6201 = CARTESIAN_POINT('',(17.519554,89.,53.));
#6202 = VECTOR('',#6203,1.);
#6203 = DIRECTION('',(0.,-1.,2.2E-16));
#6204 = PLANE('',#6205);
#6205 = AXIS2_PLACEMENT_3D('',#6206,#6207,#6208);
#6206 = CARTESIAN_POINT('',(41.219554,89.,53.));
#6207 = DIRECTION('',(-0.,-2.2E-16,-1.));
#6208 = DIRECTION('',(-1.,0.,0.));
#6209 = ADVANCED_FACE('',(#6210),#6221,.T.);
#6210 = FACE_BOUND('',#6211,.T.);
#6211 = EDGE_LOOP('',(#6212,#6213,#6214,#6215));
#6212 = ORIENTED_EDGE('',*,*,#3404,.F.);
#6213 = ORIENTED_EDGE('',*,*,#6199,.T.);
#6214 = ORIENTED_EDGE('',*,*,#5476,.F.);
#6215 = ORIENTED_EDGE('',*,*,#6216,.F.);
#6216 = EDGE_CURVE('',#3397,#5477,#6217,.T.);
#6217 = LINE('',#6218,#6219);
#6218 = CARTESIAN_POINT('',(17.519554,89.,45.500000000003));
#6219 = VECTOR('',#6220,1.);
#6220 = DIRECTION('',(0.,-1.,2.2E-16));
#6221 = PLANE('',#6222);
#6222 = AXIS2_PLACEMENT_3D('',#6223,#6224,#6225);
#6223 = CARTESIAN_POINT('',(17.519554,89.,53.));
#6224 = DIRECTION('',(1.,0.,0.));
#6225 = DIRECTION('',(0.,-2.2E-16,-1.));
#6226 = ADVANCED_FACE('',(#6227),#6238,.T.);
#6227 = FACE_BOUND('',#6228,.T.);
#6228 = EDGE_LOOP('',(#6229,#6230,#6231,#6232));
#6229 = ORIENTED_EDGE('',*,*,#3396,.F.);
#6230 = ORIENTED_EDGE('',*,*,#6216,.T.);
#6231 = ORIENTED_EDGE('',*,*,#5484,.F.);
#6232 = ORIENTED_EDGE('',*,*,#6233,.F.);
#6233 = EDGE_CURVE('',#3389,#5485,#6234,.T.);
#6234 = LINE('',#6235,#6236);
#6235 = CARTESIAN_POINT('',(41.219554,89.,45.500000000003));
#6236 = VECTOR('',#6237,1.);
#6237 = DIRECTION('',(0.,-1.,2.2E-16));
#6238 = PLANE('',#6239);
#6239 = AXIS2_PLACEMENT_3D('',#6240,#6241,#6242);
#6240 = CARTESIAN_POINT('',(17.519554,89.,45.500000000003));
#6241 = DIRECTION('',(0.,2.2E-16,1.));
#6242 = DIRECTION('',(1.,0.,-0.));
#6243 = ADVANCED_FACE('',(#6244),#6250,.T.);
#6244 = FACE_BOUND('',#6245,.T.);
#6245 = EDGE_LOOP('',(#6246,#6247,#6248,#6249));
#6246 = ORIENTED_EDGE('',*,*,#3388,.F.);
#6247 = ORIENTED_EDGE('',*,*,#6233,.T.);
#6248 = ORIENTED_EDGE('',*,*,#5492,.F.);
#6249 = ORIENTED_EDGE('',*,*,#6192,.F.);
#6250 = PLANE('',#6251);
#6251 = AXIS2_PLACEMENT_3D('',#6252,#6253,#6254);
#6252 = CARTESIAN_POINT('',(41.219554,89.,45.500000000003));
#6253 = DIRECTION('',(-1.,0.,0.));
#6254 = DIRECTION('',(0.,2.2E-16,1.));
#6255 = ADVANCED_FACE('',(#6256),#6272,.T.);
#6256 = FACE_BOUND('',#6257,.T.);
#6257 = EDGE_LOOP('',(#6258,#6259,#6265,#6266));
#6258 = ORIENTED_EDGE('',*,*,#3412,.F.);
#6259 = ORIENTED_EDGE('',*,*,#6260,.T.);
#6260 = EDGE_CURVE('',#3413,#5435,#6261,.T.);
#6261 = LINE('',#6262,#6263);
#6262 = CARTESIAN_POINT('',(10.519554000003,89.,53.));
#6263 = VECTOR('',#6264,1.);
#6264 = DIRECTION('',(0.,-1.,2.2E-16));
#6265 = ORIENTED_EDGE('',*,*,#5432,.F.);
#6266 = ORIENTED_EDGE('',*,*,#6267,.F.);
#6267 = EDGE_CURVE('',#3415,#5433,#6268,.T.);
#6268 = LINE('',#6269,#6270);
#6269 = CARTESIAN_POINT('',(-5.680445999997,89.,53.));
#6270 = VECTOR('',#6271,1.);
#6271 = DIRECTION('',(0.,-1.,2.2E-16));
#6272 = PLANE('',#6273);
#6273 = AXIS2_PLACEMENT_3D('',#6274,#6275,#6276);
#6274 = CARTESIAN_POINT('',(10.519554000003,89.,53.));
#6275 = DIRECTION('',(-0.,-2.2E-16,-1.));
#6276 = DIRECTION('',(-1.,0.,0.));
#6277 = ADVANCED_FACE('',(#6278),#6289,.T.);
#6278 = FACE_BOUND('',#6279,.T.);
#6279 = EDGE_LOOP('',(#6280,#6281,#6282,#6283));
#6280 = ORIENTED_EDGE('',*,*,#3438,.F.);
#6281 = ORIENTED_EDGE('',*,*,#6267,.T.);
#6282 = ORIENTED_EDGE('',*,*,#5442,.F.);
#6283 = ORIENTED_EDGE('',*,*,#6284,.F.);
#6284 = EDGE_CURVE('',#3431,#5443,#6285,.T.);
#6285 = LINE('',#6286,#6287);
#6286 = CARTESIAN_POINT('',(-5.680445999997,89.,45.500000000007));
#6287 = VECTOR('',#6288,1.);
#6288 = DIRECTION('',(0.,-1.,2.2E-16));
#6289 = PLANE('',#6290);
#6290 = AXIS2_PLACEMENT_3D('',#6291,#6292,#6293);
#6291 = CARTESIAN_POINT('',(-5.680445999997,89.,53.));
#6292 = DIRECTION('',(1.,0.,0.));
#6293 = DIRECTION('',(0.,-2.2E-16,-1.));
#6294 = ADVANCED_FACE('',(#6295),#6306,.T.);
#6295 = FACE_BOUND('',#6296,.T.);
#6296 = EDGE_LOOP('',(#6297,#6298,#6299,#6300));
#6297 = ORIENTED_EDGE('',*,*,#3430,.F.);
#6298 = ORIENTED_EDGE('',*,*,#6284,.T.);
#6299 = ORIENTED_EDGE('',*,*,#5450,.F.);
#6300 = ORIENTED_EDGE('',*,*,#6301,.F.);
#6301 = EDGE_CURVE('',#3423,#5451,#6302,.T.);
#6302 = LINE('',#6303,#6304);
#6303 = CARTESIAN_POINT('',(10.519554000003,89.,45.500000000007));
#6304 = VECTOR('',#6305,1.);
#6305 = DIRECTION('',(0.,-1.,2.2E-16));
#6306 = PLANE('',#6307);
#6307 = AXIS2_PLACEMENT_3D('',#6308,#6309,#6310);
#6308 = CARTESIAN_POINT('',(-5.680445999997,89.,45.500000000007));
#6309 = DIRECTION('',(0.,2.2E-16,1.));
#6310 = DIRECTION('',(1.,0.,-0.));
#6311 = ADVANCED_FACE('',(#6312),#6318,.T.);
#6312 = FACE_BOUND('',#6313,.T.);
#6313 = EDGE_LOOP('',(#6314,#6315,#6316,#6317));
#6314 = ORIENTED_EDGE('',*,*,#3422,.F.);
#6315 = ORIENTED_EDGE('',*,*,#6301,.T.);
#6316 = ORIENTED_EDGE('',*,*,#5458,.F.);
#6317 = ORIENTED_EDGE('',*,*,#6260,.F.);
#6318 = PLANE('',#6319);
#6319 = AXIS2_PLACEMENT_3D('',#6320,#6321,#6322);
#6320 = CARTESIAN_POINT('',(10.519554000003,89.,45.500000000007));
#6321 = DIRECTION('',(-1.,0.,0.));
#6322 = DIRECTION('',(0.,2.2E-16,1.));
#6323 = ADVANCED_FACE('',(#6324),#6335,.F.);
#6324 = FACE_BOUND('',#6325,.T.);
#6325 = EDGE_LOOP('',(#6326,#6332,#6333,#6334));
#6326 = ORIENTED_EDGE('',*,*,#6327,.F.);
#6327 = EDGE_CURVE('',#3447,#5637,#6328,.T.);
#6328 = LINE('',#6329,#6330);
#6329 = CARTESIAN_POINT('',(79.919554,89.,17.));
#6330 = VECTOR('',#6331,1.);
#6331 = DIRECTION('',(0.,-1.,2.2E-16));
#6332 = ORIENTED_EDGE('',*,*,#3446,.F.);
#6333 = ORIENTED_EDGE('',*,*,#6327,.T.);
#6334 = ORIENTED_EDGE('',*,*,#5636,.F.);
#6335 = CYLINDRICAL_SURFACE('',#6336,7.6);
#6336 = AXIS2_PLACEMENT_3D('',#6337,#6338,#6339);
#6337 = CARTESIAN_POINT('',(72.319554,89.,17.));
#6338 = DIRECTION('',(0.,1.,-2.2E-16));
#6339 = DIRECTION('',(1.,0.,0.));
#6340 = ADVANCED_FACE('',(#6341),#6357,.T.);
#6341 = FACE_BOUND('',#6342,.T.);
#6342 = EDGE_LOOP('',(#6343,#6344,#6350,#6351));
#6343 = ORIENTED_EDGE('',*,*,#3457,.F.);
#6344 = ORIENTED_EDGE('',*,*,#6345,.T.);
#6345 = EDGE_CURVE('',#3458,#5605,#6346,.T.);
#6346 = LINE('',#6347,#6348);
#6347 = CARTESIAN_POINT('',(-21.880446,89.,29.5));
#6348 = VECTOR('',#6349,1.);
#6349 = DIRECTION('',(0.,-1.,2.2E-16));
#6350 = ORIENTED_EDGE('',*,*,#5602,.F.);
#6351 = ORIENTED_EDGE('',*,*,#6352,.F.);
#6352 = EDGE_CURVE('',#3460,#5603,#6353,.T.);
#6353 = LINE('',#6354,#6355);
#6354 = CARTESIAN_POINT('',(-38.880446,89.,29.5));
#6355 = VECTOR('',#6356,1.);
#6356 = DIRECTION('',(0.,-1.,2.2E-16));
#6357 = PLANE('',#6358);
#6358 = AXIS2_PLACEMENT_3D('',#6359,#6360,#6361);
#6359 = CARTESIAN_POINT('',(-21.880446,89.,29.5));
#6360 = DIRECTION('',(-0.,-2.2E-16,-1.));
#6361 = DIRECTION('',(-1.,0.,0.));
#6362 = ADVANCED_FACE('',(#6363),#6374,.T.);
#6363 = FACE_BOUND('',#6364,.T.);
#6364 = EDGE_LOOP('',(#6365,#6366,#6372,#6373));
#6365 = ORIENTED_EDGE('',*,*,#3467,.F.);
#6366 = ORIENTED_EDGE('',*,*,#6367,.T.);
#6367 = EDGE_CURVE('',#3468,#5621,#6368,.T.);
#6368 = LINE('',#6369,#6370);
#6369 = CARTESIAN_POINT('',(-21.880446,89.,12.));
#6370 = VECTOR('',#6371,1.);
#6371 = DIRECTION('',(0.,-1.,2.2E-16));
#6372 = ORIENTED_EDGE('',*,*,#5628,.F.);
#6373 = ORIENTED_EDGE('',*,*,#6345,.F.);
#6374 = PLANE('',#6375);
#6375 = AXIS2_PLACEMENT_3D('',#6376,#6377,#6378);
#6376 = CARTESIAN_POINT('',(-21.880446,89.,12.));
#6377 = DIRECTION('',(-1.,0.,0.));
#6378 = DIRECTION('',(0.,2.2E-16,1.));
#6379 = ADVANCED_FACE('',(#6380),#6391,.T.);
#6380 = FACE_BOUND('',#6381,.T.);
#6381 = EDGE_LOOP('',(#6382,#6383,#6384,#6385));
#6382 = ORIENTED_EDGE('',*,*,#3483,.F.);
#6383 = ORIENTED_EDGE('',*,*,#6352,.T.);
#6384 = ORIENTED_EDGE('',*,*,#5612,.F.);
#6385 = ORIENTED_EDGE('',*,*,#6386,.F.);
#6386 = EDGE_CURVE('',#3476,#5613,#6387,.T.);
#6387 = LINE('',#6388,#6389);
#6388 = CARTESIAN_POINT('',(-38.880446,89.,12.));
#6389 = VECTOR('',#6390,1.);
#6390 = DIRECTION('',(0.,-1.,2.2E-16));
#6391 = PLANE('',#6392);
#6392 = AXIS2_PLACEMENT_3D('',#6393,#6394,#6395);
#6393 = CARTESIAN_POINT('',(-38.880446,89.,29.5));
#6394 = DIRECTION('',(1.,0.,0.));
#6395 = DIRECTION('',(0.,-2.2E-16,-1.));
#6396 = ADVANCED_FACE('',(#6397),#6403,.T.);
#6397 = FACE_BOUND('',#6398,.T.);
#6398 = EDGE_LOOP('',(#6399,#6400,#6401,#6402));
#6399 = ORIENTED_EDGE('',*,*,#3475,.F.);
#6400 = ORIENTED_EDGE('',*,*,#6386,.T.);
#6401 = ORIENTED_EDGE('',*,*,#5620,.F.);
#6402 = ORIENTED_EDGE('',*,*,#6367,.F.);
#6403 = PLANE('',#6404);
#6404 = AXIS2_PLACEMENT_3D('',#6405,#6406,#6407);
#6405 = CARTESIAN_POINT('',(-38.880446,89.,12.));
#6406 = DIRECTION('',(0.,2.2E-16,1.));
#6407 = DIRECTION('',(1.,0.,0.));
#6408 = ADVANCED_FACE('',(#6409),#6425,.T.);
#6409 = FACE_BOUND('',#6410,.T.);
#6410 = EDGE_LOOP('',(#6411,#6412,#6418,#6419));
#6411 = ORIENTED_EDGE('',*,*,#3491,.F.);
#6412 = ORIENTED_EDGE('',*,*,#6413,.T.);
#6413 = EDGE_CURVE('',#3492,#5571,#6414,.T.);
#6414 = LINE('',#6415,#6416);
#6415 = CARTESIAN_POINT('',(-40.180446,89.,29.5));
#6416 = VECTOR('',#6417,1.);
#6417 = DIRECTION('',(0.,-1.,2.2E-16));
#6418 = ORIENTED_EDGE('',*,*,#5568,.F.);
#6419 = ORIENTED_EDGE('',*,*,#6420,.F.);
#6420 = EDGE_CURVE('',#3494,#5569,#6421,.T.);
#6421 = LINE('',#6422,#6423);
#6422 = CARTESIAN_POINT('',(-57.180446,89.,29.5));
#6423 = VECTOR('',#6424,1.);
#6424 = DIRECTION('',(0.,-1.,2.2E-16));
#6425 = PLANE('',#6426);
#6426 = AXIS2_PLACEMENT_3D('',#6427,#6428,#6429);
#6427 = CARTESIAN_POINT('',(-40.180446,89.,29.5));
#6428 = DIRECTION('',(-0.,-2.2E-16,-1.));
#6429 = DIRECTION('',(-1.,0.,0.));
#6430 = ADVANCED_FACE('',(#6431),#6442,.T.);
#6431 = FACE_BOUND('',#6432,.T.);
#6432 = EDGE_LOOP('',(#6433,#6434,#6440,#6441));
#6433 = ORIENTED_EDGE('',*,*,#3501,.F.);
#6434 = ORIENTED_EDGE('',*,*,#6435,.T.);
#6435 = EDGE_CURVE('',#3502,#5587,#6436,.T.);
#6436 = LINE('',#6437,#6438);
#6437 = CARTESIAN_POINT('',(-40.180446,89.,12.));
#6438 = VECTOR('',#6439,1.);
#6439 = DIRECTION('',(0.,-1.,2.2E-16));
#6440 = ORIENTED_EDGE('',*,*,#5594,.F.);
#6441 = ORIENTED_EDGE('',*,*,#6413,.F.);
#6442 = PLANE('',#6443);
#6443 = AXIS2_PLACEMENT_3D('',#6444,#6445,#6446);
#6444 = CARTESIAN_POINT('',(-40.180446,89.,12.));
#6445 = DIRECTION('',(-1.,0.,0.));
#6446 = DIRECTION('',(0.,2.2E-16,1.));
#6447 = ADVANCED_FACE('',(#6448),#6459,.T.);
#6448 = FACE_BOUND('',#6449,.T.);
#6449 = EDGE_LOOP('',(#6450,#6451,#6452,#6453));
#6450 = ORIENTED_EDGE('',*,*,#3517,.F.);
#6451 = ORIENTED_EDGE('',*,*,#6420,.T.);
#6452 = ORIENTED_EDGE('',*,*,#5578,.F.);
#6453 = ORIENTED_EDGE('',*,*,#6454,.F.);
#6454 = EDGE_CURVE('',#3510,#5579,#6455,.T.);
#6455 = LINE('',#6456,#6457);
#6456 = CARTESIAN_POINT('',(-57.180446,89.,12.));
#6457 = VECTOR('',#6458,1.);
#6458 = DIRECTION('',(0.,-1.,2.2E-16));
#6459 = PLANE('',#6460);
#6460 = AXIS2_PLACEMENT_3D('',#6461,#6462,#6463);
#6461 = CARTESIAN_POINT('',(-57.180446,89.,29.5));
#6462 = DIRECTION('',(1.,0.,0.));
#6463 = DIRECTION('',(0.,-2.2E-16,-1.));
#6464 = ADVANCED_FACE('',(#6465),#6471,.T.);
#6465 = FACE_BOUND('',#6466,.T.);
#6466 = EDGE_LOOP('',(#6467,#6468,#6469,#6470));
#6467 = ORIENTED_EDGE('',*,*,#3509,.F.);
#6468 = ORIENTED_EDGE('',*,*,#6454,.T.);
#6469 = ORIENTED_EDGE('',*,*,#5586,.F.);
#6470 = ORIENTED_EDGE('',*,*,#6435,.F.);
#6471 = PLANE('',#6472);
#6472 = AXIS2_PLACEMENT_3D('',#6473,#6474,#6475);
#6473 = CARTESIAN_POINT('',(-57.180446,89.,12.));
#6474 = DIRECTION('',(0.,2.2E-16,1.));
#6475 = DIRECTION('',(1.,0.,0.));
#6476 = ADVANCED_FACE('',(#6477),#6493,.T.);
#6477 = FACE_BOUND('',#6478,.T.);
#6478 = EDGE_LOOP('',(#6479,#6480,#6486,#6487));
#6479 = ORIENTED_EDGE('',*,*,#3525,.F.);
#6480 = ORIENTED_EDGE('',*,*,#6481,.T.);
#6481 = EDGE_CURVE('',#3526,#5537,#6482,.T.);
#6482 = LINE('',#6483,#6484);
#6483 = CARTESIAN_POINT('',(-58.480446,89.,29.5));
#6484 = VECTOR('',#6485,1.);
#6485 = DIRECTION('',(0.,-1.,2.2E-16));
#6486 = ORIENTED_EDGE('',*,*,#5534,.F.);
#6487 = ORIENTED_EDGE('',*,*,#6488,.F.);
#6488 = EDGE_CURVE('',#3528,#5535,#6489,.T.);
#6489 = LINE('',#6490,#6491);
#6490 = CARTESIAN_POINT('',(-75.480446,89.,29.5));
#6491 = VECTOR('',#6492,1.);
#6492 = DIRECTION('',(0.,-1.,2.2E-16));
#6493 = PLANE('',#6494);
#6494 = AXIS2_PLACEMENT_3D('',#6495,#6496,#6497);
#6495 = CARTESIAN_POINT('',(-58.480446,89.,29.5));
#6496 = DIRECTION('',(-0.,-2.2E-16,-1.));
#6497 = DIRECTION('',(-1.,0.,0.));
#6498 = ADVANCED_FACE('',(#6499),#6510,.T.);
#6499 = FACE_BOUND('',#6500,.T.);
#6500 = EDGE_LOOP('',(#6501,#6502,#6508,#6509));
#6501 = ORIENTED_EDGE('',*,*,#3535,.F.);
#6502 = ORIENTED_EDGE('',*,*,#6503,.T.);
#6503 = EDGE_CURVE('',#3536,#5553,#6504,.T.);
#6504 = LINE('',#6505,#6506);
#6505 = CARTESIAN_POINT('',(-58.480446,89.,12.));
#6506 = VECTOR('',#6507,1.);
#6507 = DIRECTION('',(0.,-1.,2.2E-16));
#6508 = ORIENTED_EDGE('',*,*,#5560,.F.);
#6509 = ORIENTED_EDGE('',*,*,#6481,.F.);
#6510 = PLANE('',#6511);
#6511 = AXIS2_PLACEMENT_3D('',#6512,#6513,#6514);
#6512 = CARTESIAN_POINT('',(-58.480446,89.,12.));
#6513 = DIRECTION('',(-1.,0.,0.));
#6514 = DIRECTION('',(0.,2.2E-16,1.));
#6515 = ADVANCED_FACE('',(#6516),#6527,.T.);
#6516 = FACE_BOUND('',#6517,.T.);
#6517 = EDGE_LOOP('',(#6518,#6519,#6520,#6521));
#6518 = ORIENTED_EDGE('',*,*,#3551,.F.);
#6519 = ORIENTED_EDGE('',*,*,#6488,.T.);
#6520 = ORIENTED_EDGE('',*,*,#5544,.F.);
#6521 = ORIENTED_EDGE('',*,*,#6522,.F.);
#6522 = EDGE_CURVE('',#3544,#5545,#6523,.T.);
#6523 = LINE('',#6524,#6525);
#6524 = CARTESIAN_POINT('',(-75.480446,89.,12.));
#6525 = VECTOR('',#6526,1.);
#6526 = DIRECTION('',(0.,-1.,2.2E-16));
#6527 = PLANE('',#6528);
#6528 = AXIS2_PLACEMENT_3D('',#6529,#6530,#6531);
#6529 = CARTESIAN_POINT('',(-75.480446,89.,29.5));
#6530 = DIRECTION('',(1.,0.,0.));
#6531 = DIRECTION('',(0.,-2.2E-16,-1.));
#6532 = ADVANCED_FACE('',(#6533),#6539,.T.);
#6533 = FACE_BOUND('',#6534,.T.);
#6534 = EDGE_LOOP('',(#6535,#6536,#6537,#6538));
#6535 = ORIENTED_EDGE('',*,*,#3543,.F.);
#6536 = ORIENTED_EDGE('',*,*,#6522,.T.);
#6537 = ORIENTED_EDGE('',*,*,#5552,.F.);
#6538 = ORIENTED_EDGE('',*,*,#6503,.F.);
#6539 = PLANE('',#6540);
#6540 = AXIS2_PLACEMENT_3D('',#6541,#6542,#6543);
#6541 = CARTESIAN_POINT('',(-75.480446,89.,12.));
#6542 = DIRECTION('',(0.,2.2E-16,1.));
#6543 = DIRECTION('',(1.,0.,0.));
#6544 = ADVANCED_FACE('',(#6545),#6570,.F.);
#6545 = FACE_BOUND('',#6546,.F.);
#6546 = EDGE_LOOP('',(#6547,#6555,#6563,#6569));
#6547 = ORIENTED_EDGE('',*,*,#6548,.T.);
#6548 = EDGE_CURVE('',#3577,#6549,#6551,.T.);
#6549 = VERTEX_POINT('',#6550);
#6550 = CARTESIAN_POINT('',(23.106087479479,-28.,16.999999999995));
#6551 = LINE('',#6552,#6553);
#6552 = CARTESIAN_POINT('',(23.106087479479,-31.,16.999999999995));
#6553 = VECTOR('',#6554,1.);
#6554 = DIRECTION('',(0.,1.,-2.2E-16));
#6555 = ORIENTED_EDGE('',*,*,#6556,.T.);
#6556 = EDGE_CURVE('',#6549,#6557,#6559,.T.);
#6557 = VERTEX_POINT('',#6558);
#6558 = CARTESIAN_POINT('',(23.106087479474,-28.,37.999999999999));
#6559 = LINE('',#6560,#6561);
#6560 = CARTESIAN_POINT('',(23.106087479479,-28.,16.999999999995));
#6561 = VECTOR('',#6562,1.);
#6562 = DIRECTION('',(-2.0843E-13,0.,1.));
#6563 = ORIENTED_EDGE('',*,*,#6564,.F.);
#6564 = EDGE_CURVE('',#3579,#6557,#6565,.T.);
#6565 = LINE('',#6566,#6567);
#6566 = CARTESIAN_POINT('',(23.106087479474,-31.,37.999999999999));
#6567 = VECTOR('',#6568,1.);
#6568 = DIRECTION('',(0.,1.,-2.2E-16));
#6569 = ORIENTED_EDGE('',*,*,#3576,.F.);
#6570 = PLANE('',#6571);
#6571 = AXIS2_PLACEMENT_3D('',#6572,#6573,#6574);
#6572 = CARTESIAN_POINT('',(23.106087479479,-31.,16.999999999995));
#6573 = DIRECTION('',(1.,0.,2.0843E-13));
#6574 = DIRECTION('',(-2.0843E-13,2.2E-16,1.));
#6575 = ADVANCED_FACE('',(#6576),#6594,.F.);
#6576 = FACE_BOUND('',#6577,.F.);
#6577 = EDGE_LOOP('',(#6578,#6586,#6592,#6593));
#6578 = ORIENTED_EDGE('',*,*,#6579,.T.);
#6579 = EDGE_CURVE('',#3611,#6580,#6582,.T.);
#6580 = VERTEX_POINT('',#6581);
#6581 = CARTESIAN_POINT('',(4.919553999998,-28.,6.5));
#6582 = LINE('',#6583,#6584);
#6583 = CARTESIAN_POINT('',(4.919553999998,-31.,6.5));
#6584 = VECTOR('',#6585,1.);
#6585 = DIRECTION('',(0.,1.,-2.2E-16));
#6586 = ORIENTED_EDGE('',*,*,#6587,.T.);
#6587 = EDGE_CURVE('',#6580,#6549,#6588,.T.);
#6588 = LINE('',#6589,#6590);
#6589 = CARTESIAN_POINT('',(4.919553999998,-28.,6.5));
#6590 = VECTOR('',#6591,1.);
#6591 = DIRECTION('',(0.866025403785,0.,0.5));
#6592 = ORIENTED_EDGE('',*,*,#6548,.F.);
#6593 = ORIENTED_EDGE('',*,*,#3618,.F.);
#6594 = PLANE('',#6595);
#6595 = AXIS2_PLACEMENT_3D('',#6596,#6597,#6598);
#6596 = CARTESIAN_POINT('',(4.919553999998,-31.,6.5));
#6597 = DIRECTION('',(0.5,-1.9E-16,-0.866025403785));
#6598 = DIRECTION('',(0.866025403785,1.1E-16,0.5));
#6599 = ADVANCED_FACE('',(#6600),#6618,.F.);
#6600 = FACE_BOUND('',#6601,.F.);
#6601 = EDGE_LOOP('',(#6602,#6610,#6616,#6617));
#6602 = ORIENTED_EDGE('',*,*,#6603,.T.);
#6603 = EDGE_CURVE('',#3603,#6604,#6606,.T.);
#6604 = VERTEX_POINT('',#6605);
#6605 = CARTESIAN_POINT('',(-13.26697947947,-28.,17.000000000001));
#6606 = LINE('',#6607,#6608);
#6607 = CARTESIAN_POINT('',(-13.26697947947,-31.,17.000000000001));
#6608 = VECTOR('',#6609,1.);
#6609 = DIRECTION('',(0.,1.,-2.2E-16));
#6610 = ORIENTED_EDGE('',*,*,#6611,.T.);
#6611 = EDGE_CURVE('',#6604,#6580,#6612,.T.);
#6612 = LINE('',#6613,#6614);
#6613 = CARTESIAN_POINT('',(-13.26697947947,-28.,17.000000000001));
#6614 = VECTOR('',#6615,1.);
#6615 = DIRECTION('',(0.866025403784,0.,-0.5));
#6616 = ORIENTED_EDGE('',*,*,#6579,.F.);
#6617 = ORIENTED_EDGE('',*,*,#3610,.F.);
#6618 = PLANE('',#6619);
#6619 = AXIS2_PLACEMENT_3D('',#6620,#6621,#6622);
#6620 = CARTESIAN_POINT('',(-13.26697947947,-31.,17.000000000001));
#6621 = DIRECTION('',(-0.5,-1.9E-16,-0.866025403784));
#6622 = DIRECTION('',(0.866025403784,-1.1E-16,-0.5));
#6623 = ADVANCED_FACE('',(#6624),#6642,.F.);
#6624 = FACE_BOUND('',#6625,.F.);
#6625 = EDGE_LOOP('',(#6626,#6634,#6640,#6641));
#6626 = ORIENTED_EDGE('',*,*,#6627,.T.);
#6627 = EDGE_CURVE('',#3595,#6628,#6630,.T.);
#6628 = VERTEX_POINT('',#6629);
#6629 = CARTESIAN_POINT('',(-13.26697947948,-28.,38.000000000011));
#6630 = LINE('',#6631,#6632);
#6631 = CARTESIAN_POINT('',(-13.26697947948,-31.,38.000000000011));
#6632 = VECTOR('',#6633,1.);
#6633 = DIRECTION('',(0.,1.,-2.2E-16));
#6634 = ORIENTED_EDGE('',*,*,#6635,.T.);
#6635 = EDGE_CURVE('',#6628,#6604,#6636,.T.);
#6636 = LINE('',#6637,#6638);
#6637 = CARTESIAN_POINT('',(-13.26697947948,-28.,38.000000000011));
#6638 = VECTOR('',#6639,1.);
#6639 = DIRECTION('',(2.3186E-13,0.,-1.));
#6640 = ORIENTED_EDGE('',*,*,#6603,.F.);
#6641 = ORIENTED_EDGE('',*,*,#3602,.F.);
#6642 = PLANE('',#6643);
#6643 = AXIS2_PLACEMENT_3D('',#6644,#6645,#6646);
#6644 = CARTESIAN_POINT('',(-13.26697947948,-31.,38.000000000011));
#6645 = DIRECTION('',(-1.,-0.,-2.3186E-13));
#6646 = DIRECTION('',(2.3186E-13,-2.2E-16,-1.));
#6647 = ADVANCED_FACE('',(#6648),#6666,.F.);
#6648 = FACE_BOUND('',#6649,.F.);
#6649 = EDGE_LOOP('',(#6650,#6658,#6664,#6665));
#6650 = ORIENTED_EDGE('',*,*,#6651,.T.);
#6651 = EDGE_CURVE('',#3587,#6652,#6654,.T.);
#6652 = VERTEX_POINT('',#6653);
#6653 = CARTESIAN_POINT('',(4.919554,-28.,48.499999999999));
#6654 = LINE('',#6655,#6656);
#6655 = CARTESIAN_POINT('',(4.919554,-31.,48.499999999999));
#6656 = VECTOR('',#6657,1.);
#6657 = DIRECTION('',(0.,1.,-2.2E-16));
#6658 = ORIENTED_EDGE('',*,*,#6659,.T.);
#6659 = EDGE_CURVE('',#6652,#6628,#6660,.T.);
#6660 = LINE('',#6661,#6662);
#6661 = CARTESIAN_POINT('',(4.919554,-28.,48.499999999999));
#6662 = VECTOR('',#6663,1.);
#6663 = DIRECTION('',(-0.866025403785,-0.,-0.499999999999));
#6664 = ORIENTED_EDGE('',*,*,#6627,.F.);
#6665 = ORIENTED_EDGE('',*,*,#3594,.F.);
#6666 = PLANE('',#6667);
#6667 = AXIS2_PLACEMENT_3D('',#6668,#6669,#6670);
#6668 = CARTESIAN_POINT('',(4.919554,-31.,48.499999999999));
#6669 = DIRECTION('',(-0.499999999999,1.9E-16,0.866025403785));
#6670 = DIRECTION('',(-0.866025403785,-1.1E-16,-0.499999999999));
#6671 = ADVANCED_FACE('',(#6672),#6683,.F.);
#6672 = FACE_BOUND('',#6673,.F.);
#6673 = EDGE_LOOP('',(#6674,#6675,#6681,#6682));
#6674 = ORIENTED_EDGE('',*,*,#6564,.T.);
#6675 = ORIENTED_EDGE('',*,*,#6676,.T.);
#6676 = EDGE_CURVE('',#6557,#6652,#6677,.T.);
#6677 = LINE('',#6678,#6679);
#6678 = CARTESIAN_POINT('',(23.106087479474,-28.,37.999999999999));
#6679 = VECTOR('',#6680,1.);
#6680 = DIRECTION('',(-0.866025403784,0.,0.5));
#6681 = ORIENTED_EDGE('',*,*,#6651,.F.);
#6682 = ORIENTED_EDGE('',*,*,#3586,.F.);
#6683 = PLANE('',#6684);
#6684 = AXIS2_PLACEMENT_3D('',#6685,#6686,#6687);
#6685 = CARTESIAN_POINT('',(23.106087479474,-31.,37.999999999999));
#6686 = DIRECTION('',(0.5,1.9E-16,0.866025403784));
#6687 = DIRECTION('',(-0.866025403784,1.1E-16,0.5));
#6688 = ADVANCED_FACE('',(#6689),#6705,.T.);
#6689 = FACE_BOUND('',#6690,.T.);
#6690 = EDGE_LOOP('',(#6691,#6692,#6698,#6699));
#6691 = ORIENTED_EDGE('',*,*,#4827,.T.);
#6692 = ORIENTED_EDGE('',*,*,#6693,.T.);
#6693 = EDGE_CURVE('',#4828,#3673,#6694,.T.);
#6694 = LINE('',#6695,#6696);
#6695 = CARTESIAN_POINT('',(-85.080446,4.196136237003,38.392304845413));
#6696 = VECTOR('',#6697,1.);
#6697 = DIRECTION('',(1.,0.,0.));
#6698 = ORIENTED_EDGE('',*,*,#3672,.T.);
#6699 = ORIENTED_EDGE('',*,*,#6700,.F.);
#6700 = EDGE_CURVE('',#4820,#3675,#6701,.T.);
#6701 = LINE('',#6702,#6703);
#6702 = CARTESIAN_POINT('',(-85.080446,4.196136237003,44.392304845413));
#6703 = VECTOR('',#6704,1.);
#6704 = DIRECTION('',(1.,0.,0.));
#6705 = PLANE('',#6706);
#6706 = AXIS2_PLACEMENT_3D('',#6707,#6708,#6709);
#6707 = CARTESIAN_POINT('',(-85.080446,4.196136237003,38.392304845413));
#6708 = DIRECTION('',(0.,-1.,-1.5E-16));
#6709 = DIRECTION('',(0.,-1.5E-16,1.));
#6710 = ADVANCED_FACE('',(#6711),#6722,.T.);
#6711 = FACE_BOUND('',#6712,.T.);
#6712 = EDGE_LOOP('',(#6713,#6714,#6720,#6721));
#6713 = ORIENTED_EDGE('',*,*,#4835,.T.);
#6714 = ORIENTED_EDGE('',*,*,#6715,.T.);
#6715 = EDGE_CURVE('',#4836,#3707,#6716,.T.);
#6716 = LINE('',#6717,#6718);
#6717 = CARTESIAN_POINT('',(-85.080446,-1.000016185704,35.392304845413)
  );
#6718 = VECTOR('',#6719,1.);
#6719 = DIRECTION('',(1.,0.,0.));
#6720 = ORIENTED_EDGE('',*,*,#3714,.T.);
#6721 = ORIENTED_EDGE('',*,*,#6693,.F.);
#6722 = PLANE('',#6723);
#6723 = AXIS2_PLACEMENT_3D('',#6724,#6725,#6726);
#6724 = CARTESIAN_POINT('',(-85.080446,-1.000016185704,35.392304845413)
  );
#6725 = DIRECTION('',(0.,-0.5,0.866025403784));
#6726 = DIRECTION('',(0.,0.866025403784,0.5));
#6727 = ADVANCED_FACE('',(#6728),#6739,.T.);
#6728 = FACE_BOUND('',#6729,.T.);
#6729 = EDGE_LOOP('',(#6730,#6731,#6737,#6738));
#6730 = ORIENTED_EDGE('',*,*,#4843,.T.);
#6731 = ORIENTED_EDGE('',*,*,#6732,.T.);
#6732 = EDGE_CURVE('',#4844,#3699,#6733,.T.);
#6733 = LINE('',#6734,#6735);
#6734 = CARTESIAN_POINT('',(-85.080446,-6.19616860841,38.392304845413));
#6735 = VECTOR('',#6736,1.);
#6736 = DIRECTION('',(1.,0.,0.));
#6737 = ORIENTED_EDGE('',*,*,#3706,.T.);
#6738 = ORIENTED_EDGE('',*,*,#6715,.F.);
#6739 = PLANE('',#6740);
#6740 = AXIS2_PLACEMENT_3D('',#6741,#6742,#6743);
#6741 = CARTESIAN_POINT('',(-85.080446,-6.19616860841,38.392304845413));
#6742 = DIRECTION('',(0.,0.5,0.866025403784));
#6743 = DIRECTION('',(0.,0.866025403784,-0.5));
#6744 = ADVANCED_FACE('',(#6745),#6756,.T.);
#6745 = FACE_BOUND('',#6746,.T.);
#6746 = EDGE_LOOP('',(#6747,#6748,#6754,#6755));
#6747 = ORIENTED_EDGE('',*,*,#4851,.T.);
#6748 = ORIENTED_EDGE('',*,*,#6749,.T.);
#6749 = EDGE_CURVE('',#4810,#3691,#6750,.T.);
#6750 = LINE('',#6751,#6752);
#6751 = CARTESIAN_POINT('',(-85.080446,-6.19616860841,44.392304845413));
#6752 = VECTOR('',#6753,1.);
#6753 = DIRECTION('',(1.,0.,0.));
#6754 = ORIENTED_EDGE('',*,*,#3698,.T.);
#6755 = ORIENTED_EDGE('',*,*,#6732,.F.);
#6756 = PLANE('',#6757);
#6757 = AXIS2_PLACEMENT_3D('',#6758,#6759,#6760);
#6758 = CARTESIAN_POINT('',(-85.080446,-6.19616860841,44.392304845413));
#6759 = DIRECTION('',(0.,1.,3.E-16));
#6760 = DIRECTION('',(0.,3.E-16,-1.));
#6761 = ADVANCED_FACE('',(#6762),#6773,.T.);
#6762 = FACE_BOUND('',#6763,.T.);
#6763 = EDGE_LOOP('',(#6764,#6765,#6771,#6772));
#6764 = ORIENTED_EDGE('',*,*,#4809,.T.);
#6765 = ORIENTED_EDGE('',*,*,#6766,.T.);
#6766 = EDGE_CURVE('',#4812,#3683,#6767,.T.);
#6767 = LINE('',#6768,#6769);
#6768 = CARTESIAN_POINT('',(-85.080446,-1.000016185704,47.392304845413)
  );
#6769 = VECTOR('',#6770,1.);
#6770 = DIRECTION('',(1.,0.,0.));
#6771 = ORIENTED_EDGE('',*,*,#3690,.T.);
#6772 = ORIENTED_EDGE('',*,*,#6749,.F.);
#6773 = PLANE('',#6774);
#6774 = AXIS2_PLACEMENT_3D('',#6775,#6776,#6777);
#6775 = CARTESIAN_POINT('',(-85.080446,-1.000016185704,47.392304845413)
  );
#6776 = DIRECTION('',(0.,0.5,-0.866025403784));
#6777 = DIRECTION('',(0.,-0.866025403784,-0.5));
#6778 = ADVANCED_FACE('',(#6779),#6785,.T.);
#6779 = FACE_BOUND('',#6780,.T.);
#6780 = EDGE_LOOP('',(#6781,#6782,#6783,#6784));
#6781 = ORIENTED_EDGE('',*,*,#4819,.T.);
#6782 = ORIENTED_EDGE('',*,*,#6700,.T.);
#6783 = ORIENTED_EDGE('',*,*,#3682,.T.);
#6784 = ORIENTED_EDGE('',*,*,#6766,.F.);
#6785 = PLANE('',#6786);
#6786 = AXIS2_PLACEMENT_3D('',#6787,#6788,#6789);
#6787 = CARTESIAN_POINT('',(-85.080446,4.196136237003,44.392304845413));
#6788 = DIRECTION('',(0.,-0.5,-0.866025403784));
#6789 = DIRECTION('',(0.,-0.866025403784,0.5));
#6790 = ADVANCED_FACE('',(#6791),#6807,.T.);
#6791 = FACE_BOUND('',#6792,.T.);
#6792 = EDGE_LOOP('',(#6793,#6794,#6800,#6801));
#6793 = ORIENTED_EDGE('',*,*,#4777,.T.);
#6794 = ORIENTED_EDGE('',*,*,#6795,.T.);
#6795 = EDGE_CURVE('',#4778,#3723,#6796,.T.);
#6796 = LINE('',#6797,#6798);
#6797 = CARTESIAN_POINT('',(-85.080446,16.196136237003,38.392304845413)
  );
#6798 = VECTOR('',#6799,1.);
#6799 = DIRECTION('',(1.,0.,0.));
#6800 = ORIENTED_EDGE('',*,*,#3722,.T.);
#6801 = ORIENTED_EDGE('',*,*,#6802,.F.);
#6802 = EDGE_CURVE('',#4770,#3725,#6803,.T.);
#6803 = LINE('',#6804,#6805);
#6804 = CARTESIAN_POINT('',(-85.080446,16.196136237003,44.392304845413)
  );
#6805 = VECTOR('',#6806,1.);
#6806 = DIRECTION('',(1.,0.,0.));
#6807 = PLANE('',#6808);
#6808 = AXIS2_PLACEMENT_3D('',#6809,#6810,#6811);
#6809 = CARTESIAN_POINT('',(-85.080446,16.196136237003,38.392304845413)
  );
#6810 = DIRECTION('',(0.,-1.,0.));
#6811 = DIRECTION('',(0.,0.,1.));
#6812 = ADVANCED_FACE('',(#6813),#6824,.T.);
#6813 = FACE_BOUND('',#6814,.T.);
#6814 = EDGE_LOOP('',(#6815,#6816,#6822,#6823));
#6815 = ORIENTED_EDGE('',*,*,#4785,.T.);
#6816 = ORIENTED_EDGE('',*,*,#6817,.T.);
#6817 = EDGE_CURVE('',#4786,#3757,#6818,.T.);
#6818 = LINE('',#6819,#6820);
#6819 = CARTESIAN_POINT('',(-85.080446,10.999983814296,35.392304845413)
  );
#6820 = VECTOR('',#6821,1.);
#6821 = DIRECTION('',(1.,0.,0.));
#6822 = ORIENTED_EDGE('',*,*,#3764,.T.);
#6823 = ORIENTED_EDGE('',*,*,#6795,.F.);
#6824 = PLANE('',#6825);
#6825 = AXIS2_PLACEMENT_3D('',#6826,#6827,#6828);
#6826 = CARTESIAN_POINT('',(-85.080446,10.999983814296,35.392304845413)
  );
#6827 = DIRECTION('',(0.,-0.5,0.866025403784));
#6828 = DIRECTION('',(0.,0.866025403784,0.5));
#6829 = ADVANCED_FACE('',(#6830),#6841,.T.);
#6830 = FACE_BOUND('',#6831,.T.);
#6831 = EDGE_LOOP('',(#6832,#6833,#6839,#6840));
#6832 = ORIENTED_EDGE('',*,*,#4793,.T.);
#6833 = ORIENTED_EDGE('',*,*,#6834,.T.);
#6834 = EDGE_CURVE('',#4794,#3749,#6835,.T.);
#6835 = LINE('',#6836,#6837);
#6836 = CARTESIAN_POINT('',(-85.080446,5.80383139159,38.392304845413));
#6837 = VECTOR('',#6838,1.);
#6838 = DIRECTION('',(1.,0.,0.));
#6839 = ORIENTED_EDGE('',*,*,#3756,.T.);
#6840 = ORIENTED_EDGE('',*,*,#6817,.F.);
#6841 = PLANE('',#6842);
#6842 = AXIS2_PLACEMENT_3D('',#6843,#6844,#6845);
#6843 = CARTESIAN_POINT('',(-85.080446,5.80383139159,38.392304845413));
#6844 = DIRECTION('',(0.,0.5,0.866025403784));
#6845 = DIRECTION('',(0.,0.866025403784,-0.5));
#6846 = ADVANCED_FACE('',(#6847),#6858,.T.);
#6847 = FACE_BOUND('',#6848,.T.);
#6848 = EDGE_LOOP('',(#6849,#6850,#6856,#6857));
#6849 = ORIENTED_EDGE('',*,*,#4801,.T.);
#6850 = ORIENTED_EDGE('',*,*,#6851,.T.);
#6851 = EDGE_CURVE('',#4760,#3741,#6852,.T.);
#6852 = LINE('',#6853,#6854);
#6853 = CARTESIAN_POINT('',(-85.080446,5.80383139159,44.392304845413));
#6854 = VECTOR('',#6855,1.);
#6855 = DIRECTION('',(1.,0.,0.));
#6856 = ORIENTED_EDGE('',*,*,#3748,.T.);
#6857 = ORIENTED_EDGE('',*,*,#6834,.F.);
#6858 = PLANE('',#6859);
#6859 = AXIS2_PLACEMENT_3D('',#6860,#6861,#6862);
#6860 = CARTESIAN_POINT('',(-85.080446,5.80383139159,44.392304845413));
#6861 = DIRECTION('',(0.,1.,0.));
#6862 = DIRECTION('',(0.,0.,-1.));
#6863 = ADVANCED_FACE('',(#6864),#6875,.T.);
#6864 = FACE_BOUND('',#6865,.T.);
#6865 = EDGE_LOOP('',(#6866,#6867,#6873,#6874));
#6866 = ORIENTED_EDGE('',*,*,#4759,.T.);
#6867 = ORIENTED_EDGE('',*,*,#6868,.T.);
#6868 = EDGE_CURVE('',#4762,#3733,#6869,.T.);
#6869 = LINE('',#6870,#6871);
#6870 = CARTESIAN_POINT('',(-85.080446,10.999983814296,47.392304845413)
  );
#6871 = VECTOR('',#6872,1.);
#6872 = DIRECTION('',(1.,0.,0.));
#6873 = ORIENTED_EDGE('',*,*,#3740,.T.);
#6874 = ORIENTED_EDGE('',*,*,#6851,.F.);
#6875 = PLANE('',#6876);
#6876 = AXIS2_PLACEMENT_3D('',#6877,#6878,#6879);
#6877 = CARTESIAN_POINT('',(-85.080446,10.999983814296,47.392304845413)
  );
#6878 = DIRECTION('',(0.,0.5,-0.866025403784));
#6879 = DIRECTION('',(0.,-0.866025403784,-0.5));
#6880 = ADVANCED_FACE('',(#6881),#6887,.T.);
#6881 = FACE_BOUND('',#6882,.T.);
#6882 = EDGE_LOOP('',(#6883,#6884,#6885,#6886));
#6883 = ORIENTED_EDGE('',*,*,#4769,.T.);
#6884 = ORIENTED_EDGE('',*,*,#6802,.T.);
#6885 = ORIENTED_EDGE('',*,*,#3732,.T.);
#6886 = ORIENTED_EDGE('',*,*,#6868,.F.);
#6887 = PLANE('',#6888);
#6888 = AXIS2_PLACEMENT_3D('',#6889,#6890,#6891);
#6889 = CARTESIAN_POINT('',(-85.080446,16.196136237003,44.392304845413)
  );
#6890 = DIRECTION('',(0.,-0.5,-0.866025403784));
#6891 = DIRECTION('',(0.,-0.866025403784,0.5));
#6892 = ADVANCED_FACE('',(#6893),#6909,.T.);
#6893 = FACE_BOUND('',#6894,.T.);
#6894 = EDGE_LOOP('',(#6895,#6896,#6902,#6903));
#6895 = ORIENTED_EDGE('',*,*,#4727,.T.);
#6896 = ORIENTED_EDGE('',*,*,#6897,.T.);
#6897 = EDGE_CURVE('',#4728,#3773,#6898,.T.);
#6898 = LINE('',#6899,#6900);
#6899 = CARTESIAN_POINT('',(-85.080446,28.196136237003,38.392304845413)
  );
#6900 = VECTOR('',#6901,1.);
#6901 = DIRECTION('',(1.,0.,0.));
#6902 = ORIENTED_EDGE('',*,*,#3772,.T.);
#6903 = ORIENTED_EDGE('',*,*,#6904,.F.);
#6904 = EDGE_CURVE('',#4720,#3775,#6905,.T.);
#6905 = LINE('',#6906,#6907);
#6906 = CARTESIAN_POINT('',(-85.080446,28.196136237003,44.392304845413)
  );
#6907 = VECTOR('',#6908,1.);
#6908 = DIRECTION('',(1.,0.,0.));
#6909 = PLANE('',#6910);
#6910 = AXIS2_PLACEMENT_3D('',#6911,#6912,#6913);
#6911 = CARTESIAN_POINT('',(-85.080446,28.196136237003,38.392304845413)
  );
#6912 = DIRECTION('',(0.,-1.,0.));
#6913 = DIRECTION('',(0.,0.,1.));
#6914 = ADVANCED_FACE('',(#6915),#6926,.T.);
#6915 = FACE_BOUND('',#6916,.T.);
#6916 = EDGE_LOOP('',(#6917,#6918,#6924,#6925));
#6917 = ORIENTED_EDGE('',*,*,#4735,.T.);
#6918 = ORIENTED_EDGE('',*,*,#6919,.T.);
#6919 = EDGE_CURVE('',#4736,#3807,#6920,.T.);
#6920 = LINE('',#6921,#6922);
#6921 = CARTESIAN_POINT('',(-85.080446,22.999983814296,35.392304845413)
  );
#6922 = VECTOR('',#6923,1.);
#6923 = DIRECTION('',(1.,0.,0.));
#6924 = ORIENTED_EDGE('',*,*,#3814,.T.);
#6925 = ORIENTED_EDGE('',*,*,#6897,.F.);
#6926 = PLANE('',#6927);
#6927 = AXIS2_PLACEMENT_3D('',#6928,#6929,#6930);
#6928 = CARTESIAN_POINT('',(-85.080446,22.999983814296,35.392304845413)
  );
#6929 = DIRECTION('',(0.,-0.5,0.866025403784));
#6930 = DIRECTION('',(0.,0.866025403784,0.5));
#6931 = ADVANCED_FACE('',(#6932),#6943,.T.);
#6932 = FACE_BOUND('',#6933,.T.);
#6933 = EDGE_LOOP('',(#6934,#6935,#6941,#6942));
#6934 = ORIENTED_EDGE('',*,*,#4743,.T.);
#6935 = ORIENTED_EDGE('',*,*,#6936,.T.);
#6936 = EDGE_CURVE('',#4744,#3799,#6937,.T.);
#6937 = LINE('',#6938,#6939);
#6938 = CARTESIAN_POINT('',(-85.080446,17.80383139159,38.392304845413));
#6939 = VECTOR('',#6940,1.);
#6940 = DIRECTION('',(1.,0.,0.));
#6941 = ORIENTED_EDGE('',*,*,#3806,.T.);
#6942 = ORIENTED_EDGE('',*,*,#6919,.F.);
#6943 = PLANE('',#6944);
#6944 = AXIS2_PLACEMENT_3D('',#6945,#6946,#6947);
#6945 = CARTESIAN_POINT('',(-85.080446,17.80383139159,38.392304845413));
#6946 = DIRECTION('',(0.,0.5,0.866025403784));
#6947 = DIRECTION('',(0.,0.866025403784,-0.5));
#6948 = ADVANCED_FACE('',(#6949),#6960,.T.);
#6949 = FACE_BOUND('',#6950,.T.);
#6950 = EDGE_LOOP('',(#6951,#6952,#6958,#6959));
#6951 = ORIENTED_EDGE('',*,*,#4751,.T.);
#6952 = ORIENTED_EDGE('',*,*,#6953,.T.);
#6953 = EDGE_CURVE('',#4710,#3791,#6954,.T.);
#6954 = LINE('',#6955,#6956);
#6955 = CARTESIAN_POINT('',(-85.080446,17.80383139159,44.392304845413));
#6956 = VECTOR('',#6957,1.);
#6957 = DIRECTION('',(1.,0.,0.));
#6958 = ORIENTED_EDGE('',*,*,#3798,.T.);
#6959 = ORIENTED_EDGE('',*,*,#6936,.F.);
#6960 = PLANE('',#6961);
#6961 = AXIS2_PLACEMENT_3D('',#6962,#6963,#6964);
#6962 = CARTESIAN_POINT('',(-85.080446,17.80383139159,44.392304845413));
#6963 = DIRECTION('',(0.,1.,0.));
#6964 = DIRECTION('',(0.,0.,-1.));
#6965 = ADVANCED_FACE('',(#6966),#6977,.T.);
#6966 = FACE_BOUND('',#6967,.T.);
#6967 = EDGE_LOOP('',(#6968,#6969,#6975,#6976));
#6968 = ORIENTED_EDGE('',*,*,#4709,.T.);
#6969 = ORIENTED_EDGE('',*,*,#6970,.T.);
#6970 = EDGE_CURVE('',#4712,#3783,#6971,.T.);
#6971 = LINE('',#6972,#6973);
#6972 = CARTESIAN_POINT('',(-85.080446,22.999983814296,47.392304845413)
  );
#6973 = VECTOR('',#6974,1.);
#6974 = DIRECTION('',(1.,0.,0.));
#6975 = ORIENTED_EDGE('',*,*,#3790,.T.);
#6976 = ORIENTED_EDGE('',*,*,#6953,.F.);
#6977 = PLANE('',#6978);
#6978 = AXIS2_PLACEMENT_3D('',#6979,#6980,#6981);
#6979 = CARTESIAN_POINT('',(-85.080446,22.999983814296,47.392304845413)
  );
#6980 = DIRECTION('',(0.,0.5,-0.866025403784));
#6981 = DIRECTION('',(0.,-0.866025403784,-0.5));
#6982 = ADVANCED_FACE('',(#6983),#6989,.T.);
#6983 = FACE_BOUND('',#6984,.T.);
#6984 = EDGE_LOOP('',(#6985,#6986,#6987,#6988));
#6985 = ORIENTED_EDGE('',*,*,#4719,.T.);
#6986 = ORIENTED_EDGE('',*,*,#6904,.T.);
#6987 = ORIENTED_EDGE('',*,*,#3782,.T.);
#6988 = ORIENTED_EDGE('',*,*,#6970,.F.);
#6989 = PLANE('',#6990);
#6990 = AXIS2_PLACEMENT_3D('',#6991,#6992,#6993);
#6991 = CARTESIAN_POINT('',(-85.080446,28.196136237003,44.392304845413)
  );
#6992 = DIRECTION('',(0.,-0.5,-0.866025403784));
#6993 = DIRECTION('',(0.,-0.866025403784,0.5));
#6994 = ADVANCED_FACE('',(#6995),#7011,.T.);
#6995 = FACE_BOUND('',#6996,.T.);
#6996 = EDGE_LOOP('',(#6997,#6998,#7004,#7005));
#6997 = ORIENTED_EDGE('',*,*,#4677,.T.);
#6998 = ORIENTED_EDGE('',*,*,#6999,.T.);
#6999 = EDGE_CURVE('',#4678,#3823,#7000,.T.);
#7000 = LINE('',#7001,#7002);
#7001 = CARTESIAN_POINT('',(-85.080446,40.196136237003,38.392304845413)
  );
#7002 = VECTOR('',#7003,1.);
#7003 = DIRECTION('',(1.,0.,0.));
#7004 = ORIENTED_EDGE('',*,*,#3822,.T.);
#7005 = ORIENTED_EDGE('',*,*,#7006,.F.);
#7006 = EDGE_CURVE('',#4670,#3825,#7007,.T.);
#7007 = LINE('',#7008,#7009);
#7008 = CARTESIAN_POINT('',(-85.080446,40.196136237003,44.392304845413)
  );
#7009 = VECTOR('',#7010,1.);
#7010 = DIRECTION('',(1.,0.,0.));
#7011 = PLANE('',#7012);
#7012 = AXIS2_PLACEMENT_3D('',#7013,#7014,#7015);
#7013 = CARTESIAN_POINT('',(-85.080446,40.196136237003,38.392304845413)
  );
#7014 = DIRECTION('',(0.,-1.,0.));
#7015 = DIRECTION('',(0.,0.,1.));
#7016 = ADVANCED_FACE('',(#7017),#7028,.T.);
#7017 = FACE_BOUND('',#7018,.T.);
#7018 = EDGE_LOOP('',(#7019,#7020,#7026,#7027));
#7019 = ORIENTED_EDGE('',*,*,#4685,.T.);
#7020 = ORIENTED_EDGE('',*,*,#7021,.T.);
#7021 = EDGE_CURVE('',#4686,#3857,#7022,.T.);
#7022 = LINE('',#7023,#7024);
#7023 = CARTESIAN_POINT('',(-85.080446,34.999983814296,35.392304845413)
  );
#7024 = VECTOR('',#7025,1.);
#7025 = DIRECTION('',(1.,0.,0.));
#7026 = ORIENTED_EDGE('',*,*,#3864,.T.);
#7027 = ORIENTED_EDGE('',*,*,#6999,.F.);
#7028 = PLANE('',#7029);
#7029 = AXIS2_PLACEMENT_3D('',#7030,#7031,#7032);
#7030 = CARTESIAN_POINT('',(-85.080446,34.999983814296,35.392304845413)
  );
#7031 = DIRECTION('',(0.,-0.5,0.866025403784));
#7032 = DIRECTION('',(0.,0.866025403784,0.5));
#7033 = ADVANCED_FACE('',(#7034),#7045,.T.);
#7034 = FACE_BOUND('',#7035,.T.);
#7035 = EDGE_LOOP('',(#7036,#7037,#7043,#7044));
#7036 = ORIENTED_EDGE('',*,*,#4693,.T.);
#7037 = ORIENTED_EDGE('',*,*,#7038,.T.);
#7038 = EDGE_CURVE('',#4694,#3849,#7039,.T.);
#7039 = LINE('',#7040,#7041);
#7040 = CARTESIAN_POINT('',(-85.080446,29.80383139159,38.392304845413));
#7041 = VECTOR('',#7042,1.);
#7042 = DIRECTION('',(1.,0.,0.));
#7043 = ORIENTED_EDGE('',*,*,#3856,.T.);
#7044 = ORIENTED_EDGE('',*,*,#7021,.F.);
#7045 = PLANE('',#7046);
#7046 = AXIS2_PLACEMENT_3D('',#7047,#7048,#7049);
#7047 = CARTESIAN_POINT('',(-85.080446,29.80383139159,38.392304845413));
#7048 = DIRECTION('',(0.,0.5,0.866025403784));
#7049 = DIRECTION('',(0.,0.866025403784,-0.5));
#7050 = ADVANCED_FACE('',(#7051),#7062,.T.);
#7051 = FACE_BOUND('',#7052,.T.);
#7052 = EDGE_LOOP('',(#7053,#7054,#7060,#7061));
#7053 = ORIENTED_EDGE('',*,*,#4701,.T.);
#7054 = ORIENTED_EDGE('',*,*,#7055,.T.);
#7055 = EDGE_CURVE('',#4660,#3841,#7056,.T.);
#7056 = LINE('',#7057,#7058);
#7057 = CARTESIAN_POINT('',(-85.080446,29.80383139159,44.392304845413));
#7058 = VECTOR('',#7059,1.);
#7059 = DIRECTION('',(1.,0.,0.));
#7060 = ORIENTED_EDGE('',*,*,#3848,.T.);
#7061 = ORIENTED_EDGE('',*,*,#7038,.F.);
#7062 = PLANE('',#7063);
#7063 = AXIS2_PLACEMENT_3D('',#7064,#7065,#7066);
#7064 = CARTESIAN_POINT('',(-85.080446,29.80383139159,44.392304845413));
#7065 = DIRECTION('',(0.,1.,0.));
#7066 = DIRECTION('',(0.,0.,-1.));
#7067 = ADVANCED_FACE('',(#7068),#7079,.T.);
#7068 = FACE_BOUND('',#7069,.T.);
#7069 = EDGE_LOOP('',(#7070,#7071,#7077,#7078));
#7070 = ORIENTED_EDGE('',*,*,#4659,.T.);
#7071 = ORIENTED_EDGE('',*,*,#7072,.T.);
#7072 = EDGE_CURVE('',#4662,#3833,#7073,.T.);
#7073 = LINE('',#7074,#7075);
#7074 = CARTESIAN_POINT('',(-85.080446,34.999983814296,47.392304845413)
  );
#7075 = VECTOR('',#7076,1.);
#7076 = DIRECTION('',(1.,0.,0.));
#7077 = ORIENTED_EDGE('',*,*,#3840,.T.);
#7078 = ORIENTED_EDGE('',*,*,#7055,.F.);
#7079 = PLANE('',#7080);
#7080 = AXIS2_PLACEMENT_3D('',#7081,#7082,#7083);
#7081 = CARTESIAN_POINT('',(-85.080446,34.999983814296,47.392304845413)
  );
#7082 = DIRECTION('',(0.,0.5,-0.866025403784));
#7083 = DIRECTION('',(0.,-0.866025403784,-0.5));
#7084 = ADVANCED_FACE('',(#7085),#7091,.T.);
#7085 = FACE_BOUND('',#7086,.T.);
#7086 = EDGE_LOOP('',(#7087,#7088,#7089,#7090));
#7087 = ORIENTED_EDGE('',*,*,#4669,.T.);
#7088 = ORIENTED_EDGE('',*,*,#7006,.T.);
#7089 = ORIENTED_EDGE('',*,*,#3832,.T.);
#7090 = ORIENTED_EDGE('',*,*,#7072,.F.);
#7091 = PLANE('',#7092);
#7092 = AXIS2_PLACEMENT_3D('',#7093,#7094,#7095);
#7093 = CARTESIAN_POINT('',(-85.080446,40.196136237003,44.392304845413)
  );
#7094 = DIRECTION('',(0.,-0.5,-0.866025403784));
#7095 = DIRECTION('',(0.,-0.866025403784,0.5));
#7096 = ADVANCED_FACE('',(#7097),#7113,.T.);
#7097 = FACE_BOUND('',#7098,.T.);
#7098 = EDGE_LOOP('',(#7099,#7100,#7106,#7107));
#7099 = ORIENTED_EDGE('',*,*,#4627,.T.);
#7100 = ORIENTED_EDGE('',*,*,#7101,.T.);
#7101 = EDGE_CURVE('',#4628,#3873,#7102,.T.);
#7102 = LINE('',#7103,#7104);
#7103 = CARTESIAN_POINT('',(-85.080446,52.196136237003,38.392304845413)
  );
#7104 = VECTOR('',#7105,1.);
#7105 = DIRECTION('',(1.,0.,0.));
#7106 = ORIENTED_EDGE('',*,*,#3872,.T.);
#7107 = ORIENTED_EDGE('',*,*,#7108,.F.);
#7108 = EDGE_CURVE('',#4620,#3875,#7109,.T.);
#7109 = LINE('',#7110,#7111);
#7110 = CARTESIAN_POINT('',(-85.080446,52.196136237003,44.392304845413)
  );
#7111 = VECTOR('',#7112,1.);
#7112 = DIRECTION('',(1.,0.,0.));
#7113 = PLANE('',#7114);
#7114 = AXIS2_PLACEMENT_3D('',#7115,#7116,#7117);
#7115 = CARTESIAN_POINT('',(-85.080446,52.196136237003,38.392304845413)
  );
#7116 = DIRECTION('',(0.,-1.,0.));
#7117 = DIRECTION('',(0.,0.,1.));
#7118 = ADVANCED_FACE('',(#7119),#7130,.T.);
#7119 = FACE_BOUND('',#7120,.T.);
#7120 = EDGE_LOOP('',(#7121,#7122,#7128,#7129));
#7121 = ORIENTED_EDGE('',*,*,#4635,.T.);
#7122 = ORIENTED_EDGE('',*,*,#7123,.T.);
#7123 = EDGE_CURVE('',#4636,#3907,#7124,.T.);
#7124 = LINE('',#7125,#7126);
#7125 = CARTESIAN_POINT('',(-85.080446,46.999983814296,35.392304845413)
  );
#7126 = VECTOR('',#7127,1.);
#7127 = DIRECTION('',(1.,0.,0.));
#7128 = ORIENTED_EDGE('',*,*,#3914,.T.);
#7129 = ORIENTED_EDGE('',*,*,#7101,.F.);
#7130 = PLANE('',#7131);
#7131 = AXIS2_PLACEMENT_3D('',#7132,#7133,#7134);
#7132 = CARTESIAN_POINT('',(-85.080446,46.999983814296,35.392304845413)
  );
#7133 = DIRECTION('',(0.,-0.5,0.866025403784));
#7134 = DIRECTION('',(0.,0.866025403784,0.5));
#7135 = ADVANCED_FACE('',(#7136),#7147,.T.);
#7136 = FACE_BOUND('',#7137,.T.);
#7137 = EDGE_LOOP('',(#7138,#7139,#7145,#7146));
#7138 = ORIENTED_EDGE('',*,*,#4643,.T.);
#7139 = ORIENTED_EDGE('',*,*,#7140,.T.);
#7140 = EDGE_CURVE('',#4644,#3899,#7141,.T.);
#7141 = LINE('',#7142,#7143);
#7142 = CARTESIAN_POINT('',(-85.080446,41.80383139159,38.392304845413));
#7143 = VECTOR('',#7144,1.);
#7144 = DIRECTION('',(1.,0.,0.));
#7145 = ORIENTED_EDGE('',*,*,#3906,.T.);
#7146 = ORIENTED_EDGE('',*,*,#7123,.F.);
#7147 = PLANE('',#7148);
#7148 = AXIS2_PLACEMENT_3D('',#7149,#7150,#7151);
#7149 = CARTESIAN_POINT('',(-85.080446,41.80383139159,38.392304845413));
#7150 = DIRECTION('',(0.,0.5,0.866025403784));
#7151 = DIRECTION('',(0.,0.866025403784,-0.5));
#7152 = ADVANCED_FACE('',(#7153),#7164,.T.);
#7153 = FACE_BOUND('',#7154,.T.);
#7154 = EDGE_LOOP('',(#7155,#7156,#7162,#7163));
#7155 = ORIENTED_EDGE('',*,*,#4651,.T.);
#7156 = ORIENTED_EDGE('',*,*,#7157,.T.);
#7157 = EDGE_CURVE('',#4610,#3891,#7158,.T.);
#7158 = LINE('',#7159,#7160);
#7159 = CARTESIAN_POINT('',(-85.080446,41.80383139159,44.392304845413));
#7160 = VECTOR('',#7161,1.);
#7161 = DIRECTION('',(1.,0.,0.));
#7162 = ORIENTED_EDGE('',*,*,#3898,.T.);
#7163 = ORIENTED_EDGE('',*,*,#7140,.F.);
#7164 = PLANE('',#7165);
#7165 = AXIS2_PLACEMENT_3D('',#7166,#7167,#7168);
#7166 = CARTESIAN_POINT('',(-85.080446,41.80383139159,44.392304845413));
#7167 = DIRECTION('',(0.,1.,0.));
#7168 = DIRECTION('',(0.,0.,-1.));
#7169 = ADVANCED_FACE('',(#7170),#7181,.T.);
#7170 = FACE_BOUND('',#7171,.T.);
#7171 = EDGE_LOOP('',(#7172,#7173,#7179,#7180));
#7172 = ORIENTED_EDGE('',*,*,#4609,.T.);
#7173 = ORIENTED_EDGE('',*,*,#7174,.T.);
#7174 = EDGE_CURVE('',#4612,#3883,#7175,.T.);
#7175 = LINE('',#7176,#7177);
#7176 = CARTESIAN_POINT('',(-85.080446,46.999983814296,47.392304845413)
  );
#7177 = VECTOR('',#7178,1.);
#7178 = DIRECTION('',(1.,0.,0.));
#7179 = ORIENTED_EDGE('',*,*,#3890,.T.);
#7180 = ORIENTED_EDGE('',*,*,#7157,.F.);
#7181 = PLANE('',#7182);
#7182 = AXIS2_PLACEMENT_3D('',#7183,#7184,#7185);
#7183 = CARTESIAN_POINT('',(-85.080446,46.999983814296,47.392304845413)
  );
#7184 = DIRECTION('',(0.,0.5,-0.866025403784));
#7185 = DIRECTION('',(0.,-0.866025403784,-0.5));
#7186 = ADVANCED_FACE('',(#7187),#7193,.T.);
#7187 = FACE_BOUND('',#7188,.T.);
#7188 = EDGE_LOOP('',(#7189,#7190,#7191,#7192));
#7189 = ORIENTED_EDGE('',*,*,#4619,.T.);
#7190 = ORIENTED_EDGE('',*,*,#7108,.T.);
#7191 = ORIENTED_EDGE('',*,*,#3882,.T.);
#7192 = ORIENTED_EDGE('',*,*,#7174,.F.);
#7193 = PLANE('',#7194);
#7194 = AXIS2_PLACEMENT_3D('',#7195,#7196,#7197);
#7195 = CARTESIAN_POINT('',(-85.080446,52.196136237003,44.392304845413)
  );
#7196 = DIRECTION('',(0.,-0.5,-0.866025403784));
#7197 = DIRECTION('',(0.,-0.866025403784,0.5));
#7198 = ADVANCED_FACE('',(#7199),#7215,.T.);
#7199 = FACE_BOUND('',#7200,.T.);
#7200 = EDGE_LOOP('',(#7201,#7202,#7208,#7209));
#7201 = ORIENTED_EDGE('',*,*,#4577,.T.);
#7202 = ORIENTED_EDGE('',*,*,#7203,.T.);
#7203 = EDGE_CURVE('',#4578,#3923,#7204,.T.);
#7204 = LINE('',#7205,#7206);
#7205 = CARTESIAN_POINT('',(-85.080446,64.196136237003,38.392304845413)
  );
#7206 = VECTOR('',#7207,1.);
#7207 = DIRECTION('',(1.,0.,0.));
#7208 = ORIENTED_EDGE('',*,*,#3922,.T.);
#7209 = ORIENTED_EDGE('',*,*,#7210,.F.);
#7210 = EDGE_CURVE('',#4570,#3925,#7211,.T.);
#7211 = LINE('',#7212,#7213);
#7212 = CARTESIAN_POINT('',(-85.080446,64.196136237003,44.392304845413)
  );
#7213 = VECTOR('',#7214,1.);
#7214 = DIRECTION('',(1.,0.,0.));
#7215 = PLANE('',#7216);
#7216 = AXIS2_PLACEMENT_3D('',#7217,#7218,#7219);
#7217 = CARTESIAN_POINT('',(-85.080446,64.196136237003,38.392304845413)
  );
#7218 = DIRECTION('',(0.,-1.,0.));
#7219 = DIRECTION('',(0.,0.,1.));
#7220 = ADVANCED_FACE('',(#7221),#7232,.T.);
#7221 = FACE_BOUND('',#7222,.T.);
#7222 = EDGE_LOOP('',(#7223,#7224,#7230,#7231));
#7223 = ORIENTED_EDGE('',*,*,#4585,.T.);
#7224 = ORIENTED_EDGE('',*,*,#7225,.T.);
#7225 = EDGE_CURVE('',#4586,#3957,#7226,.T.);
#7226 = LINE('',#7227,#7228);
#7227 = CARTESIAN_POINT('',(-85.080446,58.999983814296,35.392304845413)
  );
#7228 = VECTOR('',#7229,1.);
#7229 = DIRECTION('',(1.,0.,0.));
#7230 = ORIENTED_EDGE('',*,*,#3964,.T.);
#7231 = ORIENTED_EDGE('',*,*,#7203,.F.);
#7232 = PLANE('',#7233);
#7233 = AXIS2_PLACEMENT_3D('',#7234,#7235,#7236);
#7234 = CARTESIAN_POINT('',(-85.080446,58.999983814296,35.392304845413)
  );
#7235 = DIRECTION('',(0.,-0.5,0.866025403784));
#7236 = DIRECTION('',(0.,0.866025403784,0.5));
#7237 = ADVANCED_FACE('',(#7238),#7249,.T.);
#7238 = FACE_BOUND('',#7239,.T.);
#7239 = EDGE_LOOP('',(#7240,#7241,#7247,#7248));
#7240 = ORIENTED_EDGE('',*,*,#4593,.T.);
#7241 = ORIENTED_EDGE('',*,*,#7242,.T.);
#7242 = EDGE_CURVE('',#4594,#3949,#7243,.T.);
#7243 = LINE('',#7244,#7245);
#7244 = CARTESIAN_POINT('',(-85.080446,53.803831391589,38.392304845413)
  );
#7245 = VECTOR('',#7246,1.);
#7246 = DIRECTION('',(1.,0.,0.));
#7247 = ORIENTED_EDGE('',*,*,#3956,.T.);
#7248 = ORIENTED_EDGE('',*,*,#7225,.F.);
#7249 = PLANE('',#7250);
#7250 = AXIS2_PLACEMENT_3D('',#7251,#7252,#7253);
#7251 = CARTESIAN_POINT('',(-85.080446,53.803831391589,38.392304845413)
  );
#7252 = DIRECTION('',(0.,0.5,0.866025403784));
#7253 = DIRECTION('',(0.,0.866025403784,-0.5));
#7254 = ADVANCED_FACE('',(#7255),#7266,.T.);
#7255 = FACE_BOUND('',#7256,.T.);
#7256 = EDGE_LOOP('',(#7257,#7258,#7264,#7265));
#7257 = ORIENTED_EDGE('',*,*,#4601,.T.);
#7258 = ORIENTED_EDGE('',*,*,#7259,.T.);
#7259 = EDGE_CURVE('',#4560,#3941,#7260,.T.);
#7260 = LINE('',#7261,#7262);
#7261 = CARTESIAN_POINT('',(-85.080446,53.80383139159,44.392304845413));
#7262 = VECTOR('',#7263,1.);
#7263 = DIRECTION('',(1.,0.,0.));
#7264 = ORIENTED_EDGE('',*,*,#3948,.T.);
#7265 = ORIENTED_EDGE('',*,*,#7242,.F.);
#7266 = PLANE('',#7267);
#7267 = AXIS2_PLACEMENT_3D('',#7268,#7269,#7270);
#7268 = CARTESIAN_POINT('',(-85.080446,53.80383139159,44.392304845413));
#7269 = DIRECTION('',(0.,1.,-1.18E-15));
#7270 = DIRECTION('',(0.,-1.18E-15,-1.));
#7271 = ADVANCED_FACE('',(#7272),#7283,.T.);
#7272 = FACE_BOUND('',#7273,.T.);
#7273 = EDGE_LOOP('',(#7274,#7275,#7281,#7282));
#7274 = ORIENTED_EDGE('',*,*,#4559,.T.);
#7275 = ORIENTED_EDGE('',*,*,#7276,.T.);
#7276 = EDGE_CURVE('',#4562,#3933,#7277,.T.);
#7277 = LINE('',#7278,#7279);
#7278 = CARTESIAN_POINT('',(-85.080446,58.999983814296,47.392304845413)
  );
#7279 = VECTOR('',#7280,1.);
#7280 = DIRECTION('',(1.,0.,0.));
#7281 = ORIENTED_EDGE('',*,*,#3940,.T.);
#7282 = ORIENTED_EDGE('',*,*,#7259,.F.);
#7283 = PLANE('',#7284);
#7284 = AXIS2_PLACEMENT_3D('',#7285,#7286,#7287);
#7285 = CARTESIAN_POINT('',(-85.080446,58.999983814296,47.392304845413)
  );
#7286 = DIRECTION('',(0.,0.5,-0.866025403784));
#7287 = DIRECTION('',(0.,-0.866025403784,-0.5));
#7288 = ADVANCED_FACE('',(#7289),#7295,.T.);
#7289 = FACE_BOUND('',#7290,.T.);
#7290 = EDGE_LOOP('',(#7291,#7292,#7293,#7294));
#7291 = ORIENTED_EDGE('',*,*,#4569,.T.);
#7292 = ORIENTED_EDGE('',*,*,#7210,.T.);
#7293 = ORIENTED_EDGE('',*,*,#3932,.T.);
#7294 = ORIENTED_EDGE('',*,*,#7276,.F.);
#7295 = PLANE('',#7296);
#7296 = AXIS2_PLACEMENT_3D('',#7297,#7298,#7299);
#7297 = CARTESIAN_POINT('',(-85.080446,64.196136237003,44.392304845413)
  );
#7298 = DIRECTION('',(0.,-0.5,-0.866025403784));
#7299 = DIRECTION('',(0.,-0.866025403784,0.5));
#7300 = ADVANCED_FACE('',(#7301),#7317,.T.);
#7301 = FACE_BOUND('',#7302,.T.);
#7302 = EDGE_LOOP('',(#7303,#7304,#7310,#7311));
#7303 = ORIENTED_EDGE('',*,*,#5177,.T.);
#7304 = ORIENTED_EDGE('',*,*,#7305,.T.);
#7305 = EDGE_CURVE('',#5178,#3973,#7306,.T.);
#7306 = LINE('',#7307,#7308);
#7307 = CARTESIAN_POINT('',(-85.080446,10.196136237003,28.));
#7308 = VECTOR('',#7309,1.);
#7309 = DIRECTION('',(1.,0.,0.));
#7310 = ORIENTED_EDGE('',*,*,#3972,.T.);
#7311 = ORIENTED_EDGE('',*,*,#7312,.F.);
#7312 = EDGE_CURVE('',#5170,#3975,#7313,.T.);
#7313 = LINE('',#7314,#7315);
#7314 = CARTESIAN_POINT('',(-85.080446,10.196136237003,34.));
#7315 = VECTOR('',#7316,1.);
#7316 = DIRECTION('',(1.,0.,0.));
#7317 = PLANE('',#7318);
#7318 = AXIS2_PLACEMENT_3D('',#7319,#7320,#7321);
#7319 = CARTESIAN_POINT('',(-85.080446,10.196136237003,28.));
#7320 = DIRECTION('',(0.,-1.,0.));
#7321 = DIRECTION('',(0.,0.,1.));
#7322 = ADVANCED_FACE('',(#7323),#7334,.T.);
#7323 = FACE_BOUND('',#7324,.T.);
#7324 = EDGE_LOOP('',(#7325,#7326,#7332,#7333));
#7325 = ORIENTED_EDGE('',*,*,#5185,.T.);
#7326 = ORIENTED_EDGE('',*,*,#7327,.T.);
#7327 = EDGE_CURVE('',#5186,#4007,#7328,.T.);
#7328 = LINE('',#7329,#7330);
#7329 = CARTESIAN_POINT('',(-85.080446,4.999983814296,25.));
#7330 = VECTOR('',#7331,1.);
#7331 = DIRECTION('',(1.,0.,0.));
#7332 = ORIENTED_EDGE('',*,*,#4014,.T.);
#7333 = ORIENTED_EDGE('',*,*,#7305,.F.);
#7334 = PLANE('',#7335);
#7335 = AXIS2_PLACEMENT_3D('',#7336,#7337,#7338);
#7336 = CARTESIAN_POINT('',(-85.080446,4.999983814296,25.));
#7337 = DIRECTION('',(0.,-0.5,0.866025403784));
#7338 = DIRECTION('',(0.,0.866025403784,0.5));
#7339 = ADVANCED_FACE('',(#7340),#7351,.T.);
#7340 = FACE_BOUND('',#7341,.T.);
#7341 = EDGE_LOOP('',(#7342,#7343,#7349,#7350));
#7342 = ORIENTED_EDGE('',*,*,#5193,.T.);
#7343 = ORIENTED_EDGE('',*,*,#7344,.T.);
#7344 = EDGE_CURVE('',#5194,#3999,#7345,.T.);
#7345 = LINE('',#7346,#7347);
#7346 = CARTESIAN_POINT('',(-85.080446,-0.19616860841,28.));
#7347 = VECTOR('',#7348,1.);
#7348 = DIRECTION('',(1.,0.,0.));
#7349 = ORIENTED_EDGE('',*,*,#4006,.T.);
#7350 = ORIENTED_EDGE('',*,*,#7327,.F.);
#7351 = PLANE('',#7352);
#7352 = AXIS2_PLACEMENT_3D('',#7353,#7354,#7355);
#7353 = CARTESIAN_POINT('',(-85.080446,-0.19616860841,28.));
#7354 = DIRECTION('',(0.,0.5,0.866025403784));
#7355 = DIRECTION('',(0.,0.866025403784,-0.5));
#7356 = ADVANCED_FACE('',(#7357),#7368,.T.);
#7357 = FACE_BOUND('',#7358,.T.);
#7358 = EDGE_LOOP('',(#7359,#7360,#7366,#7367));
#7359 = ORIENTED_EDGE('',*,*,#5201,.T.);
#7360 = ORIENTED_EDGE('',*,*,#7361,.T.);
#7361 = EDGE_CURVE('',#5160,#3991,#7362,.T.);
#7362 = LINE('',#7363,#7364);
#7363 = CARTESIAN_POINT('',(-85.080446,-0.19616860841,34.));
#7364 = VECTOR('',#7365,1.);
#7365 = DIRECTION('',(1.,0.,0.));
#7366 = ORIENTED_EDGE('',*,*,#3998,.T.);
#7367 = ORIENTED_EDGE('',*,*,#7344,.F.);
#7368 = PLANE('',#7369);
#7369 = AXIS2_PLACEMENT_3D('',#7370,#7371,#7372);
#7370 = CARTESIAN_POINT('',(-85.080446,-0.19616860841,34.));
#7371 = DIRECTION('',(0.,1.,5.E-17));
#7372 = DIRECTION('',(0.,5.E-17,-1.));
#7373 = ADVANCED_FACE('',(#7374),#7385,.T.);
#7374 = FACE_BOUND('',#7375,.T.);
#7375 = EDGE_LOOP('',(#7376,#7377,#7383,#7384));
#7376 = ORIENTED_EDGE('',*,*,#5159,.T.);
#7377 = ORIENTED_EDGE('',*,*,#7378,.T.);
#7378 = EDGE_CURVE('',#5162,#3983,#7379,.T.);
#7379 = LINE('',#7380,#7381);
#7380 = CARTESIAN_POINT('',(-85.080446,4.999983814296,37.));
#7381 = VECTOR('',#7382,1.);
#7382 = DIRECTION('',(1.,0.,0.));
#7383 = ORIENTED_EDGE('',*,*,#3990,.T.);
#7384 = ORIENTED_EDGE('',*,*,#7361,.F.);
#7385 = PLANE('',#7386);
#7386 = AXIS2_PLACEMENT_3D('',#7387,#7388,#7389);
#7387 = CARTESIAN_POINT('',(-85.080446,4.999983814296,37.));
#7388 = DIRECTION('',(0.,0.5,-0.866025403784));
#7389 = DIRECTION('',(0.,-0.866025403784,-0.5));
#7390 = ADVANCED_FACE('',(#7391),#7397,.T.);
#7391 = FACE_BOUND('',#7392,.T.);
#7392 = EDGE_LOOP('',(#7393,#7394,#7395,#7396));
#7393 = ORIENTED_EDGE('',*,*,#5169,.T.);
#7394 = ORIENTED_EDGE('',*,*,#7312,.T.);
#7395 = ORIENTED_EDGE('',*,*,#3982,.T.);
#7396 = ORIENTED_EDGE('',*,*,#7378,.F.);
#7397 = PLANE('',#7398);
#7398 = AXIS2_PLACEMENT_3D('',#7399,#7400,#7401);
#7399 = CARTESIAN_POINT('',(-85.080446,10.196136237003,34.));
#7400 = DIRECTION('',(0.,-0.5,-0.866025403784));
#7401 = DIRECTION('',(0.,-0.866025403784,0.5));
#7402 = ADVANCED_FACE('',(#7403),#7419,.T.);
#7403 = FACE_BOUND('',#7404,.T.);
#7404 = EDGE_LOOP('',(#7405,#7406,#7412,#7413));
#7405 = ORIENTED_EDGE('',*,*,#5127,.T.);
#7406 = ORIENTED_EDGE('',*,*,#7407,.T.);
#7407 = EDGE_CURVE('',#5128,#4023,#7408,.T.);
#7408 = LINE('',#7409,#7410);
#7409 = CARTESIAN_POINT('',(-85.080446,22.196136237003,28.));
#7410 = VECTOR('',#7411,1.);
#7411 = DIRECTION('',(1.,0.,0.));
#7412 = ORIENTED_EDGE('',*,*,#4022,.T.);
#7413 = ORIENTED_EDGE('',*,*,#7414,.F.);
#7414 = EDGE_CURVE('',#5120,#4025,#7415,.T.);
#7415 = LINE('',#7416,#7417);
#7416 = CARTESIAN_POINT('',(-85.080446,22.196136237003,34.));
#7417 = VECTOR('',#7418,1.);
#7418 = DIRECTION('',(1.,0.,0.));
#7419 = PLANE('',#7420);
#7420 = AXIS2_PLACEMENT_3D('',#7421,#7422,#7423);
#7421 = CARTESIAN_POINT('',(-85.080446,22.196136237003,28.));
#7422 = DIRECTION('',(0.,-1.,0.));
#7423 = DIRECTION('',(0.,0.,1.));
#7424 = ADVANCED_FACE('',(#7425),#7436,.T.);
#7425 = FACE_BOUND('',#7426,.T.);
#7426 = EDGE_LOOP('',(#7427,#7428,#7434,#7435));
#7427 = ORIENTED_EDGE('',*,*,#5135,.T.);
#7428 = ORIENTED_EDGE('',*,*,#7429,.T.);
#7429 = EDGE_CURVE('',#5136,#4057,#7430,.T.);
#7430 = LINE('',#7431,#7432);
#7431 = CARTESIAN_POINT('',(-85.080446,16.999983814296,25.));
#7432 = VECTOR('',#7433,1.);
#7433 = DIRECTION('',(1.,0.,0.));
#7434 = ORIENTED_EDGE('',*,*,#4064,.T.);
#7435 = ORIENTED_EDGE('',*,*,#7407,.F.);
#7436 = PLANE('',#7437);
#7437 = AXIS2_PLACEMENT_3D('',#7438,#7439,#7440);
#7438 = CARTESIAN_POINT('',(-85.080446,16.999983814296,25.));
#7439 = DIRECTION('',(0.,-0.5,0.866025403784));
#7440 = DIRECTION('',(0.,0.866025403784,0.5));
#7441 = ADVANCED_FACE('',(#7442),#7453,.T.);
#7442 = FACE_BOUND('',#7443,.T.);
#7443 = EDGE_LOOP('',(#7444,#7445,#7451,#7452));
#7444 = ORIENTED_EDGE('',*,*,#5143,.T.);
#7445 = ORIENTED_EDGE('',*,*,#7446,.T.);
#7446 = EDGE_CURVE('',#5144,#4049,#7447,.T.);
#7447 = LINE('',#7448,#7449);
#7448 = CARTESIAN_POINT('',(-85.080446,11.80383139159,28.));
#7449 = VECTOR('',#7450,1.);
#7450 = DIRECTION('',(1.,0.,0.));
#7451 = ORIENTED_EDGE('',*,*,#4056,.T.);
#7452 = ORIENTED_EDGE('',*,*,#7429,.F.);
#7453 = PLANE('',#7454);
#7454 = AXIS2_PLACEMENT_3D('',#7455,#7456,#7457);
#7455 = CARTESIAN_POINT('',(-85.080446,11.80383139159,28.));
#7456 = DIRECTION('',(0.,0.5,0.866025403784));
#7457 = DIRECTION('',(0.,0.866025403784,-0.5));
#7458 = ADVANCED_FACE('',(#7459),#7470,.T.);
#7459 = FACE_BOUND('',#7460,.T.);
#7460 = EDGE_LOOP('',(#7461,#7462,#7468,#7469));
#7461 = ORIENTED_EDGE('',*,*,#5151,.T.);
#7462 = ORIENTED_EDGE('',*,*,#7463,.T.);
#7463 = EDGE_CURVE('',#5110,#4041,#7464,.T.);
#7464 = LINE('',#7465,#7466);
#7465 = CARTESIAN_POINT('',(-85.080446,11.80383139159,34.));
#7466 = VECTOR('',#7467,1.);
#7467 = DIRECTION('',(1.,0.,0.));
#7468 = ORIENTED_EDGE('',*,*,#4048,.T.);
#7469 = ORIENTED_EDGE('',*,*,#7446,.F.);
#7470 = PLANE('',#7471);
#7471 = AXIS2_PLACEMENT_3D('',#7472,#7473,#7474);
#7472 = CARTESIAN_POINT('',(-85.080446,11.80383139159,34.));
#7473 = DIRECTION('',(0.,1.,0.));
#7474 = DIRECTION('',(0.,0.,-1.));
#7475 = ADVANCED_FACE('',(#7476),#7487,.T.);
#7476 = FACE_BOUND('',#7477,.T.);
#7477 = EDGE_LOOP('',(#7478,#7479,#7485,#7486));
#7478 = ORIENTED_EDGE('',*,*,#5109,.T.);
#7479 = ORIENTED_EDGE('',*,*,#7480,.T.);
#7480 = EDGE_CURVE('',#5112,#4033,#7481,.T.);
#7481 = LINE('',#7482,#7483);
#7482 = CARTESIAN_POINT('',(-85.080446,16.999983814296,37.));
#7483 = VECTOR('',#7484,1.);
#7484 = DIRECTION('',(1.,0.,0.));
#7485 = ORIENTED_EDGE('',*,*,#4040,.T.);
#7486 = ORIENTED_EDGE('',*,*,#7463,.F.);
#7487 = PLANE('',#7488);
#7488 = AXIS2_PLACEMENT_3D('',#7489,#7490,#7491);
#7489 = CARTESIAN_POINT('',(-85.080446,16.999983814296,37.));
#7490 = DIRECTION('',(0.,0.5,-0.866025403784));
#7491 = DIRECTION('',(0.,-0.866025403784,-0.5));
#7492 = ADVANCED_FACE('',(#7493),#7499,.T.);
#7493 = FACE_BOUND('',#7494,.T.);
#7494 = EDGE_LOOP('',(#7495,#7496,#7497,#7498));
#7495 = ORIENTED_EDGE('',*,*,#5119,.T.);
#7496 = ORIENTED_EDGE('',*,*,#7414,.T.);
#7497 = ORIENTED_EDGE('',*,*,#4032,.T.);
#7498 = ORIENTED_EDGE('',*,*,#7480,.F.);
#7499 = PLANE('',#7500);
#7500 = AXIS2_PLACEMENT_3D('',#7501,#7502,#7503);
#7501 = CARTESIAN_POINT('',(-85.080446,22.196136237003,34.));
#7502 = DIRECTION('',(0.,-0.5,-0.866025403784));
#7503 = DIRECTION('',(0.,-0.866025403784,0.5));
#7504 = ADVANCED_FACE('',(#7505),#7521,.T.);
#7505 = FACE_BOUND('',#7506,.T.);
#7506 = EDGE_LOOP('',(#7507,#7508,#7514,#7515));
#7507 = ORIENTED_EDGE('',*,*,#5077,.T.);
#7508 = ORIENTED_EDGE('',*,*,#7509,.T.);
#7509 = EDGE_CURVE('',#5078,#4073,#7510,.T.);
#7510 = LINE('',#7511,#7512);
#7511 = CARTESIAN_POINT('',(-85.080446,34.196136237003,28.));
#7512 = VECTOR('',#7513,1.);
#7513 = DIRECTION('',(1.,0.,0.));
#7514 = ORIENTED_EDGE('',*,*,#4072,.T.);
#7515 = ORIENTED_EDGE('',*,*,#7516,.F.);
#7516 = EDGE_CURVE('',#5070,#4075,#7517,.T.);
#7517 = LINE('',#7518,#7519);
#7518 = CARTESIAN_POINT('',(-85.080446,34.196136237003,34.));
#7519 = VECTOR('',#7520,1.);
#7520 = DIRECTION('',(1.,0.,0.));
#7521 = PLANE('',#7522);
#7522 = AXIS2_PLACEMENT_3D('',#7523,#7524,#7525);
#7523 = CARTESIAN_POINT('',(-85.080446,34.196136237003,28.));
#7524 = DIRECTION('',(0.,-1.,0.));
#7525 = DIRECTION('',(0.,0.,1.));
#7526 = ADVANCED_FACE('',(#7527),#7538,.T.);
#7527 = FACE_BOUND('',#7528,.T.);
#7528 = EDGE_LOOP('',(#7529,#7530,#7536,#7537));
#7529 = ORIENTED_EDGE('',*,*,#5085,.T.);
#7530 = ORIENTED_EDGE('',*,*,#7531,.T.);
#7531 = EDGE_CURVE('',#5086,#4107,#7532,.T.);
#7532 = LINE('',#7533,#7534);
#7533 = CARTESIAN_POINT('',(-85.080446,28.999983814296,25.));
#7534 = VECTOR('',#7535,1.);
#7535 = DIRECTION('',(1.,0.,0.));
#7536 = ORIENTED_EDGE('',*,*,#4114,.T.);
#7537 = ORIENTED_EDGE('',*,*,#7509,.F.);
#7538 = PLANE('',#7539);
#7539 = AXIS2_PLACEMENT_3D('',#7540,#7541,#7542);
#7540 = CARTESIAN_POINT('',(-85.080446,28.999983814296,25.));
#7541 = DIRECTION('',(0.,-0.5,0.866025403784));
#7542 = DIRECTION('',(0.,0.866025403784,0.5));
#7543 = ADVANCED_FACE('',(#7544),#7555,.T.);
#7544 = FACE_BOUND('',#7545,.T.);
#7545 = EDGE_LOOP('',(#7546,#7547,#7553,#7554));
#7546 = ORIENTED_EDGE('',*,*,#5093,.T.);
#7547 = ORIENTED_EDGE('',*,*,#7548,.T.);
#7548 = EDGE_CURVE('',#5094,#4099,#7549,.T.);
#7549 = LINE('',#7550,#7551);
#7550 = CARTESIAN_POINT('',(-85.080446,23.80383139159,28.));
#7551 = VECTOR('',#7552,1.);
#7552 = DIRECTION('',(1.,0.,0.));
#7553 = ORIENTED_EDGE('',*,*,#4106,.T.);
#7554 = ORIENTED_EDGE('',*,*,#7531,.F.);
#7555 = PLANE('',#7556);
#7556 = AXIS2_PLACEMENT_3D('',#7557,#7558,#7559);
#7557 = CARTESIAN_POINT('',(-85.080446,23.80383139159,28.));
#7558 = DIRECTION('',(0.,0.5,0.866025403784));
#7559 = DIRECTION('',(0.,0.866025403784,-0.5));
#7560 = ADVANCED_FACE('',(#7561),#7572,.T.);
#7561 = FACE_BOUND('',#7562,.T.);
#7562 = EDGE_LOOP('',(#7563,#7564,#7570,#7571));
#7563 = ORIENTED_EDGE('',*,*,#5101,.T.);
#7564 = ORIENTED_EDGE('',*,*,#7565,.T.);
#7565 = EDGE_CURVE('',#5060,#4091,#7566,.T.);
#7566 = LINE('',#7567,#7568);
#7567 = CARTESIAN_POINT('',(-85.080446,23.80383139159,34.));
#7568 = VECTOR('',#7569,1.);
#7569 = DIRECTION('',(1.,0.,0.));
#7570 = ORIENTED_EDGE('',*,*,#4098,.T.);
#7571 = ORIENTED_EDGE('',*,*,#7548,.F.);
#7572 = PLANE('',#7573);
#7573 = AXIS2_PLACEMENT_3D('',#7574,#7575,#7576);
#7574 = CARTESIAN_POINT('',(-85.080446,23.80383139159,34.));
#7575 = DIRECTION('',(0.,1.,0.));
#7576 = DIRECTION('',(0.,0.,-1.));
#7577 = ADVANCED_FACE('',(#7578),#7589,.T.);
#7578 = FACE_BOUND('',#7579,.T.);
#7579 = EDGE_LOOP('',(#7580,#7581,#7587,#7588));
#7580 = ORIENTED_EDGE('',*,*,#5059,.T.);
#7581 = ORIENTED_EDGE('',*,*,#7582,.T.);
#7582 = EDGE_CURVE('',#5062,#4083,#7583,.T.);
#7583 = LINE('',#7584,#7585);
#7584 = CARTESIAN_POINT('',(-85.080446,28.999983814296,37.));
#7585 = VECTOR('',#7586,1.);
#7586 = DIRECTION('',(1.,0.,0.));
#7587 = ORIENTED_EDGE('',*,*,#4090,.T.);
#7588 = ORIENTED_EDGE('',*,*,#7565,.F.);
#7589 = PLANE('',#7590);
#7590 = AXIS2_PLACEMENT_3D('',#7591,#7592,#7593);
#7591 = CARTESIAN_POINT('',(-85.080446,28.999983814296,37.));
#7592 = DIRECTION('',(0.,0.5,-0.866025403784));
#7593 = DIRECTION('',(0.,-0.866025403784,-0.5));
#7594 = ADVANCED_FACE('',(#7595),#7601,.T.);
#7595 = FACE_BOUND('',#7596,.T.);
#7596 = EDGE_LOOP('',(#7597,#7598,#7599,#7600));
#7597 = ORIENTED_EDGE('',*,*,#5069,.T.);
#7598 = ORIENTED_EDGE('',*,*,#7516,.T.);
#7599 = ORIENTED_EDGE('',*,*,#4082,.T.);
#7600 = ORIENTED_EDGE('',*,*,#7582,.F.);
#7601 = PLANE('',#7602);
#7602 = AXIS2_PLACEMENT_3D('',#7603,#7604,#7605);
#7603 = CARTESIAN_POINT('',(-85.080446,34.196136237003,34.));
#7604 = DIRECTION('',(0.,-0.5,-0.866025403784));
#7605 = DIRECTION('',(0.,-0.866025403784,0.5));
#7606 = ADVANCED_FACE('',(#7607),#7623,.T.);
#7607 = FACE_BOUND('',#7608,.T.);
#7608 = EDGE_LOOP('',(#7609,#7610,#7616,#7617));
#7609 = ORIENTED_EDGE('',*,*,#5277,.T.);
#7610 = ORIENTED_EDGE('',*,*,#7611,.T.);
#7611 = EDGE_CURVE('',#5278,#4123,#7612,.T.);
#7612 = LINE('',#7613,#7614);
#7613 = CARTESIAN_POINT('',(-85.080446,16.196136237003,17.607695154587)
  );
#7614 = VECTOR('',#7615,1.);
#7615 = DIRECTION('',(1.,0.,0.));
#7616 = ORIENTED_EDGE('',*,*,#4122,.T.);
#7617 = ORIENTED_EDGE('',*,*,#7618,.F.);
#7618 = EDGE_CURVE('',#5270,#4125,#7619,.T.);
#7619 = LINE('',#7620,#7621);
#7620 = CARTESIAN_POINT('',(-85.080446,16.196136237003,23.607695154587)
  );
#7621 = VECTOR('',#7622,1.);
#7622 = DIRECTION('',(1.,0.,0.));
#7623 = PLANE('',#7624);
#7624 = AXIS2_PLACEMENT_3D('',#7625,#7626,#7627);
#7625 = CARTESIAN_POINT('',(-85.080446,16.196136237003,17.607695154587)
  );
#7626 = DIRECTION('',(0.,-1.,0.));
#7627 = DIRECTION('',(0.,0.,1.));
#7628 = ADVANCED_FACE('',(#7629),#7640,.T.);
#7629 = FACE_BOUND('',#7630,.T.);
#7630 = EDGE_LOOP('',(#7631,#7632,#7638,#7639));
#7631 = ORIENTED_EDGE('',*,*,#5285,.T.);
#7632 = ORIENTED_EDGE('',*,*,#7633,.T.);
#7633 = EDGE_CURVE('',#5286,#4157,#7634,.T.);
#7634 = LINE('',#7635,#7636);
#7635 = CARTESIAN_POINT('',(-85.080446,10.999983814296,14.607695154587)
  );
#7636 = VECTOR('',#7637,1.);
#7637 = DIRECTION('',(1.,0.,0.));
#7638 = ORIENTED_EDGE('',*,*,#4164,.T.);
#7639 = ORIENTED_EDGE('',*,*,#7611,.F.);
#7640 = PLANE('',#7641);
#7641 = AXIS2_PLACEMENT_3D('',#7642,#7643,#7644);
#7642 = CARTESIAN_POINT('',(-85.080446,10.999983814296,14.607695154587)
  );
#7643 = DIRECTION('',(0.,-0.5,0.866025403784));
#7644 = DIRECTION('',(0.,0.866025403784,0.5));
#7645 = ADVANCED_FACE('',(#7646),#7657,.T.);
#7646 = FACE_BOUND('',#7647,.T.);
#7647 = EDGE_LOOP('',(#7648,#7649,#7655,#7656));
#7648 = ORIENTED_EDGE('',*,*,#5293,.T.);
#7649 = ORIENTED_EDGE('',*,*,#7650,.T.);
#7650 = EDGE_CURVE('',#5294,#4149,#7651,.T.);
#7651 = LINE('',#7652,#7653);
#7652 = CARTESIAN_POINT('',(-85.080446,5.80383139159,17.607695154587));
#7653 = VECTOR('',#7654,1.);
#7654 = DIRECTION('',(1.,0.,0.));
#7655 = ORIENTED_EDGE('',*,*,#4156,.T.);
#7656 = ORIENTED_EDGE('',*,*,#7633,.F.);
#7657 = PLANE('',#7658);
#7658 = AXIS2_PLACEMENT_3D('',#7659,#7660,#7661);
#7659 = CARTESIAN_POINT('',(-85.080446,5.80383139159,17.607695154587));
#7660 = DIRECTION('',(0.,0.5,0.866025403784));
#7661 = DIRECTION('',(0.,0.866025403784,-0.5));
#7662 = ADVANCED_FACE('',(#7663),#7674,.T.);
#7663 = FACE_BOUND('',#7664,.T.);
#7664 = EDGE_LOOP('',(#7665,#7666,#7672,#7673));
#7665 = ORIENTED_EDGE('',*,*,#5301,.T.);
#7666 = ORIENTED_EDGE('',*,*,#7667,.T.);
#7667 = EDGE_CURVE('',#5260,#4141,#7668,.T.);
#7668 = LINE('',#7669,#7670);
#7669 = CARTESIAN_POINT('',(-85.080446,5.80383139159,23.607695154587));
#7670 = VECTOR('',#7671,1.);
#7671 = DIRECTION('',(1.,0.,0.));
#7672 = ORIENTED_EDGE('',*,*,#4148,.T.);
#7673 = ORIENTED_EDGE('',*,*,#7650,.F.);
#7674 = PLANE('',#7675);
#7675 = AXIS2_PLACEMENT_3D('',#7676,#7677,#7678);
#7676 = CARTESIAN_POINT('',(-85.080446,5.80383139159,23.607695154587));
#7677 = DIRECTION('',(0.,1.,0.));
#7678 = DIRECTION('',(0.,0.,-1.));
#7679 = ADVANCED_FACE('',(#7680),#7691,.T.);
#7680 = FACE_BOUND('',#7681,.T.);
#7681 = EDGE_LOOP('',(#7682,#7683,#7689,#7690));
#7682 = ORIENTED_EDGE('',*,*,#5259,.T.);
#7683 = ORIENTED_EDGE('',*,*,#7684,.T.);
#7684 = EDGE_CURVE('',#5262,#4133,#7685,.T.);
#7685 = LINE('',#7686,#7687);
#7686 = CARTESIAN_POINT('',(-85.080446,10.999983814296,26.607695154587)
  );
#7687 = VECTOR('',#7688,1.);
#7688 = DIRECTION('',(1.,0.,0.));
#7689 = ORIENTED_EDGE('',*,*,#4140,.T.);
#7690 = ORIENTED_EDGE('',*,*,#7667,.F.);
#7691 = PLANE('',#7692);
#7692 = AXIS2_PLACEMENT_3D('',#7693,#7694,#7695);
#7693 = CARTESIAN_POINT('',(-85.080446,10.999983814296,26.607695154587)
  );
#7694 = DIRECTION('',(0.,0.5,-0.866025403784));
#7695 = DIRECTION('',(0.,-0.866025403784,-0.5));
#7696 = ADVANCED_FACE('',(#7697),#7703,.T.);
#7697 = FACE_BOUND('',#7698,.T.);
#7698 = EDGE_LOOP('',(#7699,#7700,#7701,#7702));
#7699 = ORIENTED_EDGE('',*,*,#5269,.T.);
#7700 = ORIENTED_EDGE('',*,*,#7618,.T.);
#7701 = ORIENTED_EDGE('',*,*,#4132,.T.);
#7702 = ORIENTED_EDGE('',*,*,#7684,.F.);
#7703 = PLANE('',#7704);
#7704 = AXIS2_PLACEMENT_3D('',#7705,#7706,#7707);
#7705 = CARTESIAN_POINT('',(-85.080446,16.196136237003,23.607695154587)
  );
#7706 = DIRECTION('',(0.,-0.5,-0.866025403784));
#7707 = DIRECTION('',(0.,-0.866025403784,0.5));
#7708 = ADVANCED_FACE('',(#7709),#7725,.T.);
#7709 = FACE_BOUND('',#7710,.T.);
#7710 = EDGE_LOOP('',(#7711,#7712,#7718,#7719));
#7711 = ORIENTED_EDGE('',*,*,#5227,.T.);
#7712 = ORIENTED_EDGE('',*,*,#7713,.T.);
#7713 = EDGE_CURVE('',#5228,#4173,#7714,.T.);
#7714 = LINE('',#7715,#7716);
#7715 = CARTESIAN_POINT('',(-85.080446,28.196136237003,17.607695154587)
  );
#7716 = VECTOR('',#7717,1.);
#7717 = DIRECTION('',(1.,0.,0.));
#7718 = ORIENTED_EDGE('',*,*,#4172,.T.);
#7719 = ORIENTED_EDGE('',*,*,#7720,.F.);
#7720 = EDGE_CURVE('',#5220,#4175,#7721,.T.);
#7721 = LINE('',#7722,#7723);
#7722 = CARTESIAN_POINT('',(-85.080446,28.196136237003,23.607695154587)
  );
#7723 = VECTOR('',#7724,1.);
#7724 = DIRECTION('',(1.,0.,0.));
#7725 = PLANE('',#7726);
#7726 = AXIS2_PLACEMENT_3D('',#7727,#7728,#7729);
#7727 = CARTESIAN_POINT('',(-85.080446,28.196136237003,17.607695154587)
  );
#7728 = DIRECTION('',(0.,-1.,0.));
#7729 = DIRECTION('',(0.,0.,1.));
#7730 = ADVANCED_FACE('',(#7731),#7742,.T.);
#7731 = FACE_BOUND('',#7732,.T.);
#7732 = EDGE_LOOP('',(#7733,#7734,#7740,#7741));
#7733 = ORIENTED_EDGE('',*,*,#5235,.T.);
#7734 = ORIENTED_EDGE('',*,*,#7735,.T.);
#7735 = EDGE_CURVE('',#5236,#4207,#7736,.T.);
#7736 = LINE('',#7737,#7738);
#7737 = CARTESIAN_POINT('',(-85.080446,22.999983814296,14.607695154587)
  );
#7738 = VECTOR('',#7739,1.);
#7739 = DIRECTION('',(1.,0.,0.));
#7740 = ORIENTED_EDGE('',*,*,#4214,.T.);
#7741 = ORIENTED_EDGE('',*,*,#7713,.F.);
#7742 = PLANE('',#7743);
#7743 = AXIS2_PLACEMENT_3D('',#7744,#7745,#7746);
#7744 = CARTESIAN_POINT('',(-85.080446,22.999983814296,14.607695154587)
  );
#7745 = DIRECTION('',(0.,-0.5,0.866025403784));
#7746 = DIRECTION('',(0.,0.866025403784,0.5));
#7747 = ADVANCED_FACE('',(#7748),#7759,.T.);
#7748 = FACE_BOUND('',#7749,.T.);
#7749 = EDGE_LOOP('',(#7750,#7751,#7757,#7758));
#7750 = ORIENTED_EDGE('',*,*,#5243,.T.);
#7751 = ORIENTED_EDGE('',*,*,#7752,.T.);
#7752 = EDGE_CURVE('',#5244,#4199,#7753,.T.);
#7753 = LINE('',#7754,#7755);
#7754 = CARTESIAN_POINT('',(-85.080446,17.80383139159,17.607695154587));
#7755 = VECTOR('',#7756,1.);
#7756 = DIRECTION('',(1.,0.,0.));
#7757 = ORIENTED_EDGE('',*,*,#4206,.T.);
#7758 = ORIENTED_EDGE('',*,*,#7735,.F.);
#7759 = PLANE('',#7760);
#7760 = AXIS2_PLACEMENT_3D('',#7761,#7762,#7763);
#7761 = CARTESIAN_POINT('',(-85.080446,17.80383139159,17.607695154587));
#7762 = DIRECTION('',(0.,0.5,0.866025403784));
#7763 = DIRECTION('',(0.,0.866025403784,-0.5));
#7764 = ADVANCED_FACE('',(#7765),#7776,.T.);
#7765 = FACE_BOUND('',#7766,.T.);
#7766 = EDGE_LOOP('',(#7767,#7768,#7774,#7775));
#7767 = ORIENTED_EDGE('',*,*,#5251,.T.);
#7768 = ORIENTED_EDGE('',*,*,#7769,.T.);
#7769 = EDGE_CURVE('',#5210,#4191,#7770,.T.);
#7770 = LINE('',#7771,#7772);
#7771 = CARTESIAN_POINT('',(-85.080446,17.80383139159,23.607695154587));
#7772 = VECTOR('',#7773,1.);
#7773 = DIRECTION('',(1.,0.,0.));
#7774 = ORIENTED_EDGE('',*,*,#4198,.T.);
#7775 = ORIENTED_EDGE('',*,*,#7752,.F.);
#7776 = PLANE('',#7777);
#7777 = AXIS2_PLACEMENT_3D('',#7778,#7779,#7780);
#7778 = CARTESIAN_POINT('',(-85.080446,17.80383139159,23.607695154587));
#7779 = DIRECTION('',(0.,1.,0.));
#7780 = DIRECTION('',(0.,0.,-1.));
#7781 = ADVANCED_FACE('',(#7782),#7793,.T.);
#7782 = FACE_BOUND('',#7783,.T.);
#7783 = EDGE_LOOP('',(#7784,#7785,#7791,#7792));
#7784 = ORIENTED_EDGE('',*,*,#5209,.T.);
#7785 = ORIENTED_EDGE('',*,*,#7786,.T.);
#7786 = EDGE_CURVE('',#5212,#4183,#7787,.T.);
#7787 = LINE('',#7788,#7789);
#7788 = CARTESIAN_POINT('',(-85.080446,22.999983814296,26.607695154587)
  );
#7789 = VECTOR('',#7790,1.);
#7790 = DIRECTION('',(1.,0.,0.));
#7791 = ORIENTED_EDGE('',*,*,#4190,.T.);
#7792 = ORIENTED_EDGE('',*,*,#7769,.F.);
#7793 = PLANE('',#7794);
#7794 = AXIS2_PLACEMENT_3D('',#7795,#7796,#7797);
#7795 = CARTESIAN_POINT('',(-85.080446,22.999983814296,26.607695154587)
  );
#7796 = DIRECTION('',(0.,0.5,-0.866025403784));
#7797 = DIRECTION('',(0.,-0.866025403784,-0.5));
#7798 = ADVANCED_FACE('',(#7799),#7805,.T.);
#7799 = FACE_BOUND('',#7800,.T.);
#7800 = EDGE_LOOP('',(#7801,#7802,#7803,#7804));
#7801 = ORIENTED_EDGE('',*,*,#5219,.T.);
#7802 = ORIENTED_EDGE('',*,*,#7720,.T.);
#7803 = ORIENTED_EDGE('',*,*,#4182,.T.);
#7804 = ORIENTED_EDGE('',*,*,#7786,.F.);
#7805 = PLANE('',#7806);
#7806 = AXIS2_PLACEMENT_3D('',#7807,#7808,#7809);
#7807 = CARTESIAN_POINT('',(-85.080446,28.196136237003,23.607695154587)
  );
#7808 = DIRECTION('',(0.,-0.5,-0.866025403784));
#7809 = DIRECTION('',(0.,-0.866025403784,0.5));
#7810 = ADVANCED_FACE('',(#7811),#7827,.T.);
#7811 = FACE_BOUND('',#7812,.T.);
#7812 = EDGE_LOOP('',(#7813,#7814,#7820,#7821));
#7813 = ORIENTED_EDGE('',*,*,#4927,.T.);
#7814 = ORIENTED_EDGE('',*,*,#7815,.T.);
#7815 = EDGE_CURVE('',#4928,#4223,#7816,.T.);
#7816 = LINE('',#7817,#7818);
#7817 = CARTESIAN_POINT('',(-85.080446,46.196136237003,28.));
#7818 = VECTOR('',#7819,1.);
#7819 = DIRECTION('',(1.,0.,0.));
#7820 = ORIENTED_EDGE('',*,*,#4222,.T.);
#7821 = ORIENTED_EDGE('',*,*,#7822,.F.);
#7822 = EDGE_CURVE('',#4920,#4225,#7823,.T.);
#7823 = LINE('',#7824,#7825);
#7824 = CARTESIAN_POINT('',(-85.080446,46.196136237003,34.));
#7825 = VECTOR('',#7826,1.);
#7826 = DIRECTION('',(1.,0.,0.));
#7827 = PLANE('',#7828);
#7828 = AXIS2_PLACEMENT_3D('',#7829,#7830,#7831);
#7829 = CARTESIAN_POINT('',(-85.080446,46.196136237003,28.));
#7830 = DIRECTION('',(0.,-1.,0.));
#7831 = DIRECTION('',(0.,0.,1.));
#7832 = ADVANCED_FACE('',(#7833),#7844,.T.);
#7833 = FACE_BOUND('',#7834,.T.);
#7834 = EDGE_LOOP('',(#7835,#7836,#7842,#7843));
#7835 = ORIENTED_EDGE('',*,*,#4935,.T.);
#7836 = ORIENTED_EDGE('',*,*,#7837,.T.);
#7837 = EDGE_CURVE('',#4936,#4257,#7838,.T.);
#7838 = LINE('',#7839,#7840);
#7839 = CARTESIAN_POINT('',(-85.080446,40.999983814296,25.));
#7840 = VECTOR('',#7841,1.);
#7841 = DIRECTION('',(1.,0.,0.));
#7842 = ORIENTED_EDGE('',*,*,#4264,.T.);
#7843 = ORIENTED_EDGE('',*,*,#7815,.F.);
#7844 = PLANE('',#7845);
#7845 = AXIS2_PLACEMENT_3D('',#7846,#7847,#7848);
#7846 = CARTESIAN_POINT('',(-85.080446,40.999983814296,25.));
#7847 = DIRECTION('',(0.,-0.5,0.866025403784));
#7848 = DIRECTION('',(0.,0.866025403784,0.5));
#7849 = ADVANCED_FACE('',(#7850),#7861,.T.);
#7850 = FACE_BOUND('',#7851,.T.);
#7851 = EDGE_LOOP('',(#7852,#7853,#7859,#7860));
#7852 = ORIENTED_EDGE('',*,*,#4943,.T.);
#7853 = ORIENTED_EDGE('',*,*,#7854,.T.);
#7854 = EDGE_CURVE('',#4944,#4249,#7855,.T.);
#7855 = LINE('',#7856,#7857);
#7856 = CARTESIAN_POINT('',(-85.080446,35.80383139159,28.));
#7857 = VECTOR('',#7858,1.);
#7858 = DIRECTION('',(1.,0.,0.));
#7859 = ORIENTED_EDGE('',*,*,#4256,.T.);
#7860 = ORIENTED_EDGE('',*,*,#7837,.F.);
#7861 = PLANE('',#7862);
#7862 = AXIS2_PLACEMENT_3D('',#7863,#7864,#7865);
#7863 = CARTESIAN_POINT('',(-85.080446,35.80383139159,28.));
#7864 = DIRECTION('',(0.,0.5,0.866025403784));
#7865 = DIRECTION('',(0.,0.866025403784,-0.5));
#7866 = ADVANCED_FACE('',(#7867),#7878,.T.);
#7867 = FACE_BOUND('',#7868,.T.);
#7868 = EDGE_LOOP('',(#7869,#7870,#7876,#7877));
#7869 = ORIENTED_EDGE('',*,*,#4951,.T.);
#7870 = ORIENTED_EDGE('',*,*,#7871,.T.);
#7871 = EDGE_CURVE('',#4910,#4241,#7872,.T.);
#7872 = LINE('',#7873,#7874);
#7873 = CARTESIAN_POINT('',(-85.080446,35.80383139159,34.));
#7874 = VECTOR('',#7875,1.);
#7875 = DIRECTION('',(1.,0.,0.));
#7876 = ORIENTED_EDGE('',*,*,#4248,.T.);
#7877 = ORIENTED_EDGE('',*,*,#7854,.F.);
#7878 = PLANE('',#7879);
#7879 = AXIS2_PLACEMENT_3D('',#7880,#7881,#7882);
#7880 = CARTESIAN_POINT('',(-85.080446,35.80383139159,34.));
#7881 = DIRECTION('',(0.,1.,0.));
#7882 = DIRECTION('',(0.,0.,-1.));
#7883 = ADVANCED_FACE('',(#7884),#7895,.T.);
#7884 = FACE_BOUND('',#7885,.T.);
#7885 = EDGE_LOOP('',(#7886,#7887,#7893,#7894));
#7886 = ORIENTED_EDGE('',*,*,#4909,.T.);
#7887 = ORIENTED_EDGE('',*,*,#7888,.T.);
#7888 = EDGE_CURVE('',#4912,#4233,#7889,.T.);
#7889 = LINE('',#7890,#7891);
#7890 = CARTESIAN_POINT('',(-85.080446,40.999983814296,37.));
#7891 = VECTOR('',#7892,1.);
#7892 = DIRECTION('',(1.,0.,0.));
#7893 = ORIENTED_EDGE('',*,*,#4240,.T.);
#7894 = ORIENTED_EDGE('',*,*,#7871,.F.);
#7895 = PLANE('',#7896);
#7896 = AXIS2_PLACEMENT_3D('',#7897,#7898,#7899);
#7897 = CARTESIAN_POINT('',(-85.080446,40.999983814296,37.));
#7898 = DIRECTION('',(0.,0.5,-0.866025403784));
#7899 = DIRECTION('',(0.,-0.866025403784,-0.5));
#7900 = ADVANCED_FACE('',(#7901),#7907,.T.);
#7901 = FACE_BOUND('',#7902,.T.);
#7902 = EDGE_LOOP('',(#7903,#7904,#7905,#7906));
#7903 = ORIENTED_EDGE('',*,*,#4919,.T.);
#7904 = ORIENTED_EDGE('',*,*,#7822,.T.);
#7905 = ORIENTED_EDGE('',*,*,#4232,.T.);
#7906 = ORIENTED_EDGE('',*,*,#7888,.F.);
#7907 = PLANE('',#7908);
#7908 = AXIS2_PLACEMENT_3D('',#7909,#7910,#7911);
#7909 = CARTESIAN_POINT('',(-85.080446,46.196136237003,34.));
#7910 = DIRECTION('',(0.,-0.5,-0.866025403784));
#7911 = DIRECTION('',(0.,-0.866025403784,0.5));
#7912 = ADVANCED_FACE('',(#7913),#7929,.T.);
#7913 = FACE_BOUND('',#7914,.T.);
#7914 = EDGE_LOOP('',(#7915,#7916,#7922,#7923));
#7915 = ORIENTED_EDGE('',*,*,#4877,.T.);
#7916 = ORIENTED_EDGE('',*,*,#7917,.T.);
#7917 = EDGE_CURVE('',#4878,#4273,#7918,.T.);
#7918 = LINE('',#7919,#7920);
#7919 = CARTESIAN_POINT('',(-85.080446,58.196136237003,28.));
#7920 = VECTOR('',#7921,1.);
#7921 = DIRECTION('',(1.,0.,0.));
#7922 = ORIENTED_EDGE('',*,*,#4272,.T.);
#7923 = ORIENTED_EDGE('',*,*,#7924,.F.);
#7924 = EDGE_CURVE('',#4870,#4275,#7925,.T.);
#7925 = LINE('',#7926,#7927);
#7926 = CARTESIAN_POINT('',(-85.080446,58.196136237003,34.));
#7927 = VECTOR('',#7928,1.);
#7928 = DIRECTION('',(1.,0.,0.));
#7929 = PLANE('',#7930);
#7930 = AXIS2_PLACEMENT_3D('',#7931,#7932,#7933);
#7931 = CARTESIAN_POINT('',(-85.080446,58.196136237003,28.));
#7932 = DIRECTION('',(0.,-1.,0.));
#7933 = DIRECTION('',(0.,0.,1.));
#7934 = ADVANCED_FACE('',(#7935),#7946,.T.);
#7935 = FACE_BOUND('',#7936,.T.);
#7936 = EDGE_LOOP('',(#7937,#7938,#7944,#7945));
#7937 = ORIENTED_EDGE('',*,*,#4885,.T.);
#7938 = ORIENTED_EDGE('',*,*,#7939,.T.);
#7939 = EDGE_CURVE('',#4886,#4307,#7940,.T.);
#7940 = LINE('',#7941,#7942);
#7941 = CARTESIAN_POINT('',(-85.080446,52.999983814296,25.));
#7942 = VECTOR('',#7943,1.);
#7943 = DIRECTION('',(1.,0.,0.));
#7944 = ORIENTED_EDGE('',*,*,#4314,.T.);
#7945 = ORIENTED_EDGE('',*,*,#7917,.F.);
#7946 = PLANE('',#7947);
#7947 = AXIS2_PLACEMENT_3D('',#7948,#7949,#7950);
#7948 = CARTESIAN_POINT('',(-85.080446,52.999983814296,25.));
#7949 = DIRECTION('',(0.,-0.5,0.866025403784));
#7950 = DIRECTION('',(0.,0.866025403784,0.5));
#7951 = ADVANCED_FACE('',(#7952),#7963,.T.);
#7952 = FACE_BOUND('',#7953,.T.);
#7953 = EDGE_LOOP('',(#7954,#7955,#7961,#7962));
#7954 = ORIENTED_EDGE('',*,*,#4893,.T.);
#7955 = ORIENTED_EDGE('',*,*,#7956,.T.);
#7956 = EDGE_CURVE('',#4894,#4299,#7957,.T.);
#7957 = LINE('',#7958,#7959);
#7958 = CARTESIAN_POINT('',(-85.080446,47.80383139159,28.));
#7959 = VECTOR('',#7960,1.);
#7960 = DIRECTION('',(1.,0.,0.));
#7961 = ORIENTED_EDGE('',*,*,#4306,.T.);
#7962 = ORIENTED_EDGE('',*,*,#7939,.F.);
#7963 = PLANE('',#7964);
#7964 = AXIS2_PLACEMENT_3D('',#7965,#7966,#7967);
#7965 = CARTESIAN_POINT('',(-85.080446,47.80383139159,28.));
#7966 = DIRECTION('',(0.,0.5,0.866025403784));
#7967 = DIRECTION('',(0.,0.866025403784,-0.5));
#7968 = ADVANCED_FACE('',(#7969),#7980,.T.);
#7969 = FACE_BOUND('',#7970,.T.);
#7970 = EDGE_LOOP('',(#7971,#7972,#7978,#7979));
#7971 = ORIENTED_EDGE('',*,*,#4901,.T.);
#7972 = ORIENTED_EDGE('',*,*,#7973,.T.);
#7973 = EDGE_CURVE('',#4860,#4291,#7974,.T.);
#7974 = LINE('',#7975,#7976);
#7975 = CARTESIAN_POINT('',(-85.080446,47.80383139159,34.));
#7976 = VECTOR('',#7977,1.);
#7977 = DIRECTION('',(1.,0.,0.));
#7978 = ORIENTED_EDGE('',*,*,#4298,.T.);
#7979 = ORIENTED_EDGE('',*,*,#7956,.F.);
#7980 = PLANE('',#7981);
#7981 = AXIS2_PLACEMENT_3D('',#7982,#7983,#7984);
#7982 = CARTESIAN_POINT('',(-85.080446,47.80383139159,34.));
#7983 = DIRECTION('',(0.,1.,0.));
#7984 = DIRECTION('',(0.,0.,-1.));
#7985 = ADVANCED_FACE('',(#7986),#7997,.T.);
#7986 = FACE_BOUND('',#7987,.T.);
#7987 = EDGE_LOOP('',(#7988,#7989,#7995,#7996));
#7988 = ORIENTED_EDGE('',*,*,#4859,.T.);
#7989 = ORIENTED_EDGE('',*,*,#7990,.T.);
#7990 = EDGE_CURVE('',#4862,#4283,#7991,.T.);
#7991 = LINE('',#7992,#7993);
#7992 = CARTESIAN_POINT('',(-85.080446,52.999983814296,37.));
#7993 = VECTOR('',#7994,1.);
#7994 = DIRECTION('',(1.,0.,0.));
#7995 = ORIENTED_EDGE('',*,*,#4290,.T.);
#7996 = ORIENTED_EDGE('',*,*,#7973,.F.);
#7997 = PLANE('',#7998);
#7998 = AXIS2_PLACEMENT_3D('',#7999,#8000,#8001);
#7999 = CARTESIAN_POINT('',(-85.080446,52.999983814296,37.));
#8000 = DIRECTION('',(0.,0.5,-0.866025403784));
#8001 = DIRECTION('',(0.,-0.866025403784,-0.5));
#8002 = ADVANCED_FACE('',(#8003),#8009,.T.);
#8003 = FACE_BOUND('',#8004,.T.);
#8004 = EDGE_LOOP('',(#8005,#8006,#8007,#8008));
#8005 = ORIENTED_EDGE('',*,*,#4869,.T.);
#8006 = ORIENTED_EDGE('',*,*,#7924,.T.);
#8007 = ORIENTED_EDGE('',*,*,#4282,.T.);
#8008 = ORIENTED_EDGE('',*,*,#7990,.F.);
#8009 = PLANE('',#8010);
#8010 = AXIS2_PLACEMENT_3D('',#8011,#8012,#8013);
#8011 = CARTESIAN_POINT('',(-85.080446,58.196136237003,34.));
#8012 = DIRECTION('',(0.,-0.5,-0.866025403784));
#8013 = DIRECTION('',(0.,-0.866025403784,0.5));
#8014 = ADVANCED_FACE('',(#8015),#8031,.T.);
#8015 = FACE_BOUND('',#8016,.T.);
#8016 = EDGE_LOOP('',(#8017,#8018,#8024,#8025));
#8017 = ORIENTED_EDGE('',*,*,#5027,.T.);
#8018 = ORIENTED_EDGE('',*,*,#8019,.T.);
#8019 = EDGE_CURVE('',#5028,#4323,#8020,.T.);
#8020 = LINE('',#8021,#8022);
#8021 = CARTESIAN_POINT('',(-85.080446,40.196136237003,17.607695154587)
  );
#8022 = VECTOR('',#8023,1.);
#8023 = DIRECTION('',(1.,0.,0.));
#8024 = ORIENTED_EDGE('',*,*,#4322,.T.);
#8025 = ORIENTED_EDGE('',*,*,#8026,.F.);
#8026 = EDGE_CURVE('',#5020,#4325,#8027,.T.);
#8027 = LINE('',#8028,#8029);
#8028 = CARTESIAN_POINT('',(-85.080446,40.196136237003,23.607695154587)
  );
#8029 = VECTOR('',#8030,1.);
#8030 = DIRECTION('',(1.,0.,0.));
#8031 = PLANE('',#8032);
#8032 = AXIS2_PLACEMENT_3D('',#8033,#8034,#8035);
#8033 = CARTESIAN_POINT('',(-85.080446,40.196136237003,17.607695154587)
  );
#8034 = DIRECTION('',(0.,-1.,0.));
#8035 = DIRECTION('',(0.,0.,1.));
#8036 = ADVANCED_FACE('',(#8037),#8048,.T.);
#8037 = FACE_BOUND('',#8038,.T.);
#8038 = EDGE_LOOP('',(#8039,#8040,#8046,#8047));
#8039 = ORIENTED_EDGE('',*,*,#5035,.T.);
#8040 = ORIENTED_EDGE('',*,*,#8041,.T.);
#8041 = EDGE_CURVE('',#5036,#4357,#8042,.T.);
#8042 = LINE('',#8043,#8044);
#8043 = CARTESIAN_POINT('',(-85.080446,34.999983814296,14.607695154587)
  );
#8044 = VECTOR('',#8045,1.);
#8045 = DIRECTION('',(1.,0.,0.));
#8046 = ORIENTED_EDGE('',*,*,#4364,.T.);
#8047 = ORIENTED_EDGE('',*,*,#8019,.F.);
#8048 = PLANE('',#8049);
#8049 = AXIS2_PLACEMENT_3D('',#8050,#8051,#8052);
#8050 = CARTESIAN_POINT('',(-85.080446,34.999983814296,14.607695154587)
  );
#8051 = DIRECTION('',(0.,-0.5,0.866025403784));
#8052 = DIRECTION('',(0.,0.866025403784,0.5));
#8053 = ADVANCED_FACE('',(#8054),#8065,.T.);
#8054 = FACE_BOUND('',#8055,.T.);
#8055 = EDGE_LOOP('',(#8056,#8057,#8063,#8064));
#8056 = ORIENTED_EDGE('',*,*,#5043,.T.);
#8057 = ORIENTED_EDGE('',*,*,#8058,.T.);
#8058 = EDGE_CURVE('',#5044,#4349,#8059,.T.);
#8059 = LINE('',#8060,#8061);
#8060 = CARTESIAN_POINT('',(-85.080446,29.80383139159,17.607695154587));
#8061 = VECTOR('',#8062,1.);
#8062 = DIRECTION('',(1.,0.,0.));
#8063 = ORIENTED_EDGE('',*,*,#4356,.T.);
#8064 = ORIENTED_EDGE('',*,*,#8041,.F.);
#8065 = PLANE('',#8066);
#8066 = AXIS2_PLACEMENT_3D('',#8067,#8068,#8069);
#8067 = CARTESIAN_POINT('',(-85.080446,29.80383139159,17.607695154587));
#8068 = DIRECTION('',(0.,0.5,0.866025403784));
#8069 = DIRECTION('',(0.,0.866025403784,-0.5));
#8070 = ADVANCED_FACE('',(#8071),#8082,.T.);
#8071 = FACE_BOUND('',#8072,.T.);
#8072 = EDGE_LOOP('',(#8073,#8074,#8080,#8081));
#8073 = ORIENTED_EDGE('',*,*,#5051,.T.);
#8074 = ORIENTED_EDGE('',*,*,#8075,.T.);
#8075 = EDGE_CURVE('',#5010,#4341,#8076,.T.);
#8076 = LINE('',#8077,#8078);
#8077 = CARTESIAN_POINT('',(-85.080446,29.80383139159,23.607695154587));
#8078 = VECTOR('',#8079,1.);
#8079 = DIRECTION('',(1.,0.,0.));
#8080 = ORIENTED_EDGE('',*,*,#4348,.T.);
#8081 = ORIENTED_EDGE('',*,*,#8058,.F.);
#8082 = PLANE('',#8083);
#8083 = AXIS2_PLACEMENT_3D('',#8084,#8085,#8086);
#8084 = CARTESIAN_POINT('',(-85.080446,29.80383139159,23.607695154587));
#8085 = DIRECTION('',(0.,1.,0.));
#8086 = DIRECTION('',(0.,0.,-1.));
#8087 = ADVANCED_FACE('',(#8088),#8099,.T.);
#8088 = FACE_BOUND('',#8089,.T.);
#8089 = EDGE_LOOP('',(#8090,#8091,#8097,#8098));
#8090 = ORIENTED_EDGE('',*,*,#5009,.T.);
#8091 = ORIENTED_EDGE('',*,*,#8092,.T.);
#8092 = EDGE_CURVE('',#5012,#4333,#8093,.T.);
#8093 = LINE('',#8094,#8095);
#8094 = CARTESIAN_POINT('',(-85.080446,34.999983814296,26.607695154587)
  );
#8095 = VECTOR('',#8096,1.);
#8096 = DIRECTION('',(1.,0.,0.));
#8097 = ORIENTED_EDGE('',*,*,#4340,.T.);
#8098 = ORIENTED_EDGE('',*,*,#8075,.F.);
#8099 = PLANE('',#8100);
#8100 = AXIS2_PLACEMENT_3D('',#8101,#8102,#8103);
#8101 = CARTESIAN_POINT('',(-85.080446,34.999983814296,26.607695154587)
  );
#8102 = DIRECTION('',(0.,0.5,-0.866025403784));
#8103 = DIRECTION('',(0.,-0.866025403784,-0.5));
#8104 = ADVANCED_FACE('',(#8105),#8111,.T.);
#8105 = FACE_BOUND('',#8106,.T.);
#8106 = EDGE_LOOP('',(#8107,#8108,#8109,#8110));
#8107 = ORIENTED_EDGE('',*,*,#5019,.T.);
#8108 = ORIENTED_EDGE('',*,*,#8026,.T.);
#8109 = ORIENTED_EDGE('',*,*,#4332,.T.);
#8110 = ORIENTED_EDGE('',*,*,#8092,.F.);
#8111 = PLANE('',#8112);
#8112 = AXIS2_PLACEMENT_3D('',#8113,#8114,#8115);
#8113 = CARTESIAN_POINT('',(-85.080446,40.196136237003,23.607695154587)
  );
#8114 = DIRECTION('',(0.,-0.5,-0.866025403784));
#8115 = DIRECTION('',(0.,-0.866025403784,0.5));
#8116 = ADVANCED_FACE('',(#8117),#8133,.T.);
#8117 = FACE_BOUND('',#8118,.T.);
#8118 = EDGE_LOOP('',(#8119,#8120,#8126,#8127));
#8119 = ORIENTED_EDGE('',*,*,#4977,.T.);
#8120 = ORIENTED_EDGE('',*,*,#8121,.T.);
#8121 = EDGE_CURVE('',#4978,#4373,#8122,.T.);
#8122 = LINE('',#8123,#8124);
#8123 = CARTESIAN_POINT('',(-85.080446,52.196136237003,17.607695154587)
  );
#8124 = VECTOR('',#8125,1.);
#8125 = DIRECTION('',(1.,0.,0.));
#8126 = ORIENTED_EDGE('',*,*,#4372,.T.);
#8127 = ORIENTED_EDGE('',*,*,#8128,.F.);
#8128 = EDGE_CURVE('',#4970,#4375,#8129,.T.);
#8129 = LINE('',#8130,#8131);
#8130 = CARTESIAN_POINT('',(-85.080446,52.196136237003,23.607695154587)
  );
#8131 = VECTOR('',#8132,1.);
#8132 = DIRECTION('',(1.,0.,0.));
#8133 = PLANE('',#8134);
#8134 = AXIS2_PLACEMENT_3D('',#8135,#8136,#8137);
#8135 = CARTESIAN_POINT('',(-85.080446,52.196136237003,17.607695154587)
  );
#8136 = DIRECTION('',(0.,-1.,0.));
#8137 = DIRECTION('',(0.,0.,1.));
#8138 = ADVANCED_FACE('',(#8139),#8150,.T.);
#8139 = FACE_BOUND('',#8140,.T.);
#8140 = EDGE_LOOP('',(#8141,#8142,#8148,#8149));
#8141 = ORIENTED_EDGE('',*,*,#4985,.T.);
#8142 = ORIENTED_EDGE('',*,*,#8143,.T.);
#8143 = EDGE_CURVE('',#4986,#4407,#8144,.T.);
#8144 = LINE('',#8145,#8146);
#8145 = CARTESIAN_POINT('',(-85.080446,46.999983814296,14.607695154587)
  );
#8146 = VECTOR('',#8147,1.);
#8147 = DIRECTION('',(1.,0.,0.));
#8148 = ORIENTED_EDGE('',*,*,#4414,.T.);
#8149 = ORIENTED_EDGE('',*,*,#8121,.F.);
#8150 = PLANE('',#8151);
#8151 = AXIS2_PLACEMENT_3D('',#8152,#8153,#8154);
#8152 = CARTESIAN_POINT('',(-85.080446,46.999983814296,14.607695154587)
  );
#8153 = DIRECTION('',(0.,-0.5,0.866025403784));
#8154 = DIRECTION('',(0.,0.866025403784,0.5));
#8155 = ADVANCED_FACE('',(#8156),#8167,.T.);
#8156 = FACE_BOUND('',#8157,.T.);
#8157 = EDGE_LOOP('',(#8158,#8159,#8165,#8166));
#8158 = ORIENTED_EDGE('',*,*,#4993,.T.);
#8159 = ORIENTED_EDGE('',*,*,#8160,.T.);
#8160 = EDGE_CURVE('',#4994,#4399,#8161,.T.);
#8161 = LINE('',#8162,#8163);
#8162 = CARTESIAN_POINT('',(-85.080446,41.80383139159,17.607695154587));
#8163 = VECTOR('',#8164,1.);
#8164 = DIRECTION('',(1.,0.,0.));
#8165 = ORIENTED_EDGE('',*,*,#4406,.T.);
#8166 = ORIENTED_EDGE('',*,*,#8143,.F.);
#8167 = PLANE('',#8168);
#8168 = AXIS2_PLACEMENT_3D('',#8169,#8170,#8171);
#8169 = CARTESIAN_POINT('',(-85.080446,41.80383139159,17.607695154587));
#8170 = DIRECTION('',(0.,0.5,0.866025403784));
#8171 = DIRECTION('',(0.,0.866025403784,-0.5));
#8172 = ADVANCED_FACE('',(#8173),#8184,.T.);
#8173 = FACE_BOUND('',#8174,.T.);
#8174 = EDGE_LOOP('',(#8175,#8176,#8182,#8183));
#8175 = ORIENTED_EDGE('',*,*,#5001,.T.);
#8176 = ORIENTED_EDGE('',*,*,#8177,.T.);
#8177 = EDGE_CURVE('',#4960,#4391,#8178,.T.);
#8178 = LINE('',#8179,#8180);
#8179 = CARTESIAN_POINT('',(-85.080446,41.80383139159,23.607695154587));
#8180 = VECTOR('',#8181,1.);
#8181 = DIRECTION('',(1.,0.,0.));
#8182 = ORIENTED_EDGE('',*,*,#4398,.T.);
#8183 = ORIENTED_EDGE('',*,*,#8160,.F.);
#8184 = PLANE('',#8185);
#8185 = AXIS2_PLACEMENT_3D('',#8186,#8187,#8188);
#8186 = CARTESIAN_POINT('',(-85.080446,41.80383139159,23.607695154587));
#8187 = DIRECTION('',(0.,1.,0.));
#8188 = DIRECTION('',(0.,0.,-1.));
#8189 = ADVANCED_FACE('',(#8190),#8201,.T.);
#8190 = FACE_BOUND('',#8191,.T.);
#8191 = EDGE_LOOP('',(#8192,#8193,#8199,#8200));
#8192 = ORIENTED_EDGE('',*,*,#4959,.T.);
#8193 = ORIENTED_EDGE('',*,*,#8194,.T.);
#8194 = EDGE_CURVE('',#4962,#4383,#8195,.T.);
#8195 = LINE('',#8196,#8197);
#8196 = CARTESIAN_POINT('',(-85.080446,46.999983814296,26.607695154587)
  );
#8197 = VECTOR('',#8198,1.);
#8198 = DIRECTION('',(1.,0.,0.));
#8199 = ORIENTED_EDGE('',*,*,#4390,.T.);
#8200 = ORIENTED_EDGE('',*,*,#8177,.F.);
#8201 = PLANE('',#8202);
#8202 = AXIS2_PLACEMENT_3D('',#8203,#8204,#8205);
#8203 = CARTESIAN_POINT('',(-85.080446,46.999983814296,26.607695154587)
  );
#8204 = DIRECTION('',(0.,0.5,-0.866025403784));
#8205 = DIRECTION('',(0.,-0.866025403784,-0.5));
#8206 = ADVANCED_FACE('',(#8207),#8213,.T.);
#8207 = FACE_BOUND('',#8208,.T.);
#8208 = EDGE_LOOP('',(#8209,#8210,#8211,#8212));
#8209 = ORIENTED_EDGE('',*,*,#4969,.T.);
#8210 = ORIENTED_EDGE('',*,*,#8128,.T.);
#8211 = ORIENTED_EDGE('',*,*,#4382,.T.);
#8212 = ORIENTED_EDGE('',*,*,#8194,.F.);
#8213 = PLANE('',#8214);
#8214 = AXIS2_PLACEMENT_3D('',#8215,#8216,#8217);
#8215 = CARTESIAN_POINT('',(-85.080446,52.196136237003,23.607695154587)
  );
#8216 = DIRECTION('',(0.,-0.5,-0.866025403784));
#8217 = DIRECTION('',(0.,-0.866025403784,0.5));
#8218 = ADVANCED_FACE('',(#8219),#8240,.F.);
#8219 = FACE_BOUND('',#8220,.F.);
#8220 = EDGE_LOOP('',(#8221,#8222,#8231,#8238,#8239));
#8221 = ORIENTED_EDGE('',*,*,#4550,.F.);
#8222 = ORIENTED_EDGE('',*,*,#8223,.T.);
#8223 = EDGE_CURVE('',#4543,#8224,#8226,.T.);
#8224 = VERTEX_POINT('',#8225);
#8225 = CARTESIAN_POINT('',(89.919554,-23.,8.));
#8226 = CIRCLE('',#8227,3.);
#8227 = AXIS2_PLACEMENT_3D('',#8228,#8229,#8230);
#8228 = CARTESIAN_POINT('',(89.919554,-26.,8.));
#8229 = DIRECTION('',(0.,-0.,1.));
#8230 = DIRECTION('',(0.,1.,0.));
#8231 = ORIENTED_EDGE('',*,*,#8232,.T.);
#8232 = EDGE_CURVE('',#8224,#5966,#8233,.T.);
#8233 = CIRCLE('',#8234,3.);
#8234 = AXIS2_PLACEMENT_3D('',#8235,#8236,#8237);
#8235 = CARTESIAN_POINT('',(89.919554,-26.,8.));
#8236 = DIRECTION('',(0.,-0.,1.));
#8237 = DIRECTION('',(0.,1.,0.));
#8238 = ORIENTED_EDGE('',*,*,#5965,.F.);
#8239 = ORIENTED_EDGE('',*,*,#4470,.T.);
#8240 = PLANE('',#8241);
#8241 = AXIS2_PLACEMENT_3D('',#8242,#8243,#8244);
#8242 = CARTESIAN_POINT('',(4.919554,29.,8.));
#8243 = DIRECTION('',(0.,0.,1.));
#8244 = DIRECTION('',(1.,0.,0.));
#8245 = ADVANCED_FACE('',(#8246),#8267,.T.);
#8246 = FACE_BOUND('',#8247,.T.);
#8247 = EDGE_LOOP('',(#8248,#8257,#8264,#8265,#8266));
#8248 = ORIENTED_EDGE('',*,*,#8249,.F.);
#8249 = EDGE_CURVE('',#8250,#4535,#8252,.T.);
#8250 = VERTEX_POINT('',#8251);
#8251 = CARTESIAN_POINT('',(89.919554,-23.,56.));
#8252 = CIRCLE('',#8253,3.);
#8253 = AXIS2_PLACEMENT_3D('',#8254,#8255,#8256);
#8254 = CARTESIAN_POINT('',(89.919554,-26.,56.));
#8255 = DIRECTION('',(0.,0.,-1.));
#8256 = DIRECTION('',(2.2E-16,1.,0.));
#8257 = ORIENTED_EDGE('',*,*,#8258,.F.);
#8258 = EDGE_CURVE('',#5974,#8250,#8259,.T.);
#8259 = CIRCLE('',#8260,3.);
#8260 = AXIS2_PLACEMENT_3D('',#8261,#8262,#8263);
#8261 = CARTESIAN_POINT('',(89.919554,-26.,56.));
#8262 = DIRECTION('',(0.,0.,-1.));
#8263 = DIRECTION('',(2.2E-16,1.,0.));
#8264 = ORIENTED_EDGE('',*,*,#5981,.F.);
#8265 = ORIENTED_EDGE('',*,*,#4444,.T.);
#8266 = ORIENTED_EDGE('',*,*,#4534,.F.);
#8267 = PLANE('',#8268);
#8268 = AXIS2_PLACEMENT_3D('',#8269,#8270,#8271);
#8269 = CARTESIAN_POINT('',(0.,0.,56.));
#8270 = DIRECTION('',(0.,0.,1.));
#8271 = DIRECTION('',(1.,0.,0.));
#8272 = ADVANCED_FACE('',(#8273),#8285,.F.);
#8273 = FACE_BOUND('',#8274,.F.);
#8274 = EDGE_LOOP('',(#8275,#8276,#8283,#8284));
#8275 = ORIENTED_EDGE('',*,*,#5423,.F.);
#8276 = ORIENTED_EDGE('',*,*,#8277,.T.);
#8277 = EDGE_CURVE('',#5416,#4503,#8278,.T.);
#8278 = CIRCLE('',#8279,3.);
#8279 = AXIS2_PLACEMENT_3D('',#8280,#8281,#8282);
#8280 = CARTESIAN_POINT('',(89.919554,84.,8.));
#8281 = DIRECTION('',(0.,-0.,1.));
#8282 = DIRECTION('',(0.,1.,0.));
#8283 = ORIENTED_EDGE('',*,*,#4502,.F.);
#8284 = ORIENTED_EDGE('',*,*,#5343,.T.);
#8285 = PLANE('',#8286);
#8286 = AXIS2_PLACEMENT_3D('',#8287,#8288,#8289);
#8287 = CARTESIAN_POINT('',(4.919554,29.,8.));
#8288 = DIRECTION('',(0.,0.,1.));
#8289 = DIRECTION('',(1.,0.,0.));
#8290 = ADVANCED_FACE('',(#8291),#8303,.T.);
#8291 = FACE_BOUND('',#8292,.F.);
#8292 = EDGE_LOOP('',(#8293,#8294,#8295,#8302));
#8293 = ORIENTED_EDGE('',*,*,#8277,.F.);
#8294 = ORIENTED_EDGE('',*,*,#5415,.F.);
#8295 = ORIENTED_EDGE('',*,*,#8296,.F.);
#8296 = EDGE_CURVE('',#4511,#5408,#8297,.T.);
#8297 = CIRCLE('',#8298,3.);
#8298 = AXIS2_PLACEMENT_3D('',#8299,#8300,#8301);
#8299 = CARTESIAN_POINT('',(89.919554,84.,56.));
#8300 = DIRECTION('',(0.,0.,-1.));
#8301 = DIRECTION('',(2.2E-16,1.,0.));
#8302 = ORIENTED_EDGE('',*,*,#4510,.T.);
#8303 = CYLINDRICAL_SURFACE('',#8304,3.);
#8304 = AXIS2_PLACEMENT_3D('',#8305,#8306,#8307);
#8305 = CARTESIAN_POINT('',(89.919554,84.,8.));
#8306 = DIRECTION('',(0.,0.,-1.));
#8307 = DIRECTION('',(2.2E-16,1.,0.));
#8308 = ADVANCED_FACE('',(#8309),#8317,.T.);
#8309 = FACE_BOUND('',#8310,.F.);
#8310 = EDGE_LOOP('',(#8311,#8312,#8313,#8314,#8315,#8316));
#8311 = ORIENTED_EDGE('',*,*,#4542,.F.);
#8312 = ORIENTED_EDGE('',*,*,#8249,.F.);
#8313 = ORIENTED_EDGE('',*,*,#8258,.F.);
#8314 = ORIENTED_EDGE('',*,*,#5973,.T.);
#8315 = ORIENTED_EDGE('',*,*,#8232,.F.);
#8316 = ORIENTED_EDGE('',*,*,#8223,.F.);
#8317 = CYLINDRICAL_SURFACE('',#8318,3.);
#8318 = AXIS2_PLACEMENT_3D('',#8319,#8320,#8321);
#8319 = CARTESIAN_POINT('',(89.919554,-26.,8.));
#8320 = DIRECTION('',(0.,0.,-1.));
#8321 = DIRECTION('',(2.2E-16,1.,0.));
#8322 = ADVANCED_FACE('',(#8323),#8329,.T.);
#8323 = FACE_BOUND('',#8324,.T.);
#8324 = EDGE_LOOP('',(#8325,#8326,#8327,#8328));
#8325 = ORIENTED_EDGE('',*,*,#8296,.F.);
#8326 = ORIENTED_EDGE('',*,*,#4518,.F.);
#8327 = ORIENTED_EDGE('',*,*,#5331,.T.);
#8328 = ORIENTED_EDGE('',*,*,#5407,.F.);
#8329 = PLANE('',#8330);
#8330 = AXIS2_PLACEMENT_3D('',#8331,#8332,#8333);
#8331 = CARTESIAN_POINT('',(0.,0.,56.));
#8332 = DIRECTION('',(0.,0.,1.));
#8333 = DIRECTION('',(1.,0.,0.));
#8334 = ADVANCED_FACE('',(#8335),#8348,.F.);
#8335 = FACE_BOUND('',#8336,.F.);
#8336 = EDGE_LOOP('',(#8337,#8338,#8345,#8346,#8347));
#8337 = ORIENTED_EDGE('',*,*,#5777,.F.);
#8338 = ORIENTED_EDGE('',*,*,#8339,.T.);
#8339 = EDGE_CURVE('',#5770,#5376,#8340,.T.);
#8340 = CIRCLE('',#8341,3.);
#8341 = AXIS2_PLACEMENT_3D('',#8342,#8343,#8344);
#8342 = CARTESIAN_POINT('',(-80.080446,84.,8.));
#8343 = DIRECTION('',(0.,-0.,1.));
#8344 = DIRECTION('',(0.,1.,0.));
#8345 = ORIENTED_EDGE('',*,*,#5375,.F.);
#8346 = ORIENTED_EDGE('',*,*,#5653,.T.);
#8347 = ORIENTED_EDGE('',*,*,#5695,.T.);
#8348 = PLANE('',#8349);
#8349 = AXIS2_PLACEMENT_3D('',#8350,#8351,#8352);
#8350 = CARTESIAN_POINT('',(4.919554,29.,8.));
#8351 = DIRECTION('',(0.,0.,1.));
#8352 = DIRECTION('',(1.,0.,0.));
#8353 = ADVANCED_FACE('',(#8354),#8366,.T.);
#8354 = FACE_BOUND('',#8355,.F.);
#8355 = EDGE_LOOP('',(#8356,#8357,#8358,#8365));
#8356 = ORIENTED_EDGE('',*,*,#8339,.F.);
#8357 = ORIENTED_EDGE('',*,*,#5769,.F.);
#8358 = ORIENTED_EDGE('',*,*,#8359,.F.);
#8359 = EDGE_CURVE('',#5384,#5762,#8360,.T.);
#8360 = CIRCLE('',#8361,3.);
#8361 = AXIS2_PLACEMENT_3D('',#8362,#8363,#8364);
#8362 = CARTESIAN_POINT('',(-80.080446,84.,56.));
#8363 = DIRECTION('',(0.,0.,-1.));
#8364 = DIRECTION('',(2.2E-16,1.,0.));
#8365 = ORIENTED_EDGE('',*,*,#5383,.T.);
#8366 = CYLINDRICAL_SURFACE('',#8367,3.);
#8367 = AXIS2_PLACEMENT_3D('',#8368,#8369,#8370);
#8368 = CARTESIAN_POINT('',(-80.080446,84.,8.));
#8369 = DIRECTION('',(0.,0.,-1.));
#8370 = DIRECTION('',(2.2E-16,1.,0.));
#8371 = ADVANCED_FACE('',(#8372),#8379,.T.);
#8372 = FACE_BOUND('',#8373,.T.);
#8373 = EDGE_LOOP('',(#8374,#8375,#8376,#8377,#8378));
#8374 = ORIENTED_EDGE('',*,*,#8359,.F.);
#8375 = ORIENTED_EDGE('',*,*,#5391,.F.);
#8376 = ORIENTED_EDGE('',*,*,#5670,.T.);
#8377 = ORIENTED_EDGE('',*,*,#5687,.T.);
#8378 = ORIENTED_EDGE('',*,*,#5761,.F.);
#8379 = PLANE('',#8380);
#8380 = AXIS2_PLACEMENT_3D('',#8381,#8382,#8383);
#8381 = CARTESIAN_POINT('',(0.,0.,56.));
#8382 = DIRECTION('',(0.,0.,1.));
#8383 = DIRECTION('',(1.,0.,0.));
#8384 = ADVANCED_FACE('',(#8385),#8397,.F.);
#8385 = FACE_BOUND('',#8386,.F.);
#8386 = EDGE_LOOP('',(#8387,#8388,#8395,#8396));
#8387 = ORIENTED_EDGE('',*,*,#6006,.F.);
#8388 = ORIENTED_EDGE('',*,*,#8389,.T.);
#8389 = EDGE_CURVE('',#5999,#5730,#8390,.T.);
#8390 = CIRCLE('',#8391,3.);
#8391 = AXIS2_PLACEMENT_3D('',#8392,#8393,#8394);
#8392 = CARTESIAN_POINT('',(-80.080446,-26.,8.));
#8393 = DIRECTION('',(0.,-0.,1.));
#8394 = DIRECTION('',(0.,1.,0.));
#8395 = ORIENTED_EDGE('',*,*,#5729,.F.);
#8396 = ORIENTED_EDGE('',*,*,#5940,.T.);
#8397 = PLANE('',#8398);
#8398 = AXIS2_PLACEMENT_3D('',#8399,#8400,#8401);
#8399 = CARTESIAN_POINT('',(4.919554,29.,8.));
#8400 = DIRECTION('',(0.,0.,1.));
#8401 = DIRECTION('',(1.,0.,0.));
#8402 = ADVANCED_FACE('',(#8403),#8415,.T.);
#8403 = FACE_BOUND('',#8404,.F.);
#8404 = EDGE_LOOP('',(#8405,#8406,#8407,#8414));
#8405 = ORIENTED_EDGE('',*,*,#8389,.F.);
#8406 = ORIENTED_EDGE('',*,*,#5998,.F.);
#8407 = ORIENTED_EDGE('',*,*,#8408,.F.);
#8408 = EDGE_CURVE('',#5738,#5991,#8409,.T.);
#8409 = CIRCLE('',#8410,3.);
#8410 = AXIS2_PLACEMENT_3D('',#8411,#8412,#8413);
#8411 = CARTESIAN_POINT('',(-80.080446,-26.,56.));
#8412 = DIRECTION('',(0.,0.,-1.));
#8413 = DIRECTION('',(2.2E-16,1.,0.));
#8414 = ORIENTED_EDGE('',*,*,#5737,.T.);
#8415 = CYLINDRICAL_SURFACE('',#8416,3.);
#8416 = AXIS2_PLACEMENT_3D('',#8417,#8418,#8419);
#8417 = CARTESIAN_POINT('',(-80.080446,-26.,8.));
#8418 = DIRECTION('',(0.,0.,-1.));
#8419 = DIRECTION('',(2.2E-16,1.,0.));
#8420 = ADVANCED_FACE('',(#8421),#8427,.T.);
#8421 = FACE_BOUND('',#8422,.T.);
#8422 = EDGE_LOOP('',(#8423,#8424,#8425,#8426));
#8423 = ORIENTED_EDGE('',*,*,#8408,.F.);
#8424 = ORIENTED_EDGE('',*,*,#5745,.F.);
#8425 = ORIENTED_EDGE('',*,*,#5928,.T.);
#8426 = ORIENTED_EDGE('',*,*,#5990,.F.);
#8427 = PLANE('',#8428);
#8428 = AXIS2_PLACEMENT_3D('',#8429,#8430,#8431);
#8429 = CARTESIAN_POINT('',(0.,0.,56.));
#8430 = DIRECTION('',(0.,0.,1.));
#8431 = DIRECTION('',(1.,0.,0.));
#8432 = ADVANCED_FACE('',(#8433),#8458,.F.);
#8433 = FACE_BOUND('',#8434,.F.);
#8434 = EDGE_LOOP('',(#8435,#8445,#8451,#8452));
#8435 = ORIENTED_EDGE('',*,*,#8436,.T.);
#8436 = EDGE_CURVE('',#8437,#8439,#8441,.T.);
#8437 = VERTEX_POINT('',#8438);
#8438 = CARTESIAN_POINT('',(-8.070827056773,-28.,27.500000000006));
#8439 = VERTEX_POINT('',#8440);
#8440 = CARTESIAN_POINT('',(0.739719070593,-28.,38.000000000011));
#8441 = LINE('',#8442,#8443);
#8442 = CARTESIAN_POINT('',(-0.981897728326,-28.,35.948256994829));
#8443 = VECTOR('',#8444,1.);
#8444 = DIRECTION('',(0.642787609687,1.7E-16,0.766044443119));
#8445 = ORIENTED_EDGE('',*,*,#8446,.T.);
#8446 = EDGE_CURVE('',#8439,#6016,#8447,.T.);
#8447 = LINE('',#8448,#8449);
#8448 = CARTESIAN_POINT('',(0.739719070593,-31.,38.000000000011));
#8449 = VECTOR('',#8450,1.);
#8450 = DIRECTION('',(0.,1.,-2.2E-16));
#8451 = ORIENTED_EDGE('',*,*,#6015,.T.);
#8452 = ORIENTED_EDGE('',*,*,#8453,.F.);
#8453 = EDGE_CURVE('',#8437,#6018,#8454,.T.);
#8454 = LINE('',#8455,#8456);
#8455 = CARTESIAN_POINT('',(-8.070827056773,-31.,27.500000000006));
#8456 = VECTOR('',#8457,1.);
#8457 = DIRECTION('',(0.,1.,-2.2E-16));
#8458 = PLANE('',#8459);
#8459 = AXIS2_PLACEMENT_3D('',#8460,#8461,#8462);
#8460 = CARTESIAN_POINT('',(0.739719070593,-31.,38.000000000011));
#8461 = DIRECTION('',(-0.766044443119,1.4E-16,0.642787609687));
#8462 = DIRECTION('',(-0.642787609687,-1.7E-16,-0.766044443119));
#8463 = ADVANCED_FACE('',(#8464),#8482,.F.);
#8464 = FACE_BOUND('',#8465,.F.);
#8465 = EDGE_LOOP('',(#8466,#8474,#8475,#8476));
#8466 = ORIENTED_EDGE('',*,*,#8467,.T.);
#8467 = EDGE_CURVE('',#8468,#8437,#8470,.T.);
#8468 = VERTEX_POINT('',#8469);
#8469 = CARTESIAN_POINT('',(-2.874674634064,-28.,27.500000000006));
#8470 = LINE('',#8471,#8472);
#8471 = CARTESIAN_POINT('',(-1.575636528388,-28.,27.500000000006));
#8472 = VECTOR('',#8473,1.);
#8473 = DIRECTION('',(-1.,0.,0.));
#8474 = ORIENTED_EDGE('',*,*,#8453,.T.);
#8475 = ORIENTED_EDGE('',*,*,#6041,.T.);
#8476 = ORIENTED_EDGE('',*,*,#8477,.F.);
#8477 = EDGE_CURVE('',#8468,#6034,#8478,.T.);
#8478 = LINE('',#8479,#8480);
#8479 = CARTESIAN_POINT('',(-2.874674634064,-31.,27.500000000006));
#8480 = VECTOR('',#8481,1.);
#8481 = DIRECTION('',(0.,1.,-2.2E-16));
#8482 = PLANE('',#8483);
#8483 = AXIS2_PLACEMENT_3D('',#8484,#8485,#8486);
#8484 = CARTESIAN_POINT('',(-8.070827056773,-31.,27.500000000006));
#8485 = DIRECTION('',(0.,-2.2E-16,-1.));
#8486 = DIRECTION('',(1.,0.,0.));
#8487 = ADVANCED_FACE('',(#8488),#8506,.F.);
#8488 = FACE_BOUND('',#8489,.F.);
#8489 = EDGE_LOOP('',(#8490,#8498,#8499,#8500));
#8490 = ORIENTED_EDGE('',*,*,#8491,.T.);
#8491 = EDGE_CURVE('',#8492,#8468,#8494,.T.);
#8492 = VERTEX_POINT('',#8493);
#8493 = CARTESIAN_POINT('',(5.935871493302,-28.,38.000000000011));
#8494 = LINE('',#8495,#8496);
#8495 = CARTESIAN_POINT('',(-1.264480875206,-28.,29.418954196897));
#8496 = VECTOR('',#8497,1.);
#8497 = DIRECTION('',(-0.642787609687,-1.7E-16,-0.766044443119));
#8498 = ORIENTED_EDGE('',*,*,#8477,.T.);
#8499 = ORIENTED_EDGE('',*,*,#6033,.T.);
#8500 = ORIENTED_EDGE('',*,*,#8501,.F.);
#8501 = EDGE_CURVE('',#8492,#6026,#8502,.T.);
#8502 = LINE('',#8503,#8504);
#8503 = CARTESIAN_POINT('',(5.935871493302,-31.,38.000000000011));
#8504 = VECTOR('',#8505,1.);
#8505 = DIRECTION('',(0.,1.,-2.2E-16));
#8506 = PLANE('',#8507);
#8507 = AXIS2_PLACEMENT_3D('',#8508,#8509,#8510);
#8508 = CARTESIAN_POINT('',(-2.874674634064,-31.,27.500000000006));
#8509 = DIRECTION('',(0.766044443119,-1.4E-16,-0.642787609687));
#8510 = DIRECTION('',(0.642787609687,1.7E-16,0.766044443119));
#8511 = ADVANCED_FACE('',(#8512),#8523,.F.);
#8512 = FACE_BOUND('',#8513,.F.);
#8513 = EDGE_LOOP('',(#8514,#8520,#8521,#8522));
#8514 = ORIENTED_EDGE('',*,*,#8515,.T.);
#8515 = EDGE_CURVE('',#8439,#8492,#8516,.T.);
#8516 = LINE('',#8517,#8518);
#8517 = CARTESIAN_POINT('',(5.427712746649,-28.,38.000000000011));
#8518 = VECTOR('',#8519,1.);
#8519 = DIRECTION('',(1.,0.,0.));
#8520 = ORIENTED_EDGE('',*,*,#8501,.T.);
#8521 = ORIENTED_EDGE('',*,*,#6025,.T.);
#8522 = ORIENTED_EDGE('',*,*,#8446,.F.);
#8523 = PLANE('',#8524);
#8524 = AXIS2_PLACEMENT_3D('',#8525,#8526,#8527);
#8525 = CARTESIAN_POINT('',(5.935871493302,-31.,38.000000000011));
#8526 = DIRECTION('',(0.,2.2E-16,1.));
#8527 = DIRECTION('',(-1.,0.,0.));
#8528 = ADVANCED_FACE('',(#8529),#8554,.F.);
#8529 = FACE_BOUND('',#8530,.F.);
#8530 = EDGE_LOOP('',(#8531,#8541,#8547,#8548));
#8531 = ORIENTED_EDGE('',*,*,#8532,.T.);
#8532 = EDGE_CURVE('',#8533,#8535,#8537,.T.);
#8533 = VERTEX_POINT('',#8534);
#8534 = CARTESIAN_POINT('',(-6.48906833872,-28.,17.000000000001));
#8535 = VERTEX_POINT('',#8536);
#8536 = CARTESIAN_POINT('',(11.132023916011,-28.,38.000000000011));
#8537 = LINE('',#8538,#8539);
#8538 = CARTESIAN_POINT('',(7.263482105279,-28.,33.389651398971));
#8539 = VECTOR('',#8540,1.);
#8540 = DIRECTION('',(0.642787609687,1.7E-16,0.766044443119));
#8541 = ORIENTED_EDGE('',*,*,#8542,.T.);
#8542 = EDGE_CURVE('',#8535,#6050,#8543,.T.);
#8543 = LINE('',#8544,#8545);
#8544 = CARTESIAN_POINT('',(11.132023916011,-31.,38.000000000011));
#8545 = VECTOR('',#8546,1.);
#8546 = DIRECTION('',(0.,1.,-2.2E-16));
#8547 = ORIENTED_EDGE('',*,*,#6049,.T.);
#8548 = ORIENTED_EDGE('',*,*,#8549,.F.);
#8549 = EDGE_CURVE('',#8533,#6052,#8550,.T.);
#8550 = LINE('',#8551,#8552);
#8551 = CARTESIAN_POINT('',(-6.48906833872,-31.,17.000000000001));
#8552 = VECTOR('',#8553,1.);
#8553 = DIRECTION('',(0.,1.,-2.2E-16));
#8554 = PLANE('',#8555);
#8555 = AXIS2_PLACEMENT_3D('',#8556,#8557,#8558);
#8556 = CARTESIAN_POINT('',(11.132023916011,-31.,38.000000000011));
#8557 = DIRECTION('',(-0.766044443119,1.4E-16,0.642787609687));
#8558 = DIRECTION('',(-0.642787609687,-1.7E-16,-0.766044443119));
#8559 = ADVANCED_FACE('',(#8560),#8578,.F.);
#8560 = FACE_BOUND('',#8561,.F.);
#8561 = EDGE_LOOP('',(#8562,#8570,#8571,#8572));
#8562 = ORIENTED_EDGE('',*,*,#8563,.T.);
#8563 = EDGE_CURVE('',#8564,#8533,#8566,.T.);
#8564 = VERTEX_POINT('',#8565);
#8565 = CARTESIAN_POINT('',(-1.292915916011,-28.,17.000000000001));
#8566 = LINE('',#8567,#8568);
#8567 = CARTESIAN_POINT('',(-0.784757169362,-28.,17.000000000001));
#8568 = VECTOR('',#8569,1.);
#8569 = DIRECTION('',(-1.,0.,0.));
#8570 = ORIENTED_EDGE('',*,*,#8549,.T.);
#8571 = ORIENTED_EDGE('',*,*,#6075,.T.);
#8572 = ORIENTED_EDGE('',*,*,#8573,.F.);
#8573 = EDGE_CURVE('',#8564,#6068,#8574,.T.);
#8574 = LINE('',#8575,#8576);
#8575 = CARTESIAN_POINT('',(-1.292915916011,-31.,17.000000000001));
#8576 = VECTOR('',#8577,1.);
#8577 = DIRECTION('',(0.,1.,-2.2E-16));
#8578 = PLANE('',#8579);
#8579 = AXIS2_PLACEMENT_3D('',#8580,#8581,#8582);
#8580 = CARTESIAN_POINT('',(-6.48906833872,-31.,17.000000000001));
#8581 = DIRECTION('',(0.,-2.2E-16,-1.));
#8582 = DIRECTION('',(1.,0.,0.));
#8583 = ADVANCED_FACE('',(#8584),#8602,.F.);
#8584 = FACE_BOUND('',#8585,.F.);
#8585 = EDGE_LOOP('',(#8586,#8594,#8595,#8596));
#8586 = ORIENTED_EDGE('',*,*,#8587,.T.);
#8587 = EDGE_CURVE('',#8588,#8564,#8590,.T.);
#8588 = VERTEX_POINT('',#8589);
#8589 = CARTESIAN_POINT('',(16.32817633872,-28.,38.000000000011));
#8590 = LINE('',#8591,#8592);
#8591 = CARTESIAN_POINT('',(2.575625894716,-28.,21.610348601036));
#8592 = VECTOR('',#8593,1.);
#8593 = DIRECTION('',(-0.642787609687,-1.7E-16,-0.766044443119));
#8594 = ORIENTED_EDGE('',*,*,#8573,.T.);
#8595 = ORIENTED_EDGE('',*,*,#6067,.T.);
#8596 = ORIENTED_EDGE('',*,*,#8597,.F.);
#8597 = EDGE_CURVE('',#8588,#6060,#8598,.T.);
#8598 = LINE('',#8599,#8600);
#8599 = CARTESIAN_POINT('',(16.32817633872,-31.,38.000000000011));
#8600 = VECTOR('',#8601,1.);
#8601 = DIRECTION('',(0.,1.,-2.2E-16));
#8602 = PLANE('',#8603);
#8603 = AXIS2_PLACEMENT_3D('',#8604,#8605,#8606);
#8604 = CARTESIAN_POINT('',(-1.292915916011,-31.,17.000000000001));
#8605 = DIRECTION('',(0.766044443119,-1.4E-16,-0.642787609687));
#8606 = DIRECTION('',(0.642787609687,1.7E-16,0.766044443119));
#8607 = ADVANCED_FACE('',(#8608),#8619,.F.);
#8608 = FACE_BOUND('',#8609,.F.);
#8609 = EDGE_LOOP('',(#8610,#8616,#8617,#8618));
#8610 = ORIENTED_EDGE('',*,*,#8611,.T.);
#8611 = EDGE_CURVE('',#8535,#8588,#8612,.T.);
#8612 = LINE('',#8613,#8614);
#8613 = CARTESIAN_POINT('',(10.623865169358,-28.,38.000000000011));
#8614 = VECTOR('',#8615,1.);
#8615 = DIRECTION('',(1.,0.,0.));
#8616 = ORIENTED_EDGE('',*,*,#8597,.T.);
#8617 = ORIENTED_EDGE('',*,*,#6059,.T.);
#8618 = ORIENTED_EDGE('',*,*,#8542,.F.);
#8619 = PLANE('',#8620);
#8620 = AXIS2_PLACEMENT_3D('',#8621,#8622,#8623);
#8621 = CARTESIAN_POINT('',(16.32817633872,-31.,38.000000000011));
#8622 = DIRECTION('',(0.,2.2E-16,1.));
#8623 = DIRECTION('',(-1.,0.,0.));
#8624 = ADVANCED_FACE('',(#8625),#8650,.F.);
#8625 = FACE_BOUND('',#8626,.F.);
#8626 = EDGE_LOOP('',(#8627,#8637,#8643,#8644));
#8627 = ORIENTED_EDGE('',*,*,#8628,.T.);
#8628 = EDGE_CURVE('',#8629,#8631,#8633,.T.);
#8629 = VERTEX_POINT('',#8630);
#8630 = CARTESIAN_POINT('',(3.903236506698,-28.,17.000000000001));
#8631 = VERTEX_POINT('',#8632);
#8632 = CARTESIAN_POINT('',(12.713782634064,-28.,27.500000000006));
#8633 = LINE('',#8634,#8635);
#8634 = CARTESIAN_POINT('',(11.103588875202,-28.,25.58104580311));
#8635 = VECTOR('',#8636,1.);
#8636 = DIRECTION('',(0.642787609687,1.7E-16,0.766044443119));
#8637 = ORIENTED_EDGE('',*,*,#8638,.T.);
#8638 = EDGE_CURVE('',#8631,#6084,#8639,.T.);
#8639 = LINE('',#8640,#8641);
#8640 = CARTESIAN_POINT('',(12.713782634064,-31.,27.500000000006));
#8641 = VECTOR('',#8642,1.);
#8642 = DIRECTION('',(0.,1.,-2.2E-16));
#8643 = ORIENTED_EDGE('',*,*,#6083,.T.);
#8644 = ORIENTED_EDGE('',*,*,#8645,.F.);
#8645 = EDGE_CURVE('',#8629,#6086,#8646,.T.);
#8646 = LINE('',#8647,#8648);
#8647 = CARTESIAN_POINT('',(3.903236506698,-31.,17.000000000001));
#8648 = VECTOR('',#8649,1.);
#8649 = DIRECTION('',(0.,1.,-2.2E-16));
#8650 = PLANE('',#8651);
#8651 = AXIS2_PLACEMENT_3D('',#8652,#8653,#8654);
#8652 = CARTESIAN_POINT('',(12.713782634064,-31.,27.500000000006));
#8653 = DIRECTION('',(-0.766044443119,1.4E-16,0.642787609687));
#8654 = DIRECTION('',(-0.642787609687,-1.7E-16,-0.766044443119));
#8655 = ADVANCED_FACE('',(#8656),#8674,.F.);
#8656 = FACE_BOUND('',#8657,.F.);
#8657 = EDGE_LOOP('',(#8658,#8666,#8667,#8668));
#8658 = ORIENTED_EDGE('',*,*,#8659,.T.);
#8659 = EDGE_CURVE('',#8660,#8629,#8662,.T.);
#8660 = VERTEX_POINT('',#8661);
#8661 = CARTESIAN_POINT('',(9.099388929407,-28.,17.000000000001));
#8662 = LINE('',#8663,#8664);
#8663 = CARTESIAN_POINT('',(4.411395253347,-28.,17.000000000001));
#8664 = VECTOR('',#8665,1.);
#8665 = DIRECTION('',(-1.,0.,0.));
#8666 = ORIENTED_EDGE('',*,*,#8645,.T.);
#8667 = ORIENTED_EDGE('',*,*,#6109,.T.);
#8668 = ORIENTED_EDGE('',*,*,#8669,.F.);
#8669 = EDGE_CURVE('',#8660,#6102,#8670,.T.);
#8670 = LINE('',#8671,#8672);
#8671 = CARTESIAN_POINT('',(9.099388929407,-31.,17.000000000001));
#8672 = VECTOR('',#8673,1.);
#8673 = DIRECTION('',(0.,1.,-2.2E-16));
#8674 = PLANE('',#8675);
#8675 = AXIS2_PLACEMENT_3D('',#8676,#8677,#8678);
#8676 = CARTESIAN_POINT('',(3.903236506698,-31.,17.000000000001));
#8677 = DIRECTION('',(0.,-2.2E-16,-1.));
#8678 = DIRECTION('',(1.,0.,0.));
#8679 = ADVANCED_FACE('',(#8680),#8698,.F.);
#8680 = FACE_BOUND('',#8681,.F.);
#8681 = EDGE_LOOP('',(#8682,#8690,#8691,#8692));
#8682 = ORIENTED_EDGE('',*,*,#8683,.T.);
#8683 = EDGE_CURVE('',#8684,#8660,#8686,.T.);
#8684 = VERTEX_POINT('',#8685);
#8685 = CARTESIAN_POINT('',(17.909935056773,-28.,27.500000000006));
#8686 = LINE('',#8687,#8688);
#8687 = CARTESIAN_POINT('',(10.821005728322,-28.,19.051743005178));
#8688 = VECTOR('',#8689,1.);
#8689 = DIRECTION('',(-0.642787609687,-1.7E-16,-0.766044443119));
#8690 = ORIENTED_EDGE('',*,*,#8669,.T.);
#8691 = ORIENTED_EDGE('',*,*,#6101,.T.);
#8692 = ORIENTED_EDGE('',*,*,#8693,.F.);
#8693 = EDGE_CURVE('',#8684,#6094,#8694,.T.);
#8694 = LINE('',#8695,#8696);
#8695 = CARTESIAN_POINT('',(17.909935056773,-31.,27.500000000006));
#8696 = VECTOR('',#8697,1.);
#8697 = DIRECTION('',(0.,1.,-2.2E-16));
#8698 = PLANE('',#8699);
#8699 = AXIS2_PLACEMENT_3D('',#8700,#8701,#8702);
#8700 = CARTESIAN_POINT('',(9.099388929407,-31.,17.000000000001));
#8701 = DIRECTION('',(0.766044443119,-1.4E-16,-0.642787609687));
#8702 = DIRECTION('',(0.642787609687,1.7E-16,0.766044443119));
#8703 = ADVANCED_FACE('',(#8704),#8715,.F.);
#8704 = FACE_BOUND('',#8705,.F.);
#8705 = EDGE_LOOP('',(#8706,#8712,#8713,#8714));
#8706 = ORIENTED_EDGE('',*,*,#8707,.T.);
#8707 = EDGE_CURVE('',#8631,#8684,#8708,.T.);
#8708 = LINE('',#8709,#8710);
#8709 = CARTESIAN_POINT('',(11.414744528385,-28.,27.500000000006));
#8710 = VECTOR('',#8711,1.);
#8711 = DIRECTION('',(1.,0.,0.));
#8712 = ORIENTED_EDGE('',*,*,#8693,.T.);
#8713 = ORIENTED_EDGE('',*,*,#6093,.T.);
#8714 = ORIENTED_EDGE('',*,*,#8638,.F.);
#8715 = PLANE('',#8716);
#8716 = AXIS2_PLACEMENT_3D('',#8717,#8718,#8719);
#8717 = CARTESIAN_POINT('',(17.909935056773,-31.,27.500000000006));
#8718 = DIRECTION('',(0.,2.2E-16,1.));
#8719 = DIRECTION('',(-1.,0.,0.));
#8720 = ADVANCED_FACE('',(#8721,#8729,#8735,#8741),#8747,.F.);
#8721 = FACE_BOUND('',#8722,.F.);
#8722 = EDGE_LOOP('',(#8723,#8724,#8725,#8726,#8727,#8728));
#8723 = ORIENTED_EDGE('',*,*,#6676,.F.);
#8724 = ORIENTED_EDGE('',*,*,#6556,.F.);
#8725 = ORIENTED_EDGE('',*,*,#6587,.F.);
#8726 = ORIENTED_EDGE('',*,*,#6611,.F.);
#8727 = ORIENTED_EDGE('',*,*,#6635,.F.);
#8728 = ORIENTED_EDGE('',*,*,#6659,.F.);
#8729 = FACE_BOUND('',#8730,.F.);
#8730 = EDGE_LOOP('',(#8731,#8732,#8733,#8734));
#8731 = ORIENTED_EDGE('',*,*,#8436,.F.);
#8732 = ORIENTED_EDGE('',*,*,#8467,.F.);
#8733 = ORIENTED_EDGE('',*,*,#8491,.F.);
#8734 = ORIENTED_EDGE('',*,*,#8515,.F.);
#8735 = FACE_BOUND('',#8736,.F.);
#8736 = EDGE_LOOP('',(#8737,#8738,#8739,#8740));
#8737 = ORIENTED_EDGE('',*,*,#8628,.F.);
#8738 = ORIENTED_EDGE('',*,*,#8659,.F.);
#8739 = ORIENTED_EDGE('',*,*,#8683,.F.);
#8740 = ORIENTED_EDGE('',*,*,#8707,.F.);
#8741 = FACE_BOUND('',#8742,.F.);
#8742 = EDGE_LOOP('',(#8743,#8744,#8745,#8746));
#8743 = ORIENTED_EDGE('',*,*,#8532,.F.);
#8744 = ORIENTED_EDGE('',*,*,#8563,.F.);
#8745 = ORIENTED_EDGE('',*,*,#8587,.F.);
#8746 = ORIENTED_EDGE('',*,*,#8611,.F.);
#8747 = PLANE('',#8748);
#8748 = AXIS2_PLACEMENT_3D('',#8749,#8750,#8751);
#8749 = CARTESIAN_POINT('',(4.919553999997,-28.,27.5));
#8750 = DIRECTION('',(0.,1.,-2.3E-16));
#8751 = DIRECTION('',(0.,2.3E-16,1.));
#8752 = ( GEOMETRIC_REPRESENTATION_CONTEXT(3) 
GLOBAL_UNCERTAINTY_ASSIGNED_CONTEXT((#8756)) 
GLOBAL_UNIT_ASSIGNED_CONTEXT((#8753,#8754,#8755)) REPRESENTATION_CONTEXT
('Context #1','3D Context with UNIT and UNCERTAINTY') );
#8753 = ( LENGTH_UNIT() NAMED_UNIT(*) SI_UNIT(.MILLI.,.METRE.) );
#8754 = ( NAMED_UNIT(*) PLANE_ANGLE_UNIT() SI_UNIT($,.RADIAN.) );
#8755 = ( NAMED_UNIT(*) SI_UNIT($,.STERADIAN.) SOLID_ANGLE_UNIT() );
#8756 = UNCERTAINTY_MEASURE_WITH_UNIT(LENGTH_MEASURE(1.E-04),#8753,
  'distance_accuracy_value','confusion accuracy');
#8757 = PRODUCT_RELATED_PRODUCT_CATEGORY('part',$,(#7));
#8758 = MECHANICAL_DESIGN_GEOMETRIC_PRESENTATION_REPRESENTATION('',(
    #8759),#8752);
#8759 = STYLED_ITEM('color',(#8760),#15);
#8760 = PRESENTATION_STYLE_ASSIGNMENT((#8761,#8769));
#8761 = SURFACE_STYLE_USAGE(.BOTH.,#8762);
#8762 = SURFACE_SIDE_STYLE('',(#8763,#8767));
#8763 = SURFACE_STYLE_FILL_AREA(#8764);
#8764 = FILL_AREA_STYLE('',(#8765));
#8765 = FILL_AREA_STYLE_COLOUR('',#8766);
#8766 = COLOUR_RGB('',1.,0.321568635616,0.109803919806);
#8767 = SURFACE_STYLE_RENDERING_WITH_PROPERTIES(.NORMAL_SHADING.,#8766,(
    #8768));
#8768 = SURFACE_STYLE_TRANSPARENT(0.699999988079);
#8769 = CURVE_STYLE('',#8770,POSITIVE_LENGTH_MEASURE(0.1),#8771);
#8770 = DRAUGHTING_PRE_DEFINED_CURVE_FONT('continuous');
#8771 = COLOUR_RGB('',9.803921802644E-02,9.803921802644E-02,
  9.803921802644E-02);
ENDSEC;
END-ISO-10303-21;
