ISO-10303-21;
HEADER;
FILE_DESCRIPTION(('FreeCAD Model'),'2;1');
FILE_NAME('Open CASCADE Shape Model','2026-05-08T14:17:40',(''),(''),
  'Open CASCADE STEP processor 7.8','FreeCAD','Unknown');
FILE_SCHEMA(('AUTOMOTIVE_DESIGN { 1 0 10303 214 1 1 1 1 }'));
ENDSEC;
DATA;
#1 = APPLICATION_PROTOCOL_DEFINITION('international standard',
  'automotive_design',2000,#2);
#2 = APPLICATION_CONTEXT(
  'core data for automotive mechanical design processes');
#3 = SHAPE_DEFINITION_REPRESENTATION(#4,#10);
#4 = PRODUCT_DEFINITION_SHAPE('','',#5);
#5 = PRODUCT_DEFINITION('design','',#6,#9);
#6 = PRODUCT_DEFINITION_FORMATION('','',#7);
#7 = PRODUCT('Wall','Wall','',(#8));
#8 = PRODUCT_CONTEXT('',#2,'mechanical');
#9 = PRODUCT_DEFINITION_CONTEXT('part definition',#2,'design');
#10 = ADVANCED_BREP_SHAPE_REPRESENTATION('',(#11,#15),#8772);
#11 = AXIS2_PLACEMENT_3D('',#12,#13,#14);
#12 = CARTESIAN_POINT('',(0.,0.,0.));
#13 = DIRECTION('',(0.,0.,1.));
#14 = DIRECTION('',(1.,0.,-0.));
#15 = MANIFOLD_SOLID_BREP('',#16);
#16 = CLOSED_SHELL('',(#17,#807,#962,#987,#1012,#1151,#1182,#1206,#1230,
    #1254,#1278,#1295,#1326,#1350,#1374,#1398,#1422,#1439,#1470,#1494,
    #1518,#1542,#1566,#1583,#1614,#1638,#1662,#1686,#1710,#1727,#1758,
    #1782,#1806,#1830,#1854,#1871,#1902,#1926,#1950,#1974,#1998,#2015,
    #2046,#2070,#2094,#2118,#2142,#2159,#2190,#2214,#2238,#2262,#2286,
    #2303,#2334,#2358,#2382,#2406,#2430,#2447,#2478,#2502,#2526,#2550,
    #2574,#2591,#2622,#2646,#2670,#2694,#2718,#2735,#2766,#2790,#2814,
    #2838,#2862,#2879,#2910,#2934,#2958,#2982,#3006,#3023,#3054,#3078,
    #3102,#3126,#3150,#3167,#3198,#3222,#3246,#3270,#3294,#3311,#3543,
    #3610,#3627,#3644,#4406,#4471,#5293,#5344,#5631,#5698,#5890,#5957,
    #6117,#6139,#6156,#6173,#6185,#6207,#6224,#6241,#6253,#6275,#6292,
    #6309,#6321,#6338,#6360,#6377,#6394,#6406,#6428,#6445,#6462,#6474,
    #6496,#6513,#6530,#6542,#6573,#6597,#6621,#6645,#6669,#6686,#6708,
    #6725,#6742,#6759,#6776,#6788,#6810,#6827,#6844,#6861,#6878,#6890,
    #6912,#6929,#6946,#6963,#6980,#6992,#7014,#7031,#7048,#7065,#7082,
    #7094,#7116,#7133,#7150,#7167,#7184,#7196,#7218,#7235,#7252,#7269,
    #7286,#7298,#7320,#7337,#7354,#7371,#7388,#7400,#7422,#7439,#7456,
    #7473,#7490,#7502,#7524,#7541,#7558,#7575,#7592,#7604,#7626,#7643,
    #7660,#7677,#7694,#7706,#7728,#7745,#7762,#7779,#7796,#7808,#7830,
    #7847,#7864,#7881,#7898,#7910,#7932,#7949,#7966,#7983,#8000,#8012,
    #8034,#8051,#8068,#8085,#8102,#8114,#8136,#8153,#8170,#8187,#8204,
    #8216,#8243,#8270,#8288,#8306,#8320,#8332,#8351,#8369,#8382,#8410,
    #8438,#8452,#8483,#8507,#8531,#8548,#8579,#8603,#8627,#8644,#8675,
    #8699,#8723,#8740));
#17 = ADVANCED_FACE('',(#18,#52,#102,#152,#202,#252,#302,#352,#402,#452,
    #502,#552,#602,#652,#702,#752),#802,.F.);
#18 = FACE_BOUND('',#19,.F.);
#19 = EDGE_LOOP('',(#20,#30,#38,#46));
#20 = ORIENTED_EDGE('',*,*,#21,.F.);
#21 = EDGE_CURVE('',#22,#24,#26,.T.);
#22 = VERTEX_POINT('',#23);
#23 = CARTESIAN_POINT('',(-85.08044599996,81.499967628592,5.));
#24 = VERTEX_POINT('',#25);
#25 = CARTESIAN_POINT('',(-85.080446,-23.5,5.));
#26 = LINE('',#27,#28);
#27 = CARTESIAN_POINT('',(-85.080446,81.499967628592,5.));
#28 = VECTOR('',#29,1.);
#29 = DIRECTION('',(0.,-1.,0.));
#30 = ORIENTED_EDGE('',*,*,#31,.T.);
#31 = EDGE_CURVE('',#22,#32,#34,.T.);
#32 = VERTEX_POINT('',#33);
#33 = CARTESIAN_POINT('',(-85.08044599996,81.499967628592,60.));
#34 = LINE('',#35,#36);
#35 = CARTESIAN_POINT('',(-85.08044599996,81.499967628592,5.));
#36 = VECTOR('',#37,1.);
#37 = DIRECTION('',(0.,0.,1.));
#38 = ORIENTED_EDGE('',*,*,#39,.T.);
#39 = EDGE_CURVE('',#32,#40,#42,.T.);
#40 = VERTEX_POINT('',#41);
#41 = CARTESIAN_POINT('',(-85.080446,-23.5,60.));
#42 = LINE('',#43,#44);
#43 = CARTESIAN_POINT('',(-85.080446,40.749983814296,60.));
#44 = VECTOR('',#45,1.);
#45 = DIRECTION('',(0.,-1.,0.));
#46 = ORIENTED_EDGE('',*,*,#47,.F.);
#47 = EDGE_CURVE('',#24,#40,#48,.T.);
#48 = LINE('',#49,#50);
#49 = CARTESIAN_POINT('',(-85.080446,-23.5,5.));
#50 = VECTOR('',#51,1.);
#51 = DIRECTION('',(0.,0.,1.));
#52 = FACE_BOUND('',#53,.F.);
#53 = EDGE_LOOP('',(#54,#64,#72,#80,#88,#96));
#54 = ORIENTED_EDGE('',*,*,#55,.F.);
#55 = EDGE_CURVE('',#56,#58,#60,.T.);
#56 = VERTEX_POINT('',#57);
#57 = CARTESIAN_POINT('',(-85.080446,64.196136237003,44.392304845413));
#58 = VERTEX_POINT('',#59);
#59 = CARTESIAN_POINT('',(-85.080446,58.999983814296,47.392304845413));
#60 = LINE('',#61,#62);
#61 = CARTESIAN_POINT('',(-85.080446,64.196136237003,44.392304845413));
#62 = VECTOR('',#63,1.);
#63 = DIRECTION('',(0.,-0.866025403784,0.5));
#64 = ORIENTED_EDGE('',*,*,#65,.F.);
#65 = EDGE_CURVE('',#66,#56,#68,.T.);
#66 = VERTEX_POINT('',#67);
#67 = CARTESIAN_POINT('',(-85.080446,64.196136237003,38.392304845413));
#68 = LINE('',#69,#70);
#69 = CARTESIAN_POINT('',(-85.080446,64.196136237003,38.392304845413));
#70 = VECTOR('',#71,1.);
#71 = DIRECTION('',(0.,0.,1.));
#72 = ORIENTED_EDGE('',*,*,#73,.F.);
#73 = EDGE_CURVE('',#74,#66,#76,.T.);
#74 = VERTEX_POINT('',#75);
#75 = CARTESIAN_POINT('',(-85.080446,58.999983814296,35.392304845413));
#76 = LINE('',#77,#78);
#77 = CARTESIAN_POINT('',(-85.080446,58.999983814296,35.392304845413));
#78 = VECTOR('',#79,1.);
#79 = DIRECTION('',(0.,0.866025403784,0.5));
#80 = ORIENTED_EDGE('',*,*,#81,.F.);
#81 = EDGE_CURVE('',#82,#74,#84,.T.);
#82 = VERTEX_POINT('',#83);
#83 = CARTESIAN_POINT('',(-85.080446,53.803831391589,38.392304845413));
#84 = LINE('',#85,#86);
#85 = CARTESIAN_POINT('',(-85.080446,53.803831391589,38.392304845413));
#86 = VECTOR('',#87,1.);
#87 = DIRECTION('',(0.,0.866025403784,-0.5));
#88 = ORIENTED_EDGE('',*,*,#89,.F.);
#89 = EDGE_CURVE('',#90,#82,#92,.T.);
#90 = VERTEX_POINT('',#91);
#91 = CARTESIAN_POINT('',(-85.080446,53.80383139159,44.392304845413));
#92 = LINE('',#93,#94);
#93 = CARTESIAN_POINT('',(-85.080446,53.80383139159,44.392304845413));
#94 = VECTOR('',#95,1.);
#95 = DIRECTION('',(0.,-1.184237892934E-15,-1.));
#96 = ORIENTED_EDGE('',*,*,#97,.F.);
#97 = EDGE_CURVE('',#58,#90,#98,.T.);
#98 = LINE('',#99,#100);
#99 = CARTESIAN_POINT('',(-85.080446,58.999983814296,47.392304845413));
#100 = VECTOR('',#101,1.);
#101 = DIRECTION('',(0.,-0.866025403784,-0.5));
#102 = FACE_BOUND('',#103,.F.);
#103 = EDGE_LOOP('',(#104,#114,#122,#130,#138,#146));
#104 = ORIENTED_EDGE('',*,*,#105,.F.);
#105 = EDGE_CURVE('',#106,#108,#110,.T.);
#106 = VERTEX_POINT('',#107);
#107 = CARTESIAN_POINT('',(-85.080446,52.196136237003,44.392304845413));
#108 = VERTEX_POINT('',#109);
#109 = CARTESIAN_POINT('',(-85.080446,46.999983814296,47.392304845413));
#110 = LINE('',#111,#112);
#111 = CARTESIAN_POINT('',(-85.080446,52.196136237003,44.392304845413));
#112 = VECTOR('',#113,1.);
#113 = DIRECTION('',(0.,-0.866025403784,0.5));
#114 = ORIENTED_EDGE('',*,*,#115,.F.);
#115 = EDGE_CURVE('',#116,#106,#118,.T.);
#116 = VERTEX_POINT('',#117);
#117 = CARTESIAN_POINT('',(-85.080446,52.196136237003,38.392304845413));
#118 = LINE('',#119,#120);
#119 = CARTESIAN_POINT('',(-85.080446,52.196136237003,38.392304845413));
#120 = VECTOR('',#121,1.);
#121 = DIRECTION('',(0.,0.,1.));
#122 = ORIENTED_EDGE('',*,*,#123,.F.);
#123 = EDGE_CURVE('',#124,#116,#126,.T.);
#124 = VERTEX_POINT('',#125);
#125 = CARTESIAN_POINT('',(-85.080446,46.999983814296,35.392304845413));
#126 = LINE('',#127,#128);
#127 = CARTESIAN_POINT('',(-85.080446,46.999983814296,35.392304845413));
#128 = VECTOR('',#129,1.);
#129 = DIRECTION('',(0.,0.866025403784,0.5));
#130 = ORIENTED_EDGE('',*,*,#131,.F.);
#131 = EDGE_CURVE('',#132,#124,#134,.T.);
#132 = VERTEX_POINT('',#133);
#133 = CARTESIAN_POINT('',(-85.080446,41.80383139159,38.392304845413));
#134 = LINE('',#135,#136);
#135 = CARTESIAN_POINT('',(-85.080446,41.80383139159,38.392304845413));
#136 = VECTOR('',#137,1.);
#137 = DIRECTION('',(0.,0.866025403784,-0.5));
#138 = ORIENTED_EDGE('',*,*,#139,.F.);
#139 = EDGE_CURVE('',#140,#132,#142,.T.);
#140 = VERTEX_POINT('',#141);
#141 = CARTESIAN_POINT('',(-85.080446,41.80383139159,44.392304845413));
#142 = LINE('',#143,#144);
#143 = CARTESIAN_POINT('',(-85.080446,41.80383139159,44.392304845413));
#144 = VECTOR('',#145,1.);
#145 = DIRECTION('',(0.,0.,-1.));
#146 = ORIENTED_EDGE('',*,*,#147,.F.);
#147 = EDGE_CURVE('',#108,#140,#148,.T.);
#148 = LINE('',#149,#150);
#149 = CARTESIAN_POINT('',(-85.080446,46.999983814296,47.392304845413));
#150 = VECTOR('',#151,1.);
#151 = DIRECTION('',(0.,-0.866025403784,-0.5));
#152 = FACE_BOUND('',#153,.F.);
#153 = EDGE_LOOP('',(#154,#164,#172,#180,#188,#196));
#154 = ORIENTED_EDGE('',*,*,#155,.F.);
#155 = EDGE_CURVE('',#156,#158,#160,.T.);
#156 = VERTEX_POINT('',#157);
#157 = CARTESIAN_POINT('',(-85.080446,40.196136237003,44.392304845413));
#158 = VERTEX_POINT('',#159);
#159 = CARTESIAN_POINT('',(-85.080446,34.999983814296,47.392304845413));
#160 = LINE('',#161,#162);
#161 = CARTESIAN_POINT('',(-85.080446,40.196136237003,44.392304845413));
#162 = VECTOR('',#163,1.);
#163 = DIRECTION('',(0.,-0.866025403784,0.5));
#164 = ORIENTED_EDGE('',*,*,#165,.F.);
#165 = EDGE_CURVE('',#166,#156,#168,.T.);
#166 = VERTEX_POINT('',#167);
#167 = CARTESIAN_POINT('',(-85.080446,40.196136237003,38.392304845413));
#168 = LINE('',#169,#170);
#169 = CARTESIAN_POINT('',(-85.080446,40.196136237003,38.392304845413));
#170 = VECTOR('',#171,1.);
#171 = DIRECTION('',(0.,0.,1.));
#172 = ORIENTED_EDGE('',*,*,#173,.F.);
#173 = EDGE_CURVE('',#174,#166,#176,.T.);
#174 = VERTEX_POINT('',#175);
#175 = CARTESIAN_POINT('',(-85.080446,34.999983814296,35.392304845413));
#176 = LINE('',#177,#178);
#177 = CARTESIAN_POINT('',(-85.080446,34.999983814296,35.392304845413));
#178 = VECTOR('',#179,1.);
#179 = DIRECTION('',(0.,0.866025403784,0.5));
#180 = ORIENTED_EDGE('',*,*,#181,.F.);
#181 = EDGE_CURVE('',#182,#174,#184,.T.);
#182 = VERTEX_POINT('',#183);
#183 = CARTESIAN_POINT('',(-85.080446,29.80383139159,38.392304845413));
#184 = LINE('',#185,#186);
#185 = CARTESIAN_POINT('',(-85.080446,29.80383139159,38.392304845413));
#186 = VECTOR('',#187,1.);
#187 = DIRECTION('',(0.,0.866025403784,-0.5));
#188 = ORIENTED_EDGE('',*,*,#189,.F.);
#189 = EDGE_CURVE('',#190,#182,#192,.T.);
#190 = VERTEX_POINT('',#191);
#191 = CARTESIAN_POINT('',(-85.080446,29.80383139159,44.392304845413));
#192 = LINE('',#193,#194);
#193 = CARTESIAN_POINT('',(-85.080446,29.80383139159,44.392304845413));
#194 = VECTOR('',#195,1.);
#195 = DIRECTION('',(0.,0.,-1.));
#196 = ORIENTED_EDGE('',*,*,#197,.F.);
#197 = EDGE_CURVE('',#158,#190,#198,.T.);
#198 = LINE('',#199,#200);
#199 = CARTESIAN_POINT('',(-85.080446,34.999983814296,47.392304845413));
#200 = VECTOR('',#201,1.);
#201 = DIRECTION('',(0.,-0.866025403784,-0.5));
#202 = FACE_BOUND('',#203,.F.);
#203 = EDGE_LOOP('',(#204,#214,#222,#230,#238,#246));
#204 = ORIENTED_EDGE('',*,*,#205,.F.);
#205 = EDGE_CURVE('',#206,#208,#210,.T.);
#206 = VERTEX_POINT('',#207);
#207 = CARTESIAN_POINT('',(-85.080446,28.196136237003,44.392304845413));
#208 = VERTEX_POINT('',#209);
#209 = CARTESIAN_POINT('',(-85.080446,22.999983814296,47.392304845413));
#210 = LINE('',#211,#212);
#211 = CARTESIAN_POINT('',(-85.080446,28.196136237003,44.392304845413));
#212 = VECTOR('',#213,1.);
#213 = DIRECTION('',(0.,-0.866025403784,0.5));
#214 = ORIENTED_EDGE('',*,*,#215,.F.);
#215 = EDGE_CURVE('',#216,#206,#218,.T.);
#216 = VERTEX_POINT('',#217);
#217 = CARTESIAN_POINT('',(-85.080446,28.196136237003,38.392304845413));
#218 = LINE('',#219,#220);
#219 = CARTESIAN_POINT('',(-85.080446,28.196136237003,38.392304845413));
#220 = VECTOR('',#221,1.);
#221 = DIRECTION('',(0.,0.,1.));
#222 = ORIENTED_EDGE('',*,*,#223,.F.);
#223 = EDGE_CURVE('',#224,#216,#226,.T.);
#224 = VERTEX_POINT('',#225);
#225 = CARTESIAN_POINT('',(-85.080446,22.999983814296,35.392304845413));
#226 = LINE('',#227,#228);
#227 = CARTESIAN_POINT('',(-85.080446,22.999983814296,35.392304845413));
#228 = VECTOR('',#229,1.);
#229 = DIRECTION('',(0.,0.866025403784,0.5));
#230 = ORIENTED_EDGE('',*,*,#231,.F.);
#231 = EDGE_CURVE('',#232,#224,#234,.T.);
#232 = VERTEX_POINT('',#233);
#233 = CARTESIAN_POINT('',(-85.080446,17.80383139159,38.392304845413));
#234 = LINE('',#235,#236);
#235 = CARTESIAN_POINT('',(-85.080446,17.80383139159,38.392304845413));
#236 = VECTOR('',#237,1.);
#237 = DIRECTION('',(0.,0.866025403784,-0.5));
#238 = ORIENTED_EDGE('',*,*,#239,.F.);
#239 = EDGE_CURVE('',#240,#232,#242,.T.);
#240 = VERTEX_POINT('',#241);
#241 = CARTESIAN_POINT('',(-85.080446,17.80383139159,44.392304845413));
#242 = LINE('',#243,#244);
#243 = CARTESIAN_POINT('',(-85.080446,17.80383139159,44.392304845413));
#244 = VECTOR('',#245,1.);
#245 = DIRECTION('',(0.,0.,-1.));
#246 = ORIENTED_EDGE('',*,*,#247,.F.);
#247 = EDGE_CURVE('',#208,#240,#248,.T.);
#248 = LINE('',#249,#250);
#249 = CARTESIAN_POINT('',(-85.080446,22.999983814296,47.392304845413));
#250 = VECTOR('',#251,1.);
#251 = DIRECTION('',(0.,-0.866025403784,-0.5));
#252 = FACE_BOUND('',#253,.F.);
#253 = EDGE_LOOP('',(#254,#264,#272,#280,#288,#296));
#254 = ORIENTED_EDGE('',*,*,#255,.F.);
#255 = EDGE_CURVE('',#256,#258,#260,.T.);
#256 = VERTEX_POINT('',#257);
#257 = CARTESIAN_POINT('',(-85.080446,16.196136237003,44.392304845413));
#258 = VERTEX_POINT('',#259);
#259 = CARTESIAN_POINT('',(-85.080446,10.999983814296,47.392304845413));
#260 = LINE('',#261,#262);
#261 = CARTESIAN_POINT('',(-85.080446,16.196136237003,44.392304845413));
#262 = VECTOR('',#263,1.);
#263 = DIRECTION('',(0.,-0.866025403784,0.5));
#264 = ORIENTED_EDGE('',*,*,#265,.F.);
#265 = EDGE_CURVE('',#266,#256,#268,.T.);
#266 = VERTEX_POINT('',#267);
#267 = CARTESIAN_POINT('',(-85.080446,16.196136237003,38.392304845413));
#268 = LINE('',#269,#270);
#269 = CARTESIAN_POINT('',(-85.080446,16.196136237003,38.392304845413));
#270 = VECTOR('',#271,1.);
#271 = DIRECTION('',(0.,0.,1.));
#272 = ORIENTED_EDGE('',*,*,#273,.F.);
#273 = EDGE_CURVE('',#274,#266,#276,.T.);
#274 = VERTEX_POINT('',#275);
#275 = CARTESIAN_POINT('',(-85.080446,10.999983814296,35.392304845413));
#276 = LINE('',#277,#278);
#277 = CARTESIAN_POINT('',(-85.080446,10.999983814296,35.392304845413));
#278 = VECTOR('',#279,1.);
#279 = DIRECTION('',(0.,0.866025403784,0.5));
#280 = ORIENTED_EDGE('',*,*,#281,.F.);
#281 = EDGE_CURVE('',#282,#274,#284,.T.);
#282 = VERTEX_POINT('',#283);
#283 = CARTESIAN_POINT('',(-85.080446,5.80383139159,38.392304845413));
#284 = LINE('',#285,#286);
#285 = CARTESIAN_POINT('',(-85.080446,5.80383139159,38.392304845413));
#286 = VECTOR('',#287,1.);
#287 = DIRECTION('',(0.,0.866025403784,-0.5));
#288 = ORIENTED_EDGE('',*,*,#289,.F.);
#289 = EDGE_CURVE('',#290,#282,#292,.T.);
#290 = VERTEX_POINT('',#291);
#291 = CARTESIAN_POINT('',(-85.080446,5.80383139159,44.392304845413));
#292 = LINE('',#293,#294);
#293 = CARTESIAN_POINT('',(-85.080446,5.80383139159,44.392304845413));
#294 = VECTOR('',#295,1.);
#295 = DIRECTION('',(0.,0.,-1.));
#296 = ORIENTED_EDGE('',*,*,#297,.F.);
#297 = EDGE_CURVE('',#258,#290,#298,.T.);
#298 = LINE('',#299,#300);
#299 = CARTESIAN_POINT('',(-85.080446,10.999983814296,47.392304845413));
#300 = VECTOR('',#301,1.);
#301 = DIRECTION('',(0.,-0.866025403784,-0.5));
#302 = FACE_BOUND('',#303,.F.);
#303 = EDGE_LOOP('',(#304,#314,#322,#330,#338,#346));
#304 = ORIENTED_EDGE('',*,*,#305,.F.);
#305 = EDGE_CURVE('',#306,#308,#310,.T.);
#306 = VERTEX_POINT('',#307);
#307 = CARTESIAN_POINT('',(-85.080446,4.196136237003,44.392304845413));
#308 = VERTEX_POINT('',#309);
#309 = CARTESIAN_POINT('',(-85.080446,-1.000016185704,47.392304845413));
#310 = LINE('',#311,#312);
#311 = CARTESIAN_POINT('',(-85.080446,4.196136237003,44.392304845413));
#312 = VECTOR('',#313,1.);
#313 = DIRECTION('',(0.,-0.866025403784,0.5));
#314 = ORIENTED_EDGE('',*,*,#315,.F.);
#315 = EDGE_CURVE('',#316,#306,#318,.T.);
#316 = VERTEX_POINT('',#317);
#317 = CARTESIAN_POINT('',(-85.080446,4.196136237003,38.392304845413));
#318 = LINE('',#319,#320);
#319 = CARTESIAN_POINT('',(-85.080446,4.196136237003,38.392304845413));
#320 = VECTOR('',#321,1.);
#321 = DIRECTION('',(0.,-2.960594732334E-16,1.));
#322 = ORIENTED_EDGE('',*,*,#323,.F.);
#323 = EDGE_CURVE('',#324,#316,#326,.T.);
#324 = VERTEX_POINT('',#325);
#325 = CARTESIAN_POINT('',(-85.080446,-1.000016185704,35.392304845413));
#326 = LINE('',#327,#328);
#327 = CARTESIAN_POINT('',(-85.080446,-1.000016185704,35.392304845413));
#328 = VECTOR('',#329,1.);
#329 = DIRECTION('',(0.,0.866025403784,0.5));
#330 = ORIENTED_EDGE('',*,*,#331,.F.);
#331 = EDGE_CURVE('',#332,#324,#334,.T.);
#332 = VERTEX_POINT('',#333);
#333 = CARTESIAN_POINT('',(-85.080446,-6.19616860841,38.392304845413));
#334 = LINE('',#335,#336);
#335 = CARTESIAN_POINT('',(-85.080446,-6.19616860841,38.392304845413));
#336 = VECTOR('',#337,1.);
#337 = DIRECTION('',(0.,0.866025403784,-0.5));
#338 = ORIENTED_EDGE('',*,*,#339,.F.);
#339 = EDGE_CURVE('',#340,#332,#342,.T.);
#340 = VERTEX_POINT('',#341);
#341 = CARTESIAN_POINT('',(-85.080446,-6.19616860841,44.392304845413));
#342 = LINE('',#343,#344);
#343 = CARTESIAN_POINT('',(-85.080446,-6.19616860841,44.392304845413));
#344 = VECTOR('',#345,1.);
#345 = DIRECTION('',(0.,2.960594732334E-16,-1.));
#346 = ORIENTED_EDGE('',*,*,#347,.F.);
#347 = EDGE_CURVE('',#308,#340,#348,.T.);
#348 = LINE('',#349,#350);
#349 = CARTESIAN_POINT('',(-85.080446,-1.000016185704,47.392304845413));
#350 = VECTOR('',#351,1.);
#351 = DIRECTION('',(0.,-0.866025403784,-0.5));
#352 = FACE_BOUND('',#353,.F.);
#353 = EDGE_LOOP('',(#354,#364,#372,#380,#388,#396));
#354 = ORIENTED_EDGE('',*,*,#355,.F.);
#355 = EDGE_CURVE('',#356,#358,#360,.T.);
#356 = VERTEX_POINT('',#357);
#357 = CARTESIAN_POINT('',(-85.080446,58.196136237003,34.));
#358 = VERTEX_POINT('',#359);
#359 = CARTESIAN_POINT('',(-85.080446,52.999983814296,37.));
#360 = LINE('',#361,#362);
#361 = CARTESIAN_POINT('',(-85.080446,58.196136237003,34.));
#362 = VECTOR('',#363,1.);
#363 = DIRECTION('',(0.,-0.866025403784,0.5));
#364 = ORIENTED_EDGE('',*,*,#365,.F.);
#365 = EDGE_CURVE('',#366,#356,#368,.T.);
#366 = VERTEX_POINT('',#367);
#367 = CARTESIAN_POINT('',(-85.080446,58.196136237003,28.));
#368 = LINE('',#369,#370);
#369 = CARTESIAN_POINT('',(-85.080446,58.196136237003,28.));
#370 = VECTOR('',#371,1.);
#371 = DIRECTION('',(0.,0.,1.));
#372 = ORIENTED_EDGE('',*,*,#373,.F.);
#373 = EDGE_CURVE('',#374,#366,#376,.T.);
#374 = VERTEX_POINT('',#375);
#375 = CARTESIAN_POINT('',(-85.080446,52.999983814296,25.));
#376 = LINE('',#377,#378);
#377 = CARTESIAN_POINT('',(-85.080446,52.999983814296,25.));
#378 = VECTOR('',#379,1.);
#379 = DIRECTION('',(0.,0.866025403784,0.5));
#380 = ORIENTED_EDGE('',*,*,#381,.F.);
#381 = EDGE_CURVE('',#382,#374,#384,.T.);
#382 = VERTEX_POINT('',#383);
#383 = CARTESIAN_POINT('',(-85.080446,47.80383139159,28.));
#384 = LINE('',#385,#386);
#385 = CARTESIAN_POINT('',(-85.080446,47.80383139159,28.));
#386 = VECTOR('',#387,1.);
#387 = DIRECTION('',(0.,0.866025403784,-0.5));
#388 = ORIENTED_EDGE('',*,*,#389,.F.);
#389 = EDGE_CURVE('',#390,#382,#392,.T.);
#390 = VERTEX_POINT('',#391);
#391 = CARTESIAN_POINT('',(-85.080446,47.80383139159,34.));
#392 = LINE('',#393,#394);
#393 = CARTESIAN_POINT('',(-85.080446,47.80383139159,34.));
#394 = VECTOR('',#395,1.);
#395 = DIRECTION('',(0.,0.,-1.));
#396 = ORIENTED_EDGE('',*,*,#397,.F.);
#397 = EDGE_CURVE('',#358,#390,#398,.T.);
#398 = LINE('',#399,#400);
#399 = CARTESIAN_POINT('',(-85.080446,52.999983814296,37.));
#400 = VECTOR('',#401,1.);
#401 = DIRECTION('',(0.,-0.866025403784,-0.5));
#402 = FACE_BOUND('',#403,.F.);
#403 = EDGE_LOOP('',(#404,#414,#422,#430,#438,#446));
#404 = ORIENTED_EDGE('',*,*,#405,.F.);
#405 = EDGE_CURVE('',#406,#408,#410,.T.);
#406 = VERTEX_POINT('',#407);
#407 = CARTESIAN_POINT('',(-85.080446,46.196136237003,34.));
#408 = VERTEX_POINT('',#409);
#409 = CARTESIAN_POINT('',(-85.080446,40.999983814296,37.));
#410 = LINE('',#411,#412);
#411 = CARTESIAN_POINT('',(-85.080446,46.196136237003,34.));
#412 = VECTOR('',#413,1.);
#413 = DIRECTION('',(0.,-0.866025403784,0.5));
#414 = ORIENTED_EDGE('',*,*,#415,.F.);
#415 = EDGE_CURVE('',#416,#406,#418,.T.);
#416 = VERTEX_POINT('',#417);
#417 = CARTESIAN_POINT('',(-85.080446,46.196136237003,28.));
#418 = LINE('',#419,#420);
#419 = CARTESIAN_POINT('',(-85.080446,46.196136237003,28.));
#420 = VECTOR('',#421,1.);
#421 = DIRECTION('',(0.,0.,1.));
#422 = ORIENTED_EDGE('',*,*,#423,.F.);
#423 = EDGE_CURVE('',#424,#416,#426,.T.);
#424 = VERTEX_POINT('',#425);
#425 = CARTESIAN_POINT('',(-85.080446,40.999983814296,25.));
#426 = LINE('',#427,#428);
#427 = CARTESIAN_POINT('',(-85.080446,40.999983814296,25.));
#428 = VECTOR('',#429,1.);
#429 = DIRECTION('',(0.,0.866025403784,0.5));
#430 = ORIENTED_EDGE('',*,*,#431,.F.);
#431 = EDGE_CURVE('',#432,#424,#434,.T.);
#432 = VERTEX_POINT('',#433);
#433 = CARTESIAN_POINT('',(-85.080446,35.80383139159,28.));
#434 = LINE('',#435,#436);
#435 = CARTESIAN_POINT('',(-85.080446,35.80383139159,28.));
#436 = VECTOR('',#437,1.);
#437 = DIRECTION('',(0.,0.866025403784,-0.5));
#438 = ORIENTED_EDGE('',*,*,#439,.F.);
#439 = EDGE_CURVE('',#440,#432,#442,.T.);
#440 = VERTEX_POINT('',#441);
#441 = CARTESIAN_POINT('',(-85.080446,35.80383139159,34.));
#442 = LINE('',#443,#444);
#443 = CARTESIAN_POINT('',(-85.080446,35.80383139159,34.));
#444 = VECTOR('',#445,1.);
#445 = DIRECTION('',(0.,0.,-1.));
#446 = ORIENTED_EDGE('',*,*,#447,.F.);
#447 = EDGE_CURVE('',#408,#440,#448,.T.);
#448 = LINE('',#449,#450);
#449 = CARTESIAN_POINT('',(-85.080446,40.999983814296,37.));
#450 = VECTOR('',#451,1.);
#451 = DIRECTION('',(0.,-0.866025403784,-0.5));
#452 = FACE_BOUND('',#453,.F.);
#453 = EDGE_LOOP('',(#454,#464,#472,#480,#488,#496));
#454 = ORIENTED_EDGE('',*,*,#455,.F.);
#455 = EDGE_CURVE('',#456,#458,#460,.T.);
#456 = VERTEX_POINT('',#457);
#457 = CARTESIAN_POINT('',(-85.080446,52.196136237003,23.607695154587));
#458 = VERTEX_POINT('',#459);
#459 = CARTESIAN_POINT('',(-85.080446,46.999983814296,26.607695154587));
#460 = LINE('',#461,#462);
#461 = CARTESIAN_POINT('',(-85.080446,52.196136237003,23.607695154587));
#462 = VECTOR('',#463,1.);
#463 = DIRECTION('',(0.,-0.866025403784,0.5));
#464 = ORIENTED_EDGE('',*,*,#465,.F.);
#465 = EDGE_CURVE('',#466,#456,#468,.T.);
#466 = VERTEX_POINT('',#467);
#467 = CARTESIAN_POINT('',(-85.080446,52.196136237003,17.607695154587));
#468 = LINE('',#469,#470);
#469 = CARTESIAN_POINT('',(-85.080446,52.196136237003,17.607695154587));
#470 = VECTOR('',#471,1.);
#471 = DIRECTION('',(0.,0.,1.));
#472 = ORIENTED_EDGE('',*,*,#473,.F.);
#473 = EDGE_CURVE('',#474,#466,#476,.T.);
#474 = VERTEX_POINT('',#475);
#475 = CARTESIAN_POINT('',(-85.080446,46.999983814296,14.607695154587));
#476 = LINE('',#477,#478);
#477 = CARTESIAN_POINT('',(-85.080446,46.999983814296,14.607695154587));
#478 = VECTOR('',#479,1.);
#479 = DIRECTION('',(0.,0.866025403784,0.5));
#480 = ORIENTED_EDGE('',*,*,#481,.F.);
#481 = EDGE_CURVE('',#482,#474,#484,.T.);
#482 = VERTEX_POINT('',#483);
#483 = CARTESIAN_POINT('',(-85.080446,41.80383139159,17.607695154587));
#484 = LINE('',#485,#486);
#485 = CARTESIAN_POINT('',(-85.080446,41.80383139159,17.607695154587));
#486 = VECTOR('',#487,1.);
#487 = DIRECTION('',(0.,0.866025403784,-0.5));
#488 = ORIENTED_EDGE('',*,*,#489,.F.);
#489 = EDGE_CURVE('',#490,#482,#492,.T.);
#490 = VERTEX_POINT('',#491);
#491 = CARTESIAN_POINT('',(-85.080446,41.80383139159,23.607695154587));
#492 = LINE('',#493,#494);
#493 = CARTESIAN_POINT('',(-85.080446,41.80383139159,23.607695154587));
#494 = VECTOR('',#495,1.);
#495 = DIRECTION('',(0.,0.,-1.));
#496 = ORIENTED_EDGE('',*,*,#497,.F.);
#497 = EDGE_CURVE('',#458,#490,#498,.T.);
#498 = LINE('',#499,#500);
#499 = CARTESIAN_POINT('',(-85.080446,46.999983814296,26.607695154587));
#500 = VECTOR('',#501,1.);
#501 = DIRECTION('',(0.,-0.866025403784,-0.5));
#502 = FACE_BOUND('',#503,.F.);
#503 = EDGE_LOOP('',(#504,#514,#522,#530,#538,#546));
#504 = ORIENTED_EDGE('',*,*,#505,.F.);
#505 = EDGE_CURVE('',#506,#508,#510,.T.);
#506 = VERTEX_POINT('',#507);
#507 = CARTESIAN_POINT('',(-85.080446,40.196136237003,23.607695154587));
#508 = VERTEX_POINT('',#509);
#509 = CARTESIAN_POINT('',(-85.080446,34.999983814296,26.607695154587));
#510 = LINE('',#511,#512);
#511 = CARTESIAN_POINT('',(-85.080446,40.196136237003,23.607695154587));
#512 = VECTOR('',#513,1.);
#513 = DIRECTION('',(0.,-0.866025403784,0.5));
#514 = ORIENTED_EDGE('',*,*,#515,.F.);
#515 = EDGE_CURVE('',#516,#506,#518,.T.);
#516 = VERTEX_POINT('',#517);
#517 = CARTESIAN_POINT('',(-85.080446,40.196136237003,17.607695154587));
#518 = LINE('',#519,#520);
#519 = CARTESIAN_POINT('',(-85.080446,40.196136237003,17.607695154587));
#520 = VECTOR('',#521,1.);
#521 = DIRECTION('',(0.,0.,1.));
#522 = ORIENTED_EDGE('',*,*,#523,.F.);
#523 = EDGE_CURVE('',#524,#516,#526,.T.);
#524 = VERTEX_POINT('',#525);
#525 = CARTESIAN_POINT('',(-85.080446,34.999983814296,14.607695154587));
#526 = LINE('',#527,#528);
#527 = CARTESIAN_POINT('',(-85.080446,34.999983814296,14.607695154587));
#528 = VECTOR('',#529,1.);
#529 = DIRECTION('',(0.,0.866025403784,0.5));
#530 = ORIENTED_EDGE('',*,*,#531,.F.);
#531 = EDGE_CURVE('',#532,#524,#534,.T.);
#532 = VERTEX_POINT('',#533);
#533 = CARTESIAN_POINT('',(-85.080446,29.80383139159,17.607695154587));
#534 = LINE('',#535,#536);
#535 = CARTESIAN_POINT('',(-85.080446,29.80383139159,17.607695154587));
#536 = VECTOR('',#537,1.);
#537 = DIRECTION('',(0.,0.866025403784,-0.5));
#538 = ORIENTED_EDGE('',*,*,#539,.F.);
#539 = EDGE_CURVE('',#540,#532,#542,.T.);
#540 = VERTEX_POINT('',#541);
#541 = CARTESIAN_POINT('',(-85.080446,29.80383139159,23.607695154587));
#542 = LINE('',#543,#544);
#543 = CARTESIAN_POINT('',(-85.080446,29.80383139159,23.607695154587));
#544 = VECTOR('',#545,1.);
#545 = DIRECTION('',(0.,0.,-1.));
#546 = ORIENTED_EDGE('',*,*,#547,.F.);
#547 = EDGE_CURVE('',#508,#540,#548,.T.);
#548 = LINE('',#549,#550);
#549 = CARTESIAN_POINT('',(-85.080446,34.999983814296,26.607695154587));
#550 = VECTOR('',#551,1.);
#551 = DIRECTION('',(0.,-0.866025403784,-0.5));
#552 = FACE_BOUND('',#553,.F.);
#553 = EDGE_LOOP('',(#554,#564,#572,#580,#588,#596));
#554 = ORIENTED_EDGE('',*,*,#555,.F.);
#555 = EDGE_CURVE('',#556,#558,#560,.T.);
#556 = VERTEX_POINT('',#557);
#557 = CARTESIAN_POINT('',(-85.080446,34.196136237003,34.));
#558 = VERTEX_POINT('',#559);
#559 = CARTESIAN_POINT('',(-85.080446,28.999983814296,37.));
#560 = LINE('',#561,#562);
#561 = CARTESIAN_POINT('',(-85.080446,34.196136237003,34.));
#562 = VECTOR('',#563,1.);
#563 = DIRECTION('',(0.,-0.866025403784,0.5));
#564 = ORIENTED_EDGE('',*,*,#565,.F.);
#565 = EDGE_CURVE('',#566,#556,#568,.T.);
#566 = VERTEX_POINT('',#567);
#567 = CARTESIAN_POINT('',(-85.080446,34.196136237003,28.));
#568 = LINE('',#569,#570);
#569 = CARTESIAN_POINT('',(-85.080446,34.196136237003,28.));
#570 = VECTOR('',#571,1.);
#571 = DIRECTION('',(0.,0.,1.));
#572 = ORIENTED_EDGE('',*,*,#573,.F.);
#573 = EDGE_CURVE('',#574,#566,#576,.T.);
#574 = VERTEX_POINT('',#575);
#575 = CARTESIAN_POINT('',(-85.080446,28.999983814296,25.));
#576 = LINE('',#577,#578);
#577 = CARTESIAN_POINT('',(-85.080446,28.999983814296,25.));
#578 = VECTOR('',#579,1.);
#579 = DIRECTION('',(0.,0.866025403784,0.5));
#580 = ORIENTED_EDGE('',*,*,#581,.F.);
#581 = EDGE_CURVE('',#582,#574,#584,.T.);
#582 = VERTEX_POINT('',#583);
#583 = CARTESIAN_POINT('',(-85.080446,23.80383139159,28.));
#584 = LINE('',#585,#586);
#585 = CARTESIAN_POINT('',(-85.080446,23.80383139159,28.));
#586 = VECTOR('',#587,1.);
#587 = DIRECTION('',(0.,0.866025403784,-0.5));
#588 = ORIENTED_EDGE('',*,*,#589,.F.);
#589 = EDGE_CURVE('',#590,#582,#592,.T.);
#590 = VERTEX_POINT('',#591);
#591 = CARTESIAN_POINT('',(-85.080446,23.80383139159,34.));
#592 = LINE('',#593,#594);
#593 = CARTESIAN_POINT('',(-85.080446,23.80383139159,34.));
#594 = VECTOR('',#595,1.);
#595 = DIRECTION('',(0.,0.,-1.));
#596 = ORIENTED_EDGE('',*,*,#597,.F.);
#597 = EDGE_CURVE('',#558,#590,#598,.T.);
#598 = LINE('',#599,#600);
#599 = CARTESIAN_POINT('',(-85.080446,28.999983814296,37.));
#600 = VECTOR('',#601,1.);
#601 = DIRECTION('',(0.,-0.866025403784,-0.5));
#602 = FACE_BOUND('',#603,.F.);
#603 = EDGE_LOOP('',(#604,#614,#622,#630,#638,#646));
#604 = ORIENTED_EDGE('',*,*,#605,.F.);
#605 = EDGE_CURVE('',#606,#608,#610,.T.);
#606 = VERTEX_POINT('',#607);
#607 = CARTESIAN_POINT('',(-85.080446,22.196136237003,34.));
#608 = VERTEX_POINT('',#609);
#609 = CARTESIAN_POINT('',(-85.080446,16.999983814296,37.));
#610 = LINE('',#611,#612);
#611 = CARTESIAN_POINT('',(-85.080446,22.196136237003,34.));
#612 = VECTOR('',#613,1.);
#613 = DIRECTION('',(0.,-0.866025403784,0.5));
#614 = ORIENTED_EDGE('',*,*,#615,.F.);
#615 = EDGE_CURVE('',#616,#606,#618,.T.);
#616 = VERTEX_POINT('',#617);
#617 = CARTESIAN_POINT('',(-85.080446,22.196136237003,28.));
#618 = LINE('',#619,#620);
#619 = CARTESIAN_POINT('',(-85.080446,22.196136237003,28.));
#620 = VECTOR('',#621,1.);
#621 = DIRECTION('',(0.,0.,1.));
#622 = ORIENTED_EDGE('',*,*,#623,.F.);
#623 = EDGE_CURVE('',#624,#616,#626,.T.);
#624 = VERTEX_POINT('',#625);
#625 = CARTESIAN_POINT('',(-85.080446,16.999983814296,25.));
#626 = LINE('',#627,#628);
#627 = CARTESIAN_POINT('',(-85.080446,16.999983814296,25.));
#628 = VECTOR('',#629,1.);
#629 = DIRECTION('',(0.,0.866025403784,0.5));
#630 = ORIENTED_EDGE('',*,*,#631,.F.);
#631 = EDGE_CURVE('',#632,#624,#634,.T.);
#632 = VERTEX_POINT('',#633);
#633 = CARTESIAN_POINT('',(-85.080446,11.80383139159,28.));
#634 = LINE('',#635,#636);
#635 = CARTESIAN_POINT('',(-85.080446,11.80383139159,28.));
#636 = VECTOR('',#637,1.);
#637 = DIRECTION('',(0.,0.866025403784,-0.5));
#638 = ORIENTED_EDGE('',*,*,#639,.F.);
#639 = EDGE_CURVE('',#640,#632,#642,.T.);
#640 = VERTEX_POINT('',#641);
#641 = CARTESIAN_POINT('',(-85.080446,11.80383139159,34.));
#642 = LINE('',#643,#644);
#643 = CARTESIAN_POINT('',(-85.080446,11.80383139159,34.));
#644 = VECTOR('',#645,1.);
#645 = DIRECTION('',(0.,0.,-1.));
#646 = ORIENTED_EDGE('',*,*,#647,.F.);
#647 = EDGE_CURVE('',#608,#640,#648,.T.);
#648 = LINE('',#649,#650);
#649 = CARTESIAN_POINT('',(-85.080446,16.999983814296,37.));
#650 = VECTOR('',#651,1.);
#651 = DIRECTION('',(0.,-0.866025403784,-0.5));
#652 = FACE_BOUND('',#653,.F.);
#653 = EDGE_LOOP('',(#654,#664,#672,#680,#688,#696));
#654 = ORIENTED_EDGE('',*,*,#655,.F.);
#655 = EDGE_CURVE('',#656,#658,#660,.T.);
#656 = VERTEX_POINT('',#657);
#657 = CARTESIAN_POINT('',(-85.080446,10.196136237003,34.));
#658 = VERTEX_POINT('',#659);
#659 = CARTESIAN_POINT('',(-85.080446,4.999983814296,37.));
#660 = LINE('',#661,#662);
#661 = CARTESIAN_POINT('',(-85.080446,10.196136237003,34.));
#662 = VECTOR('',#663,1.);
#663 = DIRECTION('',(0.,-0.866025403784,0.5));
#664 = ORIENTED_EDGE('',*,*,#665,.F.);
#665 = EDGE_CURVE('',#666,#656,#668,.T.);
#666 = VERTEX_POINT('',#667);
#667 = CARTESIAN_POINT('',(-85.080446,10.196136237003,28.));
#668 = LINE('',#669,#670);
#669 = CARTESIAN_POINT('',(-85.080446,10.196136237003,28.));
#670 = VECTOR('',#671,1.);
#671 = DIRECTION('',(0.,0.,1.));
#672 = ORIENTED_EDGE('',*,*,#673,.F.);
#673 = EDGE_CURVE('',#674,#666,#676,.T.);
#674 = VERTEX_POINT('',#675);
#675 = CARTESIAN_POINT('',(-85.080446,4.999983814296,25.));
#676 = LINE('',#677,#678);
#677 = CARTESIAN_POINT('',(-85.080446,4.999983814296,25.));
#678 = VECTOR('',#679,1.);
#679 = DIRECTION('',(0.,0.866025403784,0.5));
#680 = ORIENTED_EDGE('',*,*,#681,.F.);
#681 = EDGE_CURVE('',#682,#674,#684,.T.);
#682 = VERTEX_POINT('',#683);
#683 = CARTESIAN_POINT('',(-85.080446,-0.19616860841,28.));
#684 = LINE('',#685,#686);
#685 = CARTESIAN_POINT('',(-85.080446,-0.19616860841,28.));
#686 = VECTOR('',#687,1.);
#687 = DIRECTION('',(0.,0.866025403784,-0.5));
#688 = ORIENTED_EDGE('',*,*,#689,.F.);
#689 = EDGE_CURVE('',#690,#682,#692,.T.);
#690 = VERTEX_POINT('',#691);
#691 = CARTESIAN_POINT('',(-85.080446,-0.19616860841,34.));
#692 = LINE('',#693,#694);
#693 = CARTESIAN_POINT('',(-85.080446,-0.19616860841,34.));
#694 = VECTOR('',#695,1.);
#695 = DIRECTION('',(0.,5.088522196199E-17,-1.));
#696 = ORIENTED_EDGE('',*,*,#697,.F.);
#697 = EDGE_CURVE('',#658,#690,#698,.T.);
#698 = LINE('',#699,#700);
#699 = CARTESIAN_POINT('',(-85.080446,4.999983814296,37.));
#700 = VECTOR('',#701,1.);
#701 = DIRECTION('',(0.,-0.866025403784,-0.5));
#702 = FACE_BOUND('',#703,.F.);
#703 = EDGE_LOOP('',(#704,#714,#722,#730,#738,#746));
#704 = ORIENTED_EDGE('',*,*,#705,.F.);
#705 = EDGE_CURVE('',#706,#708,#710,.T.);
#706 = VERTEX_POINT('',#707);
#707 = CARTESIAN_POINT('',(-85.080446,28.196136237003,23.607695154587));
#708 = VERTEX_POINT('',#709);
#709 = CARTESIAN_POINT('',(-85.080446,22.999983814296,26.607695154587));
#710 = LINE('',#711,#712);
#711 = CARTESIAN_POINT('',(-85.080446,28.196136237003,23.607695154587));
#712 = VECTOR('',#713,1.);
#713 = DIRECTION('',(0.,-0.866025403784,0.5));
#714 = ORIENTED_EDGE('',*,*,#715,.F.);
#715 = EDGE_CURVE('',#716,#706,#718,.T.);
#716 = VERTEX_POINT('',#717);
#717 = CARTESIAN_POINT('',(-85.080446,28.196136237003,17.607695154587));
#718 = LINE('',#719,#720);
#719 = CARTESIAN_POINT('',(-85.080446,28.196136237003,17.607695154587));
#720 = VECTOR('',#721,1.);
#721 = DIRECTION('',(0.,0.,1.));
#722 = ORIENTED_EDGE('',*,*,#723,.F.);
#723 = EDGE_CURVE('',#724,#716,#726,.T.);
#724 = VERTEX_POINT('',#725);
#725 = CARTESIAN_POINT('',(-85.080446,22.999983814296,14.607695154587));
#726 = LINE('',#727,#728);
#727 = CARTESIAN_POINT('',(-85.080446,22.999983814296,14.607695154587));
#728 = VECTOR('',#729,1.);
#729 = DIRECTION('',(0.,0.866025403784,0.5));
#730 = ORIENTED_EDGE('',*,*,#731,.F.);
#731 = EDGE_CURVE('',#732,#724,#734,.T.);
#732 = VERTEX_POINT('',#733);
#733 = CARTESIAN_POINT('',(-85.080446,17.80383139159,17.607695154587));
#734 = LINE('',#735,#736);
#735 = CARTESIAN_POINT('',(-85.080446,17.80383139159,17.607695154587));
#736 = VECTOR('',#737,1.);
#737 = DIRECTION('',(0.,0.866025403784,-0.5));
#738 = ORIENTED_EDGE('',*,*,#739,.F.);
#739 = EDGE_CURVE('',#740,#732,#742,.T.);
#740 = VERTEX_POINT('',#741);
#741 = CARTESIAN_POINT('',(-85.080446,17.80383139159,23.607695154587));
#742 = LINE('',#743,#744);
#743 = CARTESIAN_POINT('',(-85.080446,17.80383139159,23.607695154587));
#744 = VECTOR('',#745,1.);
#745 = DIRECTION('',(0.,0.,-1.));
#746 = ORIENTED_EDGE('',*,*,#747,.F.);
#747 = EDGE_CURVE('',#708,#740,#748,.T.);
#748 = LINE('',#749,#750);
#749 = CARTESIAN_POINT('',(-85.080446,22.999983814296,26.607695154587));
#750 = VECTOR('',#751,1.);
#751 = DIRECTION('',(0.,-0.866025403784,-0.5));
#752 = FACE_BOUND('',#753,.F.);
#753 = EDGE_LOOP('',(#754,#764,#772,#780,#788,#796));
#754 = ORIENTED_EDGE('',*,*,#755,.F.);
#755 = EDGE_CURVE('',#756,#758,#760,.T.);
#756 = VERTEX_POINT('',#757);
#757 = CARTESIAN_POINT('',(-85.080446,16.196136237003,23.607695154587));
#758 = VERTEX_POINT('',#759);
#759 = CARTESIAN_POINT('',(-85.080446,10.999983814296,26.607695154587));
#760 = LINE('',#761,#762);
#761 = CARTESIAN_POINT('',(-85.080446,16.196136237003,23.607695154587));
#762 = VECTOR('',#763,1.);
#763 = DIRECTION('',(0.,-0.866025403784,0.5));
#764 = ORIENTED_EDGE('',*,*,#765,.F.);
#765 = EDGE_CURVE('',#766,#756,#768,.T.);
#766 = VERTEX_POINT('',#767);
#767 = CARTESIAN_POINT('',(-85.080446,16.196136237003,17.607695154587));
#768 = LINE('',#769,#770);
#769 = CARTESIAN_POINT('',(-85.080446,16.196136237003,17.607695154587));
#770 = VECTOR('',#771,1.);
#771 = DIRECTION('',(0.,0.,1.));
#772 = ORIENTED_EDGE('',*,*,#773,.F.);
#773 = EDGE_CURVE('',#774,#766,#776,.T.);
#774 = VERTEX_POINT('',#775);
#775 = CARTESIAN_POINT('',(-85.080446,10.999983814296,14.607695154587));
#776 = LINE('',#777,#778);
#777 = CARTESIAN_POINT('',(-85.080446,10.999983814296,14.607695154587));
#778 = VECTOR('',#779,1.);
#779 = DIRECTION('',(0.,0.866025403784,0.5));
#780 = ORIENTED_EDGE('',*,*,#781,.F.);
#781 = EDGE_CURVE('',#782,#774,#784,.T.);
#782 = VERTEX_POINT('',#783);
#783 = CARTESIAN_POINT('',(-85.080446,5.80383139159,17.607695154587));
#784 = LINE('',#785,#786);
#785 = CARTESIAN_POINT('',(-85.080446,5.80383139159,17.607695154587));
#786 = VECTOR('',#787,1.);
#787 = DIRECTION('',(0.,0.866025403784,-0.5));
#788 = ORIENTED_EDGE('',*,*,#789,.F.);
#789 = EDGE_CURVE('',#790,#782,#792,.T.);
#790 = VERTEX_POINT('',#791);
#791 = CARTESIAN_POINT('',(-85.080446,5.80383139159,23.607695154587));
#792 = LINE('',#793,#794);
#793 = CARTESIAN_POINT('',(-85.080446,5.80383139159,23.607695154587));
#794 = VECTOR('',#795,1.);
#795 = DIRECTION('',(0.,0.,-1.));
#796 = ORIENTED_EDGE('',*,*,#797,.F.);
#797 = EDGE_CURVE('',#758,#790,#798,.T.);
#798 = LINE('',#799,#800);
#799 = CARTESIAN_POINT('',(-85.080446,10.999983814296,26.607695154587));
#800 = VECTOR('',#801,1.);
#801 = DIRECTION('',(0.,-0.866025403784,-0.5));
#802 = PLANE('',#803);
#803 = AXIS2_PLACEMENT_3D('',#804,#805,#806);
#804 = CARTESIAN_POINT('',(-85.080446,81.499967628592,5.));
#805 = DIRECTION('',(1.,0.,0.));
#806 = DIRECTION('',(0.,-1.,0.));
#807 = ADVANCED_FACE('',(#808,#869),#957,.F.);
#808 = FACE_BOUND('',#809,.F.);
#809 = EDGE_LOOP('',(#810,#811,#820,#828,#837,#845,#854,#862));
#810 = ORIENTED_EDGE('',*,*,#21,.T.);
#811 = ORIENTED_EDGE('',*,*,#812,.T.);
#812 = EDGE_CURVE('',#24,#813,#815,.T.);
#813 = VERTEX_POINT('',#814);
#814 = CARTESIAN_POINT('',(-77.580446,-31.,5.));
#815 = CIRCLE('',#816,7.5);
#816 = AXIS2_PLACEMENT_3D('',#817,#818,#819);
#817 = CARTESIAN_POINT('',(-77.580446,-23.5,5.));
#818 = DIRECTION('',(0.,0.,1.));
#819 = DIRECTION('',(1.,0.,0.));
#820 = ORIENTED_EDGE('',*,*,#821,.T.);
#821 = EDGE_CURVE('',#813,#822,#824,.T.);
#822 = VERTEX_POINT('',#823);
#823 = CARTESIAN_POINT('',(87.419554,-31.,5.));
#824 = LINE('',#825,#826);
#825 = CARTESIAN_POINT('',(-77.580446,-31.,5.));
#826 = VECTOR('',#827,1.);
#827 = DIRECTION('',(1.,0.,0.));
#828 = ORIENTED_EDGE('',*,*,#829,.T.);
#829 = EDGE_CURVE('',#822,#830,#832,.T.);
#830 = VERTEX_POINT('',#831);
#831 = CARTESIAN_POINT('',(94.919554,-23.5,5.));
#832 = CIRCLE('',#833,7.5);
#833 = AXIS2_PLACEMENT_3D('',#834,#835,#836);
#834 = CARTESIAN_POINT('',(87.419554,-23.5,5.));
#835 = DIRECTION('',(0.,0.,1.));
#836 = DIRECTION('',(1.,0.,0.));
#837 = ORIENTED_EDGE('',*,*,#838,.T.);
#838 = EDGE_CURVE('',#830,#839,#841,.T.);
#839 = VERTEX_POINT('',#840);
#840 = CARTESIAN_POINT('',(94.919554,81.5,5.));
#841 = LINE('',#842,#843);
#842 = CARTESIAN_POINT('',(94.919554,-23.5,5.));
#843 = VECTOR('',#844,1.);
#844 = DIRECTION('',(1.353414734781E-16,1.,0.));
#845 = ORIENTED_EDGE('',*,*,#846,.T.);
#846 = EDGE_CURVE('',#839,#847,#849,.T.);
#847 = VERTEX_POINT('',#848);
#848 = CARTESIAN_POINT('',(87.419554,89.,5.));
#849 = CIRCLE('',#850,7.5);
#850 = AXIS2_PLACEMENT_3D('',#851,#852,#853);
#851 = CARTESIAN_POINT('',(87.419554,81.5,5.));
#852 = DIRECTION('',(0.,0.,1.));
#853 = DIRECTION('',(1.,0.,0.));
#854 = ORIENTED_EDGE('',*,*,#855,.T.);
#855 = EDGE_CURVE('',#847,#856,#858,.T.);
#856 = VERTEX_POINT('',#857);
#857 = CARTESIAN_POINT('',(-77.580446,89.,5.));
#858 = LINE('',#859,#860);
#859 = CARTESIAN_POINT('',(87.419554,89.,5.));
#860 = VECTOR('',#861,1.);
#861 = DIRECTION('',(-1.,0.,0.));
#862 = ORIENTED_EDGE('',*,*,#863,.T.);
#863 = EDGE_CURVE('',#856,#22,#864,.T.);
#864 = CIRCLE('',#865,7.5);
#865 = AXIS2_PLACEMENT_3D('',#866,#867,#868);
#866 = CARTESIAN_POINT('',(-77.580446,81.5,5.));
#867 = DIRECTION('',(0.,0.,1.));
#868 = DIRECTION('',(1.,0.,0.));
#869 = FACE_BOUND('',#870,.F.);
#870 = EDGE_LOOP('',(#871,#882,#890,#899,#907,#916,#924,#933,#942,#950)
  );
#871 = ORIENTED_EDGE('',*,*,#872,.F.);
#872 = EDGE_CURVE('',#873,#875,#877,.T.);
#873 = VERTEX_POINT('',#874);
#874 = CARTESIAN_POINT('',(88.533913353945,-26.2,5.));
#875 = VERTEX_POINT('',#876);
#876 = CARTESIAN_POINT('',(91.319554,-26.,5.));
#877 = CIRCLE('',#878,1.4);
#878 = AXIS2_PLACEMENT_3D('',#879,#880,#881);
#879 = CARTESIAN_POINT('',(89.919554,-26.,5.));
#880 = DIRECTION('',(0.,0.,1.));
#881 = DIRECTION('',(1.,0.,0.));
#882 = ORIENTED_EDGE('',*,*,#883,.T.);
#883 = EDGE_CURVE('',#873,#884,#886,.T.);
#884 = VERTEX_POINT('',#885);
#885 = CARTESIAN_POINT('',(-78.69480535394,-26.2,5.));
#886 = LINE('',#887,#888);
#887 = CARTESIAN_POINT('',(90.119554,-26.2,5.));
#888 = VECTOR('',#889,1.);
#889 = DIRECTION('',(-1.,0.,0.));
#890 = ORIENTED_EDGE('',*,*,#891,.F.);
#891 = EDGE_CURVE('',#892,#884,#894,.T.);
#892 = VERTEX_POINT('',#893);
#893 = CARTESIAN_POINT('',(-80.280446,-24.61435935394,5.));
#894 = CIRCLE('',#895,1.4);
#895 = AXIS2_PLACEMENT_3D('',#896,#897,#898);
#896 = CARTESIAN_POINT('',(-80.080446,-26.,5.));
#897 = DIRECTION('',(0.,0.,1.));
#898 = DIRECTION('',(1.,0.,0.));
#899 = ORIENTED_EDGE('',*,*,#900,.T.);
#900 = EDGE_CURVE('',#892,#901,#903,.T.);
#901 = VERTEX_POINT('',#902);
#902 = CARTESIAN_POINT('',(-80.280446,82.614359353945,5.));
#903 = LINE('',#904,#905);
#904 = CARTESIAN_POINT('',(-80.280446,-26.2,5.));
#905 = VECTOR('',#906,1.);
#906 = DIRECTION('',(0.,1.,0.));
#907 = ORIENTED_EDGE('',*,*,#908,.F.);
#908 = EDGE_CURVE('',#909,#901,#911,.T.);
#909 = VERTEX_POINT('',#910);
#910 = CARTESIAN_POINT('',(-78.69480535394,84.2,5.));
#911 = CIRCLE('',#912,1.4);
#912 = AXIS2_PLACEMENT_3D('',#913,#914,#915);
#913 = CARTESIAN_POINT('',(-80.080446,84.,5.));
#914 = DIRECTION('',(0.,0.,1.));
#915 = DIRECTION('',(1.,0.,0.));
#916 = ORIENTED_EDGE('',*,*,#917,.T.);
#917 = EDGE_CURVE('',#909,#918,#920,.T.);
#918 = VERTEX_POINT('',#919);
#919 = CARTESIAN_POINT('',(88.533913353945,84.2,5.));
#920 = LINE('',#921,#922);
#921 = CARTESIAN_POINT('',(-80.280446,84.2,5.));
#922 = VECTOR('',#923,1.);
#923 = DIRECTION('',(1.,0.,0.));
#924 = ORIENTED_EDGE('',*,*,#925,.F.);
#925 = EDGE_CURVE('',#926,#918,#928,.T.);
#926 = VERTEX_POINT('',#927);
#927 = CARTESIAN_POINT('',(91.319554,84.,5.));
#928 = CIRCLE('',#929,1.4);
#929 = AXIS2_PLACEMENT_3D('',#930,#931,#932);
#930 = CARTESIAN_POINT('',(89.919554,84.,5.));
#931 = DIRECTION('',(0.,0.,1.));
#932 = DIRECTION('',(1.,0.,0.));
#933 = ORIENTED_EDGE('',*,*,#934,.F.);
#934 = EDGE_CURVE('',#935,#926,#937,.T.);
#935 = VERTEX_POINT('',#936);
#936 = CARTESIAN_POINT('',(90.119554,82.614359353945,5.));
#937 = CIRCLE('',#938,1.4);
#938 = AXIS2_PLACEMENT_3D('',#939,#940,#941);
#939 = CARTESIAN_POINT('',(89.919554,84.,5.));
#940 = DIRECTION('',(0.,0.,1.));
#941 = DIRECTION('',(1.,0.,0.));
#942 = ORIENTED_EDGE('',*,*,#943,.T.);
#943 = EDGE_CURVE('',#935,#944,#946,.T.);
#944 = VERTEX_POINT('',#945);
#945 = CARTESIAN_POINT('',(90.119554,-24.61435935394,5.));
#946 = LINE('',#947,#948);
#947 = CARTESIAN_POINT('',(90.119554,84.2,5.));
#948 = VECTOR('',#949,1.);
#949 = DIRECTION('',(0.,-1.,0.));
#950 = ORIENTED_EDGE('',*,*,#951,.F.);
#951 = EDGE_CURVE('',#875,#944,#952,.T.);
#952 = CIRCLE('',#953,1.4);
#953 = AXIS2_PLACEMENT_3D('',#954,#955,#956);
#954 = CARTESIAN_POINT('',(89.919554,-26.,5.));
#955 = DIRECTION('',(0.,0.,1.));
#956 = DIRECTION('',(1.,0.,0.));
#957 = PLANE('',#958);
#958 = AXIS2_PLACEMENT_3D('',#959,#960,#961);
#959 = CARTESIAN_POINT('',(4.919554187092,28.999999883424,5.));
#960 = DIRECTION('',(0.,0.,1.));
#961 = DIRECTION('',(1.,0.,0.));
#962 = ADVANCED_FACE('',(#963),#982,.T.);
#963 = FACE_BOUND('',#964,.F.);
#964 = EDGE_LOOP('',(#965,#966,#974,#981));
#965 = ORIENTED_EDGE('',*,*,#863,.F.);
#966 = ORIENTED_EDGE('',*,*,#967,.T.);
#967 = EDGE_CURVE('',#856,#968,#970,.T.);
#968 = VERTEX_POINT('',#969);
#969 = CARTESIAN_POINT('',(-77.580446,89.,60.));
#970 = LINE('',#971,#972);
#971 = CARTESIAN_POINT('',(-77.580446,89.,5.));
#972 = VECTOR('',#973,1.);
#973 = DIRECTION('',(0.,0.,1.));
#974 = ORIENTED_EDGE('',*,*,#975,.F.);
#975 = EDGE_CURVE('',#32,#968,#976,.T.);
#976 = CIRCLE('',#977,7.5);
#977 = AXIS2_PLACEMENT_3D('',#978,#979,#980);
#978 = CARTESIAN_POINT('',(-77.580446,81.5,60.));
#979 = DIRECTION('',(0.,0.,-1.));
#980 = DIRECTION('',(1.,0.,0.));
#981 = ORIENTED_EDGE('',*,*,#31,.F.);
#982 = CYLINDRICAL_SURFACE('',#983,7.5);
#983 = AXIS2_PLACEMENT_3D('',#984,#985,#986);
#984 = CARTESIAN_POINT('',(-77.580446,81.5,5.));
#985 = DIRECTION('',(-0.,-0.,-1.));
#986 = DIRECTION('',(1.,0.,0.));
#987 = ADVANCED_FACE('',(#988),#1007,.T.);
#988 = FACE_BOUND('',#989,.F.);
#989 = EDGE_LOOP('',(#990,#991,#992,#1001));
#990 = ORIENTED_EDGE('',*,*,#812,.F.);
#991 = ORIENTED_EDGE('',*,*,#47,.T.);
#992 = ORIENTED_EDGE('',*,*,#993,.F.);
#993 = EDGE_CURVE('',#994,#40,#996,.T.);
#994 = VERTEX_POINT('',#995);
#995 = CARTESIAN_POINT('',(-77.580446,-31.,60.));
#996 = CIRCLE('',#997,7.5);
#997 = AXIS2_PLACEMENT_3D('',#998,#999,#1000);
#998 = CARTESIAN_POINT('',(-77.580446,-23.5,60.));
#999 = DIRECTION('',(0.,0.,-1.));
#1000 = DIRECTION('',(1.,0.,0.));
#1001 = ORIENTED_EDGE('',*,*,#1002,.F.);
#1002 = EDGE_CURVE('',#813,#994,#1003,.T.);
#1003 = LINE('',#1004,#1005);
#1004 = CARTESIAN_POINT('',(-77.580446,-31.,5.));
#1005 = VECTOR('',#1006,1.);
#1006 = DIRECTION('',(0.,0.,1.));
#1007 = CYLINDRICAL_SURFACE('',#1008,7.5);
#1008 = AXIS2_PLACEMENT_3D('',#1009,#1010,#1011);
#1009 = CARTESIAN_POINT('',(-77.580446,-23.5,5.));
#1010 = DIRECTION('',(-0.,-0.,-1.));
#1011 = DIRECTION('',(1.,0.,0.));
#1012 = ADVANCED_FACE('',(#1013,#1058),#1146,.T.);
#1013 = FACE_BOUND('',#1014,.T.);
#1014 = EDGE_LOOP('',(#1015,#1016,#1017,#1018,#1026,#1035,#1043,#1052));
#1015 = ORIENTED_EDGE('',*,*,#975,.F.);
#1016 = ORIENTED_EDGE('',*,*,#39,.T.);
#1017 = ORIENTED_EDGE('',*,*,#993,.F.);
#1018 = ORIENTED_EDGE('',*,*,#1019,.T.);
#1019 = EDGE_CURVE('',#994,#1020,#1022,.T.);
#1020 = VERTEX_POINT('',#1021);
#1021 = CARTESIAN_POINT('',(87.419554,-31.,60.));
#1022 = LINE('',#1023,#1024);
#1023 = CARTESIAN_POINT('',(-38.790223,-31.,60.));
#1024 = VECTOR('',#1025,1.);
#1025 = DIRECTION('',(1.,0.,0.));
#1026 = ORIENTED_EDGE('',*,*,#1027,.F.);
#1027 = EDGE_CURVE('',#1028,#1020,#1030,.T.);
#1028 = VERTEX_POINT('',#1029);
#1029 = CARTESIAN_POINT('',(94.919554,-23.5,60.));
#1030 = CIRCLE('',#1031,7.5);
#1031 = AXIS2_PLACEMENT_3D('',#1032,#1033,#1034);
#1032 = CARTESIAN_POINT('',(87.419554,-23.5,60.));
#1033 = DIRECTION('',(0.,0.,-1.));
#1034 = DIRECTION('',(1.,0.,0.));
#1035 = ORIENTED_EDGE('',*,*,#1036,.T.);
#1036 = EDGE_CURVE('',#1028,#1037,#1039,.T.);
#1037 = VERTEX_POINT('',#1038);
#1038 = CARTESIAN_POINT('',(94.919554,81.5,60.));
#1039 = LINE('',#1040,#1041);
#1040 = CARTESIAN_POINT('',(94.919554,-11.75,60.));
#1041 = VECTOR('',#1042,1.);
#1042 = DIRECTION('',(1.353414734781E-16,1.,0.));
#1043 = ORIENTED_EDGE('',*,*,#1044,.F.);
#1044 = EDGE_CURVE('',#1045,#1037,#1047,.T.);
#1045 = VERTEX_POINT('',#1046);
#1046 = CARTESIAN_POINT('',(87.419554,89.,60.));
#1047 = CIRCLE('',#1048,7.5);
#1048 = AXIS2_PLACEMENT_3D('',#1049,#1050,#1051);
#1049 = CARTESIAN_POINT('',(87.419554,81.5,60.));
#1050 = DIRECTION('',(0.,0.,-1.));
#1051 = DIRECTION('',(1.,0.,0.));
#1052 = ORIENTED_EDGE('',*,*,#1053,.T.);
#1053 = EDGE_CURVE('',#1045,#968,#1054,.T.);
#1054 = LINE('',#1055,#1056);
#1055 = CARTESIAN_POINT('',(43.709777,89.,60.));
#1056 = VECTOR('',#1057,1.);
#1057 = DIRECTION('',(-1.,0.,0.));
#1058 = FACE_BOUND('',#1059,.T.);
#1059 = EDGE_LOOP('',(#1060,#1070,#1079,#1087,#1096,#1105,#1113,#1122,
    #1131,#1139));
#1060 = ORIENTED_EDGE('',*,*,#1061,.F.);
#1061 = EDGE_CURVE('',#1062,#1064,#1066,.T.);
#1062 = VERTEX_POINT('',#1063);
#1063 = CARTESIAN_POINT('',(-80.280446,82.614359353947,60.));
#1064 = VERTEX_POINT('',#1065);
#1065 = CARTESIAN_POINT('',(-80.280446,-24.61435935394,60.));
#1066 = LINE('',#1067,#1068);
#1067 = CARTESIAN_POINT('',(-80.280446,-13.1,60.));
#1068 = VECTOR('',#1069,1.);
#1069 = DIRECTION('',(0.,-1.,0.));
#1070 = ORIENTED_EDGE('',*,*,#1071,.T.);
#1071 = EDGE_CURVE('',#1062,#1072,#1074,.T.);
#1072 = VERTEX_POINT('',#1073);
#1073 = CARTESIAN_POINT('',(-78.69480535394,84.2,60.));
#1074 = CIRCLE('',#1075,1.4);
#1075 = AXIS2_PLACEMENT_3D('',#1076,#1077,#1078);
#1076 = CARTESIAN_POINT('',(-80.080446,84.,60.));
#1077 = DIRECTION('',(0.,0.,-1.));
#1078 = DIRECTION('',(1.,0.,0.));
#1079 = ORIENTED_EDGE('',*,*,#1080,.F.);
#1080 = EDGE_CURVE('',#1081,#1072,#1083,.T.);
#1081 = VERTEX_POINT('',#1082);
#1082 = CARTESIAN_POINT('',(88.533913353944,84.2,60.));
#1083 = LINE('',#1084,#1085);
#1084 = CARTESIAN_POINT('',(-40.140223,84.2,60.));
#1085 = VECTOR('',#1086,1.);
#1086 = DIRECTION('',(-1.,0.,0.));
#1087 = ORIENTED_EDGE('',*,*,#1088,.T.);
#1088 = EDGE_CURVE('',#1081,#1089,#1091,.T.);
#1089 = VERTEX_POINT('',#1090);
#1090 = CARTESIAN_POINT('',(91.319554,84.,60.));
#1091 = CIRCLE('',#1092,1.4);
#1092 = AXIS2_PLACEMENT_3D('',#1093,#1094,#1095);
#1093 = CARTESIAN_POINT('',(89.919554,84.,60.));
#1094 = DIRECTION('',(0.,0.,-1.));
#1095 = DIRECTION('',(1.,0.,0.));
#1096 = ORIENTED_EDGE('',*,*,#1097,.T.);
#1097 = EDGE_CURVE('',#1089,#1098,#1100,.T.);
#1098 = VERTEX_POINT('',#1099);
#1099 = CARTESIAN_POINT('',(90.119554,82.614359353944,60.));
#1100 = CIRCLE('',#1101,1.4);
#1101 = AXIS2_PLACEMENT_3D('',#1102,#1103,#1104);
#1102 = CARTESIAN_POINT('',(89.919554,84.,60.));
#1103 = DIRECTION('',(0.,0.,-1.));
#1104 = DIRECTION('',(1.,0.,0.));
#1105 = ORIENTED_EDGE('',*,*,#1106,.F.);
#1106 = EDGE_CURVE('',#1107,#1098,#1109,.T.);
#1107 = VERTEX_POINT('',#1108);
#1108 = CARTESIAN_POINT('',(90.119554,-24.61435935394,60.));
#1109 = LINE('',#1110,#1111);
#1110 = CARTESIAN_POINT('',(90.119554,42.1,60.));
#1111 = VECTOR('',#1112,1.);
#1112 = DIRECTION('',(0.,1.,0.));
#1113 = ORIENTED_EDGE('',*,*,#1114,.T.);
#1114 = EDGE_CURVE('',#1107,#1115,#1117,.T.);
#1115 = VERTEX_POINT('',#1116);
#1116 = CARTESIAN_POINT('',(91.319554,-26.,60.));
#1117 = CIRCLE('',#1118,1.4);
#1118 = AXIS2_PLACEMENT_3D('',#1119,#1120,#1121);
#1119 = CARTESIAN_POINT('',(89.919554,-26.,60.));
#1120 = DIRECTION('',(0.,0.,-1.));
#1121 = DIRECTION('',(1.,0.,0.));
#1122 = ORIENTED_EDGE('',*,*,#1123,.T.);
#1123 = EDGE_CURVE('',#1115,#1124,#1126,.T.);
#1124 = VERTEX_POINT('',#1125);
#1125 = CARTESIAN_POINT('',(88.533913353945,-26.2,60.));
#1126 = CIRCLE('',#1127,1.4);
#1127 = AXIS2_PLACEMENT_3D('',#1128,#1129,#1130);
#1128 = CARTESIAN_POINT('',(89.919554,-26.,60.));
#1129 = DIRECTION('',(0.,0.,-1.));
#1130 = DIRECTION('',(1.,0.,0.));
#1131 = ORIENTED_EDGE('',*,*,#1132,.F.);
#1132 = EDGE_CURVE('',#1133,#1124,#1135,.T.);
#1133 = VERTEX_POINT('',#1134);
#1134 = CARTESIAN_POINT('',(-78.69480535394,-26.2,60.));
#1135 = LINE('',#1136,#1137);
#1136 = CARTESIAN_POINT('',(45.059777,-26.2,60.));
#1137 = VECTOR('',#1138,1.);
#1138 = DIRECTION('',(1.,0.,0.));
#1139 = ORIENTED_EDGE('',*,*,#1140,.T.);
#1140 = EDGE_CURVE('',#1133,#1064,#1141,.T.);
#1141 = CIRCLE('',#1142,1.4);
#1142 = AXIS2_PLACEMENT_3D('',#1143,#1144,#1145);
#1143 = CARTESIAN_POINT('',(-80.080446,-26.,60.));
#1144 = DIRECTION('',(0.,0.,-1.));
#1145 = DIRECTION('',(1.,0.,0.));
#1146 = PLANE('',#1147);
#1147 = AXIS2_PLACEMENT_3D('',#1148,#1149,#1150);
#1148 = CARTESIAN_POINT('',(0.,0.,60.));
#1149 = DIRECTION('',(0.,0.,1.));
#1150 = DIRECTION('',(1.,0.,0.));
#1151 = ADVANCED_FACE('',(#1152),#1177,.T.);
#1152 = FACE_BOUND('',#1153,.T.);
#1153 = EDGE_LOOP('',(#1154,#1155,#1163,#1171));
#1154 = ORIENTED_EDGE('',*,*,#55,.F.);
#1155 = ORIENTED_EDGE('',*,*,#1156,.T.);
#1156 = EDGE_CURVE('',#56,#1157,#1159,.T.);
#1157 = VERTEX_POINT('',#1158);
#1158 = CARTESIAN_POINT('',(-80.280446,64.196136237003,44.392304845413)
  );
#1159 = LINE('',#1160,#1161);
#1160 = CARTESIAN_POINT('',(-85.080446,64.196136237003,44.392304845413)
  );
#1161 = VECTOR('',#1162,1.);
#1162 = DIRECTION('',(1.,0.,0.));
#1163 = ORIENTED_EDGE('',*,*,#1164,.T.);
#1164 = EDGE_CURVE('',#1157,#1165,#1167,.T.);
#1165 = VERTEX_POINT('',#1166);
#1166 = CARTESIAN_POINT('',(-80.280446,58.999983814296,47.392304845413)
  );
#1167 = LINE('',#1168,#1169);
#1168 = CARTESIAN_POINT('',(-80.280446,38.826269325564,59.039604336037)
  );
#1169 = VECTOR('',#1170,1.);
#1170 = DIRECTION('',(0.,-0.866025403784,0.5));
#1171 = ORIENTED_EDGE('',*,*,#1172,.F.);
#1172 = EDGE_CURVE('',#58,#1165,#1173,.T.);
#1173 = LINE('',#1174,#1175);
#1174 = CARTESIAN_POINT('',(-85.080446,58.999983814296,47.392304845413)
  );
#1175 = VECTOR('',#1176,1.);
#1176 = DIRECTION('',(1.,0.,0.));
#1177 = PLANE('',#1178);
#1178 = AXIS2_PLACEMENT_3D('',#1179,#1180,#1181);
#1179 = CARTESIAN_POINT('',(-85.080446,64.196136237003,44.392304845413)
  );
#1180 = DIRECTION('',(0.,-0.5,-0.866025403784));
#1181 = DIRECTION('',(0.,-0.866025403784,0.5));
#1182 = ADVANCED_FACE('',(#1183),#1201,.T.);
#1183 = FACE_BOUND('',#1184,.T.);
#1184 = EDGE_LOOP('',(#1185,#1186,#1187,#1195));
#1185 = ORIENTED_EDGE('',*,*,#97,.F.);
#1186 = ORIENTED_EDGE('',*,*,#1172,.T.);
#1187 = ORIENTED_EDGE('',*,*,#1188,.T.);
#1188 = EDGE_CURVE('',#1165,#1189,#1191,.T.);
#1189 = VERTEX_POINT('',#1190);
#1190 = CARTESIAN_POINT('',(-80.280446,53.80383139159,44.392304845413));
#1191 = LINE('',#1192,#1193);
#1192 = CARTESIAN_POINT('',(-80.280446,17.87178665366,23.646929143436));
#1193 = VECTOR('',#1194,1.);
#1194 = DIRECTION('',(-0.,-0.866025403784,-0.5));
#1195 = ORIENTED_EDGE('',*,*,#1196,.F.);
#1196 = EDGE_CURVE('',#90,#1189,#1197,.T.);
#1197 = LINE('',#1198,#1199);
#1198 = CARTESIAN_POINT('',(-85.080446,53.80383139159,44.392304845413));
#1199 = VECTOR('',#1200,1.);
#1200 = DIRECTION('',(1.,0.,0.));
#1201 = PLANE('',#1202);
#1202 = AXIS2_PLACEMENT_3D('',#1203,#1204,#1205);
#1203 = CARTESIAN_POINT('',(-85.080446,58.999983814296,47.392304845413)
  );
#1204 = DIRECTION('',(0.,0.5,-0.866025403784));
#1205 = DIRECTION('',(0.,-0.866025403784,-0.5));
#1206 = ADVANCED_FACE('',(#1207),#1225,.T.);
#1207 = FACE_BOUND('',#1208,.T.);
#1208 = EDGE_LOOP('',(#1209,#1210,#1211,#1219));
#1209 = ORIENTED_EDGE('',*,*,#89,.F.);
#1210 = ORIENTED_EDGE('',*,*,#1196,.T.);
#1211 = ORIENTED_EDGE('',*,*,#1212,.T.);
#1212 = EDGE_CURVE('',#1189,#1213,#1215,.T.);
#1213 = VERTEX_POINT('',#1214);
#1214 = CARTESIAN_POINT('',(-80.280446,53.803831391589,38.392304845413)
  );
#1215 = LINE('',#1216,#1217);
#1216 = CARTESIAN_POINT('',(-80.280446,53.803831391589,24.696152422707)
  );
#1217 = VECTOR('',#1218,1.);
#1218 = DIRECTION('',(-0.,-1.184237892934E-15,-1.));
#1219 = ORIENTED_EDGE('',*,*,#1220,.F.);
#1220 = EDGE_CURVE('',#82,#1213,#1221,.T.);
#1221 = LINE('',#1222,#1223);
#1222 = CARTESIAN_POINT('',(-85.080446,53.803831391589,38.392304845413)
  );
#1223 = VECTOR('',#1224,1.);
#1224 = DIRECTION('',(1.,0.,0.));
#1225 = PLANE('',#1226);
#1226 = AXIS2_PLACEMENT_3D('',#1227,#1228,#1229);
#1227 = CARTESIAN_POINT('',(-85.080446,53.80383139159,44.392304845413));
#1228 = DIRECTION('',(0.,1.,-1.184237892934E-15));
#1229 = DIRECTION('',(0.,-1.184237892934E-15,-1.));
#1230 = ADVANCED_FACE('',(#1231),#1249,.T.);
#1231 = FACE_BOUND('',#1232,.T.);
#1232 = EDGE_LOOP('',(#1233,#1234,#1235,#1243));
#1233 = ORIENTED_EDGE('',*,*,#81,.F.);
#1234 = ORIENTED_EDGE('',*,*,#1220,.T.);
#1235 = ORIENTED_EDGE('',*,*,#1236,.T.);
#1236 = EDGE_CURVE('',#1213,#1237,#1239,.T.);
#1237 = VERTEX_POINT('',#1238);
#1238 = CARTESIAN_POINT('',(-80.280446,58.999983814296,35.392304845413)
  );
#1239 = LINE('',#1240,#1241);
#1240 = CARTESIAN_POINT('',(-80.280446,31.032040691504,51.539604336037)
  );
#1241 = VECTOR('',#1242,1.);
#1242 = DIRECTION('',(0.,0.866025403784,-0.5));
#1243 = ORIENTED_EDGE('',*,*,#1244,.F.);
#1244 = EDGE_CURVE('',#74,#1237,#1245,.T.);
#1245 = LINE('',#1246,#1247);
#1246 = CARTESIAN_POINT('',(-85.080446,58.999983814296,35.392304845413)
  );
#1247 = VECTOR('',#1248,1.);
#1248 = DIRECTION('',(1.,0.,0.));
#1249 = PLANE('',#1250);
#1250 = AXIS2_PLACEMENT_3D('',#1251,#1252,#1253);
#1251 = CARTESIAN_POINT('',(-85.080446,53.803831391589,38.392304845413)
  );
#1252 = DIRECTION('',(0.,0.5,0.866025403784));
#1253 = DIRECTION('',(0.,0.866025403784,-0.5));
#1254 = ADVANCED_FACE('',(#1255),#1273,.T.);
#1255 = FACE_BOUND('',#1256,.T.);
#1256 = EDGE_LOOP('',(#1257,#1258,#1259,#1267));
#1257 = ORIENTED_EDGE('',*,*,#73,.F.);
#1258 = ORIENTED_EDGE('',*,*,#1244,.T.);
#1259 = ORIENTED_EDGE('',*,*,#1260,.T.);
#1260 = EDGE_CURVE('',#1237,#1261,#1263,.T.);
#1261 = VERTEX_POINT('',#1262);
#1262 = CARTESIAN_POINT('',(-80.280446,64.196136237003,38.392304845413)
  );
#1263 = LINE('',#1264,#1265);
#1264 = CARTESIAN_POINT('',(-80.280446,20.469862865013,13.146929143436)
  );
#1265 = VECTOR('',#1266,1.);
#1266 = DIRECTION('',(0.,0.866025403784,0.5));
#1267 = ORIENTED_EDGE('',*,*,#1268,.F.);
#1268 = EDGE_CURVE('',#66,#1261,#1269,.T.);
#1269 = LINE('',#1270,#1271);
#1270 = CARTESIAN_POINT('',(-85.080446,64.196136237003,38.392304845413)
  );
#1271 = VECTOR('',#1272,1.);
#1272 = DIRECTION('',(1.,0.,0.));
#1273 = PLANE('',#1274);
#1274 = AXIS2_PLACEMENT_3D('',#1275,#1276,#1277);
#1275 = CARTESIAN_POINT('',(-85.080446,58.999983814296,35.392304845413)
  );
#1276 = DIRECTION('',(0.,-0.5,0.866025403784));
#1277 = DIRECTION('',(0.,0.866025403784,0.5));
#1278 = ADVANCED_FACE('',(#1279),#1290,.T.);
#1279 = FACE_BOUND('',#1280,.T.);
#1280 = EDGE_LOOP('',(#1281,#1282,#1283,#1289));
#1281 = ORIENTED_EDGE('',*,*,#65,.F.);
#1282 = ORIENTED_EDGE('',*,*,#1268,.T.);
#1283 = ORIENTED_EDGE('',*,*,#1284,.T.);
#1284 = EDGE_CURVE('',#1261,#1157,#1285,.T.);
#1285 = LINE('',#1286,#1287);
#1286 = CARTESIAN_POINT('',(-80.280446,64.196136237003,21.696152422707)
  );
#1287 = VECTOR('',#1288,1.);
#1288 = DIRECTION('',(0.,0.,1.));
#1289 = ORIENTED_EDGE('',*,*,#1156,.F.);
#1290 = PLANE('',#1291);
#1291 = AXIS2_PLACEMENT_3D('',#1292,#1293,#1294);
#1292 = CARTESIAN_POINT('',(-85.080446,64.196136237003,38.392304845413)
  );
#1293 = DIRECTION('',(0.,-1.,0.));
#1294 = DIRECTION('',(0.,0.,1.));
#1295 = ADVANCED_FACE('',(#1296),#1321,.T.);
#1296 = FACE_BOUND('',#1297,.T.);
#1297 = EDGE_LOOP('',(#1298,#1299,#1307,#1315));
#1298 = ORIENTED_EDGE('',*,*,#105,.F.);
#1299 = ORIENTED_EDGE('',*,*,#1300,.T.);
#1300 = EDGE_CURVE('',#106,#1301,#1303,.T.);
#1301 = VERTEX_POINT('',#1302);
#1302 = CARTESIAN_POINT('',(-80.280446,52.196136237003,44.392304845413)
  );
#1303 = LINE('',#1304,#1305);
#1304 = CARTESIAN_POINT('',(-85.080446,52.196136237003,44.392304845413)
  );
#1305 = VECTOR('',#1306,1.);
#1306 = DIRECTION('',(1.,0.,0.));
#1307 = ORIENTED_EDGE('',*,*,#1308,.T.);
#1308 = EDGE_CURVE('',#1301,#1309,#1311,.T.);
#1309 = VERTEX_POINT('',#1310);
#1310 = CARTESIAN_POINT('',(-80.280446,46.999983814296,47.392304845413)
  );
#1311 = LINE('',#1312,#1313);
#1312 = CARTESIAN_POINT('',(-80.280446,31.326269325564,56.441528124684)
  );
#1313 = VECTOR('',#1314,1.);
#1314 = DIRECTION('',(0.,-0.866025403784,0.5));
#1315 = ORIENTED_EDGE('',*,*,#1316,.F.);
#1316 = EDGE_CURVE('',#108,#1309,#1317,.T.);
#1317 = LINE('',#1318,#1319);
#1318 = CARTESIAN_POINT('',(-85.080446,46.999983814296,47.392304845413)
  );
#1319 = VECTOR('',#1320,1.);
#1320 = DIRECTION('',(1.,0.,0.));
#1321 = PLANE('',#1322);
#1322 = AXIS2_PLACEMENT_3D('',#1323,#1324,#1325);
#1323 = CARTESIAN_POINT('',(-85.080446,52.196136237003,44.392304845413)
  );
#1324 = DIRECTION('',(0.,-0.5,-0.866025403784));
#1325 = DIRECTION('',(0.,-0.866025403784,0.5));
#1326 = ADVANCED_FACE('',(#1327),#1345,.T.);
#1327 = FACE_BOUND('',#1328,.T.);
#1328 = EDGE_LOOP('',(#1329,#1330,#1331,#1339));
#1329 = ORIENTED_EDGE('',*,*,#147,.F.);
#1330 = ORIENTED_EDGE('',*,*,#1316,.T.);
#1331 = ORIENTED_EDGE('',*,*,#1332,.T.);
#1332 = EDGE_CURVE('',#1309,#1333,#1335,.T.);
#1333 = VERTEX_POINT('',#1334);
#1334 = CARTESIAN_POINT('',(-80.280446,41.80383139159,44.392304845413));
#1335 = LINE('',#1336,#1337);
#1336 = CARTESIAN_POINT('',(-80.280446,10.37178665366,26.245005354789));
#1337 = VECTOR('',#1338,1.);
#1338 = DIRECTION('',(-0.,-0.866025403784,-0.5));
#1339 = ORIENTED_EDGE('',*,*,#1340,.F.);
#1340 = EDGE_CURVE('',#140,#1333,#1341,.T.);
#1341 = LINE('',#1342,#1343);
#1342 = CARTESIAN_POINT('',(-85.080446,41.80383139159,44.392304845413));
#1343 = VECTOR('',#1344,1.);
#1344 = DIRECTION('',(1.,0.,0.));
#1345 = PLANE('',#1346);
#1346 = AXIS2_PLACEMENT_3D('',#1347,#1348,#1349);
#1347 = CARTESIAN_POINT('',(-85.080446,46.999983814296,47.392304845413)
  );
#1348 = DIRECTION('',(0.,0.5,-0.866025403784));
#1349 = DIRECTION('',(0.,-0.866025403784,-0.5));
#1350 = ADVANCED_FACE('',(#1351),#1369,.T.);
#1351 = FACE_BOUND('',#1352,.T.);
#1352 = EDGE_LOOP('',(#1353,#1354,#1355,#1363));
#1353 = ORIENTED_EDGE('',*,*,#139,.F.);
#1354 = ORIENTED_EDGE('',*,*,#1340,.T.);
#1355 = ORIENTED_EDGE('',*,*,#1356,.T.);
#1356 = EDGE_CURVE('',#1333,#1357,#1359,.T.);
#1357 = VERTEX_POINT('',#1358);
#1358 = CARTESIAN_POINT('',(-80.280446,41.80383139159,38.392304845413));
#1359 = LINE('',#1360,#1361);
#1360 = CARTESIAN_POINT('',(-80.280446,41.803831391589,24.696152422707)
  );
#1361 = VECTOR('',#1362,1.);
#1362 = DIRECTION('',(0.,0.,-1.));
#1363 = ORIENTED_EDGE('',*,*,#1364,.F.);
#1364 = EDGE_CURVE('',#132,#1357,#1365,.T.);
#1365 = LINE('',#1366,#1367);
#1366 = CARTESIAN_POINT('',(-85.080446,41.80383139159,38.392304845413));
#1367 = VECTOR('',#1368,1.);
#1368 = DIRECTION('',(1.,0.,0.));
#1369 = PLANE('',#1370);
#1370 = AXIS2_PLACEMENT_3D('',#1371,#1372,#1373);
#1371 = CARTESIAN_POINT('',(-85.080446,41.80383139159,44.392304845413));
#1372 = DIRECTION('',(0.,1.,0.));
#1373 = DIRECTION('',(0.,0.,-1.));
#1374 = ADVANCED_FACE('',(#1375),#1393,.T.);
#1375 = FACE_BOUND('',#1376,.T.);
#1376 = EDGE_LOOP('',(#1377,#1378,#1379,#1387));
#1377 = ORIENTED_EDGE('',*,*,#131,.F.);
#1378 = ORIENTED_EDGE('',*,*,#1364,.T.);
#1379 = ORIENTED_EDGE('',*,*,#1380,.T.);
#1380 = EDGE_CURVE('',#1357,#1381,#1383,.T.);
#1381 = VERTEX_POINT('',#1382);
#1382 = CARTESIAN_POINT('',(-80.280446,46.999983814296,35.392304845413)
  );
#1383 = LINE('',#1384,#1385);
#1384 = CARTESIAN_POINT('',(-80.280446,23.532040691504,48.941528124684)
  );
#1385 = VECTOR('',#1386,1.);
#1386 = DIRECTION('',(0.,0.866025403784,-0.5));
#1387 = ORIENTED_EDGE('',*,*,#1388,.F.);
#1388 = EDGE_CURVE('',#124,#1381,#1389,.T.);
#1389 = LINE('',#1390,#1391);
#1390 = CARTESIAN_POINT('',(-85.080446,46.999983814296,35.392304845413)
  );
#1391 = VECTOR('',#1392,1.);
#1392 = DIRECTION('',(1.,0.,0.));
#1393 = PLANE('',#1394);
#1394 = AXIS2_PLACEMENT_3D('',#1395,#1396,#1397);
#1395 = CARTESIAN_POINT('',(-85.080446,41.80383139159,38.392304845413));
#1396 = DIRECTION('',(0.,0.5,0.866025403784));
#1397 = DIRECTION('',(0.,0.866025403784,-0.5));
#1398 = ADVANCED_FACE('',(#1399),#1417,.T.);
#1399 = FACE_BOUND('',#1400,.T.);
#1400 = EDGE_LOOP('',(#1401,#1402,#1403,#1411));
#1401 = ORIENTED_EDGE('',*,*,#123,.F.);
#1402 = ORIENTED_EDGE('',*,*,#1388,.T.);
#1403 = ORIENTED_EDGE('',*,*,#1404,.T.);
#1404 = EDGE_CURVE('',#1381,#1405,#1407,.T.);
#1405 = VERTEX_POINT('',#1406);
#1406 = CARTESIAN_POINT('',(-80.280446,52.196136237003,38.392304845413)
  );
#1407 = LINE('',#1408,#1409);
#1408 = CARTESIAN_POINT('',(-80.280446,12.969862865013,15.745005354789)
  );
#1409 = VECTOR('',#1410,1.);
#1410 = DIRECTION('',(0.,0.866025403784,0.5));
#1411 = ORIENTED_EDGE('',*,*,#1412,.F.);
#1412 = EDGE_CURVE('',#116,#1405,#1413,.T.);
#1413 = LINE('',#1414,#1415);
#1414 = CARTESIAN_POINT('',(-85.080446,52.196136237003,38.392304845413)
  );
#1415 = VECTOR('',#1416,1.);
#1416 = DIRECTION('',(1.,0.,0.));
#1417 = PLANE('',#1418);
#1418 = AXIS2_PLACEMENT_3D('',#1419,#1420,#1421);
#1419 = CARTESIAN_POINT('',(-85.080446,46.999983814296,35.392304845413)
  );
#1420 = DIRECTION('',(0.,-0.5,0.866025403784));
#1421 = DIRECTION('',(0.,0.866025403784,0.5));
#1422 = ADVANCED_FACE('',(#1423),#1434,.T.);
#1423 = FACE_BOUND('',#1424,.T.);
#1424 = EDGE_LOOP('',(#1425,#1426,#1427,#1433));
#1425 = ORIENTED_EDGE('',*,*,#115,.F.);
#1426 = ORIENTED_EDGE('',*,*,#1412,.T.);
#1427 = ORIENTED_EDGE('',*,*,#1428,.T.);
#1428 = EDGE_CURVE('',#1405,#1301,#1429,.T.);
#1429 = LINE('',#1430,#1431);
#1430 = CARTESIAN_POINT('',(-80.280446,52.196136237003,21.696152422707)
  );
#1431 = VECTOR('',#1432,1.);
#1432 = DIRECTION('',(0.,0.,1.));
#1433 = ORIENTED_EDGE('',*,*,#1300,.F.);
#1434 = PLANE('',#1435);
#1435 = AXIS2_PLACEMENT_3D('',#1436,#1437,#1438);
#1436 = CARTESIAN_POINT('',(-85.080446,52.196136237003,38.392304845413)
  );
#1437 = DIRECTION('',(0.,-1.,0.));
#1438 = DIRECTION('',(0.,0.,1.));
#1439 = ADVANCED_FACE('',(#1440),#1465,.T.);
#1440 = FACE_BOUND('',#1441,.T.);
#1441 = EDGE_LOOP('',(#1442,#1443,#1451,#1459));
#1442 = ORIENTED_EDGE('',*,*,#155,.F.);
#1443 = ORIENTED_EDGE('',*,*,#1444,.T.);
#1444 = EDGE_CURVE('',#156,#1445,#1447,.T.);
#1445 = VERTEX_POINT('',#1446);
#1446 = CARTESIAN_POINT('',(-80.280446,40.196136237003,44.392304845413)
  );
#1447 = LINE('',#1448,#1449);
#1448 = CARTESIAN_POINT('',(-85.080446,40.196136237003,44.392304845413)
  );
#1449 = VECTOR('',#1450,1.);
#1450 = DIRECTION('',(1.,0.,0.));
#1451 = ORIENTED_EDGE('',*,*,#1452,.T.);
#1452 = EDGE_CURVE('',#1445,#1453,#1455,.T.);
#1453 = VERTEX_POINT('',#1454);
#1454 = CARTESIAN_POINT('',(-80.280446,34.999983814296,47.392304845413)
  );
#1455 = LINE('',#1456,#1457);
#1456 = CARTESIAN_POINT('',(-80.280446,23.826269325564,53.843451913331)
  );
#1457 = VECTOR('',#1458,1.);
#1458 = DIRECTION('',(0.,-0.866025403784,0.5));
#1459 = ORIENTED_EDGE('',*,*,#1460,.F.);
#1460 = EDGE_CURVE('',#158,#1453,#1461,.T.);
#1461 = LINE('',#1462,#1463);
#1462 = CARTESIAN_POINT('',(-85.080446,34.999983814296,47.392304845413)
  );
#1463 = VECTOR('',#1464,1.);
#1464 = DIRECTION('',(1.,0.,0.));
#1465 = PLANE('',#1466);
#1466 = AXIS2_PLACEMENT_3D('',#1467,#1468,#1469);
#1467 = CARTESIAN_POINT('',(-85.080446,40.196136237003,44.392304845413)
  );
#1468 = DIRECTION('',(0.,-0.5,-0.866025403784));
#1469 = DIRECTION('',(0.,-0.866025403784,0.5));
#1470 = ADVANCED_FACE('',(#1471),#1489,.T.);
#1471 = FACE_BOUND('',#1472,.T.);
#1472 = EDGE_LOOP('',(#1473,#1474,#1475,#1483));
#1473 = ORIENTED_EDGE('',*,*,#197,.F.);
#1474 = ORIENTED_EDGE('',*,*,#1460,.T.);
#1475 = ORIENTED_EDGE('',*,*,#1476,.T.);
#1476 = EDGE_CURVE('',#1453,#1477,#1479,.T.);
#1477 = VERTEX_POINT('',#1478);
#1478 = CARTESIAN_POINT('',(-80.280446,29.80383139159,44.392304845413));
#1479 = LINE('',#1480,#1481);
#1480 = CARTESIAN_POINT('',(-80.280446,2.87178665366,28.843081566142));
#1481 = VECTOR('',#1482,1.);
#1482 = DIRECTION('',(-0.,-0.866025403784,-0.5));
#1483 = ORIENTED_EDGE('',*,*,#1484,.F.);
#1484 = EDGE_CURVE('',#190,#1477,#1485,.T.);
#1485 = LINE('',#1486,#1487);
#1486 = CARTESIAN_POINT('',(-85.080446,29.80383139159,44.392304845413));
#1487 = VECTOR('',#1488,1.);
#1488 = DIRECTION('',(1.,0.,0.));
#1489 = PLANE('',#1490);
#1490 = AXIS2_PLACEMENT_3D('',#1491,#1492,#1493);
#1491 = CARTESIAN_POINT('',(-85.080446,34.999983814296,47.392304845413)
  );
#1492 = DIRECTION('',(0.,0.5,-0.866025403784));
#1493 = DIRECTION('',(0.,-0.866025403784,-0.5));
#1494 = ADVANCED_FACE('',(#1495),#1513,.T.);
#1495 = FACE_BOUND('',#1496,.T.);
#1496 = EDGE_LOOP('',(#1497,#1498,#1499,#1507));
#1497 = ORIENTED_EDGE('',*,*,#189,.F.);
#1498 = ORIENTED_EDGE('',*,*,#1484,.T.);
#1499 = ORIENTED_EDGE('',*,*,#1500,.T.);
#1500 = EDGE_CURVE('',#1477,#1501,#1503,.T.);
#1501 = VERTEX_POINT('',#1502);
#1502 = CARTESIAN_POINT('',(-80.280446,29.80383139159,38.392304845413));
#1503 = LINE('',#1504,#1505);
#1504 = CARTESIAN_POINT('',(-80.280446,29.80383139159,24.696152422707));
#1505 = VECTOR('',#1506,1.);
#1506 = DIRECTION('',(0.,0.,-1.));
#1507 = ORIENTED_EDGE('',*,*,#1508,.F.);
#1508 = EDGE_CURVE('',#182,#1501,#1509,.T.);
#1509 = LINE('',#1510,#1511);
#1510 = CARTESIAN_POINT('',(-85.080446,29.80383139159,38.392304845413));
#1511 = VECTOR('',#1512,1.);
#1512 = DIRECTION('',(1.,0.,0.));
#1513 = PLANE('',#1514);
#1514 = AXIS2_PLACEMENT_3D('',#1515,#1516,#1517);
#1515 = CARTESIAN_POINT('',(-85.080446,29.80383139159,44.392304845413));
#1516 = DIRECTION('',(0.,1.,0.));
#1517 = DIRECTION('',(0.,0.,-1.));
#1518 = ADVANCED_FACE('',(#1519),#1537,.T.);
#1519 = FACE_BOUND('',#1520,.T.);
#1520 = EDGE_LOOP('',(#1521,#1522,#1523,#1531));
#1521 = ORIENTED_EDGE('',*,*,#181,.F.);
#1522 = ORIENTED_EDGE('',*,*,#1508,.T.);
#1523 = ORIENTED_EDGE('',*,*,#1524,.T.);
#1524 = EDGE_CURVE('',#1501,#1525,#1527,.T.);
#1525 = VERTEX_POINT('',#1526);
#1526 = CARTESIAN_POINT('',(-80.280446,34.999983814296,35.392304845413)
  );
#1527 = LINE('',#1528,#1529);
#1528 = CARTESIAN_POINT('',(-80.280446,16.032040691504,46.343451913331)
  );
#1529 = VECTOR('',#1530,1.);
#1530 = DIRECTION('',(0.,0.866025403784,-0.5));
#1531 = ORIENTED_EDGE('',*,*,#1532,.F.);
#1532 = EDGE_CURVE('',#174,#1525,#1533,.T.);
#1533 = LINE('',#1534,#1535);
#1534 = CARTESIAN_POINT('',(-85.080446,34.999983814296,35.392304845413)
  );
#1535 = VECTOR('',#1536,1.);
#1536 = DIRECTION('',(1.,0.,0.));
#1537 = PLANE('',#1538);
#1538 = AXIS2_PLACEMENT_3D('',#1539,#1540,#1541);
#1539 = CARTESIAN_POINT('',(-85.080446,29.80383139159,38.392304845413));
#1540 = DIRECTION('',(0.,0.5,0.866025403784));
#1541 = DIRECTION('',(0.,0.866025403784,-0.5));
#1542 = ADVANCED_FACE('',(#1543),#1561,.T.);
#1543 = FACE_BOUND('',#1544,.T.);
#1544 = EDGE_LOOP('',(#1545,#1546,#1547,#1555));
#1545 = ORIENTED_EDGE('',*,*,#173,.F.);
#1546 = ORIENTED_EDGE('',*,*,#1532,.T.);
#1547 = ORIENTED_EDGE('',*,*,#1548,.T.);
#1548 = EDGE_CURVE('',#1525,#1549,#1551,.T.);
#1549 = VERTEX_POINT('',#1550);
#1550 = CARTESIAN_POINT('',(-80.280446,40.196136237003,38.392304845413)
  );
#1551 = LINE('',#1552,#1553);
#1552 = CARTESIAN_POINT('',(-80.280446,5.469862865013,18.343081566142));
#1553 = VECTOR('',#1554,1.);
#1554 = DIRECTION('',(0.,0.866025403784,0.5));
#1555 = ORIENTED_EDGE('',*,*,#1556,.F.);
#1556 = EDGE_CURVE('',#166,#1549,#1557,.T.);
#1557 = LINE('',#1558,#1559);
#1558 = CARTESIAN_POINT('',(-85.080446,40.196136237003,38.392304845413)
  );
#1559 = VECTOR('',#1560,1.);
#1560 = DIRECTION('',(1.,0.,0.));
#1561 = PLANE('',#1562);
#1562 = AXIS2_PLACEMENT_3D('',#1563,#1564,#1565);
#1563 = CARTESIAN_POINT('',(-85.080446,34.999983814296,35.392304845413)
  );
#1564 = DIRECTION('',(0.,-0.5,0.866025403784));
#1565 = DIRECTION('',(0.,0.866025403784,0.5));
#1566 = ADVANCED_FACE('',(#1567),#1578,.T.);
#1567 = FACE_BOUND('',#1568,.T.);
#1568 = EDGE_LOOP('',(#1569,#1570,#1571,#1577));
#1569 = ORIENTED_EDGE('',*,*,#165,.F.);
#1570 = ORIENTED_EDGE('',*,*,#1556,.T.);
#1571 = ORIENTED_EDGE('',*,*,#1572,.T.);
#1572 = EDGE_CURVE('',#1549,#1445,#1573,.T.);
#1573 = LINE('',#1574,#1575);
#1574 = CARTESIAN_POINT('',(-80.280446,40.196136237003,21.696152422707)
  );
#1575 = VECTOR('',#1576,1.);
#1576 = DIRECTION('',(0.,0.,1.));
#1577 = ORIENTED_EDGE('',*,*,#1444,.F.);
#1578 = PLANE('',#1579);
#1579 = AXIS2_PLACEMENT_3D('',#1580,#1581,#1582);
#1580 = CARTESIAN_POINT('',(-85.080446,40.196136237003,38.392304845413)
  );
#1581 = DIRECTION('',(0.,-1.,0.));
#1582 = DIRECTION('',(0.,0.,1.));
#1583 = ADVANCED_FACE('',(#1584),#1609,.T.);
#1584 = FACE_BOUND('',#1585,.T.);
#1585 = EDGE_LOOP('',(#1586,#1587,#1595,#1603));
#1586 = ORIENTED_EDGE('',*,*,#205,.F.);
#1587 = ORIENTED_EDGE('',*,*,#1588,.T.);
#1588 = EDGE_CURVE('',#206,#1589,#1591,.T.);
#1589 = VERTEX_POINT('',#1590);
#1590 = CARTESIAN_POINT('',(-80.280446,28.196136237003,44.392304845413)
  );
#1591 = LINE('',#1592,#1593);
#1592 = CARTESIAN_POINT('',(-85.080446,28.196136237003,44.392304845413)
  );
#1593 = VECTOR('',#1594,1.);
#1594 = DIRECTION('',(1.,0.,0.));
#1595 = ORIENTED_EDGE('',*,*,#1596,.T.);
#1596 = EDGE_CURVE('',#1589,#1597,#1599,.T.);
#1597 = VERTEX_POINT('',#1598);
#1598 = CARTESIAN_POINT('',(-80.280446,22.999983814296,47.392304845413)
  );
#1599 = LINE('',#1600,#1601);
#1600 = CARTESIAN_POINT('',(-80.280446,16.326269325564,51.245375701978)
  );
#1601 = VECTOR('',#1602,1.);
#1602 = DIRECTION('',(0.,-0.866025403784,0.5));
#1603 = ORIENTED_EDGE('',*,*,#1604,.F.);
#1604 = EDGE_CURVE('',#208,#1597,#1605,.T.);
#1605 = LINE('',#1606,#1607);
#1606 = CARTESIAN_POINT('',(-85.080446,22.999983814296,47.392304845413)
  );
#1607 = VECTOR('',#1608,1.);
#1608 = DIRECTION('',(1.,0.,0.));
#1609 = PLANE('',#1610);
#1610 = AXIS2_PLACEMENT_3D('',#1611,#1612,#1613);
#1611 = CARTESIAN_POINT('',(-85.080446,28.196136237003,44.392304845413)
  );
#1612 = DIRECTION('',(0.,-0.5,-0.866025403784));
#1613 = DIRECTION('',(0.,-0.866025403784,0.5));
#1614 = ADVANCED_FACE('',(#1615),#1633,.T.);
#1615 = FACE_BOUND('',#1616,.T.);
#1616 = EDGE_LOOP('',(#1617,#1618,#1619,#1627));
#1617 = ORIENTED_EDGE('',*,*,#247,.F.);
#1618 = ORIENTED_EDGE('',*,*,#1604,.T.);
#1619 = ORIENTED_EDGE('',*,*,#1620,.T.);
#1620 = EDGE_CURVE('',#1597,#1621,#1623,.T.);
#1621 = VERTEX_POINT('',#1622);
#1622 = CARTESIAN_POINT('',(-80.280446,17.80383139159,44.392304845413));
#1623 = LINE('',#1624,#1625);
#1624 = CARTESIAN_POINT('',(-80.280446,-4.62821334634,31.441157777496));
#1625 = VECTOR('',#1626,1.);
#1626 = DIRECTION('',(-0.,-0.866025403784,-0.5));
#1627 = ORIENTED_EDGE('',*,*,#1628,.F.);
#1628 = EDGE_CURVE('',#240,#1621,#1629,.T.);
#1629 = LINE('',#1630,#1631);
#1630 = CARTESIAN_POINT('',(-85.080446,17.80383139159,44.392304845413));
#1631 = VECTOR('',#1632,1.);
#1632 = DIRECTION('',(1.,0.,0.));
#1633 = PLANE('',#1634);
#1634 = AXIS2_PLACEMENT_3D('',#1635,#1636,#1637);
#1635 = CARTESIAN_POINT('',(-85.080446,22.999983814296,47.392304845413)
  );
#1636 = DIRECTION('',(0.,0.5,-0.866025403784));
#1637 = DIRECTION('',(0.,-0.866025403784,-0.5));
#1638 = ADVANCED_FACE('',(#1639),#1657,.T.);
#1639 = FACE_BOUND('',#1640,.T.);
#1640 = EDGE_LOOP('',(#1641,#1642,#1643,#1651));
#1641 = ORIENTED_EDGE('',*,*,#239,.F.);
#1642 = ORIENTED_EDGE('',*,*,#1628,.T.);
#1643 = ORIENTED_EDGE('',*,*,#1644,.T.);
#1644 = EDGE_CURVE('',#1621,#1645,#1647,.T.);
#1645 = VERTEX_POINT('',#1646);
#1646 = CARTESIAN_POINT('',(-80.280446,17.80383139159,38.392304845413));
#1647 = LINE('',#1648,#1649);
#1648 = CARTESIAN_POINT('',(-80.280446,17.80383139159,24.696152422707));
#1649 = VECTOR('',#1650,1.);
#1650 = DIRECTION('',(0.,0.,-1.));
#1651 = ORIENTED_EDGE('',*,*,#1652,.F.);
#1652 = EDGE_CURVE('',#232,#1645,#1653,.T.);
#1653 = LINE('',#1654,#1655);
#1654 = CARTESIAN_POINT('',(-85.080446,17.80383139159,38.392304845413));
#1655 = VECTOR('',#1656,1.);
#1656 = DIRECTION('',(1.,0.,0.));
#1657 = PLANE('',#1658);
#1658 = AXIS2_PLACEMENT_3D('',#1659,#1660,#1661);
#1659 = CARTESIAN_POINT('',(-85.080446,17.80383139159,44.392304845413));
#1660 = DIRECTION('',(0.,1.,0.));
#1661 = DIRECTION('',(0.,0.,-1.));
#1662 = ADVANCED_FACE('',(#1663),#1681,.T.);
#1663 = FACE_BOUND('',#1664,.T.);
#1664 = EDGE_LOOP('',(#1665,#1666,#1667,#1675));
#1665 = ORIENTED_EDGE('',*,*,#231,.F.);
#1666 = ORIENTED_EDGE('',*,*,#1652,.T.);
#1667 = ORIENTED_EDGE('',*,*,#1668,.T.);
#1668 = EDGE_CURVE('',#1645,#1669,#1671,.T.);
#1669 = VERTEX_POINT('',#1670);
#1670 = CARTESIAN_POINT('',(-80.280446,22.999983814296,35.392304845413)
  );
#1671 = LINE('',#1672,#1673);
#1672 = CARTESIAN_POINT('',(-80.280446,8.532040691504,43.745375701978));
#1673 = VECTOR('',#1674,1.);
#1674 = DIRECTION('',(0.,0.866025403784,-0.5));
#1675 = ORIENTED_EDGE('',*,*,#1676,.F.);
#1676 = EDGE_CURVE('',#224,#1669,#1677,.T.);
#1677 = LINE('',#1678,#1679);
#1678 = CARTESIAN_POINT('',(-85.080446,22.999983814296,35.392304845413)
  );
#1679 = VECTOR('',#1680,1.);
#1680 = DIRECTION('',(1.,0.,0.));
#1681 = PLANE('',#1682);
#1682 = AXIS2_PLACEMENT_3D('',#1683,#1684,#1685);
#1683 = CARTESIAN_POINT('',(-85.080446,17.80383139159,38.392304845413));
#1684 = DIRECTION('',(0.,0.5,0.866025403784));
#1685 = DIRECTION('',(0.,0.866025403784,-0.5));
#1686 = ADVANCED_FACE('',(#1687),#1705,.T.);
#1687 = FACE_BOUND('',#1688,.T.);
#1688 = EDGE_LOOP('',(#1689,#1690,#1691,#1699));
#1689 = ORIENTED_EDGE('',*,*,#223,.F.);
#1690 = ORIENTED_EDGE('',*,*,#1676,.T.);
#1691 = ORIENTED_EDGE('',*,*,#1692,.T.);
#1692 = EDGE_CURVE('',#1669,#1693,#1695,.T.);
#1693 = VERTEX_POINT('',#1694);
#1694 = CARTESIAN_POINT('',(-80.280446,28.196136237003,38.392304845413)
  );
#1695 = LINE('',#1696,#1697);
#1696 = CARTESIAN_POINT('',(-80.280446,-2.030137134987,20.941157777496)
  );
#1697 = VECTOR('',#1698,1.);
#1698 = DIRECTION('',(0.,0.866025403784,0.5));
#1699 = ORIENTED_EDGE('',*,*,#1700,.F.);
#1700 = EDGE_CURVE('',#216,#1693,#1701,.T.);
#1701 = LINE('',#1702,#1703);
#1702 = CARTESIAN_POINT('',(-85.080446,28.196136237003,38.392304845413)
  );
#1703 = VECTOR('',#1704,1.);
#1704 = DIRECTION('',(1.,0.,0.));
#1705 = PLANE('',#1706);
#1706 = AXIS2_PLACEMENT_3D('',#1707,#1708,#1709);
#1707 = CARTESIAN_POINT('',(-85.080446,22.999983814296,35.392304845413)
  );
#1708 = DIRECTION('',(0.,-0.5,0.866025403784));
#1709 = DIRECTION('',(0.,0.866025403784,0.5));
#1710 = ADVANCED_FACE('',(#1711),#1722,.T.);
#1711 = FACE_BOUND('',#1712,.T.);
#1712 = EDGE_LOOP('',(#1713,#1714,#1715,#1721));
#1713 = ORIENTED_EDGE('',*,*,#215,.F.);
#1714 = ORIENTED_EDGE('',*,*,#1700,.T.);
#1715 = ORIENTED_EDGE('',*,*,#1716,.T.);
#1716 = EDGE_CURVE('',#1693,#1589,#1717,.T.);
#1717 = LINE('',#1718,#1719);
#1718 = CARTESIAN_POINT('',(-80.280446,28.196136237003,21.696152422707)
  );
#1719 = VECTOR('',#1720,1.);
#1720 = DIRECTION('',(0.,0.,1.));
#1721 = ORIENTED_EDGE('',*,*,#1588,.F.);
#1722 = PLANE('',#1723);
#1723 = AXIS2_PLACEMENT_3D('',#1724,#1725,#1726);
#1724 = CARTESIAN_POINT('',(-85.080446,28.196136237003,38.392304845413)
  );
#1725 = DIRECTION('',(0.,-1.,0.));
#1726 = DIRECTION('',(0.,0.,1.));
#1727 = ADVANCED_FACE('',(#1728),#1753,.T.);
#1728 = FACE_BOUND('',#1729,.T.);
#1729 = EDGE_LOOP('',(#1730,#1731,#1739,#1747));
#1730 = ORIENTED_EDGE('',*,*,#255,.F.);
#1731 = ORIENTED_EDGE('',*,*,#1732,.T.);
#1732 = EDGE_CURVE('',#256,#1733,#1735,.T.);
#1733 = VERTEX_POINT('',#1734);
#1734 = CARTESIAN_POINT('',(-80.280446,16.196136237003,44.392304845413)
  );
#1735 = LINE('',#1736,#1737);
#1736 = CARTESIAN_POINT('',(-85.080446,16.196136237003,44.392304845413)
  );
#1737 = VECTOR('',#1738,1.);
#1738 = DIRECTION('',(1.,0.,0.));
#1739 = ORIENTED_EDGE('',*,*,#1740,.T.);
#1740 = EDGE_CURVE('',#1733,#1741,#1743,.T.);
#1741 = VERTEX_POINT('',#1742);
#1742 = CARTESIAN_POINT('',(-80.280446,10.999983814296,47.392304845413)
  );
#1743 = LINE('',#1744,#1745);
#1744 = CARTESIAN_POINT('',(-80.280446,8.826269325564,48.647299490624));
#1745 = VECTOR('',#1746,1.);
#1746 = DIRECTION('',(0.,-0.866025403784,0.5));
#1747 = ORIENTED_EDGE('',*,*,#1748,.F.);
#1748 = EDGE_CURVE('',#258,#1741,#1749,.T.);
#1749 = LINE('',#1750,#1751);
#1750 = CARTESIAN_POINT('',(-85.080446,10.999983814296,47.392304845413)
  );
#1751 = VECTOR('',#1752,1.);
#1752 = DIRECTION('',(1.,0.,0.));
#1753 = PLANE('',#1754);
#1754 = AXIS2_PLACEMENT_3D('',#1755,#1756,#1757);
#1755 = CARTESIAN_POINT('',(-85.080446,16.196136237003,44.392304845413)
  );
#1756 = DIRECTION('',(0.,-0.5,-0.866025403784));
#1757 = DIRECTION('',(0.,-0.866025403784,0.5));
#1758 = ADVANCED_FACE('',(#1759),#1777,.T.);
#1759 = FACE_BOUND('',#1760,.T.);
#1760 = EDGE_LOOP('',(#1761,#1762,#1763,#1771));
#1761 = ORIENTED_EDGE('',*,*,#297,.F.);
#1762 = ORIENTED_EDGE('',*,*,#1748,.T.);
#1763 = ORIENTED_EDGE('',*,*,#1764,.T.);
#1764 = EDGE_CURVE('',#1741,#1765,#1767,.T.);
#1765 = VERTEX_POINT('',#1766);
#1766 = CARTESIAN_POINT('',(-80.280446,5.80383139159,44.392304845413));
#1767 = LINE('',#1768,#1769);
#1768 = CARTESIAN_POINT('',(-80.280446,-12.12821334634,34.039233988849)
  );
#1769 = VECTOR('',#1770,1.);
#1770 = DIRECTION('',(-0.,-0.866025403784,-0.5));
#1771 = ORIENTED_EDGE('',*,*,#1772,.F.);
#1772 = EDGE_CURVE('',#290,#1765,#1773,.T.);
#1773 = LINE('',#1774,#1775);
#1774 = CARTESIAN_POINT('',(-85.080446,5.80383139159,44.392304845413));
#1775 = VECTOR('',#1776,1.);
#1776 = DIRECTION('',(1.,0.,0.));
#1777 = PLANE('',#1778);
#1778 = AXIS2_PLACEMENT_3D('',#1779,#1780,#1781);
#1779 = CARTESIAN_POINT('',(-85.080446,10.999983814296,47.392304845413)
  );
#1780 = DIRECTION('',(0.,0.5,-0.866025403784));
#1781 = DIRECTION('',(0.,-0.866025403784,-0.5));
#1782 = ADVANCED_FACE('',(#1783),#1801,.T.);
#1783 = FACE_BOUND('',#1784,.T.);
#1784 = EDGE_LOOP('',(#1785,#1786,#1787,#1795));
#1785 = ORIENTED_EDGE('',*,*,#289,.F.);
#1786 = ORIENTED_EDGE('',*,*,#1772,.T.);
#1787 = ORIENTED_EDGE('',*,*,#1788,.T.);
#1788 = EDGE_CURVE('',#1765,#1789,#1791,.T.);
#1789 = VERTEX_POINT('',#1790);
#1790 = CARTESIAN_POINT('',(-80.280446,5.80383139159,38.392304845413));
#1791 = LINE('',#1792,#1793);
#1792 = CARTESIAN_POINT('',(-80.280446,5.80383139159,24.696152422707));
#1793 = VECTOR('',#1794,1.);
#1794 = DIRECTION('',(0.,0.,-1.));
#1795 = ORIENTED_EDGE('',*,*,#1796,.F.);
#1796 = EDGE_CURVE('',#282,#1789,#1797,.T.);
#1797 = LINE('',#1798,#1799);
#1798 = CARTESIAN_POINT('',(-85.080446,5.80383139159,38.392304845413));
#1799 = VECTOR('',#1800,1.);
#1800 = DIRECTION('',(1.,0.,0.));
#1801 = PLANE('',#1802);
#1802 = AXIS2_PLACEMENT_3D('',#1803,#1804,#1805);
#1803 = CARTESIAN_POINT('',(-85.080446,5.80383139159,44.392304845413));
#1804 = DIRECTION('',(0.,1.,0.));
#1805 = DIRECTION('',(0.,0.,-1.));
#1806 = ADVANCED_FACE('',(#1807),#1825,.T.);
#1807 = FACE_BOUND('',#1808,.T.);
#1808 = EDGE_LOOP('',(#1809,#1810,#1811,#1819));
#1809 = ORIENTED_EDGE('',*,*,#281,.F.);
#1810 = ORIENTED_EDGE('',*,*,#1796,.T.);
#1811 = ORIENTED_EDGE('',*,*,#1812,.T.);
#1812 = EDGE_CURVE('',#1789,#1813,#1815,.T.);
#1813 = VERTEX_POINT('',#1814);
#1814 = CARTESIAN_POINT('',(-80.280446,10.999983814296,35.392304845413)
  );
#1815 = LINE('',#1816,#1817);
#1816 = CARTESIAN_POINT('',(-80.280446,1.032040691504,41.147299490624));
#1817 = VECTOR('',#1818,1.);
#1818 = DIRECTION('',(0.,0.866025403784,-0.5));
#1819 = ORIENTED_EDGE('',*,*,#1820,.F.);
#1820 = EDGE_CURVE('',#274,#1813,#1821,.T.);
#1821 = LINE('',#1822,#1823);
#1822 = CARTESIAN_POINT('',(-85.080446,10.999983814296,35.392304845413)
  );
#1823 = VECTOR('',#1824,1.);
#1824 = DIRECTION('',(1.,0.,0.));
#1825 = PLANE('',#1826);
#1826 = AXIS2_PLACEMENT_3D('',#1827,#1828,#1829);
#1827 = CARTESIAN_POINT('',(-85.080446,5.80383139159,38.392304845413));
#1828 = DIRECTION('',(0.,0.5,0.866025403784));
#1829 = DIRECTION('',(0.,0.866025403784,-0.5));
#1830 = ADVANCED_FACE('',(#1831),#1849,.T.);
#1831 = FACE_BOUND('',#1832,.T.);
#1832 = EDGE_LOOP('',(#1833,#1834,#1835,#1843));
#1833 = ORIENTED_EDGE('',*,*,#273,.F.);
#1834 = ORIENTED_EDGE('',*,*,#1820,.T.);
#1835 = ORIENTED_EDGE('',*,*,#1836,.T.);
#1836 = EDGE_CURVE('',#1813,#1837,#1839,.T.);
#1837 = VERTEX_POINT('',#1838);
#1838 = CARTESIAN_POINT('',(-80.280446,16.196136237003,38.392304845413)
  );
#1839 = LINE('',#1840,#1841);
#1840 = CARTESIAN_POINT('',(-80.280446,-9.530137134987,23.539233988849)
  );
#1841 = VECTOR('',#1842,1.);
#1842 = DIRECTION('',(0.,0.866025403784,0.5));
#1843 = ORIENTED_EDGE('',*,*,#1844,.F.);
#1844 = EDGE_CURVE('',#266,#1837,#1845,.T.);
#1845 = LINE('',#1846,#1847);
#1846 = CARTESIAN_POINT('',(-85.080446,16.196136237003,38.392304845413)
  );
#1847 = VECTOR('',#1848,1.);
#1848 = DIRECTION('',(1.,0.,0.));
#1849 = PLANE('',#1850);
#1850 = AXIS2_PLACEMENT_3D('',#1851,#1852,#1853);
#1851 = CARTESIAN_POINT('',(-85.080446,10.999983814296,35.392304845413)
  );
#1852 = DIRECTION('',(0.,-0.5,0.866025403784));
#1853 = DIRECTION('',(0.,0.866025403784,0.5));
#1854 = ADVANCED_FACE('',(#1855),#1866,.T.);
#1855 = FACE_BOUND('',#1856,.T.);
#1856 = EDGE_LOOP('',(#1857,#1858,#1859,#1865));
#1857 = ORIENTED_EDGE('',*,*,#265,.F.);
#1858 = ORIENTED_EDGE('',*,*,#1844,.T.);
#1859 = ORIENTED_EDGE('',*,*,#1860,.T.);
#1860 = EDGE_CURVE('',#1837,#1733,#1861,.T.);
#1861 = LINE('',#1862,#1863);
#1862 = CARTESIAN_POINT('',(-80.280446,16.196136237003,21.696152422707)
  );
#1863 = VECTOR('',#1864,1.);
#1864 = DIRECTION('',(0.,0.,1.));
#1865 = ORIENTED_EDGE('',*,*,#1732,.F.);
#1866 = PLANE('',#1867);
#1867 = AXIS2_PLACEMENT_3D('',#1868,#1869,#1870);
#1868 = CARTESIAN_POINT('',(-85.080446,16.196136237003,38.392304845413)
  );
#1869 = DIRECTION('',(0.,-1.,0.));
#1870 = DIRECTION('',(0.,0.,1.));
#1871 = ADVANCED_FACE('',(#1872),#1897,.T.);
#1872 = FACE_BOUND('',#1873,.T.);
#1873 = EDGE_LOOP('',(#1874,#1875,#1883,#1891));
#1874 = ORIENTED_EDGE('',*,*,#305,.F.);
#1875 = ORIENTED_EDGE('',*,*,#1876,.T.);
#1876 = EDGE_CURVE('',#306,#1877,#1879,.T.);
#1877 = VERTEX_POINT('',#1878);
#1878 = CARTESIAN_POINT('',(-80.280446,4.196136237003,44.392304845413));
#1879 = LINE('',#1880,#1881);
#1880 = CARTESIAN_POINT('',(-85.080446,4.196136237003,44.392304845413));
#1881 = VECTOR('',#1882,1.);
#1882 = DIRECTION('',(1.,0.,0.));
#1883 = ORIENTED_EDGE('',*,*,#1884,.T.);
#1884 = EDGE_CURVE('',#1877,#1885,#1887,.T.);
#1885 = VERTEX_POINT('',#1886);
#1886 = CARTESIAN_POINT('',(-80.280446,-1.000016185704,47.392304845413)
  );
#1887 = LINE('',#1888,#1889);
#1888 = CARTESIAN_POINT('',(-80.280446,1.326269325564,46.049223279271));
#1889 = VECTOR('',#1890,1.);
#1890 = DIRECTION('',(0.,-0.866025403784,0.5));
#1891 = ORIENTED_EDGE('',*,*,#1892,.F.);
#1892 = EDGE_CURVE('',#308,#1885,#1893,.T.);
#1893 = LINE('',#1894,#1895);
#1894 = CARTESIAN_POINT('',(-85.080446,-1.000016185704,47.392304845413)
  );
#1895 = VECTOR('',#1896,1.);
#1896 = DIRECTION('',(1.,0.,0.));
#1897 = PLANE('',#1898);
#1898 = AXIS2_PLACEMENT_3D('',#1899,#1900,#1901);
#1899 = CARTESIAN_POINT('',(-85.080446,4.196136237003,44.392304845413));
#1900 = DIRECTION('',(0.,-0.5,-0.866025403784));
#1901 = DIRECTION('',(0.,-0.866025403784,0.5));
#1902 = ADVANCED_FACE('',(#1903),#1921,.T.);
#1903 = FACE_BOUND('',#1904,.T.);
#1904 = EDGE_LOOP('',(#1905,#1906,#1907,#1915));
#1905 = ORIENTED_EDGE('',*,*,#347,.F.);
#1906 = ORIENTED_EDGE('',*,*,#1892,.T.);
#1907 = ORIENTED_EDGE('',*,*,#1908,.T.);
#1908 = EDGE_CURVE('',#1885,#1909,#1911,.T.);
#1909 = VERTEX_POINT('',#1910);
#1910 = CARTESIAN_POINT('',(-80.280446,-6.19616860841,44.392304845413));
#1911 = LINE('',#1912,#1913);
#1912 = CARTESIAN_POINT('',(-80.280446,-19.62821334634,36.637310200202)
  );
#1913 = VECTOR('',#1914,1.);
#1914 = DIRECTION('',(-0.,-0.866025403784,-0.5));
#1915 = ORIENTED_EDGE('',*,*,#1916,.F.);
#1916 = EDGE_CURVE('',#340,#1909,#1917,.T.);
#1917 = LINE('',#1918,#1919);
#1918 = CARTESIAN_POINT('',(-85.080446,-6.19616860841,44.392304845413));
#1919 = VECTOR('',#1920,1.);
#1920 = DIRECTION('',(1.,0.,0.));
#1921 = PLANE('',#1922);
#1922 = AXIS2_PLACEMENT_3D('',#1923,#1924,#1925);
#1923 = CARTESIAN_POINT('',(-85.080446,-1.000016185704,47.392304845413)
  );
#1924 = DIRECTION('',(0.,0.5,-0.866025403784));
#1925 = DIRECTION('',(0.,-0.866025403784,-0.5));
#1926 = ADVANCED_FACE('',(#1927),#1945,.T.);
#1927 = FACE_BOUND('',#1928,.T.);
#1928 = EDGE_LOOP('',(#1929,#1930,#1931,#1939));
#1929 = ORIENTED_EDGE('',*,*,#339,.F.);
#1930 = ORIENTED_EDGE('',*,*,#1916,.T.);
#1931 = ORIENTED_EDGE('',*,*,#1932,.T.);
#1932 = EDGE_CURVE('',#1909,#1933,#1935,.T.);
#1933 = VERTEX_POINT('',#1934);
#1934 = CARTESIAN_POINT('',(-80.280446,-6.19616860841,38.392304845413));
#1935 = LINE('',#1936,#1937);
#1936 = CARTESIAN_POINT('',(-80.280446,-6.19616860841,24.696152422707));
#1937 = VECTOR('',#1938,1.);
#1938 = DIRECTION('',(0.,2.960594732334E-16,-1.));
#1939 = ORIENTED_EDGE('',*,*,#1940,.F.);
#1940 = EDGE_CURVE('',#332,#1933,#1941,.T.);
#1941 = LINE('',#1942,#1943);
#1942 = CARTESIAN_POINT('',(-85.080446,-6.19616860841,38.392304845413));
#1943 = VECTOR('',#1944,1.);
#1944 = DIRECTION('',(1.,0.,0.));
#1945 = PLANE('',#1946);
#1946 = AXIS2_PLACEMENT_3D('',#1947,#1948,#1949);
#1947 = CARTESIAN_POINT('',(-85.080446,-6.19616860841,44.392304845413));
#1948 = DIRECTION('',(0.,1.,2.960594732334E-16));
#1949 = DIRECTION('',(0.,2.960594732334E-16,-1.));
#1950 = ADVANCED_FACE('',(#1951),#1969,.T.);
#1951 = FACE_BOUND('',#1952,.T.);
#1952 = EDGE_LOOP('',(#1953,#1954,#1955,#1963));
#1953 = ORIENTED_EDGE('',*,*,#331,.F.);
#1954 = ORIENTED_EDGE('',*,*,#1940,.T.);
#1955 = ORIENTED_EDGE('',*,*,#1956,.T.);
#1956 = EDGE_CURVE('',#1933,#1957,#1959,.T.);
#1957 = VERTEX_POINT('',#1958);
#1958 = CARTESIAN_POINT('',(-80.280446,-1.000016185704,35.392304845413)
  );
#1959 = LINE('',#1960,#1961);
#1960 = CARTESIAN_POINT('',(-80.280446,-6.467959308496,38.549223279271)
  );
#1961 = VECTOR('',#1962,1.);
#1962 = DIRECTION('',(0.,0.866025403784,-0.5));
#1963 = ORIENTED_EDGE('',*,*,#1964,.F.);
#1964 = EDGE_CURVE('',#324,#1957,#1965,.T.);
#1965 = LINE('',#1966,#1967);
#1966 = CARTESIAN_POINT('',(-85.080446,-1.000016185704,35.392304845413)
  );
#1967 = VECTOR('',#1968,1.);
#1968 = DIRECTION('',(1.,0.,0.));
#1969 = PLANE('',#1970);
#1970 = AXIS2_PLACEMENT_3D('',#1971,#1972,#1973);
#1971 = CARTESIAN_POINT('',(-85.080446,-6.19616860841,38.392304845413));
#1972 = DIRECTION('',(0.,0.5,0.866025403784));
#1973 = DIRECTION('',(0.,0.866025403784,-0.5));
#1974 = ADVANCED_FACE('',(#1975),#1993,.T.);
#1975 = FACE_BOUND('',#1976,.T.);
#1976 = EDGE_LOOP('',(#1977,#1978,#1979,#1987));
#1977 = ORIENTED_EDGE('',*,*,#323,.F.);
#1978 = ORIENTED_EDGE('',*,*,#1964,.T.);
#1979 = ORIENTED_EDGE('',*,*,#1980,.T.);
#1980 = EDGE_CURVE('',#1957,#1981,#1983,.T.);
#1981 = VERTEX_POINT('',#1982);
#1982 = CARTESIAN_POINT('',(-80.280446,4.196136237003,38.392304845413));
#1983 = LINE('',#1984,#1985);
#1984 = CARTESIAN_POINT('',(-80.280446,-17.03013713498,26.137310200202)
  );
#1985 = VECTOR('',#1986,1.);
#1986 = DIRECTION('',(0.,0.866025403784,0.5));
#1987 = ORIENTED_EDGE('',*,*,#1988,.F.);
#1988 = EDGE_CURVE('',#316,#1981,#1989,.T.);
#1989 = LINE('',#1990,#1991);
#1990 = CARTESIAN_POINT('',(-85.080446,4.196136237003,38.392304845413));
#1991 = VECTOR('',#1992,1.);
#1992 = DIRECTION('',(1.,0.,0.));
#1993 = PLANE('',#1994);
#1994 = AXIS2_PLACEMENT_3D('',#1995,#1996,#1997);
#1995 = CARTESIAN_POINT('',(-85.080446,-1.000016185704,35.392304845413)
  );
#1996 = DIRECTION('',(0.,-0.5,0.866025403784));
#1997 = DIRECTION('',(0.,0.866025403784,0.5));
#1998 = ADVANCED_FACE('',(#1999),#2010,.T.);
#1999 = FACE_BOUND('',#2000,.T.);
#2000 = EDGE_LOOP('',(#2001,#2002,#2003,#2009));
#2001 = ORIENTED_EDGE('',*,*,#315,.F.);
#2002 = ORIENTED_EDGE('',*,*,#1988,.T.);
#2003 = ORIENTED_EDGE('',*,*,#2004,.T.);
#2004 = EDGE_CURVE('',#1981,#1877,#2005,.T.);
#2005 = LINE('',#2006,#2007);
#2006 = CARTESIAN_POINT('',(-80.280446,4.196136237003,21.696152422707));
#2007 = VECTOR('',#2008,1.);
#2008 = DIRECTION('',(0.,-2.960594732334E-16,1.));
#2009 = ORIENTED_EDGE('',*,*,#1876,.F.);
#2010 = PLANE('',#2011);
#2011 = AXIS2_PLACEMENT_3D('',#2012,#2013,#2014);
#2012 = CARTESIAN_POINT('',(-85.080446,4.196136237003,38.392304845413));
#2013 = DIRECTION('',(0.,-1.,-2.960594732334E-16));
#2014 = DIRECTION('',(0.,-2.960594732334E-16,1.));
#2015 = ADVANCED_FACE('',(#2016),#2041,.T.);
#2016 = FACE_BOUND('',#2017,.T.);
#2017 = EDGE_LOOP('',(#2018,#2019,#2027,#2035));
#2018 = ORIENTED_EDGE('',*,*,#355,.F.);
#2019 = ORIENTED_EDGE('',*,*,#2020,.T.);
#2020 = EDGE_CURVE('',#356,#2021,#2023,.T.);
#2021 = VERTEX_POINT('',#2022);
#2022 = CARTESIAN_POINT('',(-80.280446,58.196136237003,34.));
#2023 = LINE('',#2024,#2025);
#2024 = CARTESIAN_POINT('',(-85.080446,58.196136237003,34.));
#2025 = VECTOR('',#2026,1.);
#2026 = DIRECTION('',(1.,0.,0.));
#2027 = ORIENTED_EDGE('',*,*,#2028,.T.);
#2028 = EDGE_CURVE('',#2021,#2029,#2031,.T.);
#2029 = VERTEX_POINT('',#2030);
#2030 = CARTESIAN_POINT('',(-80.280446,52.999983814296,37.));
#2031 = LINE('',#2032,#2033);
#2032 = CARTESIAN_POINT('',(-80.280446,32.826269325564,48.647299490624)
  );
#2033 = VECTOR('',#2034,1.);
#2034 = DIRECTION('',(0.,-0.866025403784,0.5));
#2035 = ORIENTED_EDGE('',*,*,#2036,.F.);
#2036 = EDGE_CURVE('',#358,#2029,#2037,.T.);
#2037 = LINE('',#2038,#2039);
#2038 = CARTESIAN_POINT('',(-85.080446,52.999983814296,37.));
#2039 = VECTOR('',#2040,1.);
#2040 = DIRECTION('',(1.,0.,0.));
#2041 = PLANE('',#2042);
#2042 = AXIS2_PLACEMENT_3D('',#2043,#2044,#2045);
#2043 = CARTESIAN_POINT('',(-85.080446,58.196136237003,34.));
#2044 = DIRECTION('',(0.,-0.5,-0.866025403784));
#2045 = DIRECTION('',(0.,-0.866025403784,0.5));
#2046 = ADVANCED_FACE('',(#2047),#2065,.T.);
#2047 = FACE_BOUND('',#2048,.T.);
#2048 = EDGE_LOOP('',(#2049,#2050,#2051,#2059));
#2049 = ORIENTED_EDGE('',*,*,#397,.F.);
#2050 = ORIENTED_EDGE('',*,*,#2036,.T.);
#2051 = ORIENTED_EDGE('',*,*,#2052,.T.);
#2052 = EDGE_CURVE('',#2029,#2053,#2055,.T.);
#2053 = VERTEX_POINT('',#2054);
#2054 = CARTESIAN_POINT('',(-80.280446,47.80383139159,34.));
#2055 = LINE('',#2056,#2057);
#2056 = CARTESIAN_POINT('',(-80.280446,16.37178665366,15.852700509376));
#2057 = VECTOR('',#2058,1.);
#2058 = DIRECTION('',(-0.,-0.866025403784,-0.5));
#2059 = ORIENTED_EDGE('',*,*,#2060,.F.);
#2060 = EDGE_CURVE('',#390,#2053,#2061,.T.);
#2061 = LINE('',#2062,#2063);
#2062 = CARTESIAN_POINT('',(-85.080446,47.80383139159,34.));
#2063 = VECTOR('',#2064,1.);
#2064 = DIRECTION('',(1.,0.,0.));
#2065 = PLANE('',#2066);
#2066 = AXIS2_PLACEMENT_3D('',#2067,#2068,#2069);
#2067 = CARTESIAN_POINT('',(-85.080446,52.999983814296,37.));
#2068 = DIRECTION('',(0.,0.5,-0.866025403784));
#2069 = DIRECTION('',(0.,-0.866025403784,-0.5));
#2070 = ADVANCED_FACE('',(#2071),#2089,.T.);
#2071 = FACE_BOUND('',#2072,.T.);
#2072 = EDGE_LOOP('',(#2073,#2074,#2075,#2083));
#2073 = ORIENTED_EDGE('',*,*,#389,.F.);
#2074 = ORIENTED_EDGE('',*,*,#2060,.T.);
#2075 = ORIENTED_EDGE('',*,*,#2076,.T.);
#2076 = EDGE_CURVE('',#2053,#2077,#2079,.T.);
#2077 = VERTEX_POINT('',#2078);
#2078 = CARTESIAN_POINT('',(-80.280446,47.80383139159,28.));
#2079 = LINE('',#2080,#2081);
#2080 = CARTESIAN_POINT('',(-80.280446,47.80383139159,19.5));
#2081 = VECTOR('',#2082,1.);
#2082 = DIRECTION('',(0.,0.,-1.));
#2083 = ORIENTED_EDGE('',*,*,#2084,.F.);
#2084 = EDGE_CURVE('',#382,#2077,#2085,.T.);
#2085 = LINE('',#2086,#2087);
#2086 = CARTESIAN_POINT('',(-85.080446,47.80383139159,28.));
#2087 = VECTOR('',#2088,1.);
#2088 = DIRECTION('',(1.,0.,0.));
#2089 = PLANE('',#2090);
#2090 = AXIS2_PLACEMENT_3D('',#2091,#2092,#2093);
#2091 = CARTESIAN_POINT('',(-85.080446,47.80383139159,34.));
#2092 = DIRECTION('',(0.,1.,0.));
#2093 = DIRECTION('',(0.,0.,-1.));
#2094 = ADVANCED_FACE('',(#2095),#2113,.T.);
#2095 = FACE_BOUND('',#2096,.T.);
#2096 = EDGE_LOOP('',(#2097,#2098,#2099,#2107));
#2097 = ORIENTED_EDGE('',*,*,#381,.F.);
#2098 = ORIENTED_EDGE('',*,*,#2084,.T.);
#2099 = ORIENTED_EDGE('',*,*,#2100,.T.);
#2100 = EDGE_CURVE('',#2077,#2101,#2103,.T.);
#2101 = VERTEX_POINT('',#2102);
#2102 = CARTESIAN_POINT('',(-80.280446,52.999983814296,25.));
#2103 = LINE('',#2104,#2105);
#2104 = CARTESIAN_POINT('',(-80.280446,25.032040691504,41.147299490624)
  );
#2105 = VECTOR('',#2106,1.);
#2106 = DIRECTION('',(0.,0.866025403784,-0.5));
#2107 = ORIENTED_EDGE('',*,*,#2108,.F.);
#2108 = EDGE_CURVE('',#374,#2101,#2109,.T.);
#2109 = LINE('',#2110,#2111);
#2110 = CARTESIAN_POINT('',(-85.080446,52.999983814296,25.));
#2111 = VECTOR('',#2112,1.);
#2112 = DIRECTION('',(1.,0.,0.));
#2113 = PLANE('',#2114);
#2114 = AXIS2_PLACEMENT_3D('',#2115,#2116,#2117);
#2115 = CARTESIAN_POINT('',(-85.080446,47.80383139159,28.));
#2116 = DIRECTION('',(0.,0.5,0.866025403784));
#2117 = DIRECTION('',(0.,0.866025403784,-0.5));
#2118 = ADVANCED_FACE('',(#2119),#2137,.T.);
#2119 = FACE_BOUND('',#2120,.T.);
#2120 = EDGE_LOOP('',(#2121,#2122,#2123,#2131));
#2121 = ORIENTED_EDGE('',*,*,#373,.F.);
#2122 = ORIENTED_EDGE('',*,*,#2108,.T.);
#2123 = ORIENTED_EDGE('',*,*,#2124,.T.);
#2124 = EDGE_CURVE('',#2101,#2125,#2127,.T.);
#2125 = VERTEX_POINT('',#2126);
#2126 = CARTESIAN_POINT('',(-80.280446,58.196136237003,28.));
#2127 = LINE('',#2128,#2129);
#2128 = CARTESIAN_POINT('',(-80.280446,18.969862865013,5.352700509376));
#2129 = VECTOR('',#2130,1.);
#2130 = DIRECTION('',(0.,0.866025403784,0.5));
#2131 = ORIENTED_EDGE('',*,*,#2132,.F.);
#2132 = EDGE_CURVE('',#366,#2125,#2133,.T.);
#2133 = LINE('',#2134,#2135);
#2134 = CARTESIAN_POINT('',(-85.080446,58.196136237003,28.));
#2135 = VECTOR('',#2136,1.);
#2136 = DIRECTION('',(1.,0.,0.));
#2137 = PLANE('',#2138);
#2138 = AXIS2_PLACEMENT_3D('',#2139,#2140,#2141);
#2139 = CARTESIAN_POINT('',(-85.080446,52.999983814296,25.));
#2140 = DIRECTION('',(0.,-0.5,0.866025403784));
#2141 = DIRECTION('',(0.,0.866025403784,0.5));
#2142 = ADVANCED_FACE('',(#2143),#2154,.T.);
#2143 = FACE_BOUND('',#2144,.T.);
#2144 = EDGE_LOOP('',(#2145,#2146,#2147,#2153));
#2145 = ORIENTED_EDGE('',*,*,#365,.F.);
#2146 = ORIENTED_EDGE('',*,*,#2132,.T.);
#2147 = ORIENTED_EDGE('',*,*,#2148,.T.);
#2148 = EDGE_CURVE('',#2125,#2021,#2149,.T.);
#2149 = LINE('',#2150,#2151);
#2150 = CARTESIAN_POINT('',(-80.280446,58.196136237003,16.5));
#2151 = VECTOR('',#2152,1.);
#2152 = DIRECTION('',(0.,0.,1.));
#2153 = ORIENTED_EDGE('',*,*,#2020,.F.);
#2154 = PLANE('',#2155);
#2155 = AXIS2_PLACEMENT_3D('',#2156,#2157,#2158);
#2156 = CARTESIAN_POINT('',(-85.080446,58.196136237003,28.));
#2157 = DIRECTION('',(0.,-1.,0.));
#2158 = DIRECTION('',(0.,0.,1.));
#2159 = ADVANCED_FACE('',(#2160),#2185,.T.);
#2160 = FACE_BOUND('',#2161,.T.);
#2161 = EDGE_LOOP('',(#2162,#2163,#2171,#2179));
#2162 = ORIENTED_EDGE('',*,*,#405,.F.);
#2163 = ORIENTED_EDGE('',*,*,#2164,.T.);
#2164 = EDGE_CURVE('',#406,#2165,#2167,.T.);
#2165 = VERTEX_POINT('',#2166);
#2166 = CARTESIAN_POINT('',(-80.280446,46.196136237003,34.));
#2167 = LINE('',#2168,#2169);
#2168 = CARTESIAN_POINT('',(-85.080446,46.196136237003,34.));
#2169 = VECTOR('',#2170,1.);
#2170 = DIRECTION('',(1.,0.,0.));
#2171 = ORIENTED_EDGE('',*,*,#2172,.T.);
#2172 = EDGE_CURVE('',#2165,#2173,#2175,.T.);
#2173 = VERTEX_POINT('',#2174);
#2174 = CARTESIAN_POINT('',(-80.280446,40.999983814296,37.));
#2175 = LINE('',#2176,#2177);
#2176 = CARTESIAN_POINT('',(-80.280446,25.326269325564,46.049223279271)
  );
#2177 = VECTOR('',#2178,1.);
#2178 = DIRECTION('',(0.,-0.866025403784,0.5));
#2179 = ORIENTED_EDGE('',*,*,#2180,.F.);
#2180 = EDGE_CURVE('',#408,#2173,#2181,.T.);
#2181 = LINE('',#2182,#2183);
#2182 = CARTESIAN_POINT('',(-85.080446,40.999983814296,37.));
#2183 = VECTOR('',#2184,1.);
#2184 = DIRECTION('',(1.,0.,0.));
#2185 = PLANE('',#2186);
#2186 = AXIS2_PLACEMENT_3D('',#2187,#2188,#2189);
#2187 = CARTESIAN_POINT('',(-85.080446,46.196136237003,34.));
#2188 = DIRECTION('',(0.,-0.5,-0.866025403784));
#2189 = DIRECTION('',(0.,-0.866025403784,0.5));
#2190 = ADVANCED_FACE('',(#2191),#2209,.T.);
#2191 = FACE_BOUND('',#2192,.T.);
#2192 = EDGE_LOOP('',(#2193,#2194,#2195,#2203));
#2193 = ORIENTED_EDGE('',*,*,#447,.F.);
#2194 = ORIENTED_EDGE('',*,*,#2180,.T.);
#2195 = ORIENTED_EDGE('',*,*,#2196,.T.);
#2196 = EDGE_CURVE('',#2173,#2197,#2199,.T.);
#2197 = VERTEX_POINT('',#2198);
#2198 = CARTESIAN_POINT('',(-80.280446,35.80383139159,34.));
#2199 = LINE('',#2200,#2201);
#2200 = CARTESIAN_POINT('',(-80.280446,8.87178665366,18.450776720729));
#2201 = VECTOR('',#2202,1.);
#2202 = DIRECTION('',(-0.,-0.866025403784,-0.5));
#2203 = ORIENTED_EDGE('',*,*,#2204,.F.);
#2204 = EDGE_CURVE('',#440,#2197,#2205,.T.);
#2205 = LINE('',#2206,#2207);
#2206 = CARTESIAN_POINT('',(-85.080446,35.80383139159,34.));
#2207 = VECTOR('',#2208,1.);
#2208 = DIRECTION('',(1.,0.,0.));
#2209 = PLANE('',#2210);
#2210 = AXIS2_PLACEMENT_3D('',#2211,#2212,#2213);
#2211 = CARTESIAN_POINT('',(-85.080446,40.999983814296,37.));
#2212 = DIRECTION('',(0.,0.5,-0.866025403784));
#2213 = DIRECTION('',(0.,-0.866025403784,-0.5));
#2214 = ADVANCED_FACE('',(#2215),#2233,.T.);
#2215 = FACE_BOUND('',#2216,.T.);
#2216 = EDGE_LOOP('',(#2217,#2218,#2219,#2227));
#2217 = ORIENTED_EDGE('',*,*,#439,.F.);
#2218 = ORIENTED_EDGE('',*,*,#2204,.T.);
#2219 = ORIENTED_EDGE('',*,*,#2220,.T.);
#2220 = EDGE_CURVE('',#2197,#2221,#2223,.T.);
#2221 = VERTEX_POINT('',#2222);
#2222 = CARTESIAN_POINT('',(-80.280446,35.80383139159,28.));
#2223 = LINE('',#2224,#2225);
#2224 = CARTESIAN_POINT('',(-80.280446,35.80383139159,19.5));
#2225 = VECTOR('',#2226,1.);
#2226 = DIRECTION('',(0.,0.,-1.));
#2227 = ORIENTED_EDGE('',*,*,#2228,.F.);
#2228 = EDGE_CURVE('',#432,#2221,#2229,.T.);
#2229 = LINE('',#2230,#2231);
#2230 = CARTESIAN_POINT('',(-85.080446,35.80383139159,28.));
#2231 = VECTOR('',#2232,1.);
#2232 = DIRECTION('',(1.,0.,0.));
#2233 = PLANE('',#2234);
#2234 = AXIS2_PLACEMENT_3D('',#2235,#2236,#2237);
#2235 = CARTESIAN_POINT('',(-85.080446,35.80383139159,34.));
#2236 = DIRECTION('',(0.,1.,0.));
#2237 = DIRECTION('',(0.,0.,-1.));
#2238 = ADVANCED_FACE('',(#2239),#2257,.T.);
#2239 = FACE_BOUND('',#2240,.T.);
#2240 = EDGE_LOOP('',(#2241,#2242,#2243,#2251));
#2241 = ORIENTED_EDGE('',*,*,#431,.F.);
#2242 = ORIENTED_EDGE('',*,*,#2228,.T.);
#2243 = ORIENTED_EDGE('',*,*,#2244,.T.);
#2244 = EDGE_CURVE('',#2221,#2245,#2247,.T.);
#2245 = VERTEX_POINT('',#2246);
#2246 = CARTESIAN_POINT('',(-80.280446,40.999983814296,25.));
#2247 = LINE('',#2248,#2249);
#2248 = CARTESIAN_POINT('',(-80.280446,17.532040691504,38.549223279271)
  );
#2249 = VECTOR('',#2250,1.);
#2250 = DIRECTION('',(0.,0.866025403784,-0.5));
#2251 = ORIENTED_EDGE('',*,*,#2252,.F.);
#2252 = EDGE_CURVE('',#424,#2245,#2253,.T.);
#2253 = LINE('',#2254,#2255);
#2254 = CARTESIAN_POINT('',(-85.080446,40.999983814296,25.));
#2255 = VECTOR('',#2256,1.);
#2256 = DIRECTION('',(1.,0.,0.));
#2257 = PLANE('',#2258);
#2258 = AXIS2_PLACEMENT_3D('',#2259,#2260,#2261);
#2259 = CARTESIAN_POINT('',(-85.080446,35.80383139159,28.));
#2260 = DIRECTION('',(0.,0.5,0.866025403784));
#2261 = DIRECTION('',(0.,0.866025403784,-0.5));
#2262 = ADVANCED_FACE('',(#2263),#2281,.T.);
#2263 = FACE_BOUND('',#2264,.T.);
#2264 = EDGE_LOOP('',(#2265,#2266,#2267,#2275));
#2265 = ORIENTED_EDGE('',*,*,#423,.F.);
#2266 = ORIENTED_EDGE('',*,*,#2252,.T.);
#2267 = ORIENTED_EDGE('',*,*,#2268,.T.);
#2268 = EDGE_CURVE('',#2245,#2269,#2271,.T.);
#2269 = VERTEX_POINT('',#2270);
#2270 = CARTESIAN_POINT('',(-80.280446,46.196136237003,28.));
#2271 = LINE('',#2272,#2273);
#2272 = CARTESIAN_POINT('',(-80.280446,11.469862865013,7.950776720729));
#2273 = VECTOR('',#2274,1.);
#2274 = DIRECTION('',(0.,0.866025403784,0.5));
#2275 = ORIENTED_EDGE('',*,*,#2276,.F.);
#2276 = EDGE_CURVE('',#416,#2269,#2277,.T.);
#2277 = LINE('',#2278,#2279);
#2278 = CARTESIAN_POINT('',(-85.080446,46.196136237003,28.));
#2279 = VECTOR('',#2280,1.);
#2280 = DIRECTION('',(1.,0.,0.));
#2281 = PLANE('',#2282);
#2282 = AXIS2_PLACEMENT_3D('',#2283,#2284,#2285);
#2283 = CARTESIAN_POINT('',(-85.080446,40.999983814296,25.));
#2284 = DIRECTION('',(0.,-0.5,0.866025403784));
#2285 = DIRECTION('',(0.,0.866025403784,0.5));
#2286 = ADVANCED_FACE('',(#2287),#2298,.T.);
#2287 = FACE_BOUND('',#2288,.T.);
#2288 = EDGE_LOOP('',(#2289,#2290,#2291,#2297));
#2289 = ORIENTED_EDGE('',*,*,#415,.F.);
#2290 = ORIENTED_EDGE('',*,*,#2276,.T.);
#2291 = ORIENTED_EDGE('',*,*,#2292,.T.);
#2292 = EDGE_CURVE('',#2269,#2165,#2293,.T.);
#2293 = LINE('',#2294,#2295);
#2294 = CARTESIAN_POINT('',(-80.280446,46.196136237003,16.5));
#2295 = VECTOR('',#2296,1.);
#2296 = DIRECTION('',(0.,0.,1.));
#2297 = ORIENTED_EDGE('',*,*,#2164,.F.);
#2298 = PLANE('',#2299);
#2299 = AXIS2_PLACEMENT_3D('',#2300,#2301,#2302);
#2300 = CARTESIAN_POINT('',(-85.080446,46.196136237003,28.));
#2301 = DIRECTION('',(0.,-1.,0.));
#2302 = DIRECTION('',(0.,0.,1.));
#2303 = ADVANCED_FACE('',(#2304),#2329,.T.);
#2304 = FACE_BOUND('',#2305,.T.);
#2305 = EDGE_LOOP('',(#2306,#2307,#2315,#2323));
#2306 = ORIENTED_EDGE('',*,*,#455,.F.);
#2307 = ORIENTED_EDGE('',*,*,#2308,.T.);
#2308 = EDGE_CURVE('',#456,#2309,#2311,.T.);
#2309 = VERTEX_POINT('',#2310);
#2310 = CARTESIAN_POINT('',(-80.280446,52.196136237003,23.607695154587)
  );
#2311 = LINE('',#2312,#2313);
#2312 = CARTESIAN_POINT('',(-85.080446,52.196136237003,23.607695154587)
  );
#2313 = VECTOR('',#2314,1.);
#2314 = DIRECTION('',(1.,0.,0.));
#2315 = ORIENTED_EDGE('',*,*,#2316,.T.);
#2316 = EDGE_CURVE('',#2309,#2317,#2319,.T.);
#2317 = VERTEX_POINT('',#2318);
#2318 = CARTESIAN_POINT('',(-80.280446,46.999983814296,26.607695154587)
  );
#2319 = LINE('',#2320,#2321);
#2320 = CARTESIAN_POINT('',(-80.280446,26.826269325564,38.254994645211)
  );
#2321 = VECTOR('',#2322,1.);
#2322 = DIRECTION('',(0.,-0.866025403784,0.5));
#2323 = ORIENTED_EDGE('',*,*,#2324,.F.);
#2324 = EDGE_CURVE('',#458,#2317,#2325,.T.);
#2325 = LINE('',#2326,#2327);
#2326 = CARTESIAN_POINT('',(-85.080446,46.999983814296,26.607695154587)
  );
#2327 = VECTOR('',#2328,1.);
#2328 = DIRECTION('',(1.,0.,0.));
#2329 = PLANE('',#2330);
#2330 = AXIS2_PLACEMENT_3D('',#2331,#2332,#2333);
#2331 = CARTESIAN_POINT('',(-85.080446,52.196136237003,23.607695154587)
  );
#2332 = DIRECTION('',(0.,-0.5,-0.866025403784));
#2333 = DIRECTION('',(0.,-0.866025403784,0.5));
#2334 = ADVANCED_FACE('',(#2335),#2353,.T.);
#2335 = FACE_BOUND('',#2336,.T.);
#2336 = EDGE_LOOP('',(#2337,#2338,#2339,#2347));
#2337 = ORIENTED_EDGE('',*,*,#497,.F.);
#2338 = ORIENTED_EDGE('',*,*,#2324,.T.);
#2339 = ORIENTED_EDGE('',*,*,#2340,.T.);
#2340 = EDGE_CURVE('',#2317,#2341,#2343,.T.);
#2341 = VERTEX_POINT('',#2342);
#2342 = CARTESIAN_POINT('',(-80.280446,41.80383139159,23.607695154587));
#2343 = LINE('',#2344,#2345);
#2344 = CARTESIAN_POINT('',(-80.280446,14.87178665366,8.058471875316));
#2345 = VECTOR('',#2346,1.);
#2346 = DIRECTION('',(-0.,-0.866025403784,-0.5));
#2347 = ORIENTED_EDGE('',*,*,#2348,.F.);
#2348 = EDGE_CURVE('',#490,#2341,#2349,.T.);
#2349 = LINE('',#2350,#2351);
#2350 = CARTESIAN_POINT('',(-85.080446,41.80383139159,23.607695154587));
#2351 = VECTOR('',#2352,1.);
#2352 = DIRECTION('',(1.,0.,0.));
#2353 = PLANE('',#2354);
#2354 = AXIS2_PLACEMENT_3D('',#2355,#2356,#2357);
#2355 = CARTESIAN_POINT('',(-85.080446,46.999983814296,26.607695154587)
  );
#2356 = DIRECTION('',(0.,0.5,-0.866025403784));
#2357 = DIRECTION('',(0.,-0.866025403784,-0.5));
#2358 = ADVANCED_FACE('',(#2359),#2377,.T.);
#2359 = FACE_BOUND('',#2360,.T.);
#2360 = EDGE_LOOP('',(#2361,#2362,#2363,#2371));
#2361 = ORIENTED_EDGE('',*,*,#489,.F.);
#2362 = ORIENTED_EDGE('',*,*,#2348,.T.);
#2363 = ORIENTED_EDGE('',*,*,#2364,.T.);
#2364 = EDGE_CURVE('',#2341,#2365,#2367,.T.);
#2365 = VERTEX_POINT('',#2366);
#2366 = CARTESIAN_POINT('',(-80.280446,41.80383139159,17.607695154587));
#2367 = LINE('',#2368,#2369);
#2368 = CARTESIAN_POINT('',(-80.280446,41.803831391589,14.303847577293)
  );
#2369 = VECTOR('',#2370,1.);
#2370 = DIRECTION('',(0.,0.,-1.));
#2371 = ORIENTED_EDGE('',*,*,#2372,.F.);
#2372 = EDGE_CURVE('',#482,#2365,#2373,.T.);
#2373 = LINE('',#2374,#2375);
#2374 = CARTESIAN_POINT('',(-85.080446,41.80383139159,17.607695154587));
#2375 = VECTOR('',#2376,1.);
#2376 = DIRECTION('',(1.,0.,0.));
#2377 = PLANE('',#2378);
#2378 = AXIS2_PLACEMENT_3D('',#2379,#2380,#2381);
#2379 = CARTESIAN_POINT('',(-85.080446,41.80383139159,23.607695154587));
#2380 = DIRECTION('',(0.,1.,0.));
#2381 = DIRECTION('',(0.,0.,-1.));
#2382 = ADVANCED_FACE('',(#2383),#2401,.T.);
#2383 = FACE_BOUND('',#2384,.T.);
#2384 = EDGE_LOOP('',(#2385,#2386,#2387,#2395));
#2385 = ORIENTED_EDGE('',*,*,#481,.F.);
#2386 = ORIENTED_EDGE('',*,*,#2372,.T.);
#2387 = ORIENTED_EDGE('',*,*,#2388,.T.);
#2388 = EDGE_CURVE('',#2365,#2389,#2391,.T.);
#2389 = VERTEX_POINT('',#2390);
#2390 = CARTESIAN_POINT('',(-80.280446,46.999983814296,14.607695154587)
  );
#2391 = LINE('',#2392,#2393);
#2392 = CARTESIAN_POINT('',(-80.280446,19.032040691504,30.754994645211)
  );
#2393 = VECTOR('',#2394,1.);
#2394 = DIRECTION('',(0.,0.866025403784,-0.5));
#2395 = ORIENTED_EDGE('',*,*,#2396,.F.);
#2396 = EDGE_CURVE('',#474,#2389,#2397,.T.);
#2397 = LINE('',#2398,#2399);
#2398 = CARTESIAN_POINT('',(-85.080446,46.999983814296,14.607695154587)
  );
#2399 = VECTOR('',#2400,1.);
#2400 = DIRECTION('',(1.,0.,0.));
#2401 = PLANE('',#2402);
#2402 = AXIS2_PLACEMENT_3D('',#2403,#2404,#2405);
#2403 = CARTESIAN_POINT('',(-85.080446,41.80383139159,17.607695154587));
#2404 = DIRECTION('',(0.,0.5,0.866025403784));
#2405 = DIRECTION('',(0.,0.866025403784,-0.5));
#2406 = ADVANCED_FACE('',(#2407),#2425,.T.);
#2407 = FACE_BOUND('',#2408,.T.);
#2408 = EDGE_LOOP('',(#2409,#2410,#2411,#2419));
#2409 = ORIENTED_EDGE('',*,*,#473,.F.);
#2410 = ORIENTED_EDGE('',*,*,#2396,.T.);
#2411 = ORIENTED_EDGE('',*,*,#2412,.T.);
#2412 = EDGE_CURVE('',#2389,#2413,#2415,.T.);
#2413 = VERTEX_POINT('',#2414);
#2414 = CARTESIAN_POINT('',(-80.280446,52.196136237003,17.607695154587)
  );
#2415 = LINE('',#2416,#2417);
#2416 = CARTESIAN_POINT('',(-80.280446,17.469862865013,-2.441528124684)
  );
#2417 = VECTOR('',#2418,1.);
#2418 = DIRECTION('',(0.,0.866025403784,0.5));
#2419 = ORIENTED_EDGE('',*,*,#2420,.F.);
#2420 = EDGE_CURVE('',#466,#2413,#2421,.T.);
#2421 = LINE('',#2422,#2423);
#2422 = CARTESIAN_POINT('',(-85.080446,52.196136237003,17.607695154587)
  );
#2423 = VECTOR('',#2424,1.);
#2424 = DIRECTION('',(1.,0.,0.));
#2425 = PLANE('',#2426);
#2426 = AXIS2_PLACEMENT_3D('',#2427,#2428,#2429);
#2427 = CARTESIAN_POINT('',(-85.080446,46.999983814296,14.607695154587)
  );
#2428 = DIRECTION('',(0.,-0.5,0.866025403784));
#2429 = DIRECTION('',(0.,0.866025403784,0.5));
#2430 = ADVANCED_FACE('',(#2431),#2442,.T.);
#2431 = FACE_BOUND('',#2432,.T.);
#2432 = EDGE_LOOP('',(#2433,#2434,#2435,#2441));
#2433 = ORIENTED_EDGE('',*,*,#465,.F.);
#2434 = ORIENTED_EDGE('',*,*,#2420,.T.);
#2435 = ORIENTED_EDGE('',*,*,#2436,.T.);
#2436 = EDGE_CURVE('',#2413,#2309,#2437,.T.);
#2437 = LINE('',#2438,#2439);
#2438 = CARTESIAN_POINT('',(-80.280446,52.196136237003,11.303847577293)
  );
#2439 = VECTOR('',#2440,1.);
#2440 = DIRECTION('',(0.,0.,1.));
#2441 = ORIENTED_EDGE('',*,*,#2308,.F.);
#2442 = PLANE('',#2443);
#2443 = AXIS2_PLACEMENT_3D('',#2444,#2445,#2446);
#2444 = CARTESIAN_POINT('',(-85.080446,52.196136237003,17.607695154587)
  );
#2445 = DIRECTION('',(0.,-1.,0.));
#2446 = DIRECTION('',(0.,0.,1.));
#2447 = ADVANCED_FACE('',(#2448),#2473,.T.);
#2448 = FACE_BOUND('',#2449,.T.);
#2449 = EDGE_LOOP('',(#2450,#2451,#2459,#2467));
#2450 = ORIENTED_EDGE('',*,*,#505,.F.);
#2451 = ORIENTED_EDGE('',*,*,#2452,.T.);
#2452 = EDGE_CURVE('',#506,#2453,#2455,.T.);
#2453 = VERTEX_POINT('',#2454);
#2454 = CARTESIAN_POINT('',(-80.280446,40.196136237003,23.607695154587)
  );
#2455 = LINE('',#2456,#2457);
#2456 = CARTESIAN_POINT('',(-85.080446,40.196136237003,23.607695154587)
  );
#2457 = VECTOR('',#2458,1.);
#2458 = DIRECTION('',(1.,0.,0.));
#2459 = ORIENTED_EDGE('',*,*,#2460,.T.);
#2460 = EDGE_CURVE('',#2453,#2461,#2463,.T.);
#2461 = VERTEX_POINT('',#2462);
#2462 = CARTESIAN_POINT('',(-80.280446,34.999983814296,26.607695154587)
  );
#2463 = LINE('',#2464,#2465);
#2464 = CARTESIAN_POINT('',(-80.280446,19.326269325564,35.656918433858)
  );
#2465 = VECTOR('',#2466,1.);
#2466 = DIRECTION('',(0.,-0.866025403784,0.5));
#2467 = ORIENTED_EDGE('',*,*,#2468,.F.);
#2468 = EDGE_CURVE('',#508,#2461,#2469,.T.);
#2469 = LINE('',#2470,#2471);
#2470 = CARTESIAN_POINT('',(-85.080446,34.999983814296,26.607695154587)
  );
#2471 = VECTOR('',#2472,1.);
#2472 = DIRECTION('',(1.,0.,0.));
#2473 = PLANE('',#2474);
#2474 = AXIS2_PLACEMENT_3D('',#2475,#2476,#2477);
#2475 = CARTESIAN_POINT('',(-85.080446,40.196136237003,23.607695154587)
  );
#2476 = DIRECTION('',(0.,-0.5,-0.866025403784));
#2477 = DIRECTION('',(0.,-0.866025403784,0.5));
#2478 = ADVANCED_FACE('',(#2479),#2497,.T.);
#2479 = FACE_BOUND('',#2480,.T.);
#2480 = EDGE_LOOP('',(#2481,#2482,#2483,#2491));
#2481 = ORIENTED_EDGE('',*,*,#547,.F.);
#2482 = ORIENTED_EDGE('',*,*,#2468,.T.);
#2483 = ORIENTED_EDGE('',*,*,#2484,.T.);
#2484 = EDGE_CURVE('',#2461,#2485,#2487,.T.);
#2485 = VERTEX_POINT('',#2486);
#2486 = CARTESIAN_POINT('',(-80.280446,29.80383139159,23.607695154587));
#2487 = LINE('',#2488,#2489);
#2488 = CARTESIAN_POINT('',(-80.280446,7.37178665366,10.656548086669));
#2489 = VECTOR('',#2490,1.);
#2490 = DIRECTION('',(-0.,-0.866025403784,-0.5));
#2491 = ORIENTED_EDGE('',*,*,#2492,.F.);
#2492 = EDGE_CURVE('',#540,#2485,#2493,.T.);
#2493 = LINE('',#2494,#2495);
#2494 = CARTESIAN_POINT('',(-85.080446,29.80383139159,23.607695154587));
#2495 = VECTOR('',#2496,1.);
#2496 = DIRECTION('',(1.,0.,0.));
#2497 = PLANE('',#2498);
#2498 = AXIS2_PLACEMENT_3D('',#2499,#2500,#2501);
#2499 = CARTESIAN_POINT('',(-85.080446,34.999983814296,26.607695154587)
  );
#2500 = DIRECTION('',(0.,0.5,-0.866025403784));
#2501 = DIRECTION('',(0.,-0.866025403784,-0.5));
#2502 = ADVANCED_FACE('',(#2503),#2521,.T.);
#2503 = FACE_BOUND('',#2504,.T.);
#2504 = EDGE_LOOP('',(#2505,#2506,#2507,#2515));
#2505 = ORIENTED_EDGE('',*,*,#539,.F.);
#2506 = ORIENTED_EDGE('',*,*,#2492,.T.);
#2507 = ORIENTED_EDGE('',*,*,#2508,.T.);
#2508 = EDGE_CURVE('',#2485,#2509,#2511,.T.);
#2509 = VERTEX_POINT('',#2510);
#2510 = CARTESIAN_POINT('',(-80.280446,29.80383139159,17.607695154587));
#2511 = LINE('',#2512,#2513);
#2512 = CARTESIAN_POINT('',(-80.280446,29.80383139159,14.303847577293));
#2513 = VECTOR('',#2514,1.);
#2514 = DIRECTION('',(0.,0.,-1.));
#2515 = ORIENTED_EDGE('',*,*,#2516,.F.);
#2516 = EDGE_CURVE('',#532,#2509,#2517,.T.);
#2517 = LINE('',#2518,#2519);
#2518 = CARTESIAN_POINT('',(-85.080446,29.80383139159,17.607695154587));
#2519 = VECTOR('',#2520,1.);
#2520 = DIRECTION('',(1.,0.,0.));
#2521 = PLANE('',#2522);
#2522 = AXIS2_PLACEMENT_3D('',#2523,#2524,#2525);
#2523 = CARTESIAN_POINT('',(-85.080446,29.80383139159,23.607695154587));
#2524 = DIRECTION('',(0.,1.,0.));
#2525 = DIRECTION('',(0.,0.,-1.));
#2526 = ADVANCED_FACE('',(#2527),#2545,.T.);
#2527 = FACE_BOUND('',#2528,.T.);
#2528 = EDGE_LOOP('',(#2529,#2530,#2531,#2539));
#2529 = ORIENTED_EDGE('',*,*,#531,.F.);
#2530 = ORIENTED_EDGE('',*,*,#2516,.T.);
#2531 = ORIENTED_EDGE('',*,*,#2532,.T.);
#2532 = EDGE_CURVE('',#2509,#2533,#2535,.T.);
#2533 = VERTEX_POINT('',#2534);
#2534 = CARTESIAN_POINT('',(-80.280446,34.999983814296,14.607695154587)
  );
#2535 = LINE('',#2536,#2537);
#2536 = CARTESIAN_POINT('',(-80.280446,11.532040691504,28.156918433858)
  );
#2537 = VECTOR('',#2538,1.);
#2538 = DIRECTION('',(0.,0.866025403784,-0.5));
#2539 = ORIENTED_EDGE('',*,*,#2540,.F.);
#2540 = EDGE_CURVE('',#524,#2533,#2541,.T.);
#2541 = LINE('',#2542,#2543);
#2542 = CARTESIAN_POINT('',(-85.080446,34.999983814296,14.607695154587)
  );
#2543 = VECTOR('',#2544,1.);
#2544 = DIRECTION('',(1.,0.,0.));
#2545 = PLANE('',#2546);
#2546 = AXIS2_PLACEMENT_3D('',#2547,#2548,#2549);
#2547 = CARTESIAN_POINT('',(-85.080446,29.80383139159,17.607695154587));
#2548 = DIRECTION('',(0.,0.5,0.866025403784));
#2549 = DIRECTION('',(0.,0.866025403784,-0.5));
#2550 = ADVANCED_FACE('',(#2551),#2569,.T.);
#2551 = FACE_BOUND('',#2552,.T.);
#2552 = EDGE_LOOP('',(#2553,#2554,#2555,#2563));
#2553 = ORIENTED_EDGE('',*,*,#523,.F.);
#2554 = ORIENTED_EDGE('',*,*,#2540,.T.);
#2555 = ORIENTED_EDGE('',*,*,#2556,.T.);
#2556 = EDGE_CURVE('',#2533,#2557,#2559,.T.);
#2557 = VERTEX_POINT('',#2558);
#2558 = CARTESIAN_POINT('',(-80.280446,40.196136237003,17.607695154587)
  );
#2559 = LINE('',#2560,#2561);
#2560 = CARTESIAN_POINT('',(-80.280446,9.969862865013,0.156548086669));
#2561 = VECTOR('',#2562,1.);
#2562 = DIRECTION('',(0.,0.866025403784,0.5));
#2563 = ORIENTED_EDGE('',*,*,#2564,.F.);
#2564 = EDGE_CURVE('',#516,#2557,#2565,.T.);
#2565 = LINE('',#2566,#2567);
#2566 = CARTESIAN_POINT('',(-85.080446,40.196136237003,17.607695154587)
  );
#2567 = VECTOR('',#2568,1.);
#2568 = DIRECTION('',(1.,0.,0.));
#2569 = PLANE('',#2570);
#2570 = AXIS2_PLACEMENT_3D('',#2571,#2572,#2573);
#2571 = CARTESIAN_POINT('',(-85.080446,34.999983814296,14.607695154587)
  );
#2572 = DIRECTION('',(0.,-0.5,0.866025403784));
#2573 = DIRECTION('',(0.,0.866025403784,0.5));
#2574 = ADVANCED_FACE('',(#2575),#2586,.T.);
#2575 = FACE_BOUND('',#2576,.T.);
#2576 = EDGE_LOOP('',(#2577,#2578,#2579,#2585));
#2577 = ORIENTED_EDGE('',*,*,#515,.F.);
#2578 = ORIENTED_EDGE('',*,*,#2564,.T.);
#2579 = ORIENTED_EDGE('',*,*,#2580,.T.);
#2580 = EDGE_CURVE('',#2557,#2453,#2581,.T.);
#2581 = LINE('',#2582,#2583);
#2582 = CARTESIAN_POINT('',(-80.280446,40.196136237003,11.303847577293)
  );
#2583 = VECTOR('',#2584,1.);
#2584 = DIRECTION('',(0.,0.,1.));
#2585 = ORIENTED_EDGE('',*,*,#2452,.F.);
#2586 = PLANE('',#2587);
#2587 = AXIS2_PLACEMENT_3D('',#2588,#2589,#2590);
#2588 = CARTESIAN_POINT('',(-85.080446,40.196136237003,17.607695154587)
  );
#2589 = DIRECTION('',(0.,-1.,0.));
#2590 = DIRECTION('',(0.,0.,1.));
#2591 = ADVANCED_FACE('',(#2592),#2617,.T.);
#2592 = FACE_BOUND('',#2593,.T.);
#2593 = EDGE_LOOP('',(#2594,#2595,#2603,#2611));
#2594 = ORIENTED_EDGE('',*,*,#555,.F.);
#2595 = ORIENTED_EDGE('',*,*,#2596,.T.);
#2596 = EDGE_CURVE('',#556,#2597,#2599,.T.);
#2597 = VERTEX_POINT('',#2598);
#2598 = CARTESIAN_POINT('',(-80.280446,34.196136237003,34.));
#2599 = LINE('',#2600,#2601);
#2600 = CARTESIAN_POINT('',(-85.080446,34.196136237003,34.));
#2601 = VECTOR('',#2602,1.);
#2602 = DIRECTION('',(1.,0.,0.));
#2603 = ORIENTED_EDGE('',*,*,#2604,.T.);
#2604 = EDGE_CURVE('',#2597,#2605,#2607,.T.);
#2605 = VERTEX_POINT('',#2606);
#2606 = CARTESIAN_POINT('',(-80.280446,28.999983814296,37.));
#2607 = LINE('',#2608,#2609);
#2608 = CARTESIAN_POINT('',(-80.280446,17.826269325564,43.451147067918)
  );
#2609 = VECTOR('',#2610,1.);
#2610 = DIRECTION('',(0.,-0.866025403784,0.5));
#2611 = ORIENTED_EDGE('',*,*,#2612,.F.);
#2612 = EDGE_CURVE('',#558,#2605,#2613,.T.);
#2613 = LINE('',#2614,#2615);
#2614 = CARTESIAN_POINT('',(-85.080446,28.999983814296,37.));
#2615 = VECTOR('',#2616,1.);
#2616 = DIRECTION('',(1.,0.,0.));
#2617 = PLANE('',#2618);
#2618 = AXIS2_PLACEMENT_3D('',#2619,#2620,#2621);
#2619 = CARTESIAN_POINT('',(-85.080446,34.196136237003,34.));
#2620 = DIRECTION('',(0.,-0.5,-0.866025403784));
#2621 = DIRECTION('',(0.,-0.866025403784,0.5));
#2622 = ADVANCED_FACE('',(#2623),#2641,.T.);
#2623 = FACE_BOUND('',#2624,.T.);
#2624 = EDGE_LOOP('',(#2625,#2626,#2627,#2635));
#2625 = ORIENTED_EDGE('',*,*,#597,.F.);
#2626 = ORIENTED_EDGE('',*,*,#2612,.T.);
#2627 = ORIENTED_EDGE('',*,*,#2628,.T.);
#2628 = EDGE_CURVE('',#2605,#2629,#2631,.T.);
#2629 = VERTEX_POINT('',#2630);
#2630 = CARTESIAN_POINT('',(-80.280446,23.80383139159,34.));
#2631 = LINE('',#2632,#2633);
#2632 = CARTESIAN_POINT('',(-80.280446,1.37178665366,21.048852932082));
#2633 = VECTOR('',#2634,1.);
#2634 = DIRECTION('',(-0.,-0.866025403784,-0.5));
#2635 = ORIENTED_EDGE('',*,*,#2636,.F.);
#2636 = EDGE_CURVE('',#590,#2629,#2637,.T.);
#2637 = LINE('',#2638,#2639);
#2638 = CARTESIAN_POINT('',(-85.080446,23.80383139159,34.));
#2639 = VECTOR('',#2640,1.);
#2640 = DIRECTION('',(1.,0.,0.));
#2641 = PLANE('',#2642);
#2642 = AXIS2_PLACEMENT_3D('',#2643,#2644,#2645);
#2643 = CARTESIAN_POINT('',(-85.080446,28.999983814296,37.));
#2644 = DIRECTION('',(0.,0.5,-0.866025403784));
#2645 = DIRECTION('',(0.,-0.866025403784,-0.5));
#2646 = ADVANCED_FACE('',(#2647),#2665,.T.);
#2647 = FACE_BOUND('',#2648,.T.);
#2648 = EDGE_LOOP('',(#2649,#2650,#2651,#2659));
#2649 = ORIENTED_EDGE('',*,*,#589,.F.);
#2650 = ORIENTED_EDGE('',*,*,#2636,.T.);
#2651 = ORIENTED_EDGE('',*,*,#2652,.T.);
#2652 = EDGE_CURVE('',#2629,#2653,#2655,.T.);
#2653 = VERTEX_POINT('',#2654);
#2654 = CARTESIAN_POINT('',(-80.280446,23.80383139159,28.));
#2655 = LINE('',#2656,#2657);
#2656 = CARTESIAN_POINT('',(-80.280446,23.80383139159,19.5));
#2657 = VECTOR('',#2658,1.);
#2658 = DIRECTION('',(0.,0.,-1.));
#2659 = ORIENTED_EDGE('',*,*,#2660,.F.);
#2660 = EDGE_CURVE('',#582,#2653,#2661,.T.);
#2661 = LINE('',#2662,#2663);
#2662 = CARTESIAN_POINT('',(-85.080446,23.80383139159,28.));
#2663 = VECTOR('',#2664,1.);
#2664 = DIRECTION('',(1.,0.,0.));
#2665 = PLANE('',#2666);
#2666 = AXIS2_PLACEMENT_3D('',#2667,#2668,#2669);
#2667 = CARTESIAN_POINT('',(-85.080446,23.80383139159,34.));
#2668 = DIRECTION('',(0.,1.,0.));
#2669 = DIRECTION('',(0.,0.,-1.));
#2670 = ADVANCED_FACE('',(#2671),#2689,.T.);
#2671 = FACE_BOUND('',#2672,.T.);
#2672 = EDGE_LOOP('',(#2673,#2674,#2675,#2683));
#2673 = ORIENTED_EDGE('',*,*,#581,.F.);
#2674 = ORIENTED_EDGE('',*,*,#2660,.T.);
#2675 = ORIENTED_EDGE('',*,*,#2676,.T.);
#2676 = EDGE_CURVE('',#2653,#2677,#2679,.T.);
#2677 = VERTEX_POINT('',#2678);
#2678 = CARTESIAN_POINT('',(-80.280446,28.999983814296,25.));
#2679 = LINE('',#2680,#2681);
#2680 = CARTESIAN_POINT('',(-80.280446,10.032040691504,35.951147067918)
  );
#2681 = VECTOR('',#2682,1.);
#2682 = DIRECTION('',(0.,0.866025403784,-0.5));
#2683 = ORIENTED_EDGE('',*,*,#2684,.F.);
#2684 = EDGE_CURVE('',#574,#2677,#2685,.T.);
#2685 = LINE('',#2686,#2687);
#2686 = CARTESIAN_POINT('',(-85.080446,28.999983814296,25.));
#2687 = VECTOR('',#2688,1.);
#2688 = DIRECTION('',(1.,0.,0.));
#2689 = PLANE('',#2690);
#2690 = AXIS2_PLACEMENT_3D('',#2691,#2692,#2693);
#2691 = CARTESIAN_POINT('',(-85.080446,23.80383139159,28.));
#2692 = DIRECTION('',(0.,0.5,0.866025403784));
#2693 = DIRECTION('',(0.,0.866025403784,-0.5));
#2694 = ADVANCED_FACE('',(#2695),#2713,.T.);
#2695 = FACE_BOUND('',#2696,.T.);
#2696 = EDGE_LOOP('',(#2697,#2698,#2699,#2707));
#2697 = ORIENTED_EDGE('',*,*,#573,.F.);
#2698 = ORIENTED_EDGE('',*,*,#2684,.T.);
#2699 = ORIENTED_EDGE('',*,*,#2700,.T.);
#2700 = EDGE_CURVE('',#2677,#2701,#2703,.T.);
#2701 = VERTEX_POINT('',#2702);
#2702 = CARTESIAN_POINT('',(-80.280446,34.196136237003,28.));
#2703 = LINE('',#2704,#2705);
#2704 = CARTESIAN_POINT('',(-80.280446,3.969862865013,10.548852932082));
#2705 = VECTOR('',#2706,1.);
#2706 = DIRECTION('',(0.,0.866025403784,0.5));
#2707 = ORIENTED_EDGE('',*,*,#2708,.F.);
#2708 = EDGE_CURVE('',#566,#2701,#2709,.T.);
#2709 = LINE('',#2710,#2711);
#2710 = CARTESIAN_POINT('',(-85.080446,34.196136237003,28.));
#2711 = VECTOR('',#2712,1.);
#2712 = DIRECTION('',(1.,0.,0.));
#2713 = PLANE('',#2714);
#2714 = AXIS2_PLACEMENT_3D('',#2715,#2716,#2717);
#2715 = CARTESIAN_POINT('',(-85.080446,28.999983814296,25.));
#2716 = DIRECTION('',(0.,-0.5,0.866025403784));
#2717 = DIRECTION('',(0.,0.866025403784,0.5));
#2718 = ADVANCED_FACE('',(#2719),#2730,.T.);
#2719 = FACE_BOUND('',#2720,.T.);
#2720 = EDGE_LOOP('',(#2721,#2722,#2723,#2729));
#2721 = ORIENTED_EDGE('',*,*,#565,.F.);
#2722 = ORIENTED_EDGE('',*,*,#2708,.T.);
#2723 = ORIENTED_EDGE('',*,*,#2724,.T.);
#2724 = EDGE_CURVE('',#2701,#2597,#2725,.T.);
#2725 = LINE('',#2726,#2727);
#2726 = CARTESIAN_POINT('',(-80.280446,34.196136237003,16.5));
#2727 = VECTOR('',#2728,1.);
#2728 = DIRECTION('',(0.,0.,1.));
#2729 = ORIENTED_EDGE('',*,*,#2596,.F.);
#2730 = PLANE('',#2731);
#2731 = AXIS2_PLACEMENT_3D('',#2732,#2733,#2734);
#2732 = CARTESIAN_POINT('',(-85.080446,34.196136237003,28.));
#2733 = DIRECTION('',(0.,-1.,0.));
#2734 = DIRECTION('',(0.,0.,1.));
#2735 = ADVANCED_FACE('',(#2736),#2761,.T.);
#2736 = FACE_BOUND('',#2737,.T.);
#2737 = EDGE_LOOP('',(#2738,#2739,#2747,#2755));
#2738 = ORIENTED_EDGE('',*,*,#605,.F.);
#2739 = ORIENTED_EDGE('',*,*,#2740,.T.);
#2740 = EDGE_CURVE('',#606,#2741,#2743,.T.);
#2741 = VERTEX_POINT('',#2742);
#2742 = CARTESIAN_POINT('',(-80.280446,22.196136237003,34.));
#2743 = LINE('',#2744,#2745);
#2744 = CARTESIAN_POINT('',(-85.080446,22.196136237003,34.));
#2745 = VECTOR('',#2746,1.);
#2746 = DIRECTION('',(1.,0.,0.));
#2747 = ORIENTED_EDGE('',*,*,#2748,.T.);
#2748 = EDGE_CURVE('',#2741,#2749,#2751,.T.);
#2749 = VERTEX_POINT('',#2750);
#2750 = CARTESIAN_POINT('',(-80.280446,16.999983814296,37.));
#2751 = LINE('',#2752,#2753);
#2752 = CARTESIAN_POINT('',(-80.280446,10.326269325564,40.853070856564)
  );
#2753 = VECTOR('',#2754,1.);
#2754 = DIRECTION('',(0.,-0.866025403784,0.5));
#2755 = ORIENTED_EDGE('',*,*,#2756,.F.);
#2756 = EDGE_CURVE('',#608,#2749,#2757,.T.);
#2757 = LINE('',#2758,#2759);
#2758 = CARTESIAN_POINT('',(-85.080446,16.999983814296,37.));
#2759 = VECTOR('',#2760,1.);
#2760 = DIRECTION('',(1.,0.,0.));
#2761 = PLANE('',#2762);
#2762 = AXIS2_PLACEMENT_3D('',#2763,#2764,#2765);
#2763 = CARTESIAN_POINT('',(-85.080446,22.196136237003,34.));
#2764 = DIRECTION('',(0.,-0.5,-0.866025403784));
#2765 = DIRECTION('',(0.,-0.866025403784,0.5));
#2766 = ADVANCED_FACE('',(#2767),#2785,.T.);
#2767 = FACE_BOUND('',#2768,.T.);
#2768 = EDGE_LOOP('',(#2769,#2770,#2771,#2779));
#2769 = ORIENTED_EDGE('',*,*,#647,.F.);
#2770 = ORIENTED_EDGE('',*,*,#2756,.T.);
#2771 = ORIENTED_EDGE('',*,*,#2772,.T.);
#2772 = EDGE_CURVE('',#2749,#2773,#2775,.T.);
#2773 = VERTEX_POINT('',#2774);
#2774 = CARTESIAN_POINT('',(-80.280446,11.80383139159,34.));
#2775 = LINE('',#2776,#2777);
#2776 = CARTESIAN_POINT('',(-80.280446,-6.12821334634,23.646929143436));
#2777 = VECTOR('',#2778,1.);
#2778 = DIRECTION('',(-0.,-0.866025403784,-0.5));
#2779 = ORIENTED_EDGE('',*,*,#2780,.F.);
#2780 = EDGE_CURVE('',#640,#2773,#2781,.T.);
#2781 = LINE('',#2782,#2783);
#2782 = CARTESIAN_POINT('',(-85.080446,11.80383139159,34.));
#2783 = VECTOR('',#2784,1.);
#2784 = DIRECTION('',(1.,0.,0.));
#2785 = PLANE('',#2786);
#2786 = AXIS2_PLACEMENT_3D('',#2787,#2788,#2789);
#2787 = CARTESIAN_POINT('',(-85.080446,16.999983814296,37.));
#2788 = DIRECTION('',(0.,0.5,-0.866025403784));
#2789 = DIRECTION('',(0.,-0.866025403784,-0.5));
#2790 = ADVANCED_FACE('',(#2791),#2809,.T.);
#2791 = FACE_BOUND('',#2792,.T.);
#2792 = EDGE_LOOP('',(#2793,#2794,#2795,#2803));
#2793 = ORIENTED_EDGE('',*,*,#639,.F.);
#2794 = ORIENTED_EDGE('',*,*,#2780,.T.);
#2795 = ORIENTED_EDGE('',*,*,#2796,.T.);
#2796 = EDGE_CURVE('',#2773,#2797,#2799,.T.);
#2797 = VERTEX_POINT('',#2798);
#2798 = CARTESIAN_POINT('',(-80.280446,11.80383139159,28.));
#2799 = LINE('',#2800,#2801);
#2800 = CARTESIAN_POINT('',(-80.280446,11.80383139159,19.5));
#2801 = VECTOR('',#2802,1.);
#2802 = DIRECTION('',(0.,0.,-1.));
#2803 = ORIENTED_EDGE('',*,*,#2804,.F.);
#2804 = EDGE_CURVE('',#632,#2797,#2805,.T.);
#2805 = LINE('',#2806,#2807);
#2806 = CARTESIAN_POINT('',(-85.080446,11.80383139159,28.));
#2807 = VECTOR('',#2808,1.);
#2808 = DIRECTION('',(1.,0.,0.));
#2809 = PLANE('',#2810);
#2810 = AXIS2_PLACEMENT_3D('',#2811,#2812,#2813);
#2811 = CARTESIAN_POINT('',(-85.080446,11.80383139159,34.));
#2812 = DIRECTION('',(0.,1.,0.));
#2813 = DIRECTION('',(0.,0.,-1.));
#2814 = ADVANCED_FACE('',(#2815),#2833,.T.);
#2815 = FACE_BOUND('',#2816,.T.);
#2816 = EDGE_LOOP('',(#2817,#2818,#2819,#2827));
#2817 = ORIENTED_EDGE('',*,*,#631,.F.);
#2818 = ORIENTED_EDGE('',*,*,#2804,.T.);
#2819 = ORIENTED_EDGE('',*,*,#2820,.T.);
#2820 = EDGE_CURVE('',#2797,#2821,#2823,.T.);
#2821 = VERTEX_POINT('',#2822);
#2822 = CARTESIAN_POINT('',(-80.280446,16.999983814296,25.));
#2823 = LINE('',#2824,#2825);
#2824 = CARTESIAN_POINT('',(-80.280446,2.532040691504,33.353070856564));
#2825 = VECTOR('',#2826,1.);
#2826 = DIRECTION('',(0.,0.866025403784,-0.5));
#2827 = ORIENTED_EDGE('',*,*,#2828,.F.);
#2828 = EDGE_CURVE('',#624,#2821,#2829,.T.);
#2829 = LINE('',#2830,#2831);
#2830 = CARTESIAN_POINT('',(-85.080446,16.999983814296,25.));
#2831 = VECTOR('',#2832,1.);
#2832 = DIRECTION('',(1.,0.,0.));
#2833 = PLANE('',#2834);
#2834 = AXIS2_PLACEMENT_3D('',#2835,#2836,#2837);
#2835 = CARTESIAN_POINT('',(-85.080446,11.80383139159,28.));
#2836 = DIRECTION('',(0.,0.5,0.866025403784));
#2837 = DIRECTION('',(0.,0.866025403784,-0.5));
#2838 = ADVANCED_FACE('',(#2839),#2857,.T.);
#2839 = FACE_BOUND('',#2840,.T.);
#2840 = EDGE_LOOP('',(#2841,#2842,#2843,#2851));
#2841 = ORIENTED_EDGE('',*,*,#623,.F.);
#2842 = ORIENTED_EDGE('',*,*,#2828,.T.);
#2843 = ORIENTED_EDGE('',*,*,#2844,.T.);
#2844 = EDGE_CURVE('',#2821,#2845,#2847,.T.);
#2845 = VERTEX_POINT('',#2846);
#2846 = CARTESIAN_POINT('',(-80.280446,22.196136237003,28.));
#2847 = LINE('',#2848,#2849);
#2848 = CARTESIAN_POINT('',(-80.280446,-3.530137134987,13.146929143436)
  );
#2849 = VECTOR('',#2850,1.);
#2850 = DIRECTION('',(0.,0.866025403784,0.5));
#2851 = ORIENTED_EDGE('',*,*,#2852,.F.);
#2852 = EDGE_CURVE('',#616,#2845,#2853,.T.);
#2853 = LINE('',#2854,#2855);
#2854 = CARTESIAN_POINT('',(-85.080446,22.196136237003,28.));
#2855 = VECTOR('',#2856,1.);
#2856 = DIRECTION('',(1.,0.,0.));
#2857 = PLANE('',#2858);
#2858 = AXIS2_PLACEMENT_3D('',#2859,#2860,#2861);
#2859 = CARTESIAN_POINT('',(-85.080446,16.999983814296,25.));
#2860 = DIRECTION('',(0.,-0.5,0.866025403784));
#2861 = DIRECTION('',(0.,0.866025403784,0.5));
#2862 = ADVANCED_FACE('',(#2863),#2874,.T.);
#2863 = FACE_BOUND('',#2864,.T.);
#2864 = EDGE_LOOP('',(#2865,#2866,#2867,#2873));
#2865 = ORIENTED_EDGE('',*,*,#615,.F.);
#2866 = ORIENTED_EDGE('',*,*,#2852,.T.);
#2867 = ORIENTED_EDGE('',*,*,#2868,.T.);
#2868 = EDGE_CURVE('',#2845,#2741,#2869,.T.);
#2869 = LINE('',#2870,#2871);
#2870 = CARTESIAN_POINT('',(-80.280446,22.196136237003,16.5));
#2871 = VECTOR('',#2872,1.);
#2872 = DIRECTION('',(0.,0.,1.));
#2873 = ORIENTED_EDGE('',*,*,#2740,.F.);
#2874 = PLANE('',#2875);
#2875 = AXIS2_PLACEMENT_3D('',#2876,#2877,#2878);
#2876 = CARTESIAN_POINT('',(-85.080446,22.196136237003,28.));
#2877 = DIRECTION('',(0.,-1.,0.));
#2878 = DIRECTION('',(0.,0.,1.));
#2879 = ADVANCED_FACE('',(#2880),#2905,.T.);
#2880 = FACE_BOUND('',#2881,.T.);
#2881 = EDGE_LOOP('',(#2882,#2883,#2891,#2899));
#2882 = ORIENTED_EDGE('',*,*,#655,.F.);
#2883 = ORIENTED_EDGE('',*,*,#2884,.T.);
#2884 = EDGE_CURVE('',#656,#2885,#2887,.T.);
#2885 = VERTEX_POINT('',#2886);
#2886 = CARTESIAN_POINT('',(-80.280446,10.196136237003,34.));
#2887 = LINE('',#2888,#2889);
#2888 = CARTESIAN_POINT('',(-85.080446,10.196136237003,34.));
#2889 = VECTOR('',#2890,1.);
#2890 = DIRECTION('',(1.,0.,0.));
#2891 = ORIENTED_EDGE('',*,*,#2892,.T.);
#2892 = EDGE_CURVE('',#2885,#2893,#2895,.T.);
#2893 = VERTEX_POINT('',#2894);
#2894 = CARTESIAN_POINT('',(-80.280446,4.999983814296,37.));
#2895 = LINE('',#2896,#2897);
#2896 = CARTESIAN_POINT('',(-80.280446,2.826269325564,38.254994645211));
#2897 = VECTOR('',#2898,1.);
#2898 = DIRECTION('',(0.,-0.866025403784,0.5));
#2899 = ORIENTED_EDGE('',*,*,#2900,.F.);
#2900 = EDGE_CURVE('',#658,#2893,#2901,.T.);
#2901 = LINE('',#2902,#2903);
#2902 = CARTESIAN_POINT('',(-85.080446,4.999983814296,37.));
#2903 = VECTOR('',#2904,1.);
#2904 = DIRECTION('',(1.,0.,0.));
#2905 = PLANE('',#2906);
#2906 = AXIS2_PLACEMENT_3D('',#2907,#2908,#2909);
#2907 = CARTESIAN_POINT('',(-85.080446,10.196136237003,34.));
#2908 = DIRECTION('',(0.,-0.5,-0.866025403784));
#2909 = DIRECTION('',(0.,-0.866025403784,0.5));
#2910 = ADVANCED_FACE('',(#2911),#2929,.T.);
#2911 = FACE_BOUND('',#2912,.T.);
#2912 = EDGE_LOOP('',(#2913,#2914,#2915,#2923));
#2913 = ORIENTED_EDGE('',*,*,#697,.F.);
#2914 = ORIENTED_EDGE('',*,*,#2900,.T.);
#2915 = ORIENTED_EDGE('',*,*,#2916,.T.);
#2916 = EDGE_CURVE('',#2893,#2917,#2919,.T.);
#2917 = VERTEX_POINT('',#2918);
#2918 = CARTESIAN_POINT('',(-80.280446,-0.19616860841,34.));
#2919 = LINE('',#2920,#2921);
#2920 = CARTESIAN_POINT('',(-80.280446,-13.62821334634,26.245005354789)
  );
#2921 = VECTOR('',#2922,1.);
#2922 = DIRECTION('',(-0.,-0.866025403784,-0.5));
#2923 = ORIENTED_EDGE('',*,*,#2924,.F.);
#2924 = EDGE_CURVE('',#690,#2917,#2925,.T.);
#2925 = LINE('',#2926,#2927);
#2926 = CARTESIAN_POINT('',(-85.080446,-0.19616860841,34.));
#2927 = VECTOR('',#2928,1.);
#2928 = DIRECTION('',(1.,0.,0.));
#2929 = PLANE('',#2930);
#2930 = AXIS2_PLACEMENT_3D('',#2931,#2932,#2933);
#2931 = CARTESIAN_POINT('',(-85.080446,4.999983814296,37.));
#2932 = DIRECTION('',(0.,0.5,-0.866025403784));
#2933 = DIRECTION('',(0.,-0.866025403784,-0.5));
#2934 = ADVANCED_FACE('',(#2935),#2953,.T.);
#2935 = FACE_BOUND('',#2936,.T.);
#2936 = EDGE_LOOP('',(#2937,#2938,#2939,#2947));
#2937 = ORIENTED_EDGE('',*,*,#689,.F.);
#2938 = ORIENTED_EDGE('',*,*,#2924,.T.);
#2939 = ORIENTED_EDGE('',*,*,#2940,.T.);
#2940 = EDGE_CURVE('',#2917,#2941,#2943,.T.);
#2941 = VERTEX_POINT('',#2942);
#2942 = CARTESIAN_POINT('',(-80.280446,-0.19616860841,28.));
#2943 = LINE('',#2944,#2945);
#2944 = CARTESIAN_POINT('',(-80.280446,-0.19616860841,19.5));
#2945 = VECTOR('',#2946,1.);
#2946 = DIRECTION('',(0.,5.088522196199E-17,-1.));
#2947 = ORIENTED_EDGE('',*,*,#2948,.F.);
#2948 = EDGE_CURVE('',#682,#2941,#2949,.T.);
#2949 = LINE('',#2950,#2951);
#2950 = CARTESIAN_POINT('',(-85.080446,-0.19616860841,28.));
#2951 = VECTOR('',#2952,1.);
#2952 = DIRECTION('',(1.,0.,0.));
#2953 = PLANE('',#2954);
#2954 = AXIS2_PLACEMENT_3D('',#2955,#2956,#2957);
#2955 = CARTESIAN_POINT('',(-85.080446,-0.19616860841,34.));
#2956 = DIRECTION('',(0.,1.,5.088522196199E-17));
#2957 = DIRECTION('',(0.,5.088522196199E-17,-1.));
#2958 = ADVANCED_FACE('',(#2959),#2977,.T.);
#2959 = FACE_BOUND('',#2960,.T.);
#2960 = EDGE_LOOP('',(#2961,#2962,#2963,#2971));
#2961 = ORIENTED_EDGE('',*,*,#681,.F.);
#2962 = ORIENTED_EDGE('',*,*,#2948,.T.);
#2963 = ORIENTED_EDGE('',*,*,#2964,.T.);
#2964 = EDGE_CURVE('',#2941,#2965,#2967,.T.);
#2965 = VERTEX_POINT('',#2966);
#2966 = CARTESIAN_POINT('',(-80.280446,4.999983814296,25.));
#2967 = LINE('',#2968,#2969);
#2968 = CARTESIAN_POINT('',(-80.280446,-4.967959308496,30.754994645211)
  );
#2969 = VECTOR('',#2970,1.);
#2970 = DIRECTION('',(0.,0.866025403784,-0.5));
#2971 = ORIENTED_EDGE('',*,*,#2972,.F.);
#2972 = EDGE_CURVE('',#674,#2965,#2973,.T.);
#2973 = LINE('',#2974,#2975);
#2974 = CARTESIAN_POINT('',(-85.080446,4.999983814296,25.));
#2975 = VECTOR('',#2976,1.);
#2976 = DIRECTION('',(1.,0.,0.));
#2977 = PLANE('',#2978);
#2978 = AXIS2_PLACEMENT_3D('',#2979,#2980,#2981);
#2979 = CARTESIAN_POINT('',(-85.080446,-0.19616860841,28.));
#2980 = DIRECTION('',(0.,0.5,0.866025403784));
#2981 = DIRECTION('',(0.,0.866025403784,-0.5));
#2982 = ADVANCED_FACE('',(#2983),#3001,.T.);
#2983 = FACE_BOUND('',#2984,.T.);
#2984 = EDGE_LOOP('',(#2985,#2986,#2987,#2995));
#2985 = ORIENTED_EDGE('',*,*,#673,.F.);
#2986 = ORIENTED_EDGE('',*,*,#2972,.T.);
#2987 = ORIENTED_EDGE('',*,*,#2988,.T.);
#2988 = EDGE_CURVE('',#2965,#2989,#2991,.T.);
#2989 = VERTEX_POINT('',#2990);
#2990 = CARTESIAN_POINT('',(-80.280446,10.196136237003,28.));
#2991 = LINE('',#2992,#2993);
#2992 = CARTESIAN_POINT('',(-80.280446,-11.03013713498,15.745005354789)
  );
#2993 = VECTOR('',#2994,1.);
#2994 = DIRECTION('',(0.,0.866025403784,0.5));
#2995 = ORIENTED_EDGE('',*,*,#2996,.F.);
#2996 = EDGE_CURVE('',#666,#2989,#2997,.T.);
#2997 = LINE('',#2998,#2999);
#2998 = CARTESIAN_POINT('',(-85.080446,10.196136237003,28.));
#2999 = VECTOR('',#3000,1.);
#3000 = DIRECTION('',(1.,0.,0.));
#3001 = PLANE('',#3002);
#3002 = AXIS2_PLACEMENT_3D('',#3003,#3004,#3005);
#3003 = CARTESIAN_POINT('',(-85.080446,4.999983814296,25.));
#3004 = DIRECTION('',(0.,-0.5,0.866025403784));
#3005 = DIRECTION('',(0.,0.866025403784,0.5));
#3006 = ADVANCED_FACE('',(#3007),#3018,.T.);
#3007 = FACE_BOUND('',#3008,.T.);
#3008 = EDGE_LOOP('',(#3009,#3010,#3011,#3017));
#3009 = ORIENTED_EDGE('',*,*,#665,.F.);
#3010 = ORIENTED_EDGE('',*,*,#2996,.T.);
#3011 = ORIENTED_EDGE('',*,*,#3012,.T.);
#3012 = EDGE_CURVE('',#2989,#2885,#3013,.T.);
#3013 = LINE('',#3014,#3015);
#3014 = CARTESIAN_POINT('',(-80.280446,10.196136237003,16.5));
#3015 = VECTOR('',#3016,1.);
#3016 = DIRECTION('',(0.,0.,1.));
#3017 = ORIENTED_EDGE('',*,*,#2884,.F.);
#3018 = PLANE('',#3019);
#3019 = AXIS2_PLACEMENT_3D('',#3020,#3021,#3022);
#3020 = CARTESIAN_POINT('',(-85.080446,10.196136237003,28.));
#3021 = DIRECTION('',(0.,-1.,0.));
#3022 = DIRECTION('',(0.,0.,1.));
#3023 = ADVANCED_FACE('',(#3024),#3049,.T.);
#3024 = FACE_BOUND('',#3025,.T.);
#3025 = EDGE_LOOP('',(#3026,#3027,#3035,#3043));
#3026 = ORIENTED_EDGE('',*,*,#705,.F.);
#3027 = ORIENTED_EDGE('',*,*,#3028,.T.);
#3028 = EDGE_CURVE('',#706,#3029,#3031,.T.);
#3029 = VERTEX_POINT('',#3030);
#3030 = CARTESIAN_POINT('',(-80.280446,28.196136237003,23.607695154587)
  );
#3031 = LINE('',#3032,#3033);
#3032 = CARTESIAN_POINT('',(-85.080446,28.196136237003,23.607695154587)
  );
#3033 = VECTOR('',#3034,1.);
#3034 = DIRECTION('',(1.,0.,0.));
#3035 = ORIENTED_EDGE('',*,*,#3036,.T.);
#3036 = EDGE_CURVE('',#3029,#3037,#3039,.T.);
#3037 = VERTEX_POINT('',#3038);
#3038 = CARTESIAN_POINT('',(-80.280446,22.999983814296,26.607695154587)
  );
#3039 = LINE('',#3040,#3041);
#3040 = CARTESIAN_POINT('',(-80.280446,11.826269325564,33.058842222504)
  );
#3041 = VECTOR('',#3042,1.);
#3042 = DIRECTION('',(0.,-0.866025403784,0.5));
#3043 = ORIENTED_EDGE('',*,*,#3044,.F.);
#3044 = EDGE_CURVE('',#708,#3037,#3045,.T.);
#3045 = LINE('',#3046,#3047);
#3046 = CARTESIAN_POINT('',(-85.080446,22.999983814296,26.607695154587)
  );
#3047 = VECTOR('',#3048,1.);
#3048 = DIRECTION('',(1.,0.,0.));
#3049 = PLANE('',#3050);
#3050 = AXIS2_PLACEMENT_3D('',#3051,#3052,#3053);
#3051 = CARTESIAN_POINT('',(-85.080446,28.196136237003,23.607695154587)
  );
#3052 = DIRECTION('',(0.,-0.5,-0.866025403784));
#3053 = DIRECTION('',(0.,-0.866025403784,0.5));
#3054 = ADVANCED_FACE('',(#3055),#3073,.T.);
#3055 = FACE_BOUND('',#3056,.T.);
#3056 = EDGE_LOOP('',(#3057,#3058,#3059,#3067));
#3057 = ORIENTED_EDGE('',*,*,#747,.F.);
#3058 = ORIENTED_EDGE('',*,*,#3044,.T.);
#3059 = ORIENTED_EDGE('',*,*,#3060,.T.);
#3060 = EDGE_CURVE('',#3037,#3061,#3063,.T.);
#3061 = VERTEX_POINT('',#3062);
#3062 = CARTESIAN_POINT('',(-80.280446,17.80383139159,23.607695154587));
#3063 = LINE('',#3064,#3065);
#3064 = CARTESIAN_POINT('',(-80.280446,-0.12821334634,13.254624298022));
#3065 = VECTOR('',#3066,1.);
#3066 = DIRECTION('',(-0.,-0.866025403784,-0.5));
#3067 = ORIENTED_EDGE('',*,*,#3068,.F.);
#3068 = EDGE_CURVE('',#740,#3061,#3069,.T.);
#3069 = LINE('',#3070,#3071);
#3070 = CARTESIAN_POINT('',(-85.080446,17.80383139159,23.607695154587));
#3071 = VECTOR('',#3072,1.);
#3072 = DIRECTION('',(1.,0.,0.));
#3073 = PLANE('',#3074);
#3074 = AXIS2_PLACEMENT_3D('',#3075,#3076,#3077);
#3075 = CARTESIAN_POINT('',(-85.080446,22.999983814296,26.607695154587)
  );
#3076 = DIRECTION('',(0.,0.5,-0.866025403784));
#3077 = DIRECTION('',(0.,-0.866025403784,-0.5));
#3078 = ADVANCED_FACE('',(#3079),#3097,.T.);
#3079 = FACE_BOUND('',#3080,.T.);
#3080 = EDGE_LOOP('',(#3081,#3082,#3083,#3091));
#3081 = ORIENTED_EDGE('',*,*,#739,.F.);
#3082 = ORIENTED_EDGE('',*,*,#3068,.T.);
#3083 = ORIENTED_EDGE('',*,*,#3084,.T.);
#3084 = EDGE_CURVE('',#3061,#3085,#3087,.T.);
#3085 = VERTEX_POINT('',#3086);
#3086 = CARTESIAN_POINT('',(-80.280446,17.80383139159,17.607695154587));
#3087 = LINE('',#3088,#3089);
#3088 = CARTESIAN_POINT('',(-80.280446,17.80383139159,14.303847577293));
#3089 = VECTOR('',#3090,1.);
#3090 = DIRECTION('',(0.,0.,-1.));
#3091 = ORIENTED_EDGE('',*,*,#3092,.F.);
#3092 = EDGE_CURVE('',#732,#3085,#3093,.T.);
#3093 = LINE('',#3094,#3095);
#3094 = CARTESIAN_POINT('',(-85.080446,17.80383139159,17.607695154587));
#3095 = VECTOR('',#3096,1.);
#3096 = DIRECTION('',(1.,0.,0.));
#3097 = PLANE('',#3098);
#3098 = AXIS2_PLACEMENT_3D('',#3099,#3100,#3101);
#3099 = CARTESIAN_POINT('',(-85.080446,17.80383139159,23.607695154587));
#3100 = DIRECTION('',(0.,1.,0.));
#3101 = DIRECTION('',(0.,0.,-1.));
#3102 = ADVANCED_FACE('',(#3103),#3121,.T.);
#3103 = FACE_BOUND('',#3104,.T.);
#3104 = EDGE_LOOP('',(#3105,#3106,#3107,#3115));
#3105 = ORIENTED_EDGE('',*,*,#731,.F.);
#3106 = ORIENTED_EDGE('',*,*,#3092,.T.);
#3107 = ORIENTED_EDGE('',*,*,#3108,.T.);
#3108 = EDGE_CURVE('',#3085,#3109,#3111,.T.);
#3109 = VERTEX_POINT('',#3110);
#3110 = CARTESIAN_POINT('',(-80.280446,22.999983814296,14.607695154587)
  );
#3111 = LINE('',#3112,#3113);
#3112 = CARTESIAN_POINT('',(-80.280446,4.032040691504,25.558842222504));
#3113 = VECTOR('',#3114,1.);
#3114 = DIRECTION('',(0.,0.866025403784,-0.5));
#3115 = ORIENTED_EDGE('',*,*,#3116,.F.);
#3116 = EDGE_CURVE('',#724,#3109,#3117,.T.);
#3117 = LINE('',#3118,#3119);
#3118 = CARTESIAN_POINT('',(-85.080446,22.999983814296,14.607695154587)
  );
#3119 = VECTOR('',#3120,1.);
#3120 = DIRECTION('',(1.,0.,0.));
#3121 = PLANE('',#3122);
#3122 = AXIS2_PLACEMENT_3D('',#3123,#3124,#3125);
#3123 = CARTESIAN_POINT('',(-85.080446,17.80383139159,17.607695154587));
#3124 = DIRECTION('',(0.,0.5,0.866025403784));
#3125 = DIRECTION('',(0.,0.866025403784,-0.5));
#3126 = ADVANCED_FACE('',(#3127),#3145,.T.);
#3127 = FACE_BOUND('',#3128,.T.);
#3128 = EDGE_LOOP('',(#3129,#3130,#3131,#3139));
#3129 = ORIENTED_EDGE('',*,*,#723,.F.);
#3130 = ORIENTED_EDGE('',*,*,#3116,.T.);
#3131 = ORIENTED_EDGE('',*,*,#3132,.T.);
#3132 = EDGE_CURVE('',#3109,#3133,#3135,.T.);
#3133 = VERTEX_POINT('',#3134);
#3134 = CARTESIAN_POINT('',(-80.280446,28.196136237003,17.607695154587)
  );
#3135 = LINE('',#3136,#3137);
#3136 = CARTESIAN_POINT('',(-80.280446,2.469862865013,2.754624298022));
#3137 = VECTOR('',#3138,1.);
#3138 = DIRECTION('',(0.,0.866025403784,0.5));
#3139 = ORIENTED_EDGE('',*,*,#3140,.F.);
#3140 = EDGE_CURVE('',#716,#3133,#3141,.T.);
#3141 = LINE('',#3142,#3143);
#3142 = CARTESIAN_POINT('',(-85.080446,28.196136237003,17.607695154587)
  );
#3143 = VECTOR('',#3144,1.);
#3144 = DIRECTION('',(1.,0.,0.));
#3145 = PLANE('',#3146);
#3146 = AXIS2_PLACEMENT_3D('',#3147,#3148,#3149);
#3147 = CARTESIAN_POINT('',(-85.080446,22.999983814296,14.607695154587)
  );
#3148 = DIRECTION('',(0.,-0.5,0.866025403784));
#3149 = DIRECTION('',(0.,0.866025403784,0.5));
#3150 = ADVANCED_FACE('',(#3151),#3162,.T.);
#3151 = FACE_BOUND('',#3152,.T.);
#3152 = EDGE_LOOP('',(#3153,#3154,#3155,#3161));
#3153 = ORIENTED_EDGE('',*,*,#715,.F.);
#3154 = ORIENTED_EDGE('',*,*,#3140,.T.);
#3155 = ORIENTED_EDGE('',*,*,#3156,.T.);
#3156 = EDGE_CURVE('',#3133,#3029,#3157,.T.);
#3157 = LINE('',#3158,#3159);
#3158 = CARTESIAN_POINT('',(-80.280446,28.196136237003,11.303847577293)
  );
#3159 = VECTOR('',#3160,1.);
#3160 = DIRECTION('',(0.,0.,1.));
#3161 = ORIENTED_EDGE('',*,*,#3028,.F.);
#3162 = PLANE('',#3163);
#3163 = AXIS2_PLACEMENT_3D('',#3164,#3165,#3166);
#3164 = CARTESIAN_POINT('',(-85.080446,28.196136237003,17.607695154587)
  );
#3165 = DIRECTION('',(0.,-1.,0.));
#3166 = DIRECTION('',(0.,0.,1.));
#3167 = ADVANCED_FACE('',(#3168),#3193,.T.);
#3168 = FACE_BOUND('',#3169,.T.);
#3169 = EDGE_LOOP('',(#3170,#3171,#3179,#3187));
#3170 = ORIENTED_EDGE('',*,*,#755,.F.);
#3171 = ORIENTED_EDGE('',*,*,#3172,.T.);
#3172 = EDGE_CURVE('',#756,#3173,#3175,.T.);
#3173 = VERTEX_POINT('',#3174);
#3174 = CARTESIAN_POINT('',(-80.280446,16.196136237003,23.607695154587)
  );
#3175 = LINE('',#3176,#3177);
#3176 = CARTESIAN_POINT('',(-85.080446,16.196136237003,23.607695154587)
  );
#3177 = VECTOR('',#3178,1.);
#3178 = DIRECTION('',(1.,0.,0.));
#3179 = ORIENTED_EDGE('',*,*,#3180,.T.);
#3180 = EDGE_CURVE('',#3173,#3181,#3183,.T.);
#3181 = VERTEX_POINT('',#3182);
#3182 = CARTESIAN_POINT('',(-80.280446,10.999983814296,26.607695154587)
  );
#3183 = LINE('',#3184,#3185);
#3184 = CARTESIAN_POINT('',(-80.280446,4.326269325564,30.460766011151));
#3185 = VECTOR('',#3186,1.);
#3186 = DIRECTION('',(0.,-0.866025403784,0.5));
#3187 = ORIENTED_EDGE('',*,*,#3188,.F.);
#3188 = EDGE_CURVE('',#758,#3181,#3189,.T.);
#3189 = LINE('',#3190,#3191);
#3190 = CARTESIAN_POINT('',(-85.080446,10.999983814296,26.607695154587)
  );
#3191 = VECTOR('',#3192,1.);
#3192 = DIRECTION('',(1.,0.,0.));
#3193 = PLANE('',#3194);
#3194 = AXIS2_PLACEMENT_3D('',#3195,#3196,#3197);
#3195 = CARTESIAN_POINT('',(-85.080446,16.196136237003,23.607695154587)
  );
#3196 = DIRECTION('',(0.,-0.5,-0.866025403784));
#3197 = DIRECTION('',(0.,-0.866025403784,0.5));
#3198 = ADVANCED_FACE('',(#3199),#3217,.T.);
#3199 = FACE_BOUND('',#3200,.T.);
#3200 = EDGE_LOOP('',(#3201,#3202,#3203,#3211));
#3201 = ORIENTED_EDGE('',*,*,#797,.F.);
#3202 = ORIENTED_EDGE('',*,*,#3188,.T.);
#3203 = ORIENTED_EDGE('',*,*,#3204,.T.);
#3204 = EDGE_CURVE('',#3181,#3205,#3207,.T.);
#3205 = VERTEX_POINT('',#3206);
#3206 = CARTESIAN_POINT('',(-80.280446,5.80383139159,23.607695154587));
#3207 = LINE('',#3208,#3209);
#3208 = CARTESIAN_POINT('',(-80.280446,-7.62821334634,15.852700509376));
#3209 = VECTOR('',#3210,1.);
#3210 = DIRECTION('',(-0.,-0.866025403784,-0.5));
#3211 = ORIENTED_EDGE('',*,*,#3212,.F.);
#3212 = EDGE_CURVE('',#790,#3205,#3213,.T.);
#3213 = LINE('',#3214,#3215);
#3214 = CARTESIAN_POINT('',(-85.080446,5.80383139159,23.607695154587));
#3215 = VECTOR('',#3216,1.);
#3216 = DIRECTION('',(1.,0.,0.));
#3217 = PLANE('',#3218);
#3218 = AXIS2_PLACEMENT_3D('',#3219,#3220,#3221);
#3219 = CARTESIAN_POINT('',(-85.080446,10.999983814296,26.607695154587)
  );
#3220 = DIRECTION('',(0.,0.5,-0.866025403784));
#3221 = DIRECTION('',(0.,-0.866025403784,-0.5));
#3222 = ADVANCED_FACE('',(#3223),#3241,.T.);
#3223 = FACE_BOUND('',#3224,.T.);
#3224 = EDGE_LOOP('',(#3225,#3226,#3227,#3235));
#3225 = ORIENTED_EDGE('',*,*,#789,.F.);
#3226 = ORIENTED_EDGE('',*,*,#3212,.T.);
#3227 = ORIENTED_EDGE('',*,*,#3228,.T.);
#3228 = EDGE_CURVE('',#3205,#3229,#3231,.T.);
#3229 = VERTEX_POINT('',#3230);
#3230 = CARTESIAN_POINT('',(-80.280446,5.80383139159,17.607695154587));
#3231 = LINE('',#3232,#3233);
#3232 = CARTESIAN_POINT('',(-80.280446,5.80383139159,14.303847577293));
#3233 = VECTOR('',#3234,1.);
#3234 = DIRECTION('',(0.,0.,-1.));
#3235 = ORIENTED_EDGE('',*,*,#3236,.F.);
#3236 = EDGE_CURVE('',#782,#3229,#3237,.T.);
#3237 = LINE('',#3238,#3239);
#3238 = CARTESIAN_POINT('',(-85.080446,5.80383139159,17.607695154587));
#3239 = VECTOR('',#3240,1.);
#3240 = DIRECTION('',(1.,0.,0.));
#3241 = PLANE('',#3242);
#3242 = AXIS2_PLACEMENT_3D('',#3243,#3244,#3245);
#3243 = CARTESIAN_POINT('',(-85.080446,5.80383139159,23.607695154587));
#3244 = DIRECTION('',(0.,1.,0.));
#3245 = DIRECTION('',(0.,0.,-1.));
#3246 = ADVANCED_FACE('',(#3247),#3265,.T.);
#3247 = FACE_BOUND('',#3248,.T.);
#3248 = EDGE_LOOP('',(#3249,#3250,#3251,#3259));
#3249 = ORIENTED_EDGE('',*,*,#781,.F.);
#3250 = ORIENTED_EDGE('',*,*,#3236,.T.);
#3251 = ORIENTED_EDGE('',*,*,#3252,.T.);
#3252 = EDGE_CURVE('',#3229,#3253,#3255,.T.);
#3253 = VERTEX_POINT('',#3254);
#3254 = CARTESIAN_POINT('',(-80.280446,10.999983814296,14.607695154587)
  );
#3255 = LINE('',#3256,#3257);
#3256 = CARTESIAN_POINT('',(-80.280446,-3.467959308496,22.960766011151)
  );
#3257 = VECTOR('',#3258,1.);
#3258 = DIRECTION('',(0.,0.866025403784,-0.5));
#3259 = ORIENTED_EDGE('',*,*,#3260,.F.);
#3260 = EDGE_CURVE('',#774,#3253,#3261,.T.);
#3261 = LINE('',#3262,#3263);
#3262 = CARTESIAN_POINT('',(-85.080446,10.999983814296,14.607695154587)
  );
#3263 = VECTOR('',#3264,1.);
#3264 = DIRECTION('',(1.,0.,0.));
#3265 = PLANE('',#3266);
#3266 = AXIS2_PLACEMENT_3D('',#3267,#3268,#3269);
#3267 = CARTESIAN_POINT('',(-85.080446,5.80383139159,17.607695154587));
#3268 = DIRECTION('',(0.,0.5,0.866025403784));
#3269 = DIRECTION('',(0.,0.866025403784,-0.5));
#3270 = ADVANCED_FACE('',(#3271),#3289,.T.);
#3271 = FACE_BOUND('',#3272,.T.);
#3272 = EDGE_LOOP('',(#3273,#3274,#3275,#3283));
#3273 = ORIENTED_EDGE('',*,*,#773,.F.);
#3274 = ORIENTED_EDGE('',*,*,#3260,.T.);
#3275 = ORIENTED_EDGE('',*,*,#3276,.T.);
#3276 = EDGE_CURVE('',#3253,#3277,#3279,.T.);
#3277 = VERTEX_POINT('',#3278);
#3278 = CARTESIAN_POINT('',(-80.280446,16.196136237003,17.607695154587)
  );
#3279 = LINE('',#3280,#3281);
#3280 = CARTESIAN_POINT('',(-80.280446,-5.030137134987,5.352700509376));
#3281 = VECTOR('',#3282,1.);
#3282 = DIRECTION('',(0.,0.866025403784,0.5));
#3283 = ORIENTED_EDGE('',*,*,#3284,.F.);
#3284 = EDGE_CURVE('',#766,#3277,#3285,.T.);
#3285 = LINE('',#3286,#3287);
#3286 = CARTESIAN_POINT('',(-85.080446,16.196136237003,17.607695154587)
  );
#3287 = VECTOR('',#3288,1.);
#3288 = DIRECTION('',(1.,0.,0.));
#3289 = PLANE('',#3290);
#3290 = AXIS2_PLACEMENT_3D('',#3291,#3292,#3293);
#3291 = CARTESIAN_POINT('',(-85.080446,10.999983814296,14.607695154587)
  );
#3292 = DIRECTION('',(0.,-0.5,0.866025403784));
#3293 = DIRECTION('',(0.,0.866025403784,0.5));
#3294 = ADVANCED_FACE('',(#3295),#3306,.T.);
#3295 = FACE_BOUND('',#3296,.T.);
#3296 = EDGE_LOOP('',(#3297,#3298,#3299,#3305));
#3297 = ORIENTED_EDGE('',*,*,#765,.F.);
#3298 = ORIENTED_EDGE('',*,*,#3284,.T.);
#3299 = ORIENTED_EDGE('',*,*,#3300,.T.);
#3300 = EDGE_CURVE('',#3277,#3173,#3301,.T.);
#3301 = LINE('',#3302,#3303);
#3302 = CARTESIAN_POINT('',(-80.280446,16.196136237003,11.303847577293)
  );
#3303 = VECTOR('',#3304,1.);
#3304 = DIRECTION('',(0.,0.,1.));
#3305 = ORIENTED_EDGE('',*,*,#3172,.F.);
#3306 = PLANE('',#3307);
#3307 = AXIS2_PLACEMENT_3D('',#3308,#3309,#3310);
#3308 = CARTESIAN_POINT('',(-85.080446,16.196136237003,17.607695154587)
  );
#3309 = DIRECTION('',(0.,-1.,0.));
#3310 = DIRECTION('',(0.,0.,1.));
#3311 = ADVANCED_FACE('',(#3312,#3323,#3357,#3391,#3425,#3436,#3470,
    #3504),#3538,.F.);
#3312 = FACE_BOUND('',#3313,.F.);
#3313 = EDGE_LOOP('',(#3314,#3315,#3321,#3322));
#3314 = ORIENTED_EDGE('',*,*,#855,.F.);
#3315 = ORIENTED_EDGE('',*,*,#3316,.T.);
#3316 = EDGE_CURVE('',#847,#1045,#3317,.T.);
#3317 = LINE('',#3318,#3319);
#3318 = CARTESIAN_POINT('',(87.419554,89.,5.));
#3319 = VECTOR('',#3320,1.);
#3320 = DIRECTION('',(0.,0.,1.));
#3321 = ORIENTED_EDGE('',*,*,#1053,.T.);
#3322 = ORIENTED_EDGE('',*,*,#967,.F.);
#3323 = FACE_BOUND('',#3324,.F.);
#3324 = EDGE_LOOP('',(#3325,#3335,#3343,#3351));
#3325 = ORIENTED_EDGE('',*,*,#3326,.F.);
#3326 = EDGE_CURVE('',#3327,#3329,#3331,.T.);
#3327 = VERTEX_POINT('',#3328);
#3328 = CARTESIAN_POINT('',(79.919554,89.,53.));
#3329 = VERTEX_POINT('',#3330);
#3330 = CARTESIAN_POINT('',(48.219554,89.,53.));
#3331 = LINE('',#3332,#3333);
#3332 = CARTESIAN_POINT('',(79.919554,89.,53.));
#3333 = VECTOR('',#3334,1.);
#3334 = DIRECTION('',(-1.,0.,0.));
#3335 = ORIENTED_EDGE('',*,*,#3336,.F.);
#3336 = EDGE_CURVE('',#3337,#3327,#3339,.T.);
#3337 = VERTEX_POINT('',#3338);
#3338 = CARTESIAN_POINT('',(79.919554,89.,45.5));
#3339 = LINE('',#3340,#3341);
#3340 = CARTESIAN_POINT('',(79.919554,89.,45.5));
#3341 = VECTOR('',#3342,1.);
#3342 = DIRECTION('',(0.,2.22044604925E-16,1.));
#3343 = ORIENTED_EDGE('',*,*,#3344,.F.);
#3344 = EDGE_CURVE('',#3345,#3337,#3347,.T.);
#3345 = VERTEX_POINT('',#3346);
#3346 = CARTESIAN_POINT('',(48.219554,89.,45.5));
#3347 = LINE('',#3348,#3349);
#3348 = CARTESIAN_POINT('',(48.219554,89.,45.5));
#3349 = VECTOR('',#3350,1.);
#3350 = DIRECTION('',(1.,0.,0.));
#3351 = ORIENTED_EDGE('',*,*,#3352,.F.);
#3352 = EDGE_CURVE('',#3329,#3345,#3353,.T.);
#3353 = LINE('',#3354,#3355);
#3354 = CARTESIAN_POINT('',(48.219554,89.,53.));
#3355 = VECTOR('',#3356,1.);
#3356 = DIRECTION('',(0.,-2.22044604925E-16,-1.));
#3357 = FACE_BOUND('',#3358,.F.);
#3358 = EDGE_LOOP('',(#3359,#3369,#3377,#3385));
#3359 = ORIENTED_EDGE('',*,*,#3360,.F.);
#3360 = EDGE_CURVE('',#3361,#3363,#3365,.T.);
#3361 = VERTEX_POINT('',#3362);
#3362 = CARTESIAN_POINT('',(41.219554,89.,53.));
#3363 = VERTEX_POINT('',#3364);
#3364 = CARTESIAN_POINT('',(17.519554,89.,53.));
#3365 = LINE('',#3366,#3367);
#3366 = CARTESIAN_POINT('',(41.219554,89.,53.));
#3367 = VECTOR('',#3368,1.);
#3368 = DIRECTION('',(-1.,0.,0.));
#3369 = ORIENTED_EDGE('',*,*,#3370,.F.);
#3370 = EDGE_CURVE('',#3371,#3361,#3373,.T.);
#3371 = VERTEX_POINT('',#3372);
#3372 = CARTESIAN_POINT('',(41.219554,89.,45.500000000003));
#3373 = LINE('',#3374,#3375);
#3374 = CARTESIAN_POINT('',(41.219554,89.,45.500000000003));
#3375 = VECTOR('',#3376,1.);
#3376 = DIRECTION('',(0.,2.22044604925E-16,1.));
#3377 = ORIENTED_EDGE('',*,*,#3378,.F.);
#3378 = EDGE_CURVE('',#3379,#3371,#3381,.T.);
#3379 = VERTEX_POINT('',#3380);
#3380 = CARTESIAN_POINT('',(17.519554,89.,45.500000000003));
#3381 = LINE('',#3382,#3383);
#3382 = CARTESIAN_POINT('',(17.519554,89.,45.500000000003));
#3383 = VECTOR('',#3384,1.);
#3384 = DIRECTION('',(1.,0.,0.));
#3385 = ORIENTED_EDGE('',*,*,#3386,.F.);
#3386 = EDGE_CURVE('',#3363,#3379,#3387,.T.);
#3387 = LINE('',#3388,#3389);
#3388 = CARTESIAN_POINT('',(17.519554,89.,53.));
#3389 = VECTOR('',#3390,1.);
#3390 = DIRECTION('',(0.,-2.22044604925E-16,-1.));
#3391 = FACE_BOUND('',#3392,.F.);
#3392 = EDGE_LOOP('',(#3393,#3403,#3411,#3419));
#3393 = ORIENTED_EDGE('',*,*,#3394,.F.);
#3394 = EDGE_CURVE('',#3395,#3397,#3399,.T.);
#3395 = VERTEX_POINT('',#3396);
#3396 = CARTESIAN_POINT('',(10.519554000003,89.,53.));
#3397 = VERTEX_POINT('',#3398);
#3398 = CARTESIAN_POINT('',(-5.680445999997,89.,53.));
#3399 = LINE('',#3400,#3401);
#3400 = CARTESIAN_POINT('',(10.519554000003,89.,53.));
#3401 = VECTOR('',#3402,1.);
#3402 = DIRECTION('',(-1.,0.,0.));
#3403 = ORIENTED_EDGE('',*,*,#3404,.F.);
#3404 = EDGE_CURVE('',#3405,#3395,#3407,.T.);
#3405 = VERTEX_POINT('',#3406);
#3406 = CARTESIAN_POINT('',(10.519554000003,89.,45.500000000007));
#3407 = LINE('',#3408,#3409);
#3408 = CARTESIAN_POINT('',(10.519554000003,89.,45.500000000007));
#3409 = VECTOR('',#3410,1.);
#3410 = DIRECTION('',(0.,2.22044604925E-16,1.));
#3411 = ORIENTED_EDGE('',*,*,#3412,.F.);
#3412 = EDGE_CURVE('',#3413,#3405,#3415,.T.);
#3413 = VERTEX_POINT('',#3414);
#3414 = CARTESIAN_POINT('',(-5.680445999997,89.,45.500000000007));
#3415 = LINE('',#3416,#3417);
#3416 = CARTESIAN_POINT('',(-5.680445999997,89.,45.500000000007));
#3417 = VECTOR('',#3418,1.);
#3418 = DIRECTION('',(1.,0.,0.));
#3419 = ORIENTED_EDGE('',*,*,#3420,.F.);
#3420 = EDGE_CURVE('',#3397,#3413,#3421,.T.);
#3421 = LINE('',#3422,#3423);
#3422 = CARTESIAN_POINT('',(-5.680445999997,89.,53.));
#3423 = VECTOR('',#3424,1.);
#3424 = DIRECTION('',(0.,-2.22044604925E-16,-1.));
#3425 = FACE_BOUND('',#3426,.F.);
#3426 = EDGE_LOOP('',(#3427));
#3427 = ORIENTED_EDGE('',*,*,#3428,.F.);
#3428 = EDGE_CURVE('',#3429,#3429,#3431,.T.);
#3429 = VERTEX_POINT('',#3430);
#3430 = CARTESIAN_POINT('',(79.919554,89.,17.));
#3431 = CIRCLE('',#3432,7.6);
#3432 = AXIS2_PLACEMENT_3D('',#3433,#3434,#3435);
#3433 = CARTESIAN_POINT('',(72.319554,89.,17.));
#3434 = DIRECTION('',(0.,-1.,2.22044604925E-16));
#3435 = DIRECTION('',(1.,0.,0.));
#3436 = FACE_BOUND('',#3437,.F.);
#3437 = EDGE_LOOP('',(#3438,#3448,#3456,#3464));
#3438 = ORIENTED_EDGE('',*,*,#3439,.F.);
#3439 = EDGE_CURVE('',#3440,#3442,#3444,.T.);
#3440 = VERTEX_POINT('',#3441);
#3441 = CARTESIAN_POINT('',(-21.880446,89.,29.5));
#3442 = VERTEX_POINT('',#3443);
#3443 = CARTESIAN_POINT('',(-38.880446,89.,29.5));
#3444 = LINE('',#3445,#3446);
#3445 = CARTESIAN_POINT('',(-21.880446,89.,29.5));
#3446 = VECTOR('',#3447,1.);
#3447 = DIRECTION('',(-1.,0.,0.));
#3448 = ORIENTED_EDGE('',*,*,#3449,.F.);
#3449 = EDGE_CURVE('',#3450,#3440,#3452,.T.);
#3450 = VERTEX_POINT('',#3451);
#3451 = CARTESIAN_POINT('',(-21.880446,89.,12.));
#3452 = LINE('',#3453,#3454);
#3453 = CARTESIAN_POINT('',(-21.880446,89.,12.));
#3454 = VECTOR('',#3455,1.);
#3455 = DIRECTION('',(0.,2.22044604925E-16,1.));
#3456 = ORIENTED_EDGE('',*,*,#3457,.F.);
#3457 = EDGE_CURVE('',#3458,#3450,#3460,.T.);
#3458 = VERTEX_POINT('',#3459);
#3459 = CARTESIAN_POINT('',(-38.880446,89.,12.));
#3460 = LINE('',#3461,#3462);
#3461 = CARTESIAN_POINT('',(-38.880446,89.,12.));
#3462 = VECTOR('',#3463,1.);
#3463 = DIRECTION('',(1.,0.,0.));
#3464 = ORIENTED_EDGE('',*,*,#3465,.F.);
#3465 = EDGE_CURVE('',#3442,#3458,#3466,.T.);
#3466 = LINE('',#3467,#3468);
#3467 = CARTESIAN_POINT('',(-38.880446,89.,29.5));
#3468 = VECTOR('',#3469,1.);
#3469 = DIRECTION('',(0.,-2.22044604925E-16,-1.));
#3470 = FACE_BOUND('',#3471,.F.);
#3471 = EDGE_LOOP('',(#3472,#3482,#3490,#3498));
#3472 = ORIENTED_EDGE('',*,*,#3473,.F.);
#3473 = EDGE_CURVE('',#3474,#3476,#3478,.T.);
#3474 = VERTEX_POINT('',#3475);
#3475 = CARTESIAN_POINT('',(-40.180446,89.,29.5));
#3476 = VERTEX_POINT('',#3477);
#3477 = CARTESIAN_POINT('',(-57.180446,89.,29.5));
#3478 = LINE('',#3479,#3480);
#3479 = CARTESIAN_POINT('',(-40.180446,89.,29.5));
#3480 = VECTOR('',#3481,1.);
#3481 = DIRECTION('',(-1.,0.,0.));
#3482 = ORIENTED_EDGE('',*,*,#3483,.F.);
#3483 = EDGE_CURVE('',#3484,#3474,#3486,.T.);
#3484 = VERTEX_POINT('',#3485);
#3485 = CARTESIAN_POINT('',(-40.180446,89.,12.));
#3486 = LINE('',#3487,#3488);
#3487 = CARTESIAN_POINT('',(-40.180446,89.,12.));
#3488 = VECTOR('',#3489,1.);
#3489 = DIRECTION('',(0.,2.22044604925E-16,1.));
#3490 = ORIENTED_EDGE('',*,*,#3491,.F.);
#3491 = EDGE_CURVE('',#3492,#3484,#3494,.T.);
#3492 = VERTEX_POINT('',#3493);
#3493 = CARTESIAN_POINT('',(-57.180446,89.,12.));
#3494 = LINE('',#3495,#3496);
#3495 = CARTESIAN_POINT('',(-57.180446,89.,12.));
#3496 = VECTOR('',#3497,1.);
#3497 = DIRECTION('',(1.,0.,0.));
#3498 = ORIENTED_EDGE('',*,*,#3499,.F.);
#3499 = EDGE_CURVE('',#3476,#3492,#3500,.T.);
#3500 = LINE('',#3501,#3502);
#3501 = CARTESIAN_POINT('',(-57.180446,89.,29.5));
#3502 = VECTOR('',#3503,1.);
#3503 = DIRECTION('',(0.,-2.22044604925E-16,-1.));
#3504 = FACE_BOUND('',#3505,.F.);
#3505 = EDGE_LOOP('',(#3506,#3516,#3524,#3532));
#3506 = ORIENTED_EDGE('',*,*,#3507,.F.);
#3507 = EDGE_CURVE('',#3508,#3510,#3512,.T.);
#3508 = VERTEX_POINT('',#3509);
#3509 = CARTESIAN_POINT('',(-58.480446,89.,29.5));
#3510 = VERTEX_POINT('',#3511);
#3511 = CARTESIAN_POINT('',(-75.480446,89.,29.5));
#3512 = LINE('',#3513,#3514);
#3513 = CARTESIAN_POINT('',(-58.480446,89.,29.5));
#3514 = VECTOR('',#3515,1.);
#3515 = DIRECTION('',(-1.,0.,0.));
#3516 = ORIENTED_EDGE('',*,*,#3517,.F.);
#3517 = EDGE_CURVE('',#3518,#3508,#3520,.T.);
#3518 = VERTEX_POINT('',#3519);
#3519 = CARTESIAN_POINT('',(-58.480446,89.,12.));
#3520 = LINE('',#3521,#3522);
#3521 = CARTESIAN_POINT('',(-58.480446,89.,12.));
#3522 = VECTOR('',#3523,1.);
#3523 = DIRECTION('',(0.,2.22044604925E-16,1.));
#3524 = ORIENTED_EDGE('',*,*,#3525,.F.);
#3525 = EDGE_CURVE('',#3526,#3518,#3528,.T.);
#3526 = VERTEX_POINT('',#3527);
#3527 = CARTESIAN_POINT('',(-75.480446,89.,12.));
#3528 = LINE('',#3529,#3530);
#3529 = CARTESIAN_POINT('',(-75.480446,89.,12.));
#3530 = VECTOR('',#3531,1.);
#3531 = DIRECTION('',(1.,0.,0.));
#3532 = ORIENTED_EDGE('',*,*,#3533,.F.);
#3533 = EDGE_CURVE('',#3510,#3526,#3534,.T.);
#3534 = LINE('',#3535,#3536);
#3535 = CARTESIAN_POINT('',(-75.480446,89.,29.5));
#3536 = VECTOR('',#3537,1.);
#3537 = DIRECTION('',(0.,-2.22044604925E-16,-1.));
#3538 = PLANE('',#3539);
#3539 = AXIS2_PLACEMENT_3D('',#3540,#3541,#3542);
#3540 = CARTESIAN_POINT('',(87.419554,89.,5.));
#3541 = DIRECTION('',(0.,-1.,0.));
#3542 = DIRECTION('',(-1.,0.,0.));
#3543 = ADVANCED_FACE('',(#3544,#3555),#3605,.F.);
#3544 = FACE_BOUND('',#3545,.F.);
#3545 = EDGE_LOOP('',(#3546,#3547,#3548,#3549));
#3546 = ORIENTED_EDGE('',*,*,#821,.F.);
#3547 = ORIENTED_EDGE('',*,*,#1002,.T.);
#3548 = ORIENTED_EDGE('',*,*,#1019,.T.);
#3549 = ORIENTED_EDGE('',*,*,#3550,.F.);
#3550 = EDGE_CURVE('',#822,#1020,#3551,.T.);
#3551 = LINE('',#3552,#3553);
#3552 = CARTESIAN_POINT('',(87.419554,-31.,5.));
#3553 = VECTOR('',#3554,1.);
#3554 = DIRECTION('',(0.,0.,1.));
#3555 = FACE_BOUND('',#3556,.F.);
#3556 = EDGE_LOOP('',(#3557,#3567,#3575,#3583,#3591,#3599));
#3557 = ORIENTED_EDGE('',*,*,#3558,.T.);
#3558 = EDGE_CURVE('',#3559,#3561,#3563,.T.);
#3559 = VERTEX_POINT('',#3560);
#3560 = CARTESIAN_POINT('',(23.106087479479,-31.,16.999999999995));
#3561 = VERTEX_POINT('',#3562);
#3562 = CARTESIAN_POINT('',(23.106087479474,-31.,37.999999999999));
#3563 = LINE('',#3564,#3565);
#3564 = CARTESIAN_POINT('',(23.106087479479,-31.,16.999999999995));
#3565 = VECTOR('',#3566,1.);
#3566 = DIRECTION('',(-2.084258691563E-13,2.22044604925E-16,1.));
#3567 = ORIENTED_EDGE('',*,*,#3568,.T.);
#3568 = EDGE_CURVE('',#3561,#3569,#3571,.T.);
#3569 = VERTEX_POINT('',#3570);
#3570 = CARTESIAN_POINT('',(4.919554,-31.,48.499999999999));
#3571 = LINE('',#3572,#3573);
#3572 = CARTESIAN_POINT('',(23.106087479474,-31.,37.999999999999));
#3573 = VECTOR('',#3574,1.);
#3574 = DIRECTION('',(-0.866025403784,1.110223024625E-16,0.5));
#3575 = ORIENTED_EDGE('',*,*,#3576,.T.);
#3576 = EDGE_CURVE('',#3569,#3577,#3579,.T.);
#3577 = VERTEX_POINT('',#3578);
#3578 = CARTESIAN_POINT('',(-13.26697947948,-31.,38.000000000011));
#3579 = LINE('',#3580,#3581);
#3580 = CARTESIAN_POINT('',(4.919554,-31.,48.499999999999));
#3581 = VECTOR('',#3582,1.);
#3582 = DIRECTION('',(-0.866025403785,-1.110223024624E-16,
    -0.499999999999));
#3583 = ORIENTED_EDGE('',*,*,#3584,.T.);
#3584 = EDGE_CURVE('',#3577,#3585,#3587,.T.);
#3585 = VERTEX_POINT('',#3586);
#3586 = CARTESIAN_POINT('',(-13.26697947947,-31.,17.000000000001));
#3587 = LINE('',#3588,#3589);
#3588 = CARTESIAN_POINT('',(-13.26697947948,-31.,38.000000000011));
#3589 = VECTOR('',#3590,1.);
#3590 = DIRECTION('',(2.318568617521E-13,-2.22044604925E-16,-1.));
#3591 = ORIENTED_EDGE('',*,*,#3592,.T.);
#3592 = EDGE_CURVE('',#3585,#3593,#3595,.T.);
#3593 = VERTEX_POINT('',#3594);
#3594 = CARTESIAN_POINT('',(4.919553999998,-31.,6.5));
#3595 = LINE('',#3596,#3597);
#3596 = CARTESIAN_POINT('',(-13.26697947947,-31.,17.000000000001));
#3597 = VECTOR('',#3598,1.);
#3598 = DIRECTION('',(0.866025403784,-1.110223024625E-16,-0.5));
#3599 = ORIENTED_EDGE('',*,*,#3600,.T.);
#3600 = EDGE_CURVE('',#3593,#3559,#3601,.T.);
#3601 = LINE('',#3602,#3603);
#3602 = CARTESIAN_POINT('',(4.919553999998,-31.,6.5));
#3603 = VECTOR('',#3604,1.);
#3604 = DIRECTION('',(0.866025403785,1.110223024624E-16,0.5));
#3605 = PLANE('',#3606);
#3606 = AXIS2_PLACEMENT_3D('',#3607,#3608,#3609);
#3607 = CARTESIAN_POINT('',(-77.580446,-31.,5.));
#3608 = DIRECTION('',(0.,1.,0.));
#3609 = DIRECTION('',(1.,0.,0.));
#3610 = ADVANCED_FACE('',(#3611),#3622,.T.);
#3611 = FACE_BOUND('',#3612,.F.);
#3612 = EDGE_LOOP('',(#3613,#3614,#3620,#3621));
#3613 = ORIENTED_EDGE('',*,*,#846,.F.);
#3614 = ORIENTED_EDGE('',*,*,#3615,.T.);
#3615 = EDGE_CURVE('',#839,#1037,#3616,.T.);
#3616 = LINE('',#3617,#3618);
#3617 = CARTESIAN_POINT('',(94.919554,81.5,5.));
#3618 = VECTOR('',#3619,1.);
#3619 = DIRECTION('',(0.,0.,1.));
#3620 = ORIENTED_EDGE('',*,*,#1044,.F.);
#3621 = ORIENTED_EDGE('',*,*,#3316,.F.);
#3622 = CYLINDRICAL_SURFACE('',#3623,7.5);
#3623 = AXIS2_PLACEMENT_3D('',#3624,#3625,#3626);
#3624 = CARTESIAN_POINT('',(87.419554,81.5,5.));
#3625 = DIRECTION('',(-0.,-0.,-1.));
#3626 = DIRECTION('',(1.,0.,0.));
#3627 = ADVANCED_FACE('',(#3628),#3639,.T.);
#3628 = FACE_BOUND('',#3629,.F.);
#3629 = EDGE_LOOP('',(#3630,#3631,#3632,#3633));
#3630 = ORIENTED_EDGE('',*,*,#829,.F.);
#3631 = ORIENTED_EDGE('',*,*,#3550,.T.);
#3632 = ORIENTED_EDGE('',*,*,#1027,.F.);
#3633 = ORIENTED_EDGE('',*,*,#3634,.F.);
#3634 = EDGE_CURVE('',#830,#1028,#3635,.T.);
#3635 = LINE('',#3636,#3637);
#3636 = CARTESIAN_POINT('',(94.919554,-23.5,5.));
#3637 = VECTOR('',#3638,1.);
#3638 = DIRECTION('',(0.,0.,1.));
#3639 = CYLINDRICAL_SURFACE('',#3640,7.5);
#3640 = AXIS2_PLACEMENT_3D('',#3641,#3642,#3643);
#3641 = CARTESIAN_POINT('',(87.419554,-23.5,5.));
#3642 = DIRECTION('',(-0.,-0.,-1.));
#3643 = DIRECTION('',(1.,0.,0.));
#3644 = ADVANCED_FACE('',(#3645,#3651,#3701,#3751,#3801,#3851,#3901,
    #3951,#4001,#4051,#4101,#4151,#4201,#4251,#4301,#4351),#4401,.F.);
#3645 = FACE_BOUND('',#3646,.F.);
#3646 = EDGE_LOOP('',(#3647,#3648,#3649,#3650));
#3647 = ORIENTED_EDGE('',*,*,#838,.F.);
#3648 = ORIENTED_EDGE('',*,*,#3634,.T.);
#3649 = ORIENTED_EDGE('',*,*,#1036,.T.);
#3650 = ORIENTED_EDGE('',*,*,#3615,.F.);
#3651 = FACE_BOUND('',#3652,.F.);
#3652 = EDGE_LOOP('',(#3653,#3663,#3671,#3679,#3687,#3695));
#3653 = ORIENTED_EDGE('',*,*,#3654,.T.);
#3654 = EDGE_CURVE('',#3655,#3657,#3659,.T.);
#3655 = VERTEX_POINT('',#3656);
#3656 = CARTESIAN_POINT('',(94.919554,4.196136237003,38.392304845413));
#3657 = VERTEX_POINT('',#3658);
#3658 = CARTESIAN_POINT('',(94.919554,4.196136237003,44.392304845413));
#3659 = LINE('',#3660,#3661);
#3660 = CARTESIAN_POINT('',(94.919554,4.196136237003,21.696152422707));
#3661 = VECTOR('',#3662,1.);
#3662 = DIRECTION('',(-4.006912534456E-32,-2.960594732334E-16,1.));
#3663 = ORIENTED_EDGE('',*,*,#3664,.T.);
#3664 = EDGE_CURVE('',#3657,#3665,#3667,.T.);
#3665 = VERTEX_POINT('',#3666);
#3666 = CARTESIAN_POINT('',(94.919554,-1.000016185704,47.392304845413));
#3667 = LINE('',#3668,#3669);
#3668 = CARTESIAN_POINT('',(94.919554,2.338769325564,45.464656131716));
#3669 = VECTOR('',#3670,1.);
#3670 = DIRECTION('',(-1.172091542177E-16,-0.866025403784,0.5));
#3671 = ORIENTED_EDGE('',*,*,#3672,.T.);
#3672 = EDGE_CURVE('',#3665,#3673,#3675,.T.);
#3673 = VERTEX_POINT('',#3674);
#3674 = CARTESIAN_POINT('',(94.919554,-6.19616860841,44.392304845413));
#3675 = LINE('',#3676,#3677);
#3676 = CARTESIAN_POINT('',(94.919554,-18.61571334634,37.221877347757));
#3677 = VECTOR('',#3678,1.);
#3678 = DIRECTION('',(-1.172091542177E-16,-0.866025403784,-0.5));
#3679 = ORIENTED_EDGE('',*,*,#3680,.T.);
#3680 = EDGE_CURVE('',#3673,#3681,#3683,.T.);
#3681 = VERTEX_POINT('',#3682);
#3682 = CARTESIAN_POINT('',(94.919554,-6.19616860841,38.392304845413));
#3683 = LINE('',#3684,#3685);
#3684 = CARTESIAN_POINT('',(94.919554,-6.19616860841,24.696152422707));
#3685 = VECTOR('',#3686,1.);
#3686 = DIRECTION('',(4.006912534456E-32,2.960594732334E-16,-1.));
#3687 = ORIENTED_EDGE('',*,*,#3688,.T.);
#3688 = EDGE_CURVE('',#3681,#3689,#3691,.T.);
#3689 = VERTEX_POINT('',#3690);
#3690 = CARTESIAN_POINT('',(94.919554,-1.000016185704,35.392304845413));
#3691 = LINE('',#3692,#3693);
#3692 = CARTESIAN_POINT('',(94.919554,-5.455459308496,37.964656131716));
#3693 = VECTOR('',#3694,1.);
#3694 = DIRECTION('',(1.172091542177E-16,0.866025403784,-0.5));
#3695 = ORIENTED_EDGE('',*,*,#3696,.T.);
#3696 = EDGE_CURVE('',#3689,#3655,#3697,.T.);
#3697 = LINE('',#3698,#3699);
#3698 = CARTESIAN_POINT('',(94.919554,-16.01763713498,26.721877347757));
#3699 = VECTOR('',#3700,1.);
#3700 = DIRECTION('',(1.172091542177E-16,0.866025403784,0.5));
#3701 = FACE_BOUND('',#3702,.F.);
#3702 = EDGE_LOOP('',(#3703,#3713,#3721,#3729,#3737,#3745));
#3703 = ORIENTED_EDGE('',*,*,#3704,.T.);
#3704 = EDGE_CURVE('',#3705,#3707,#3709,.T.);
#3705 = VERTEX_POINT('',#3706);
#3706 = CARTESIAN_POINT('',(94.919554,16.196136237003,38.392304845413));
#3707 = VERTEX_POINT('',#3708);
#3708 = CARTESIAN_POINT('',(94.919554,16.196136237003,44.392304845413));
#3709 = LINE('',#3710,#3711);
#3710 = CARTESIAN_POINT('',(94.919554,16.196136237003,21.696152422707));
#3711 = VECTOR('',#3712,1.);
#3712 = DIRECTION('',(0.,0.,1.));
#3713 = ORIENTED_EDGE('',*,*,#3714,.T.);
#3714 = EDGE_CURVE('',#3707,#3715,#3717,.T.);
#3715 = VERTEX_POINT('',#3716);
#3716 = CARTESIAN_POINT('',(94.919554,10.999983814296,47.392304845413));
#3717 = LINE('',#3718,#3719);
#3718 = CARTESIAN_POINT('',(94.919554,9.838769325564,48.06273234307));
#3719 = VECTOR('',#3720,1.);
#3720 = DIRECTION('',(-1.172091542177E-16,-0.866025403784,0.5));
#3721 = ORIENTED_EDGE('',*,*,#3722,.T.);
#3722 = EDGE_CURVE('',#3715,#3723,#3725,.T.);
#3723 = VERTEX_POINT('',#3724);
#3724 = CARTESIAN_POINT('',(94.919554,5.80383139159,44.392304845413));
#3725 = LINE('',#3726,#3727);
#3726 = CARTESIAN_POINT('',(94.919554,-11.11571334634,34.623801136404));
#3727 = VECTOR('',#3728,1.);
#3728 = DIRECTION('',(-1.172091542177E-16,-0.866025403784,-0.5));
#3729 = ORIENTED_EDGE('',*,*,#3730,.T.);
#3730 = EDGE_CURVE('',#3723,#3731,#3733,.T.);
#3731 = VERTEX_POINT('',#3732);
#3732 = CARTESIAN_POINT('',(94.919554,5.80383139159,38.392304845413));
#3733 = LINE('',#3734,#3735);
#3734 = CARTESIAN_POINT('',(94.919554,5.80383139159,24.696152422707));
#3735 = VECTOR('',#3736,1.);
#3736 = DIRECTION('',(0.,0.,-1.));
#3737 = ORIENTED_EDGE('',*,*,#3738,.T.);
#3738 = EDGE_CURVE('',#3731,#3739,#3741,.T.);
#3739 = VERTEX_POINT('',#3740);
#3740 = CARTESIAN_POINT('',(94.919554,10.999983814296,35.392304845413));
#3741 = LINE('',#3742,#3743);
#3742 = CARTESIAN_POINT('',(94.919554,2.044540691504,40.56273234307));
#3743 = VECTOR('',#3744,1.);
#3744 = DIRECTION('',(1.172091542177E-16,0.866025403784,-0.5));
#3745 = ORIENTED_EDGE('',*,*,#3746,.T.);
#3746 = EDGE_CURVE('',#3739,#3705,#3747,.T.);
#3747 = LINE('',#3748,#3749);
#3748 = CARTESIAN_POINT('',(94.919554,-8.517637134987,24.123801136403));
#3749 = VECTOR('',#3750,1.);
#3750 = DIRECTION('',(1.172091542177E-16,0.866025403784,0.5));
#3751 = FACE_BOUND('',#3752,.F.);
#3752 = EDGE_LOOP('',(#3753,#3763,#3771,#3779,#3787,#3795));
#3753 = ORIENTED_EDGE('',*,*,#3754,.T.);
#3754 = EDGE_CURVE('',#3755,#3757,#3759,.T.);
#3755 = VERTEX_POINT('',#3756);
#3756 = CARTESIAN_POINT('',(94.919554,28.196136237003,38.392304845413));
#3757 = VERTEX_POINT('',#3758);
#3758 = CARTESIAN_POINT('',(94.919554,28.196136237003,44.392304845413));
#3759 = LINE('',#3760,#3761);
#3760 = CARTESIAN_POINT('',(94.919554,28.196136237003,21.696152422707));
#3761 = VECTOR('',#3762,1.);
#3762 = DIRECTION('',(0.,0.,1.));
#3763 = ORIENTED_EDGE('',*,*,#3764,.T.);
#3764 = EDGE_CURVE('',#3757,#3765,#3767,.T.);
#3765 = VERTEX_POINT('',#3766);
#3766 = CARTESIAN_POINT('',(94.919554,22.999983814296,47.392304845413));
#3767 = LINE('',#3768,#3769);
#3768 = CARTESIAN_POINT('',(94.919554,17.338769325564,50.660808554423));
#3769 = VECTOR('',#3770,1.);
#3770 = DIRECTION('',(-1.172091542177E-16,-0.866025403784,0.5));
#3771 = ORIENTED_EDGE('',*,*,#3772,.T.);
#3772 = EDGE_CURVE('',#3765,#3773,#3775,.T.);
#3773 = VERTEX_POINT('',#3774);
#3774 = CARTESIAN_POINT('',(94.919554,17.80383139159,44.392304845413));
#3775 = LINE('',#3776,#3777);
#3776 = CARTESIAN_POINT('',(94.919554,-3.61571334634,32.02572492505));
#3777 = VECTOR('',#3778,1.);
#3778 = DIRECTION('',(-1.172091542177E-16,-0.866025403784,-0.5));
#3779 = ORIENTED_EDGE('',*,*,#3780,.T.);
#3780 = EDGE_CURVE('',#3773,#3781,#3783,.T.);
#3781 = VERTEX_POINT('',#3782);
#3782 = CARTESIAN_POINT('',(94.919554,17.80383139159,38.392304845413));
#3783 = LINE('',#3784,#3785);
#3784 = CARTESIAN_POINT('',(94.919554,17.80383139159,24.696152422707));
#3785 = VECTOR('',#3786,1.);
#3786 = DIRECTION('',(0.,0.,-1.));
#3787 = ORIENTED_EDGE('',*,*,#3788,.T.);
#3788 = EDGE_CURVE('',#3781,#3789,#3791,.T.);
#3789 = VERTEX_POINT('',#3790);
#3790 = CARTESIAN_POINT('',(94.919554,22.999983814296,35.392304845413));
#3791 = LINE('',#3792,#3793);
#3792 = CARTESIAN_POINT('',(94.919554,9.544540691504,43.160808554423));
#3793 = VECTOR('',#3794,1.);
#3794 = DIRECTION('',(1.172091542177E-16,0.866025403784,-0.5));
#3795 = ORIENTED_EDGE('',*,*,#3796,.T.);
#3796 = EDGE_CURVE('',#3789,#3755,#3797,.T.);
#3797 = LINE('',#3798,#3799);
#3798 = CARTESIAN_POINT('',(94.919554,-1.017637134987,21.52572492505));
#3799 = VECTOR('',#3800,1.);
#3800 = DIRECTION('',(1.172091542177E-16,0.866025403784,0.5));
#3801 = FACE_BOUND('',#3802,.F.);
#3802 = EDGE_LOOP('',(#3803,#3813,#3821,#3829,#3837,#3845));
#3803 = ORIENTED_EDGE('',*,*,#3804,.T.);
#3804 = EDGE_CURVE('',#3805,#3807,#3809,.T.);
#3805 = VERTEX_POINT('',#3806);
#3806 = CARTESIAN_POINT('',(94.919554,40.196136237003,38.392304845413));
#3807 = VERTEX_POINT('',#3808);
#3808 = CARTESIAN_POINT('',(94.919554,40.196136237003,44.392304845413));
#3809 = LINE('',#3810,#3811);
#3810 = CARTESIAN_POINT('',(94.919554,40.196136237003,21.696152422707));
#3811 = VECTOR('',#3812,1.);
#3812 = DIRECTION('',(0.,0.,1.));
#3813 = ORIENTED_EDGE('',*,*,#3814,.T.);
#3814 = EDGE_CURVE('',#3807,#3815,#3817,.T.);
#3815 = VERTEX_POINT('',#3816);
#3816 = CARTESIAN_POINT('',(94.919554,34.999983814296,47.392304845413));
#3817 = LINE('',#3818,#3819);
#3818 = CARTESIAN_POINT('',(94.919554,24.838769325564,53.258884765776));
#3819 = VECTOR('',#3820,1.);
#3820 = DIRECTION('',(-1.172091542177E-16,-0.866025403784,0.5));
#3821 = ORIENTED_EDGE('',*,*,#3822,.T.);
#3822 = EDGE_CURVE('',#3815,#3823,#3825,.T.);
#3823 = VERTEX_POINT('',#3824);
#3824 = CARTESIAN_POINT('',(94.919554,29.80383139159,44.392304845413));
#3825 = LINE('',#3826,#3827);
#3826 = CARTESIAN_POINT('',(94.919554,3.88428665366,29.427648713697));
#3827 = VECTOR('',#3828,1.);
#3828 = DIRECTION('',(-1.172091542177E-16,-0.866025403784,-0.5));
#3829 = ORIENTED_EDGE('',*,*,#3830,.T.);
#3830 = EDGE_CURVE('',#3823,#3831,#3833,.T.);
#3831 = VERTEX_POINT('',#3832);
#3832 = CARTESIAN_POINT('',(94.919554,29.80383139159,38.392304845413));
#3833 = LINE('',#3834,#3835);
#3834 = CARTESIAN_POINT('',(94.919554,29.80383139159,24.696152422707));
#3835 = VECTOR('',#3836,1.);
#3836 = DIRECTION('',(0.,0.,-1.));
#3837 = ORIENTED_EDGE('',*,*,#3838,.T.);
#3838 = EDGE_CURVE('',#3831,#3839,#3841,.T.);
#3839 = VERTEX_POINT('',#3840);
#3840 = CARTESIAN_POINT('',(94.919554,34.999983814296,35.392304845413));
#3841 = LINE('',#3842,#3843);
#3842 = CARTESIAN_POINT('',(94.919554,17.044540691504,45.758884765776));
#3843 = VECTOR('',#3844,1.);
#3844 = DIRECTION('',(1.172091542177E-16,0.866025403784,-0.5));
#3845 = ORIENTED_EDGE('',*,*,#3846,.T.);
#3846 = EDGE_CURVE('',#3839,#3805,#3847,.T.);
#3847 = LINE('',#3848,#3849);
#3848 = CARTESIAN_POINT('',(94.919554,6.482362865013,18.927648713697));
#3849 = VECTOR('',#3850,1.);
#3850 = DIRECTION('',(1.172091542177E-16,0.866025403784,0.5));
#3851 = FACE_BOUND('',#3852,.F.);
#3852 = EDGE_LOOP('',(#3853,#3863,#3871,#3879,#3887,#3895));
#3853 = ORIENTED_EDGE('',*,*,#3854,.T.);
#3854 = EDGE_CURVE('',#3855,#3857,#3859,.T.);
#3855 = VERTEX_POINT('',#3856);
#3856 = CARTESIAN_POINT('',(94.919554,52.196136237003,38.392304845413));
#3857 = VERTEX_POINT('',#3858);
#3858 = CARTESIAN_POINT('',(94.919554,52.196136237003,44.392304845413));
#3859 = LINE('',#3860,#3861);
#3860 = CARTESIAN_POINT('',(94.919554,52.196136237003,21.696152422707));
#3861 = VECTOR('',#3862,1.);
#3862 = DIRECTION('',(0.,0.,1.));
#3863 = ORIENTED_EDGE('',*,*,#3864,.T.);
#3864 = EDGE_CURVE('',#3857,#3865,#3867,.T.);
#3865 = VERTEX_POINT('',#3866);
#3866 = CARTESIAN_POINT('',(94.919554,46.999983814296,47.392304845413));
#3867 = LINE('',#3868,#3869);
#3868 = CARTESIAN_POINT('',(94.919554,32.338769325564,55.85696097713));
#3869 = VECTOR('',#3870,1.);
#3870 = DIRECTION('',(-1.172091542177E-16,-0.866025403784,0.5));
#3871 = ORIENTED_EDGE('',*,*,#3872,.T.);
#3872 = EDGE_CURVE('',#3865,#3873,#3875,.T.);
#3873 = VERTEX_POINT('',#3874);
#3874 = CARTESIAN_POINT('',(94.919554,41.80383139159,44.392304845413));
#3875 = LINE('',#3876,#3877);
#3876 = CARTESIAN_POINT('',(94.919554,11.38428665366,26.829572502344));
#3877 = VECTOR('',#3878,1.);
#3878 = DIRECTION('',(-1.172091542177E-16,-0.866025403784,-0.5));
#3879 = ORIENTED_EDGE('',*,*,#3880,.T.);
#3880 = EDGE_CURVE('',#3873,#3881,#3883,.T.);
#3881 = VERTEX_POINT('',#3882);
#3882 = CARTESIAN_POINT('',(94.919554,41.80383139159,38.392304845413));
#3883 = LINE('',#3884,#3885);
#3884 = CARTESIAN_POINT('',(94.919554,41.80383139159,24.696152422707));
#3885 = VECTOR('',#3886,1.);
#3886 = DIRECTION('',(0.,0.,-1.));
#3887 = ORIENTED_EDGE('',*,*,#3888,.T.);
#3888 = EDGE_CURVE('',#3881,#3889,#3891,.T.);
#3889 = VERTEX_POINT('',#3890);
#3890 = CARTESIAN_POINT('',(94.919554,46.999983814296,35.392304845413));
#3891 = LINE('',#3892,#3893);
#3892 = CARTESIAN_POINT('',(94.919554,24.544540691504,48.35696097713));
#3893 = VECTOR('',#3894,1.);
#3894 = DIRECTION('',(1.172091542177E-16,0.866025403784,-0.5));
#3895 = ORIENTED_EDGE('',*,*,#3896,.T.);
#3896 = EDGE_CURVE('',#3889,#3855,#3897,.T.);
#3897 = LINE('',#3898,#3899);
#3898 = CARTESIAN_POINT('',(94.919554,13.982362865013,16.329572502344));
#3899 = VECTOR('',#3900,1.);
#3900 = DIRECTION('',(1.172091542177E-16,0.866025403784,0.5));
#3901 = FACE_BOUND('',#3902,.F.);
#3902 = EDGE_LOOP('',(#3903,#3913,#3921,#3929,#3937,#3945));
#3903 = ORIENTED_EDGE('',*,*,#3904,.T.);
#3904 = EDGE_CURVE('',#3905,#3907,#3909,.T.);
#3905 = VERTEX_POINT('',#3906);
#3906 = CARTESIAN_POINT('',(94.919554,64.196136237003,38.392304845413));
#3907 = VERTEX_POINT('',#3908);
#3908 = CARTESIAN_POINT('',(94.919554,64.196136237003,44.392304845413));
#3909 = LINE('',#3910,#3911);
#3910 = CARTESIAN_POINT('',(94.919554,64.196136237003,21.696152422707));
#3911 = VECTOR('',#3912,1.);
#3912 = DIRECTION('',(0.,0.,1.));
#3913 = ORIENTED_EDGE('',*,*,#3914,.T.);
#3914 = EDGE_CURVE('',#3907,#3915,#3917,.T.);
#3915 = VERTEX_POINT('',#3916);
#3916 = CARTESIAN_POINT('',(94.919554,58.999983814296,47.392304845413));
#3917 = LINE('',#3918,#3919);
#3918 = CARTESIAN_POINT('',(94.919554,39.838769325564,58.455037188483));
#3919 = VECTOR('',#3920,1.);
#3920 = DIRECTION('',(-1.172091542177E-16,-0.866025403784,0.5));
#3921 = ORIENTED_EDGE('',*,*,#3922,.T.);
#3922 = EDGE_CURVE('',#3915,#3923,#3925,.T.);
#3923 = VERTEX_POINT('',#3924);
#3924 = CARTESIAN_POINT('',(94.919554,53.80383139159,44.392304845413));
#3925 = LINE('',#3926,#3927);
#3926 = CARTESIAN_POINT('',(94.919554,18.88428665366,24.23149629099));
#3927 = VECTOR('',#3928,1.);
#3928 = DIRECTION('',(-1.172091542177E-16,-0.866025403784,-0.5));
#3929 = ORIENTED_EDGE('',*,*,#3930,.T.);
#3930 = EDGE_CURVE('',#3923,#3931,#3933,.T.);
#3931 = VERTEX_POINT('',#3932);
#3932 = CARTESIAN_POINT('',(94.919554,53.803831391589,38.392304845413));
#3933 = LINE('',#3934,#3935);
#3934 = CARTESIAN_POINT('',(94.919554,53.803831391589,24.696152422707));
#3935 = VECTOR('',#3936,1.);
#3936 = DIRECTION('',(-1.602765013782E-31,-1.184237892934E-15,-1.));
#3937 = ORIENTED_EDGE('',*,*,#3938,.T.);
#3938 = EDGE_CURVE('',#3931,#3939,#3941,.T.);
#3939 = VERTEX_POINT('',#3940);
#3940 = CARTESIAN_POINT('',(94.919554,58.999983814296,35.392304845413));
#3941 = LINE('',#3942,#3943);
#3942 = CARTESIAN_POINT('',(94.919554,32.044540691504,50.955037188483));
#3943 = VECTOR('',#3944,1.);
#3944 = DIRECTION('',(1.172091542177E-16,0.866025403784,-0.5));
#3945 = ORIENTED_EDGE('',*,*,#3946,.T.);
#3946 = EDGE_CURVE('',#3939,#3905,#3947,.T.);
#3947 = LINE('',#3948,#3949);
#3948 = CARTESIAN_POINT('',(94.919554,21.482362865013,13.73149629099));
#3949 = VECTOR('',#3950,1.);
#3950 = DIRECTION('',(1.172091542177E-16,0.866025403784,0.5));
#3951 = FACE_BOUND('',#3952,.F.);
#3952 = EDGE_LOOP('',(#3953,#3963,#3971,#3979,#3987,#3995));
#3953 = ORIENTED_EDGE('',*,*,#3954,.T.);
#3954 = EDGE_CURVE('',#3955,#3957,#3959,.T.);
#3955 = VERTEX_POINT('',#3956);
#3956 = CARTESIAN_POINT('',(94.919554,10.196136237003,28.));
#3957 = VERTEX_POINT('',#3958);
#3958 = CARTESIAN_POINT('',(94.919554,10.196136237003,34.));
#3959 = LINE('',#3960,#3961);
#3960 = CARTESIAN_POINT('',(94.919554,10.196136237003,16.5));
#3961 = VECTOR('',#3962,1.);
#3962 = DIRECTION('',(0.,0.,1.));
#3963 = ORIENTED_EDGE('',*,*,#3964,.T.);
#3964 = EDGE_CURVE('',#3957,#3965,#3967,.T.);
#3965 = VERTEX_POINT('',#3966);
#3966 = CARTESIAN_POINT('',(94.919554,4.999983814296,37.));
#3967 = LINE('',#3968,#3969);
#3968 = CARTESIAN_POINT('',(94.919554,3.838769325564,37.670427497656));
#3969 = VECTOR('',#3970,1.);
#3970 = DIRECTION('',(-1.172091542177E-16,-0.866025403784,0.5));
#3971 = ORIENTED_EDGE('',*,*,#3972,.T.);
#3972 = EDGE_CURVE('',#3965,#3973,#3975,.T.);
#3973 = VERTEX_POINT('',#3974);
#3974 = CARTESIAN_POINT('',(94.919554,-0.19616860841,34.));
#3975 = LINE('',#3976,#3977);
#3976 = CARTESIAN_POINT('',(94.919554,-12.61571334634,26.829572502344));
#3977 = VECTOR('',#3978,1.);
#3978 = DIRECTION('',(-1.172091542177E-16,-0.866025403784,-0.5));
#3979 = ORIENTED_EDGE('',*,*,#3980,.T.);
#3980 = EDGE_CURVE('',#3973,#3981,#3983,.T.);
#3981 = VERTEX_POINT('',#3982);
#3982 = CARTESIAN_POINT('',(94.919554,-0.19616860841,28.));
#3983 = LINE('',#3984,#3985);
#3984 = CARTESIAN_POINT('',(94.919554,-0.19616860841,19.5));
#3985 = VECTOR('',#3986,1.);
#3986 = DIRECTION('',(6.886880918596E-33,5.088522196199E-17,-1.));
#3987 = ORIENTED_EDGE('',*,*,#3988,.T.);
#3988 = EDGE_CURVE('',#3981,#3989,#3991,.T.);
#3989 = VERTEX_POINT('',#3990);
#3990 = CARTESIAN_POINT('',(94.919554,4.999983814296,25.));
#3991 = LINE('',#3992,#3993);
#3992 = CARTESIAN_POINT('',(94.919554,-3.955459308496,30.170427497656));
#3993 = VECTOR('',#3994,1.);
#3994 = DIRECTION('',(1.172091542177E-16,0.866025403784,-0.5));
#3995 = ORIENTED_EDGE('',*,*,#3996,.T.);
#3996 = EDGE_CURVE('',#3989,#3955,#3997,.T.);
#3997 = LINE('',#3998,#3999);
#3998 = CARTESIAN_POINT('',(94.919554,-10.01763713498,16.329572502344));
#3999 = VECTOR('',#4000,1.);
#4000 = DIRECTION('',(1.172091542177E-16,0.866025403784,0.5));
#4001 = FACE_BOUND('',#4002,.F.);
#4002 = EDGE_LOOP('',(#4003,#4013,#4021,#4029,#4037,#4045));
#4003 = ORIENTED_EDGE('',*,*,#4004,.T.);
#4004 = EDGE_CURVE('',#4005,#4007,#4009,.T.);
#4005 = VERTEX_POINT('',#4006);
#4006 = CARTESIAN_POINT('',(94.919554,22.196136237003,28.));
#4007 = VERTEX_POINT('',#4008);
#4008 = CARTESIAN_POINT('',(94.919554,22.196136237003,34.));
#4009 = LINE('',#4010,#4011);
#4010 = CARTESIAN_POINT('',(94.919554,22.196136237003,16.5));
#4011 = VECTOR('',#4012,1.);
#4012 = DIRECTION('',(0.,0.,1.));
#4013 = ORIENTED_EDGE('',*,*,#4014,.T.);
#4014 = EDGE_CURVE('',#4007,#4015,#4017,.T.);
#4015 = VERTEX_POINT('',#4016);
#4016 = CARTESIAN_POINT('',(94.919554,16.999983814296,37.));
#4017 = LINE('',#4018,#4019);
#4018 = CARTESIAN_POINT('',(94.919554,11.338769325564,40.26850370901));
#4019 = VECTOR('',#4020,1.);
#4020 = DIRECTION('',(-1.172091542177E-16,-0.866025403784,0.5));
#4021 = ORIENTED_EDGE('',*,*,#4022,.T.);
#4022 = EDGE_CURVE('',#4015,#4023,#4025,.T.);
#4023 = VERTEX_POINT('',#4024);
#4024 = CARTESIAN_POINT('',(94.919554,11.80383139159,34.));
#4025 = LINE('',#4026,#4027);
#4026 = CARTESIAN_POINT('',(94.919554,-5.11571334634,24.23149629099));
#4027 = VECTOR('',#4028,1.);
#4028 = DIRECTION('',(-1.172091542177E-16,-0.866025403784,-0.5));
#4029 = ORIENTED_EDGE('',*,*,#4030,.T.);
#4030 = EDGE_CURVE('',#4023,#4031,#4033,.T.);
#4031 = VERTEX_POINT('',#4032);
#4032 = CARTESIAN_POINT('',(94.919554,11.80383139159,28.));
#4033 = LINE('',#4034,#4035);
#4034 = CARTESIAN_POINT('',(94.919554,11.80383139159,19.5));
#4035 = VECTOR('',#4036,1.);
#4036 = DIRECTION('',(0.,0.,-1.));
#4037 = ORIENTED_EDGE('',*,*,#4038,.T.);
#4038 = EDGE_CURVE('',#4031,#4039,#4041,.T.);
#4039 = VERTEX_POINT('',#4040);
#4040 = CARTESIAN_POINT('',(94.919554,16.999983814296,25.));
#4041 = LINE('',#4042,#4043);
#4042 = CARTESIAN_POINT('',(94.919554,3.544540691504,32.76850370901));
#4043 = VECTOR('',#4044,1.);
#4044 = DIRECTION('',(1.172091542177E-16,0.866025403784,-0.5));
#4045 = ORIENTED_EDGE('',*,*,#4046,.T.);
#4046 = EDGE_CURVE('',#4039,#4005,#4047,.T.);
#4047 = LINE('',#4048,#4049);
#4048 = CARTESIAN_POINT('',(94.919554,-2.517637134987,13.73149629099));
#4049 = VECTOR('',#4050,1.);
#4050 = DIRECTION('',(1.172091542177E-16,0.866025403784,0.5));
#4051 = FACE_BOUND('',#4052,.F.);
#4052 = EDGE_LOOP('',(#4053,#4063,#4071,#4079,#4087,#4095));
#4053 = ORIENTED_EDGE('',*,*,#4054,.T.);
#4054 = EDGE_CURVE('',#4055,#4057,#4059,.T.);
#4055 = VERTEX_POINT('',#4056);
#4056 = CARTESIAN_POINT('',(94.919554,34.196136237003,28.));
#4057 = VERTEX_POINT('',#4058);
#4058 = CARTESIAN_POINT('',(94.919554,34.196136237003,34.));
#4059 = LINE('',#4060,#4061);
#4060 = CARTESIAN_POINT('',(94.919554,34.196136237003,16.5));
#4061 = VECTOR('',#4062,1.);
#4062 = DIRECTION('',(0.,0.,1.));
#4063 = ORIENTED_EDGE('',*,*,#4064,.T.);
#4064 = EDGE_CURVE('',#4057,#4065,#4067,.T.);
#4065 = VERTEX_POINT('',#4066);
#4066 = CARTESIAN_POINT('',(94.919554,28.999983814296,37.));
#4067 = LINE('',#4068,#4069);
#4068 = CARTESIAN_POINT('',(94.919554,18.838769325564,42.866579920363));
#4069 = VECTOR('',#4070,1.);
#4070 = DIRECTION('',(-1.172091542177E-16,-0.866025403784,0.5));
#4071 = ORIENTED_EDGE('',*,*,#4072,.T.);
#4072 = EDGE_CURVE('',#4065,#4073,#4075,.T.);
#4073 = VERTEX_POINT('',#4074);
#4074 = CARTESIAN_POINT('',(94.919554,23.80383139159,34.));
#4075 = LINE('',#4076,#4077);
#4076 = CARTESIAN_POINT('',(94.919554,2.38428665366,21.633420079637));
#4077 = VECTOR('',#4078,1.);
#4078 = DIRECTION('',(-1.172091542177E-16,-0.866025403784,-0.5));
#4079 = ORIENTED_EDGE('',*,*,#4080,.T.);
#4080 = EDGE_CURVE('',#4073,#4081,#4083,.T.);
#4081 = VERTEX_POINT('',#4082);
#4082 = CARTESIAN_POINT('',(94.919554,23.80383139159,28.));
#4083 = LINE('',#4084,#4085);
#4084 = CARTESIAN_POINT('',(94.919554,23.80383139159,19.5));
#4085 = VECTOR('',#4086,1.);
#4086 = DIRECTION('',(0.,0.,-1.));
#4087 = ORIENTED_EDGE('',*,*,#4088,.T.);
#4088 = EDGE_CURVE('',#4081,#4089,#4091,.T.);
#4089 = VERTEX_POINT('',#4090);
#4090 = CARTESIAN_POINT('',(94.919554,28.999983814296,25.));
#4091 = LINE('',#4092,#4093);
#4092 = CARTESIAN_POINT('',(94.919554,11.044540691504,35.366579920363));
#4093 = VECTOR('',#4094,1.);
#4094 = DIRECTION('',(1.172091542177E-16,0.866025403784,-0.5));
#4095 = ORIENTED_EDGE('',*,*,#4096,.T.);
#4096 = EDGE_CURVE('',#4089,#4055,#4097,.T.);
#4097 = LINE('',#4098,#4099);
#4098 = CARTESIAN_POINT('',(94.919554,4.982362865013,11.133420079637));
#4099 = VECTOR('',#4100,1.);
#4100 = DIRECTION('',(1.172091542177E-16,0.866025403784,0.5));
#4101 = FACE_BOUND('',#4102,.F.);
#4102 = EDGE_LOOP('',(#4103,#4113,#4121,#4129,#4137,#4145));
#4103 = ORIENTED_EDGE('',*,*,#4104,.T.);
#4104 = EDGE_CURVE('',#4105,#4107,#4109,.T.);
#4105 = VERTEX_POINT('',#4106);
#4106 = CARTESIAN_POINT('',(94.919554,16.196136237003,17.607695154587));
#4107 = VERTEX_POINT('',#4108);
#4108 = CARTESIAN_POINT('',(94.919554,16.196136237003,23.607695154587));
#4109 = LINE('',#4110,#4111);
#4110 = CARTESIAN_POINT('',(94.919554,16.196136237003,11.303847577293));
#4111 = VECTOR('',#4112,1.);
#4112 = DIRECTION('',(0.,0.,1.));
#4113 = ORIENTED_EDGE('',*,*,#4114,.T.);
#4114 = EDGE_CURVE('',#4107,#4115,#4117,.T.);
#4115 = VERTEX_POINT('',#4116);
#4116 = CARTESIAN_POINT('',(94.919554,10.999983814296,26.607695154587));
#4117 = LINE('',#4118,#4119);
#4118 = CARTESIAN_POINT('',(94.919554,5.338769325564,29.876198863597));
#4119 = VECTOR('',#4120,1.);
#4120 = DIRECTION('',(-1.172091542177E-16,-0.866025403784,0.5));
#4121 = ORIENTED_EDGE('',*,*,#4122,.T.);
#4122 = EDGE_CURVE('',#4115,#4123,#4125,.T.);
#4123 = VERTEX_POINT('',#4124);
#4124 = CARTESIAN_POINT('',(94.919554,5.80383139159,23.607695154587));
#4125 = LINE('',#4126,#4127);
#4126 = CARTESIAN_POINT('',(94.919554,-6.61571334634,16.43726765693));
#4127 = VECTOR('',#4128,1.);
#4128 = DIRECTION('',(-1.172091542177E-16,-0.866025403784,-0.5));
#4129 = ORIENTED_EDGE('',*,*,#4130,.T.);
#4130 = EDGE_CURVE('',#4123,#4131,#4133,.T.);
#4131 = VERTEX_POINT('',#4132);
#4132 = CARTESIAN_POINT('',(94.919554,5.80383139159,17.607695154587));
#4133 = LINE('',#4134,#4135);
#4134 = CARTESIAN_POINT('',(94.919554,5.80383139159,14.303847577293));
#4135 = VECTOR('',#4136,1.);
#4136 = DIRECTION('',(0.,0.,-1.));
#4137 = ORIENTED_EDGE('',*,*,#4138,.T.);
#4138 = EDGE_CURVE('',#4131,#4139,#4141,.T.);
#4139 = VERTEX_POINT('',#4140);
#4140 = CARTESIAN_POINT('',(94.919554,10.999983814296,14.607695154587));
#4141 = LINE('',#4142,#4143);
#4142 = CARTESIAN_POINT('',(94.919554,-2.455459308496,22.376198863597));
#4143 = VECTOR('',#4144,1.);
#4144 = DIRECTION('',(1.172091542177E-16,0.866025403784,-0.5));
#4145 = ORIENTED_EDGE('',*,*,#4146,.T.);
#4146 = EDGE_CURVE('',#4139,#4105,#4147,.T.);
#4147 = LINE('',#4148,#4149);
#4148 = CARTESIAN_POINT('',(94.919554,-4.017637134987,5.93726765693));
#4149 = VECTOR('',#4150,1.);
#4150 = DIRECTION('',(1.172091542177E-16,0.866025403784,0.5));
#4151 = FACE_BOUND('',#4152,.F.);
#4152 = EDGE_LOOP('',(#4153,#4163,#4171,#4179,#4187,#4195));
#4153 = ORIENTED_EDGE('',*,*,#4154,.T.);
#4154 = EDGE_CURVE('',#4155,#4157,#4159,.T.);
#4155 = VERTEX_POINT('',#4156);
#4156 = CARTESIAN_POINT('',(94.919554,28.196136237003,17.607695154587));
#4157 = VERTEX_POINT('',#4158);
#4158 = CARTESIAN_POINT('',(94.919554,28.196136237003,23.607695154587));
#4159 = LINE('',#4160,#4161);
#4160 = CARTESIAN_POINT('',(94.919554,28.196136237003,11.303847577293));
#4161 = VECTOR('',#4162,1.);
#4162 = DIRECTION('',(0.,0.,1.));
#4163 = ORIENTED_EDGE('',*,*,#4164,.T.);
#4164 = EDGE_CURVE('',#4157,#4165,#4167,.T.);
#4165 = VERTEX_POINT('',#4166);
#4166 = CARTESIAN_POINT('',(94.919554,22.999983814296,26.607695154587));
#4167 = LINE('',#4168,#4169);
#4168 = CARTESIAN_POINT('',(94.919554,12.838769325564,32.47427507495));
#4169 = VECTOR('',#4170,1.);
#4170 = DIRECTION('',(-1.172091542177E-16,-0.866025403784,0.5));
#4171 = ORIENTED_EDGE('',*,*,#4172,.T.);
#4172 = EDGE_CURVE('',#4165,#4173,#4175,.T.);
#4173 = VERTEX_POINT('',#4174);
#4174 = CARTESIAN_POINT('',(94.919554,17.80383139159,23.607695154587));
#4175 = LINE('',#4176,#4177);
#4176 = CARTESIAN_POINT('',(94.919554,0.88428665366,13.839191445577));
#4177 = VECTOR('',#4178,1.);
#4178 = DIRECTION('',(-1.172091542177E-16,-0.866025403784,-0.5));
#4179 = ORIENTED_EDGE('',*,*,#4180,.T.);
#4180 = EDGE_CURVE('',#4173,#4181,#4183,.T.);
#4181 = VERTEX_POINT('',#4182);
#4182 = CARTESIAN_POINT('',(94.919554,17.80383139159,17.607695154587));
#4183 = LINE('',#4184,#4185);
#4184 = CARTESIAN_POINT('',(94.919554,17.80383139159,14.303847577293));
#4185 = VECTOR('',#4186,1.);
#4186 = DIRECTION('',(0.,0.,-1.));
#4187 = ORIENTED_EDGE('',*,*,#4188,.T.);
#4188 = EDGE_CURVE('',#4181,#4189,#4191,.T.);
#4189 = VERTEX_POINT('',#4190);
#4190 = CARTESIAN_POINT('',(94.919554,22.999983814296,14.607695154587));
#4191 = LINE('',#4192,#4193);
#4192 = CARTESIAN_POINT('',(94.919554,5.044540691504,24.97427507495));
#4193 = VECTOR('',#4194,1.);
#4194 = DIRECTION('',(1.172091542177E-16,0.866025403784,-0.5));
#4195 = ORIENTED_EDGE('',*,*,#4196,.T.);
#4196 = EDGE_CURVE('',#4189,#4155,#4197,.T.);
#4197 = LINE('',#4198,#4199);
#4198 = CARTESIAN_POINT('',(94.919554,3.482362865013,3.339191445577));
#4199 = VECTOR('',#4200,1.);
#4200 = DIRECTION('',(1.172091542177E-16,0.866025403784,0.5));
#4201 = FACE_BOUND('',#4202,.F.);
#4202 = EDGE_LOOP('',(#4203,#4213,#4221,#4229,#4237,#4245));
#4203 = ORIENTED_EDGE('',*,*,#4204,.T.);
#4204 = EDGE_CURVE('',#4205,#4207,#4209,.T.);
#4205 = VERTEX_POINT('',#4206);
#4206 = CARTESIAN_POINT('',(94.919554,46.196136237003,28.));
#4207 = VERTEX_POINT('',#4208);
#4208 = CARTESIAN_POINT('',(94.919554,46.196136237003,34.));
#4209 = LINE('',#4210,#4211);
#4210 = CARTESIAN_POINT('',(94.919554,46.196136237003,16.5));
#4211 = VECTOR('',#4212,1.);
#4212 = DIRECTION('',(0.,0.,1.));
#4213 = ORIENTED_EDGE('',*,*,#4214,.T.);
#4214 = EDGE_CURVE('',#4207,#4215,#4217,.T.);
#4215 = VERTEX_POINT('',#4216);
#4216 = CARTESIAN_POINT('',(94.919554,40.999983814296,37.));
#4217 = LINE('',#4218,#4219);
#4218 = CARTESIAN_POINT('',(94.919554,26.338769325564,45.464656131716));
#4219 = VECTOR('',#4220,1.);
#4220 = DIRECTION('',(-1.172091542177E-16,-0.866025403784,0.5));
#4221 = ORIENTED_EDGE('',*,*,#4222,.T.);
#4222 = EDGE_CURVE('',#4215,#4223,#4225,.T.);
#4223 = VERTEX_POINT('',#4224);
#4224 = CARTESIAN_POINT('',(94.919554,35.80383139159,34.));
#4225 = LINE('',#4226,#4227);
#4226 = CARTESIAN_POINT('',(94.919554,9.88428665366,19.035343868284));
#4227 = VECTOR('',#4228,1.);
#4228 = DIRECTION('',(-1.172091542177E-16,-0.866025403784,-0.5));
#4229 = ORIENTED_EDGE('',*,*,#4230,.T.);
#4230 = EDGE_CURVE('',#4223,#4231,#4233,.T.);
#4231 = VERTEX_POINT('',#4232);
#4232 = CARTESIAN_POINT('',(94.919554,35.80383139159,28.));
#4233 = LINE('',#4234,#4235);
#4234 = CARTESIAN_POINT('',(94.919554,35.80383139159,19.5));
#4235 = VECTOR('',#4236,1.);
#4236 = DIRECTION('',(0.,0.,-1.));
#4237 = ORIENTED_EDGE('',*,*,#4238,.T.);
#4238 = EDGE_CURVE('',#4231,#4239,#4241,.T.);
#4239 = VERTEX_POINT('',#4240);
#4240 = CARTESIAN_POINT('',(94.919554,40.999983814296,25.));
#4241 = LINE('',#4242,#4243);
#4242 = CARTESIAN_POINT('',(94.919554,18.544540691504,37.964656131716));
#4243 = VECTOR('',#4244,1.);
#4244 = DIRECTION('',(1.172091542177E-16,0.866025403784,-0.5));
#4245 = ORIENTED_EDGE('',*,*,#4246,.T.);
#4246 = EDGE_CURVE('',#4239,#4205,#4247,.T.);
#4247 = LINE('',#4248,#4249);
#4248 = CARTESIAN_POINT('',(94.919554,12.482362865013,8.535343868284));
#4249 = VECTOR('',#4250,1.);
#4250 = DIRECTION('',(1.172091542177E-16,0.866025403784,0.5));
#4251 = FACE_BOUND('',#4252,.F.);
#4252 = EDGE_LOOP('',(#4253,#4263,#4271,#4279,#4287,#4295));
#4253 = ORIENTED_EDGE('',*,*,#4254,.T.);
#4254 = EDGE_CURVE('',#4255,#4257,#4259,.T.);
#4255 = VERTEX_POINT('',#4256);
#4256 = CARTESIAN_POINT('',(94.919554,58.196136237003,28.));
#4257 = VERTEX_POINT('',#4258);
#4258 = CARTESIAN_POINT('',(94.919554,58.196136237003,34.));
#4259 = LINE('',#4260,#4261);
#4260 = CARTESIAN_POINT('',(94.919554,58.196136237003,16.5));
#4261 = VECTOR('',#4262,1.);
#4262 = DIRECTION('',(0.,0.,1.));
#4263 = ORIENTED_EDGE('',*,*,#4264,.T.);
#4264 = EDGE_CURVE('',#4257,#4265,#4267,.T.);
#4265 = VERTEX_POINT('',#4266);
#4266 = CARTESIAN_POINT('',(94.919554,52.999983814296,37.));
#4267 = LINE('',#4268,#4269);
#4268 = CARTESIAN_POINT('',(94.919554,33.838769325564,48.06273234307));
#4269 = VECTOR('',#4270,1.);
#4270 = DIRECTION('',(-1.172091542177E-16,-0.866025403784,0.5));
#4271 = ORIENTED_EDGE('',*,*,#4272,.T.);
#4272 = EDGE_CURVE('',#4265,#4273,#4275,.T.);
#4273 = VERTEX_POINT('',#4274);
#4274 = CARTESIAN_POINT('',(94.919554,47.80383139159,34.));
#4275 = LINE('',#4276,#4277);
#4276 = CARTESIAN_POINT('',(94.919554,17.38428665366,16.43726765693));
#4277 = VECTOR('',#4278,1.);
#4278 = DIRECTION('',(-1.172091542177E-16,-0.866025403784,-0.5));
#4279 = ORIENTED_EDGE('',*,*,#4280,.T.);
#4280 = EDGE_CURVE('',#4273,#4281,#4283,.T.);
#4281 = VERTEX_POINT('',#4282);
#4282 = CARTESIAN_POINT('',(94.919554,47.80383139159,28.));
#4283 = LINE('',#4284,#4285);
#4284 = CARTESIAN_POINT('',(94.919554,47.80383139159,19.5));
#4285 = VECTOR('',#4286,1.);
#4286 = DIRECTION('',(0.,0.,-1.));
#4287 = ORIENTED_EDGE('',*,*,#4288,.T.);
#4288 = EDGE_CURVE('',#4281,#4289,#4291,.T.);
#4289 = VERTEX_POINT('',#4290);
#4290 = CARTESIAN_POINT('',(94.919554,52.999983814296,25.));
#4291 = LINE('',#4292,#4293);
#4292 = CARTESIAN_POINT('',(94.919554,26.044540691504,40.56273234307));
#4293 = VECTOR('',#4294,1.);
#4294 = DIRECTION('',(1.172091542177E-16,0.866025403784,-0.5));
#4295 = ORIENTED_EDGE('',*,*,#4296,.T.);
#4296 = EDGE_CURVE('',#4289,#4255,#4297,.T.);
#4297 = LINE('',#4298,#4299);
#4298 = CARTESIAN_POINT('',(94.919554,19.982362865013,5.93726765693));
#4299 = VECTOR('',#4300,1.);
#4300 = DIRECTION('',(1.172091542177E-16,0.866025403784,0.5));
#4301 = FACE_BOUND('',#4302,.F.);
#4302 = EDGE_LOOP('',(#4303,#4313,#4321,#4329,#4337,#4345));
#4303 = ORIENTED_EDGE('',*,*,#4304,.T.);
#4304 = EDGE_CURVE('',#4305,#4307,#4309,.T.);
#4305 = VERTEX_POINT('',#4306);
#4306 = CARTESIAN_POINT('',(94.919554,40.196136237003,17.607695154587));
#4307 = VERTEX_POINT('',#4308);
#4308 = CARTESIAN_POINT('',(94.919554,40.196136237003,23.607695154587));
#4309 = LINE('',#4310,#4311);
#4310 = CARTESIAN_POINT('',(94.919554,40.196136237003,11.303847577293));
#4311 = VECTOR('',#4312,1.);
#4312 = DIRECTION('',(0.,0.,1.));
#4313 = ORIENTED_EDGE('',*,*,#4314,.T.);
#4314 = EDGE_CURVE('',#4307,#4315,#4317,.T.);
#4315 = VERTEX_POINT('',#4316);
#4316 = CARTESIAN_POINT('',(94.919554,34.999983814296,26.607695154587));
#4317 = LINE('',#4318,#4319);
#4318 = CARTESIAN_POINT('',(94.919554,20.338769325564,35.072351286303));
#4319 = VECTOR('',#4320,1.);
#4320 = DIRECTION('',(-1.172091542177E-16,-0.866025403784,0.5));
#4321 = ORIENTED_EDGE('',*,*,#4322,.T.);
#4322 = EDGE_CURVE('',#4315,#4323,#4325,.T.);
#4323 = VERTEX_POINT('',#4324);
#4324 = CARTESIAN_POINT('',(94.919554,29.80383139159,23.607695154587));
#4325 = LINE('',#4326,#4327);
#4326 = CARTESIAN_POINT('',(94.919554,8.38428665366,11.241115234224));
#4327 = VECTOR('',#4328,1.);
#4328 = DIRECTION('',(-1.172091542177E-16,-0.866025403784,-0.5));
#4329 = ORIENTED_EDGE('',*,*,#4330,.T.);
#4330 = EDGE_CURVE('',#4323,#4331,#4333,.T.);
#4331 = VERTEX_POINT('',#4332);
#4332 = CARTESIAN_POINT('',(94.919554,29.80383139159,17.607695154587));
#4333 = LINE('',#4334,#4335);
#4334 = CARTESIAN_POINT('',(94.919554,29.80383139159,14.303847577293));
#4335 = VECTOR('',#4336,1.);
#4336 = DIRECTION('',(0.,0.,-1.));
#4337 = ORIENTED_EDGE('',*,*,#4338,.T.);
#4338 = EDGE_CURVE('',#4331,#4339,#4341,.T.);
#4339 = VERTEX_POINT('',#4340);
#4340 = CARTESIAN_POINT('',(94.919554,34.999983814296,14.607695154587));
#4341 = LINE('',#4342,#4343);
#4342 = CARTESIAN_POINT('',(94.919554,12.544540691504,27.572351286303));
#4343 = VECTOR('',#4344,1.);
#4344 = DIRECTION('',(1.172091542177E-16,0.866025403784,-0.5));
#4345 = ORIENTED_EDGE('',*,*,#4346,.T.);
#4346 = EDGE_CURVE('',#4339,#4305,#4347,.T.);
#4347 = LINE('',#4348,#4349);
#4348 = CARTESIAN_POINT('',(94.919554,10.982362865013,0.741115234224));
#4349 = VECTOR('',#4350,1.);
#4350 = DIRECTION('',(1.172091542177E-16,0.866025403784,0.5));
#4351 = FACE_BOUND('',#4352,.F.);
#4352 = EDGE_LOOP('',(#4353,#4363,#4371,#4379,#4387,#4395));
#4353 = ORIENTED_EDGE('',*,*,#4354,.T.);
#4354 = EDGE_CURVE('',#4355,#4357,#4359,.T.);
#4355 = VERTEX_POINT('',#4356);
#4356 = CARTESIAN_POINT('',(94.919554,52.196136237003,17.607695154587));
#4357 = VERTEX_POINT('',#4358);
#4358 = CARTESIAN_POINT('',(94.919554,52.196136237003,23.607695154587));
#4359 = LINE('',#4360,#4361);
#4360 = CARTESIAN_POINT('',(94.919554,52.196136237003,11.303847577293));
#4361 = VECTOR('',#4362,1.);
#4362 = DIRECTION('',(0.,0.,1.));
#4363 = ORIENTED_EDGE('',*,*,#4364,.T.);
#4364 = EDGE_CURVE('',#4357,#4365,#4367,.T.);
#4365 = VERTEX_POINT('',#4366);
#4366 = CARTESIAN_POINT('',(94.919554,46.999983814296,26.607695154587));
#4367 = LINE('',#4368,#4369);
#4368 = CARTESIAN_POINT('',(94.919554,27.838769325564,37.670427497656));
#4369 = VECTOR('',#4370,1.);
#4370 = DIRECTION('',(-1.172091542177E-16,-0.866025403784,0.5));
#4371 = ORIENTED_EDGE('',*,*,#4372,.T.);
#4372 = EDGE_CURVE('',#4365,#4373,#4375,.T.);
#4373 = VERTEX_POINT('',#4374);
#4374 = CARTESIAN_POINT('',(94.919554,41.80383139159,23.607695154587));
#4375 = LINE('',#4376,#4377);
#4376 = CARTESIAN_POINT('',(94.919554,15.88428665366,8.64303902287));
#4377 = VECTOR('',#4378,1.);
#4378 = DIRECTION('',(-1.172091542177E-16,-0.866025403784,-0.5));
#4379 = ORIENTED_EDGE('',*,*,#4380,.T.);
#4380 = EDGE_CURVE('',#4373,#4381,#4383,.T.);
#4381 = VERTEX_POINT('',#4382);
#4382 = CARTESIAN_POINT('',(94.919554,41.80383139159,17.607695154587));
#4383 = LINE('',#4384,#4385);
#4384 = CARTESIAN_POINT('',(94.919554,41.80383139159,14.303847577293));
#4385 = VECTOR('',#4386,1.);
#4386 = DIRECTION('',(0.,0.,-1.));
#4387 = ORIENTED_EDGE('',*,*,#4388,.T.);
#4388 = EDGE_CURVE('',#4381,#4389,#4391,.T.);
#4389 = VERTEX_POINT('',#4390);
#4390 = CARTESIAN_POINT('',(94.919554,46.999983814296,14.607695154587));
#4391 = LINE('',#4392,#4393);
#4392 = CARTESIAN_POINT('',(94.919554,20.044540691504,30.170427497656));
#4393 = VECTOR('',#4394,1.);
#4394 = DIRECTION('',(1.172091542177E-16,0.866025403784,-0.5));
#4395 = ORIENTED_EDGE('',*,*,#4396,.T.);
#4396 = EDGE_CURVE('',#4389,#4355,#4397,.T.);
#4397 = LINE('',#4398,#4399);
#4398 = CARTESIAN_POINT('',(94.919554,18.482362865013,-1.85696097713));
#4399 = VECTOR('',#4400,1.);
#4400 = DIRECTION('',(1.172091542177E-16,0.866025403784,0.5));
#4401 = PLANE('',#4402);
#4402 = AXIS2_PLACEMENT_3D('',#4403,#4404,#4405);
#4403 = CARTESIAN_POINT('',(94.919554,-23.5,5.));
#4404 = DIRECTION('',(-1.,1.353414734781E-16,0.));
#4405 = DIRECTION('',(1.353414734781E-16,1.,0.));
#4406 = ADVANCED_FACE('',(#4407),#4466,.F.);
#4407 = FACE_BOUND('',#4408,.T.);
#4408 = EDGE_LOOP('',(#4409,#4410,#4416,#4417,#4425,#4434,#4440,#4441,
    #4442,#4443,#4451,#4460));
#4409 = ORIENTED_EDGE('',*,*,#951,.F.);
#4410 = ORIENTED_EDGE('',*,*,#4411,.T.);
#4411 = EDGE_CURVE('',#875,#1115,#4412,.T.);
#4412 = LINE('',#4413,#4414);
#4413 = CARTESIAN_POINT('',(91.319554,-26.,5.));
#4414 = VECTOR('',#4415,1.);
#4415 = DIRECTION('',(0.,0.,1.));
#4416 = ORIENTED_EDGE('',*,*,#1114,.F.);
#4417 = ORIENTED_EDGE('',*,*,#4418,.T.);
#4418 = EDGE_CURVE('',#1107,#4419,#4421,.T.);
#4419 = VERTEX_POINT('',#4420);
#4420 = CARTESIAN_POINT('',(90.119554,-24.61435935394,56.));
#4421 = LINE('',#4422,#4423);
#4422 = CARTESIAN_POINT('',(90.119554,-24.61435935394,5.));
#4423 = VECTOR('',#4424,1.);
#4424 = DIRECTION('',(-0.,-0.,-1.));
#4425 = ORIENTED_EDGE('',*,*,#4426,.F.);
#4426 = EDGE_CURVE('',#4427,#4419,#4429,.T.);
#4427 = VERTEX_POINT('',#4428);
#4428 = CARTESIAN_POINT('',(88.533913353945,-26.2,56.));
#4429 = CIRCLE('',#4430,1.4);
#4430 = AXIS2_PLACEMENT_3D('',#4431,#4432,#4433);
#4431 = CARTESIAN_POINT('',(89.919554,-26.,56.));
#4432 = DIRECTION('',(0.,0.,-1.));
#4433 = DIRECTION('',(1.,0.,0.));
#4434 = ORIENTED_EDGE('',*,*,#4435,.F.);
#4435 = EDGE_CURVE('',#1124,#4427,#4436,.T.);
#4436 = LINE('',#4437,#4438);
#4437 = CARTESIAN_POINT('',(88.533913353945,-26.2,5.));
#4438 = VECTOR('',#4439,1.);
#4439 = DIRECTION('',(-0.,-0.,-1.));
#4440 = ORIENTED_EDGE('',*,*,#1123,.F.);
#4441 = ORIENTED_EDGE('',*,*,#4411,.F.);
#4442 = ORIENTED_EDGE('',*,*,#872,.F.);
#4443 = ORIENTED_EDGE('',*,*,#4444,.F.);
#4444 = EDGE_CURVE('',#4445,#873,#4447,.T.);
#4445 = VERTEX_POINT('',#4446);
#4446 = CARTESIAN_POINT('',(88.533913353945,-26.2,8.));
#4447 = LINE('',#4448,#4449);
#4448 = CARTESIAN_POINT('',(88.533913353945,-26.2,5.));
#4449 = VECTOR('',#4450,1.);
#4450 = DIRECTION('',(-0.,-0.,-1.));
#4451 = ORIENTED_EDGE('',*,*,#4452,.T.);
#4452 = EDGE_CURVE('',#4445,#4453,#4455,.T.);
#4453 = VERTEX_POINT('',#4454);
#4454 = CARTESIAN_POINT('',(90.119554,-24.61435935394,8.));
#4455 = CIRCLE('',#4456,1.4);
#4456 = AXIS2_PLACEMENT_3D('',#4457,#4458,#4459);
#4457 = CARTESIAN_POINT('',(89.919554,-26.,8.));
#4458 = DIRECTION('',(0.,0.,-1.));
#4459 = DIRECTION('',(1.,0.,0.));
#4460 = ORIENTED_EDGE('',*,*,#4461,.T.);
#4461 = EDGE_CURVE('',#4453,#944,#4462,.T.);
#4462 = LINE('',#4463,#4464);
#4463 = CARTESIAN_POINT('',(90.119554,-24.61435935394,5.));
#4464 = VECTOR('',#4465,1.);
#4465 = DIRECTION('',(-0.,-0.,-1.));
#4466 = CYLINDRICAL_SURFACE('',#4467,1.4);
#4467 = AXIS2_PLACEMENT_3D('',#4468,#4469,#4470);
#4468 = CARTESIAN_POINT('',(89.919554,-26.,5.));
#4469 = DIRECTION('',(-0.,-0.,-1.));
#4470 = DIRECTION('',(1.,0.,0.));
#4471 = ADVANCED_FACE('',(#4472,#4538,#4588,#4638,#4688,#4738,#4788,
    #4838,#4888,#4938,#4988,#5038,#5088,#5138,#5188,#5238),#5288,.F.);
#4472 = FACE_BOUND('',#4473,.F.);
#4473 = EDGE_LOOP('',(#4474,#4475,#4483,#4491,#4499,#4507,#4513,#4514,
    #4515,#4523,#4531,#4537));
#4474 = ORIENTED_EDGE('',*,*,#943,.F.);
#4475 = ORIENTED_EDGE('',*,*,#4476,.F.);
#4476 = EDGE_CURVE('',#4477,#935,#4479,.T.);
#4477 = VERTEX_POINT('',#4478);
#4478 = CARTESIAN_POINT('',(90.119554,82.614359353945,8.));
#4479 = LINE('',#4480,#4481);
#4480 = CARTESIAN_POINT('',(90.119554,82.614359353945,5.));
#4481 = VECTOR('',#4482,1.);
#4482 = DIRECTION('',(-0.,-0.,-1.));
#4483 = ORIENTED_EDGE('',*,*,#4484,.T.);
#4484 = EDGE_CURVE('',#4477,#4485,#4487,.T.);
#4485 = VERTEX_POINT('',#4486);
#4486 = CARTESIAN_POINT('',(90.119554,81.006674090581,8.));
#4487 = LINE('',#4488,#4489);
#4488 = CARTESIAN_POINT('',(90.119554,56.6,8.));
#4489 = VECTOR('',#4490,1.);
#4490 = DIRECTION('',(0.,-1.,0.));
#4491 = ORIENTED_EDGE('',*,*,#4492,.F.);
#4492 = EDGE_CURVE('',#4493,#4485,#4495,.T.);
#4493 = VERTEX_POINT('',#4494);
#4494 = CARTESIAN_POINT('',(90.119554,81.006674090581,56.));
#4495 = LINE('',#4496,#4497);
#4496 = CARTESIAN_POINT('',(90.119554,81.006674090581,8.));
#4497 = VECTOR('',#4498,1.);
#4498 = DIRECTION('',(0.,0.,-1.));
#4499 = ORIENTED_EDGE('',*,*,#4500,.F.);
#4500 = EDGE_CURVE('',#4501,#4493,#4503,.T.);
#4501 = VERTEX_POINT('',#4502);
#4502 = CARTESIAN_POINT('',(90.119554,82.614359353944,56.));
#4503 = LINE('',#4504,#4505);
#4504 = CARTESIAN_POINT('',(90.119554,42.1,56.));
#4505 = VECTOR('',#4506,1.);
#4506 = DIRECTION('',(0.,-1.,0.));
#4507 = ORIENTED_EDGE('',*,*,#4508,.F.);
#4508 = EDGE_CURVE('',#1098,#4501,#4509,.T.);
#4509 = LINE('',#4510,#4511);
#4510 = CARTESIAN_POINT('',(90.119554,82.614359353945,5.));
#4511 = VECTOR('',#4512,1.);
#4512 = DIRECTION('',(-0.,-0.,-1.));
#4513 = ORIENTED_EDGE('',*,*,#1106,.F.);
#4514 = ORIENTED_EDGE('',*,*,#4418,.T.);
#4515 = ORIENTED_EDGE('',*,*,#4516,.F.);
#4516 = EDGE_CURVE('',#4517,#4419,#4519,.T.);
#4517 = VERTEX_POINT('',#4518);
#4518 = CARTESIAN_POINT('',(90.119554,-23.00667409058,56.));
#4519 = LINE('',#4520,#4521);
#4520 = CARTESIAN_POINT('',(90.119554,42.1,56.));
#4521 = VECTOR('',#4522,1.);
#4522 = DIRECTION('',(0.,-1.,0.));
#4523 = ORIENTED_EDGE('',*,*,#4524,.T.);
#4524 = EDGE_CURVE('',#4517,#4525,#4527,.T.);
#4525 = VERTEX_POINT('',#4526);
#4526 = CARTESIAN_POINT('',(90.119554,-23.00667409058,8.));
#4527 = LINE('',#4528,#4529);
#4528 = CARTESIAN_POINT('',(90.119554,-23.00667409058,8.));
#4529 = VECTOR('',#4530,1.);
#4530 = DIRECTION('',(0.,0.,-1.));
#4531 = ORIENTED_EDGE('',*,*,#4532,.T.);
#4532 = EDGE_CURVE('',#4525,#4453,#4533,.T.);
#4533 = LINE('',#4534,#4535);
#4534 = CARTESIAN_POINT('',(90.119554,56.6,8.));
#4535 = VECTOR('',#4536,1.);
#4536 = DIRECTION('',(0.,-1.,0.));
#4537 = ORIENTED_EDGE('',*,*,#4461,.T.);
#4538 = FACE_BOUND('',#4539,.F.);
#4539 = EDGE_LOOP('',(#4540,#4550,#4558,#4566,#4574,#4582));
#4540 = ORIENTED_EDGE('',*,*,#4541,.T.);
#4541 = EDGE_CURVE('',#4542,#4544,#4546,.T.);
#4542 = VERTEX_POINT('',#4543);
#4543 = CARTESIAN_POINT('',(90.119554,53.80383139159,44.392304845413));
#4544 = VERTEX_POINT('',#4545);
#4545 = CARTESIAN_POINT('',(90.119554,58.999983814296,47.392304845413));
#4546 = LINE('',#4547,#4548);
#4547 = CARTESIAN_POINT('',(90.119554,59.27178665366,47.549230287886));
#4548 = VECTOR('',#4549,1.);
#4549 = DIRECTION('',(0.,0.866025403784,0.5));
#4550 = ORIENTED_EDGE('',*,*,#4551,.T.);
#4551 = EDGE_CURVE('',#4544,#4552,#4554,.T.);
#4552 = VERTEX_POINT('',#4553);
#4553 = CARTESIAN_POINT('',(90.119554,64.196136237003,44.392304845413));
#4554 = LINE('',#4555,#4556);
#4555 = CARTESIAN_POINT('',(90.119554,80.226269325564,35.137303191587));
#4556 = VECTOR('',#4557,1.);
#4557 = DIRECTION('',(0.,0.866025403784,-0.5));
#4558 = ORIENTED_EDGE('',*,*,#4559,.T.);
#4559 = EDGE_CURVE('',#4552,#4560,#4562,.T.);
#4560 = VERTEX_POINT('',#4561);
#4561 = CARTESIAN_POINT('',(90.119554,64.196136237003,38.392304845413));
#4562 = LINE('',#4563,#4564);
#4563 = CARTESIAN_POINT('',(90.119554,64.196136237003,21.696152422707));
#4564 = VECTOR('',#4565,1.);
#4565 = DIRECTION('',(0.,0.,-1.));
#4566 = ORIENTED_EDGE('',*,*,#4567,.T.);
#4567 = EDGE_CURVE('',#4560,#4568,#4570,.T.);
#4568 = VERTEX_POINT('',#4569);
#4569 = CARTESIAN_POINT('',(90.119554,58.999983814296,35.392304845413));
#4570 = LINE('',#4571,#4572);
#4571 = CARTESIAN_POINT('',(90.119554,61.869862865013,37.049230287886));
#4572 = VECTOR('',#4573,1.);
#4573 = DIRECTION('',(0.,-0.866025403784,-0.5));
#4574 = ORIENTED_EDGE('',*,*,#4575,.T.);
#4575 = EDGE_CURVE('',#4568,#4576,#4578,.T.);
#4576 = VERTEX_POINT('',#4577);
#4577 = CARTESIAN_POINT('',(90.119554,53.803831391589,38.392304845413));
#4578 = LINE('',#4579,#4580);
#4579 = CARTESIAN_POINT('',(90.119554,72.432040691504,27.637303191587));
#4580 = VECTOR('',#4581,1.);
#4581 = DIRECTION('',(0.,-0.866025403784,0.5));
#4582 = ORIENTED_EDGE('',*,*,#4583,.T.);
#4583 = EDGE_CURVE('',#4576,#4542,#4584,.T.);
#4584 = LINE('',#4585,#4586);
#4585 = CARTESIAN_POINT('',(90.119554,53.803831391589,24.696152422707));
#4586 = VECTOR('',#4587,1.);
#4587 = DIRECTION('',(0.,1.184237892934E-15,1.));
#4588 = FACE_BOUND('',#4589,.F.);
#4589 = EDGE_LOOP('',(#4590,#4600,#4608,#4616,#4624,#4632));
#4590 = ORIENTED_EDGE('',*,*,#4591,.T.);
#4591 = EDGE_CURVE('',#4592,#4594,#4596,.T.);
#4592 = VERTEX_POINT('',#4593);
#4593 = CARTESIAN_POINT('',(90.119554,41.80383139159,44.392304845413));
#4594 = VERTEX_POINT('',#4595);
#4595 = CARTESIAN_POINT('',(90.119554,46.999983814296,47.392304845413));
#4596 = LINE('',#4597,#4598);
#4597 = CARTESIAN_POINT('',(90.119554,51.77178665366,50.14730649924));
#4598 = VECTOR('',#4599,1.);
#4599 = DIRECTION('',(0.,0.866025403784,0.5));
#4600 = ORIENTED_EDGE('',*,*,#4601,.T.);
#4601 = EDGE_CURVE('',#4594,#4602,#4604,.T.);
#4602 = VERTEX_POINT('',#4603);
#4603 = CARTESIAN_POINT('',(90.119554,52.196136237003,44.392304845413));
#4604 = LINE('',#4605,#4606);
#4605 = CARTESIAN_POINT('',(90.119554,72.726269325564,32.539226980234));
#4606 = VECTOR('',#4607,1.);
#4607 = DIRECTION('',(0.,0.866025403784,-0.5));
#4608 = ORIENTED_EDGE('',*,*,#4609,.T.);
#4609 = EDGE_CURVE('',#4602,#4610,#4612,.T.);
#4610 = VERTEX_POINT('',#4611);
#4611 = CARTESIAN_POINT('',(90.119554,52.196136237003,38.392304845413));
#4612 = LINE('',#4613,#4614);
#4613 = CARTESIAN_POINT('',(90.119554,52.196136237003,21.696152422707));
#4614 = VECTOR('',#4615,1.);
#4615 = DIRECTION('',(0.,0.,-1.));
#4616 = ORIENTED_EDGE('',*,*,#4617,.T.);
#4617 = EDGE_CURVE('',#4610,#4618,#4620,.T.);
#4618 = VERTEX_POINT('',#4619);
#4619 = CARTESIAN_POINT('',(90.119554,46.999983814296,35.392304845413));
#4620 = LINE('',#4621,#4622);
#4621 = CARTESIAN_POINT('',(90.119554,54.369862865013,39.64730649924));
#4622 = VECTOR('',#4623,1.);
#4623 = DIRECTION('',(0.,-0.866025403784,-0.5));
#4624 = ORIENTED_EDGE('',*,*,#4625,.T.);
#4625 = EDGE_CURVE('',#4618,#4626,#4628,.T.);
#4626 = VERTEX_POINT('',#4627);
#4627 = CARTESIAN_POINT('',(90.119554,41.80383139159,38.392304845413));
#4628 = LINE('',#4629,#4630);
#4629 = CARTESIAN_POINT('',(90.119554,64.932040691504,25.039226980234));
#4630 = VECTOR('',#4631,1.);
#4631 = DIRECTION('',(0.,-0.866025403784,0.5));
#4632 = ORIENTED_EDGE('',*,*,#4633,.T.);
#4633 = EDGE_CURVE('',#4626,#4592,#4634,.T.);
#4634 = LINE('',#4635,#4636);
#4635 = CARTESIAN_POINT('',(90.119554,41.80383139159,24.696152422707));
#4636 = VECTOR('',#4637,1.);
#4637 = DIRECTION('',(0.,0.,1.));
#4638 = FACE_BOUND('',#4639,.F.);
#4639 = EDGE_LOOP('',(#4640,#4650,#4658,#4666,#4674,#4682));
#4640 = ORIENTED_EDGE('',*,*,#4641,.T.);
#4641 = EDGE_CURVE('',#4642,#4644,#4646,.T.);
#4642 = VERTEX_POINT('',#4643);
#4643 = CARTESIAN_POINT('',(90.119554,29.80383139159,44.392304845413));
#4644 = VERTEX_POINT('',#4645);
#4645 = CARTESIAN_POINT('',(90.119554,34.999983814296,47.392304845413));
#4646 = LINE('',#4647,#4648);
#4647 = CARTESIAN_POINT('',(90.119554,44.27178665366,52.745382710593));
#4648 = VECTOR('',#4649,1.);
#4649 = DIRECTION('',(0.,0.866025403784,0.5));
#4650 = ORIENTED_EDGE('',*,*,#4651,.T.);
#4651 = EDGE_CURVE('',#4644,#4652,#4654,.T.);
#4652 = VERTEX_POINT('',#4653);
#4653 = CARTESIAN_POINT('',(90.119554,40.196136237003,44.392304845413));
#4654 = LINE('',#4655,#4656);
#4655 = CARTESIAN_POINT('',(90.119554,65.226269325564,29.94115076888));
#4656 = VECTOR('',#4657,1.);
#4657 = DIRECTION('',(0.,0.866025403784,-0.5));
#4658 = ORIENTED_EDGE('',*,*,#4659,.T.);
#4659 = EDGE_CURVE('',#4652,#4660,#4662,.T.);
#4660 = VERTEX_POINT('',#4661);
#4661 = CARTESIAN_POINT('',(90.119554,40.196136237003,38.392304845413));
#4662 = LINE('',#4663,#4664);
#4663 = CARTESIAN_POINT('',(90.119554,40.196136237003,21.696152422707));
#4664 = VECTOR('',#4665,1.);
#4665 = DIRECTION('',(0.,0.,-1.));
#4666 = ORIENTED_EDGE('',*,*,#4667,.T.);
#4667 = EDGE_CURVE('',#4660,#4668,#4670,.T.);
#4668 = VERTEX_POINT('',#4669);
#4669 = CARTESIAN_POINT('',(90.119554,34.999983814296,35.392304845413));
#4670 = LINE('',#4671,#4672);
#4671 = CARTESIAN_POINT('',(90.119554,46.869862865013,42.245382710593));
#4672 = VECTOR('',#4673,1.);
#4673 = DIRECTION('',(0.,-0.866025403784,-0.5));
#4674 = ORIENTED_EDGE('',*,*,#4675,.T.);
#4675 = EDGE_CURVE('',#4668,#4676,#4678,.T.);
#4676 = VERTEX_POINT('',#4677);
#4677 = CARTESIAN_POINT('',(90.119554,29.80383139159,38.392304845413));
#4678 = LINE('',#4679,#4680);
#4679 = CARTESIAN_POINT('',(90.119554,57.432040691504,22.44115076888));
#4680 = VECTOR('',#4681,1.);
#4681 = DIRECTION('',(0.,-0.866025403784,0.5));
#4682 = ORIENTED_EDGE('',*,*,#4683,.T.);
#4683 = EDGE_CURVE('',#4676,#4642,#4684,.T.);
#4684 = LINE('',#4685,#4686);
#4685 = CARTESIAN_POINT('',(90.119554,29.80383139159,24.696152422707));
#4686 = VECTOR('',#4687,1.);
#4687 = DIRECTION('',(0.,0.,1.));
#4688 = FACE_BOUND('',#4689,.F.);
#4689 = EDGE_LOOP('',(#4690,#4700,#4708,#4716,#4724,#4732));
#4690 = ORIENTED_EDGE('',*,*,#4691,.T.);
#4691 = EDGE_CURVE('',#4692,#4694,#4696,.T.);
#4692 = VERTEX_POINT('',#4693);
#4693 = CARTESIAN_POINT('',(90.119554,17.80383139159,44.392304845413));
#4694 = VERTEX_POINT('',#4695);
#4695 = CARTESIAN_POINT('',(90.119554,22.999983814296,47.392304845413));
#4696 = LINE('',#4697,#4698);
#4697 = CARTESIAN_POINT('',(90.119554,36.77178665366,55.343458921946));
#4698 = VECTOR('',#4699,1.);
#4699 = DIRECTION('',(0.,0.866025403784,0.5));
#4700 = ORIENTED_EDGE('',*,*,#4701,.T.);
#4701 = EDGE_CURVE('',#4694,#4702,#4704,.T.);
#4702 = VERTEX_POINT('',#4703);
#4703 = CARTESIAN_POINT('',(90.119554,28.196136237003,44.392304845413));
#4704 = LINE('',#4705,#4706);
#4705 = CARTESIAN_POINT('',(90.119554,57.726269325564,27.343074557527));
#4706 = VECTOR('',#4707,1.);
#4707 = DIRECTION('',(0.,0.866025403784,-0.5));
#4708 = ORIENTED_EDGE('',*,*,#4709,.T.);
#4709 = EDGE_CURVE('',#4702,#4710,#4712,.T.);
#4710 = VERTEX_POINT('',#4711);
#4711 = CARTESIAN_POINT('',(90.119554,28.196136237003,38.392304845413));
#4712 = LINE('',#4713,#4714);
#4713 = CARTESIAN_POINT('',(90.119554,28.196136237003,21.696152422707));
#4714 = VECTOR('',#4715,1.);
#4715 = DIRECTION('',(0.,0.,-1.));
#4716 = ORIENTED_EDGE('',*,*,#4717,.T.);
#4717 = EDGE_CURVE('',#4710,#4718,#4720,.T.);
#4718 = VERTEX_POINT('',#4719);
#4719 = CARTESIAN_POINT('',(90.119554,22.999983814296,35.392304845413));
#4720 = LINE('',#4721,#4722);
#4721 = CARTESIAN_POINT('',(90.119554,39.369862865013,44.843458921946));
#4722 = VECTOR('',#4723,1.);
#4723 = DIRECTION('',(0.,-0.866025403784,-0.5));
#4724 = ORIENTED_EDGE('',*,*,#4725,.T.);
#4725 = EDGE_CURVE('',#4718,#4726,#4728,.T.);
#4726 = VERTEX_POINT('',#4727);
#4727 = CARTESIAN_POINT('',(90.119554,17.80383139159,38.392304845413));
#4728 = LINE('',#4729,#4730);
#4729 = CARTESIAN_POINT('',(90.119554,49.932040691504,19.843074557527));
#4730 = VECTOR('',#4731,1.);
#4731 = DIRECTION('',(0.,-0.866025403784,0.5));
#4732 = ORIENTED_EDGE('',*,*,#4733,.T.);
#4733 = EDGE_CURVE('',#4726,#4692,#4734,.T.);
#4734 = LINE('',#4735,#4736);
#4735 = CARTESIAN_POINT('',(90.119554,17.80383139159,24.696152422707));
#4736 = VECTOR('',#4737,1.);
#4737 = DIRECTION('',(0.,0.,1.));
#4738 = FACE_BOUND('',#4739,.F.);
#4739 = EDGE_LOOP('',(#4740,#4750,#4758,#4766,#4774,#4782));
#4740 = ORIENTED_EDGE('',*,*,#4741,.T.);
#4741 = EDGE_CURVE('',#4742,#4744,#4746,.T.);
#4742 = VERTEX_POINT('',#4743);
#4743 = CARTESIAN_POINT('',(90.119554,5.80383139159,44.392304845413));
#4744 = VERTEX_POINT('',#4745);
#4745 = CARTESIAN_POINT('',(90.119554,10.999983814296,47.392304845413));
#4746 = LINE('',#4747,#4748);
#4747 = CARTESIAN_POINT('',(90.119554,29.27178665366,57.9415351333));
#4748 = VECTOR('',#4749,1.);
#4749 = DIRECTION('',(0.,0.866025403784,0.5));
#4750 = ORIENTED_EDGE('',*,*,#4751,.T.);
#4751 = EDGE_CURVE('',#4744,#4752,#4754,.T.);
#4752 = VERTEX_POINT('',#4753);
#4753 = CARTESIAN_POINT('',(90.119554,16.196136237003,44.392304845413));
#4754 = LINE('',#4755,#4756);
#4755 = CARTESIAN_POINT('',(90.119554,50.226269325564,24.744998346174));
#4756 = VECTOR('',#4757,1.);
#4757 = DIRECTION('',(0.,0.866025403784,-0.5));
#4758 = ORIENTED_EDGE('',*,*,#4759,.T.);
#4759 = EDGE_CURVE('',#4752,#4760,#4762,.T.);
#4760 = VERTEX_POINT('',#4761);
#4761 = CARTESIAN_POINT('',(90.119554,16.196136237003,38.392304845413));
#4762 = LINE('',#4763,#4764);
#4763 = CARTESIAN_POINT('',(90.119554,16.196136237003,21.696152422707));
#4764 = VECTOR('',#4765,1.);
#4765 = DIRECTION('',(0.,0.,-1.));
#4766 = ORIENTED_EDGE('',*,*,#4767,.T.);
#4767 = EDGE_CURVE('',#4760,#4768,#4770,.T.);
#4768 = VERTEX_POINT('',#4769);
#4769 = CARTESIAN_POINT('',(90.119554,10.999983814296,35.392304845413));
#4770 = LINE('',#4771,#4772);
#4771 = CARTESIAN_POINT('',(90.119554,31.869862865013,47.4415351333));
#4772 = VECTOR('',#4773,1.);
#4773 = DIRECTION('',(0.,-0.866025403784,-0.5));
#4774 = ORIENTED_EDGE('',*,*,#4775,.T.);
#4775 = EDGE_CURVE('',#4768,#4776,#4778,.T.);
#4776 = VERTEX_POINT('',#4777);
#4777 = CARTESIAN_POINT('',(90.119554,5.80383139159,38.392304845413));
#4778 = LINE('',#4779,#4780);
#4779 = CARTESIAN_POINT('',(90.119554,42.432040691504,17.244998346174));
#4780 = VECTOR('',#4781,1.);
#4781 = DIRECTION('',(0.,-0.866025403784,0.5));
#4782 = ORIENTED_EDGE('',*,*,#4783,.T.);
#4783 = EDGE_CURVE('',#4776,#4742,#4784,.T.);
#4784 = LINE('',#4785,#4786);
#4785 = CARTESIAN_POINT('',(90.119554,5.80383139159,24.696152422707));
#4786 = VECTOR('',#4787,1.);
#4787 = DIRECTION('',(0.,0.,1.));
#4788 = FACE_BOUND('',#4789,.F.);
#4789 = EDGE_LOOP('',(#4790,#4800,#4808,#4816,#4824,#4832));
#4790 = ORIENTED_EDGE('',*,*,#4791,.T.);
#4791 = EDGE_CURVE('',#4792,#4794,#4796,.T.);
#4792 = VERTEX_POINT('',#4793);
#4793 = CARTESIAN_POINT('',(90.119554,-6.19616860841,44.392304845413));
#4794 = VERTEX_POINT('',#4795);
#4795 = CARTESIAN_POINT('',(90.119554,-1.000016185704,47.392304845413));
#4796 = LINE('',#4797,#4798);
#4797 = CARTESIAN_POINT('',(90.119554,21.77178665366,60.539611344653));
#4798 = VECTOR('',#4799,1.);
#4799 = DIRECTION('',(0.,0.866025403784,0.5));
#4800 = ORIENTED_EDGE('',*,*,#4801,.T.);
#4801 = EDGE_CURVE('',#4794,#4802,#4804,.T.);
#4802 = VERTEX_POINT('',#4803);
#4803 = CARTESIAN_POINT('',(90.119554,4.196136237003,44.392304845413));
#4804 = LINE('',#4805,#4806);
#4805 = CARTESIAN_POINT('',(90.119554,42.726269325564,22.14692213482));
#4806 = VECTOR('',#4807,1.);
#4807 = DIRECTION('',(0.,0.866025403784,-0.5));
#4808 = ORIENTED_EDGE('',*,*,#4809,.T.);
#4809 = EDGE_CURVE('',#4802,#4810,#4812,.T.);
#4810 = VERTEX_POINT('',#4811);
#4811 = CARTESIAN_POINT('',(90.119554,4.196136237003,38.392304845413));
#4812 = LINE('',#4813,#4814);
#4813 = CARTESIAN_POINT('',(90.119554,4.196136237003,21.696152422707));
#4814 = VECTOR('',#4815,1.);
#4815 = DIRECTION('',(0.,2.960594732334E-16,-1.));
#4816 = ORIENTED_EDGE('',*,*,#4817,.T.);
#4817 = EDGE_CURVE('',#4810,#4818,#4820,.T.);
#4818 = VERTEX_POINT('',#4819);
#4819 = CARTESIAN_POINT('',(90.119554,-1.000016185704,35.392304845413));
#4820 = LINE('',#4821,#4822);
#4821 = CARTESIAN_POINT('',(90.119554,24.369862865013,50.039611344653));
#4822 = VECTOR('',#4823,1.);
#4823 = DIRECTION('',(0.,-0.866025403784,-0.5));
#4824 = ORIENTED_EDGE('',*,*,#4825,.T.);
#4825 = EDGE_CURVE('',#4818,#4826,#4828,.T.);
#4826 = VERTEX_POINT('',#4827);
#4827 = CARTESIAN_POINT('',(90.119554,-6.19616860841,38.392304845413));
#4828 = LINE('',#4829,#4830);
#4829 = CARTESIAN_POINT('',(90.119554,34.932040691504,14.64692213482));
#4830 = VECTOR('',#4831,1.);
#4831 = DIRECTION('',(0.,-0.866025403784,0.5));
#4832 = ORIENTED_EDGE('',*,*,#4833,.T.);
#4833 = EDGE_CURVE('',#4826,#4792,#4834,.T.);
#4834 = LINE('',#4835,#4836);
#4835 = CARTESIAN_POINT('',(90.119554,-6.19616860841,24.696152422707));
#4836 = VECTOR('',#4837,1.);
#4837 = DIRECTION('',(0.,-2.960594732334E-16,1.));
#4838 = FACE_BOUND('',#4839,.F.);
#4839 = EDGE_LOOP('',(#4840,#4850,#4858,#4866,#4874,#4882));
#4840 = ORIENTED_EDGE('',*,*,#4841,.T.);
#4841 = EDGE_CURVE('',#4842,#4844,#4846,.T.);
#4842 = VERTEX_POINT('',#4843);
#4843 = CARTESIAN_POINT('',(90.119554,47.80383139159,34.));
#4844 = VERTEX_POINT('',#4845);
#4845 = CARTESIAN_POINT('',(90.119554,52.999983814296,37.));
#4846 = LINE('',#4847,#4848);
#4847 = CARTESIAN_POINT('',(90.119554,57.77178665366,39.755001653826));
#4848 = VECTOR('',#4849,1.);
#4849 = DIRECTION('',(0.,0.866025403784,0.5));
#4850 = ORIENTED_EDGE('',*,*,#4851,.T.);
#4851 = EDGE_CURVE('',#4844,#4852,#4854,.T.);
#4852 = VERTEX_POINT('',#4853);
#4853 = CARTESIAN_POINT('',(90.119554,58.196136237003,34.));
#4854 = LINE('',#4855,#4856);
#4855 = CARTESIAN_POINT('',(90.119554,74.226269325564,24.744998346174));
#4856 = VECTOR('',#4857,1.);
#4857 = DIRECTION('',(0.,0.866025403784,-0.5));
#4858 = ORIENTED_EDGE('',*,*,#4859,.T.);
#4859 = EDGE_CURVE('',#4852,#4860,#4862,.T.);
#4860 = VERTEX_POINT('',#4861);
#4861 = CARTESIAN_POINT('',(90.119554,58.196136237003,28.));
#4862 = LINE('',#4863,#4864);
#4863 = CARTESIAN_POINT('',(90.119554,58.196136237003,16.5));
#4864 = VECTOR('',#4865,1.);
#4865 = DIRECTION('',(0.,0.,-1.));
#4866 = ORIENTED_EDGE('',*,*,#4867,.T.);
#4867 = EDGE_CURVE('',#4860,#4868,#4870,.T.);
#4868 = VERTEX_POINT('',#4869);
#4869 = CARTESIAN_POINT('',(90.119554,52.999983814296,25.));
#4870 = LINE('',#4871,#4872);
#4871 = CARTESIAN_POINT('',(90.119554,60.369862865013,29.255001653826));
#4872 = VECTOR('',#4873,1.);
#4873 = DIRECTION('',(0.,-0.866025403784,-0.5));
#4874 = ORIENTED_EDGE('',*,*,#4875,.T.);
#4875 = EDGE_CURVE('',#4868,#4876,#4878,.T.);
#4876 = VERTEX_POINT('',#4877);
#4877 = CARTESIAN_POINT('',(90.119554,47.80383139159,28.));
#4878 = LINE('',#4879,#4880);
#4879 = CARTESIAN_POINT('',(90.119554,66.432040691504,17.244998346174));
#4880 = VECTOR('',#4881,1.);
#4881 = DIRECTION('',(0.,-0.866025403784,0.5));
#4882 = ORIENTED_EDGE('',*,*,#4883,.T.);
#4883 = EDGE_CURVE('',#4876,#4842,#4884,.T.);
#4884 = LINE('',#4885,#4886);
#4885 = CARTESIAN_POINT('',(90.119554,47.80383139159,19.5));
#4886 = VECTOR('',#4887,1.);
#4887 = DIRECTION('',(0.,0.,1.));
#4888 = FACE_BOUND('',#4889,.F.);
#4889 = EDGE_LOOP('',(#4890,#4900,#4908,#4916,#4924,#4932));
#4890 = ORIENTED_EDGE('',*,*,#4891,.T.);
#4891 = EDGE_CURVE('',#4892,#4894,#4896,.T.);
#4892 = VERTEX_POINT('',#4893);
#4893 = CARTESIAN_POINT('',(90.119554,35.80383139159,34.));
#4894 = VERTEX_POINT('',#4895);
#4895 = CARTESIAN_POINT('',(90.119554,40.999983814296,37.));
#4896 = LINE('',#4897,#4898);
#4897 = CARTESIAN_POINT('',(90.119554,50.27178665366,42.35307786518));
#4898 = VECTOR('',#4899,1.);
#4899 = DIRECTION('',(0.,0.866025403784,0.5));
#4900 = ORIENTED_EDGE('',*,*,#4901,.T.);
#4901 = EDGE_CURVE('',#4894,#4902,#4904,.T.);
#4902 = VERTEX_POINT('',#4903);
#4903 = CARTESIAN_POINT('',(90.119554,46.196136237003,34.));
#4904 = LINE('',#4905,#4906);
#4905 = CARTESIAN_POINT('',(90.119554,66.726269325564,22.14692213482));
#4906 = VECTOR('',#4907,1.);
#4907 = DIRECTION('',(0.,0.866025403784,-0.5));
#4908 = ORIENTED_EDGE('',*,*,#4909,.T.);
#4909 = EDGE_CURVE('',#4902,#4910,#4912,.T.);
#4910 = VERTEX_POINT('',#4911);
#4911 = CARTESIAN_POINT('',(90.119554,46.196136237003,28.));
#4912 = LINE('',#4913,#4914);
#4913 = CARTESIAN_POINT('',(90.119554,46.196136237003,16.5));
#4914 = VECTOR('',#4915,1.);
#4915 = DIRECTION('',(0.,0.,-1.));
#4916 = ORIENTED_EDGE('',*,*,#4917,.T.);
#4917 = EDGE_CURVE('',#4910,#4918,#4920,.T.);
#4918 = VERTEX_POINT('',#4919);
#4919 = CARTESIAN_POINT('',(90.119554,40.999983814296,25.));
#4920 = LINE('',#4921,#4922);
#4921 = CARTESIAN_POINT('',(90.119554,52.869862865013,31.85307786518));
#4922 = VECTOR('',#4923,1.);
#4923 = DIRECTION('',(0.,-0.866025403784,-0.5));
#4924 = ORIENTED_EDGE('',*,*,#4925,.T.);
#4925 = EDGE_CURVE('',#4918,#4926,#4928,.T.);
#4926 = VERTEX_POINT('',#4927);
#4927 = CARTESIAN_POINT('',(90.119554,35.80383139159,28.));
#4928 = LINE('',#4929,#4930);
#4929 = CARTESIAN_POINT('',(90.119554,58.932040691504,14.64692213482));
#4930 = VECTOR('',#4931,1.);
#4931 = DIRECTION('',(0.,-0.866025403784,0.5));
#4932 = ORIENTED_EDGE('',*,*,#4933,.T.);
#4933 = EDGE_CURVE('',#4926,#4892,#4934,.T.);
#4934 = LINE('',#4935,#4936);
#4935 = CARTESIAN_POINT('',(90.119554,35.80383139159,19.5));
#4936 = VECTOR('',#4937,1.);
#4937 = DIRECTION('',(0.,0.,1.));
#4938 = FACE_BOUND('',#4939,.F.);
#4939 = EDGE_LOOP('',(#4940,#4950,#4958,#4966,#4974,#4982));
#4940 = ORIENTED_EDGE('',*,*,#4941,.T.);
#4941 = EDGE_CURVE('',#4942,#4944,#4946,.T.);
#4942 = VERTEX_POINT('',#4943);
#4943 = CARTESIAN_POINT('',(90.119554,41.80383139159,23.607695154587));
#4944 = VERTEX_POINT('',#4945);
#4945 = CARTESIAN_POINT('',(90.119554,46.999983814296,26.607695154587));
#4946 = LINE('',#4947,#4948);
#4947 = CARTESIAN_POINT('',(90.119554,56.27178665366,31.960773019766));
#4948 = VECTOR('',#4949,1.);
#4949 = DIRECTION('',(0.,0.866025403784,0.5));
#4950 = ORIENTED_EDGE('',*,*,#4951,.T.);
#4951 = EDGE_CURVE('',#4944,#4952,#4954,.T.);
#4952 = VERTEX_POINT('',#4953);
#4953 = CARTESIAN_POINT('',(90.119554,52.196136237003,23.607695154587));
#4954 = LINE('',#4955,#4956);
#4955 = CARTESIAN_POINT('',(90.119554,68.226269325564,14.35269350076));
#4956 = VECTOR('',#4957,1.);
#4957 = DIRECTION('',(0.,0.866025403784,-0.5));
#4958 = ORIENTED_EDGE('',*,*,#4959,.T.);
#4959 = EDGE_CURVE('',#4952,#4960,#4962,.T.);
#4960 = VERTEX_POINT('',#4961);
#4961 = CARTESIAN_POINT('',(90.119554,52.196136237003,17.607695154587));
#4962 = LINE('',#4963,#4964);
#4963 = CARTESIAN_POINT('',(90.119554,52.196136237003,11.303847577293));
#4964 = VECTOR('',#4965,1.);
#4965 = DIRECTION('',(0.,0.,-1.));
#4966 = ORIENTED_EDGE('',*,*,#4967,.T.);
#4967 = EDGE_CURVE('',#4960,#4968,#4970,.T.);
#4968 = VERTEX_POINT('',#4969);
#4969 = CARTESIAN_POINT('',(90.119554,46.999983814296,14.607695154587));
#4970 = LINE('',#4971,#4972);
#4971 = CARTESIAN_POINT('',(90.119554,58.869862865013,21.460773019766));
#4972 = VECTOR('',#4973,1.);
#4973 = DIRECTION('',(0.,-0.866025403784,-0.5));
#4974 = ORIENTED_EDGE('',*,*,#4975,.T.);
#4975 = EDGE_CURVE('',#4968,#4976,#4978,.T.);
#4976 = VERTEX_POINT('',#4977);
#4977 = CARTESIAN_POINT('',(90.119554,41.80383139159,17.607695154587));
#4978 = LINE('',#4979,#4980);
#4979 = CARTESIAN_POINT('',(90.119554,60.432040691504,6.85269350076));
#4980 = VECTOR('',#4981,1.);
#4981 = DIRECTION('',(0.,-0.866025403784,0.5));
#4982 = ORIENTED_EDGE('',*,*,#4983,.T.);
#4983 = EDGE_CURVE('',#4976,#4942,#4984,.T.);
#4984 = LINE('',#4985,#4986);
#4985 = CARTESIAN_POINT('',(90.119554,41.80383139159,14.303847577293));
#4986 = VECTOR('',#4987,1.);
#4987 = DIRECTION('',(0.,0.,1.));
#4988 = FACE_BOUND('',#4989,.F.);
#4989 = EDGE_LOOP('',(#4990,#5000,#5008,#5016,#5024,#5032));
#4990 = ORIENTED_EDGE('',*,*,#4991,.T.);
#4991 = EDGE_CURVE('',#4992,#4994,#4996,.T.);
#4992 = VERTEX_POINT('',#4993);
#4993 = CARTESIAN_POINT('',(90.119554,29.80383139159,23.607695154587));
#4994 = VERTEX_POINT('',#4995);
#4995 = CARTESIAN_POINT('',(90.119554,34.999983814296,26.607695154587));
#4996 = LINE('',#4997,#4998);
#4997 = CARTESIAN_POINT('',(90.119554,48.77178665366,34.55884923112));
#4998 = VECTOR('',#4999,1.);
#4999 = DIRECTION('',(0.,0.866025403784,0.5));
#5000 = ORIENTED_EDGE('',*,*,#5001,.T.);
#5001 = EDGE_CURVE('',#4994,#5002,#5004,.T.);
#5002 = VERTEX_POINT('',#5003);
#5003 = CARTESIAN_POINT('',(90.119554,40.196136237003,23.607695154587));
#5004 = LINE('',#5005,#5006);
#5005 = CARTESIAN_POINT('',(90.119554,60.726269325564,11.754617289407));
#5006 = VECTOR('',#5007,1.);
#5007 = DIRECTION('',(0.,0.866025403784,-0.5));
#5008 = ORIENTED_EDGE('',*,*,#5009,.T.);
#5009 = EDGE_CURVE('',#5002,#5010,#5012,.T.);
#5010 = VERTEX_POINT('',#5011);
#5011 = CARTESIAN_POINT('',(90.119554,40.196136237003,17.607695154587));
#5012 = LINE('',#5013,#5014);
#5013 = CARTESIAN_POINT('',(90.119554,40.196136237003,11.303847577293));
#5014 = VECTOR('',#5015,1.);
#5015 = DIRECTION('',(0.,0.,-1.));
#5016 = ORIENTED_EDGE('',*,*,#5017,.T.);
#5017 = EDGE_CURVE('',#5010,#5018,#5020,.T.);
#5018 = VERTEX_POINT('',#5019);
#5019 = CARTESIAN_POINT('',(90.119554,34.999983814296,14.607695154587));
#5020 = LINE('',#5021,#5022);
#5021 = CARTESIAN_POINT('',(90.119554,51.369862865013,24.05884923112));
#5022 = VECTOR('',#5023,1.);
#5023 = DIRECTION('',(0.,-0.866025403784,-0.5));
#5024 = ORIENTED_EDGE('',*,*,#5025,.T.);
#5025 = EDGE_CURVE('',#5018,#5026,#5028,.T.);
#5026 = VERTEX_POINT('',#5027);
#5027 = CARTESIAN_POINT('',(90.119554,29.80383139159,17.607695154587));
#5028 = LINE('',#5029,#5030);
#5029 = CARTESIAN_POINT('',(90.119554,52.932040691504,4.254617289407));
#5030 = VECTOR('',#5031,1.);
#5031 = DIRECTION('',(0.,-0.866025403784,0.5));
#5032 = ORIENTED_EDGE('',*,*,#5033,.T.);
#5033 = EDGE_CURVE('',#5026,#4992,#5034,.T.);
#5034 = LINE('',#5035,#5036);
#5035 = CARTESIAN_POINT('',(90.119554,29.80383139159,14.303847577293));
#5036 = VECTOR('',#5037,1.);
#5037 = DIRECTION('',(0.,0.,1.));
#5038 = FACE_BOUND('',#5039,.F.);
#5039 = EDGE_LOOP('',(#5040,#5050,#5058,#5066,#5074,#5082));
#5040 = ORIENTED_EDGE('',*,*,#5041,.T.);
#5041 = EDGE_CURVE('',#5042,#5044,#5046,.T.);
#5042 = VERTEX_POINT('',#5043);
#5043 = CARTESIAN_POINT('',(90.119554,23.80383139159,34.));
#5044 = VERTEX_POINT('',#5045);
#5045 = CARTESIAN_POINT('',(90.119554,28.999983814296,37.));
#5046 = LINE('',#5047,#5048);
#5047 = CARTESIAN_POINT('',(90.119554,42.77178665366,44.951154076533));
#5048 = VECTOR('',#5049,1.);
#5049 = DIRECTION('',(0.,0.866025403784,0.5));
#5050 = ORIENTED_EDGE('',*,*,#5051,.T.);
#5051 = EDGE_CURVE('',#5044,#5052,#5054,.T.);
#5052 = VERTEX_POINT('',#5053);
#5053 = CARTESIAN_POINT('',(90.119554,34.196136237003,34.));
#5054 = LINE('',#5055,#5056);
#5055 = CARTESIAN_POINT('',(90.119554,59.226269325564,19.548845923467));
#5056 = VECTOR('',#5057,1.);
#5057 = DIRECTION('',(0.,0.866025403784,-0.5));
#5058 = ORIENTED_EDGE('',*,*,#5059,.T.);
#5059 = EDGE_CURVE('',#5052,#5060,#5062,.T.);
#5060 = VERTEX_POINT('',#5061);
#5061 = CARTESIAN_POINT('',(90.119554,34.196136237003,28.));
#5062 = LINE('',#5063,#5064);
#5063 = CARTESIAN_POINT('',(90.119554,34.196136237003,16.5));
#5064 = VECTOR('',#5065,1.);
#5065 = DIRECTION('',(0.,0.,-1.));
#5066 = ORIENTED_EDGE('',*,*,#5067,.T.);
#5067 = EDGE_CURVE('',#5060,#5068,#5070,.T.);
#5068 = VERTEX_POINT('',#5069);
#5069 = CARTESIAN_POINT('',(90.119554,28.999983814296,25.));
#5070 = LINE('',#5071,#5072);
#5071 = CARTESIAN_POINT('',(90.119554,45.369862865013,34.451154076533));
#5072 = VECTOR('',#5073,1.);
#5073 = DIRECTION('',(0.,-0.866025403784,-0.5));
#5074 = ORIENTED_EDGE('',*,*,#5075,.T.);
#5075 = EDGE_CURVE('',#5068,#5076,#5078,.T.);
#5076 = VERTEX_POINT('',#5077);
#5077 = CARTESIAN_POINT('',(90.119554,23.80383139159,28.));
#5078 = LINE('',#5079,#5080);
#5079 = CARTESIAN_POINT('',(90.119554,51.432040691504,12.048845923467));
#5080 = VECTOR('',#5081,1.);
#5081 = DIRECTION('',(0.,-0.866025403784,0.5));
#5082 = ORIENTED_EDGE('',*,*,#5083,.T.);
#5083 = EDGE_CURVE('',#5076,#5042,#5084,.T.);
#5084 = LINE('',#5085,#5086);
#5085 = CARTESIAN_POINT('',(90.119554,23.80383139159,19.5));
#5086 = VECTOR('',#5087,1.);
#5087 = DIRECTION('',(0.,0.,1.));
#5088 = FACE_BOUND('',#5089,.F.);
#5089 = EDGE_LOOP('',(#5090,#5100,#5108,#5116,#5124,#5132));
#5090 = ORIENTED_EDGE('',*,*,#5091,.T.);
#5091 = EDGE_CURVE('',#5092,#5094,#5096,.T.);
#5092 = VERTEX_POINT('',#5093);
#5093 = CARTESIAN_POINT('',(90.119554,11.80383139159,34.));
#5094 = VERTEX_POINT('',#5095);
#5095 = CARTESIAN_POINT('',(90.119554,16.999983814296,37.));
#5096 = LINE('',#5097,#5098);
#5097 = CARTESIAN_POINT('',(90.119554,35.27178665366,47.549230287886));
#5098 = VECTOR('',#5099,1.);
#5099 = DIRECTION('',(0.,0.866025403784,0.5));
#5100 = ORIENTED_EDGE('',*,*,#5101,.T.);
#5101 = EDGE_CURVE('',#5094,#5102,#5104,.T.);
#5102 = VERTEX_POINT('',#5103);
#5103 = CARTESIAN_POINT('',(90.119554,22.196136237003,34.));
#5104 = LINE('',#5105,#5106);
#5105 = CARTESIAN_POINT('',(90.119554,51.726269325564,16.950769712114));
#5106 = VECTOR('',#5107,1.);
#5107 = DIRECTION('',(0.,0.866025403784,-0.5));
#5108 = ORIENTED_EDGE('',*,*,#5109,.T.);
#5109 = EDGE_CURVE('',#5102,#5110,#5112,.T.);
#5110 = VERTEX_POINT('',#5111);
#5111 = CARTESIAN_POINT('',(90.119554,22.196136237003,28.));
#5112 = LINE('',#5113,#5114);
#5113 = CARTESIAN_POINT('',(90.119554,22.196136237003,16.5));
#5114 = VECTOR('',#5115,1.);
#5115 = DIRECTION('',(0.,0.,-1.));
#5116 = ORIENTED_EDGE('',*,*,#5117,.T.);
#5117 = EDGE_CURVE('',#5110,#5118,#5120,.T.);
#5118 = VERTEX_POINT('',#5119);
#5119 = CARTESIAN_POINT('',(90.119554,16.999983814296,25.));
#5120 = LINE('',#5121,#5122);
#5121 = CARTESIAN_POINT('',(90.119554,37.869862865013,37.049230287886));
#5122 = VECTOR('',#5123,1.);
#5123 = DIRECTION('',(0.,-0.866025403784,-0.5));
#5124 = ORIENTED_EDGE('',*,*,#5125,.T.);
#5125 = EDGE_CURVE('',#5118,#5126,#5128,.T.);
#5126 = VERTEX_POINT('',#5127);
#5127 = CARTESIAN_POINT('',(90.119554,11.80383139159,28.));
#5128 = LINE('',#5129,#5130);
#5129 = CARTESIAN_POINT('',(90.119554,43.932040691504,9.450769712114));
#5130 = VECTOR('',#5131,1.);
#5131 = DIRECTION('',(0.,-0.866025403784,0.5));
#5132 = ORIENTED_EDGE('',*,*,#5133,.T.);
#5133 = EDGE_CURVE('',#5126,#5092,#5134,.T.);
#5134 = LINE('',#5135,#5136);
#5135 = CARTESIAN_POINT('',(90.119554,11.80383139159,19.5));
#5136 = VECTOR('',#5137,1.);
#5137 = DIRECTION('',(0.,0.,1.));
#5138 = FACE_BOUND('',#5139,.F.);
#5139 = EDGE_LOOP('',(#5140,#5150,#5158,#5166,#5174,#5182));
#5140 = ORIENTED_EDGE('',*,*,#5141,.T.);
#5141 = EDGE_CURVE('',#5142,#5144,#5146,.T.);
#5142 = VERTEX_POINT('',#5143);
#5143 = CARTESIAN_POINT('',(90.119554,-0.19616860841,34.));
#5144 = VERTEX_POINT('',#5145);
#5145 = CARTESIAN_POINT('',(90.119554,4.999983814296,37.));
#5146 = LINE('',#5147,#5148);
#5147 = CARTESIAN_POINT('',(90.119554,27.77178665366,50.14730649924));
#5148 = VECTOR('',#5149,1.);
#5149 = DIRECTION('',(0.,0.866025403784,0.5));
#5150 = ORIENTED_EDGE('',*,*,#5151,.T.);
#5151 = EDGE_CURVE('',#5144,#5152,#5154,.T.);
#5152 = VERTEX_POINT('',#5153);
#5153 = CARTESIAN_POINT('',(90.119554,10.196136237003,34.));
#5154 = LINE('',#5155,#5156);
#5155 = CARTESIAN_POINT('',(90.119554,44.226269325564,14.35269350076));
#5156 = VECTOR('',#5157,1.);
#5157 = DIRECTION('',(0.,0.866025403784,-0.5));
#5158 = ORIENTED_EDGE('',*,*,#5159,.T.);
#5159 = EDGE_CURVE('',#5152,#5160,#5162,.T.);
#5160 = VERTEX_POINT('',#5161);
#5161 = CARTESIAN_POINT('',(90.119554,10.196136237003,28.));
#5162 = LINE('',#5163,#5164);
#5163 = CARTESIAN_POINT('',(90.119554,10.196136237003,16.5));
#5164 = VECTOR('',#5165,1.);
#5165 = DIRECTION('',(0.,0.,-1.));
#5166 = ORIENTED_EDGE('',*,*,#5167,.T.);
#5167 = EDGE_CURVE('',#5160,#5168,#5170,.T.);
#5168 = VERTEX_POINT('',#5169);
#5169 = CARTESIAN_POINT('',(90.119554,4.999983814296,25.));
#5170 = LINE('',#5171,#5172);
#5171 = CARTESIAN_POINT('',(90.119554,30.369862865013,39.64730649924));
#5172 = VECTOR('',#5173,1.);
#5173 = DIRECTION('',(0.,-0.866025403784,-0.5));
#5174 = ORIENTED_EDGE('',*,*,#5175,.T.);
#5175 = EDGE_CURVE('',#5168,#5176,#5178,.T.);
#5176 = VERTEX_POINT('',#5177);
#5177 = CARTESIAN_POINT('',(90.119554,-0.19616860841,28.));
#5178 = LINE('',#5179,#5180);
#5179 = CARTESIAN_POINT('',(90.119554,36.432040691504,6.85269350076));
#5180 = VECTOR('',#5181,1.);
#5181 = DIRECTION('',(0.,-0.866025403784,0.5));
#5182 = ORIENTED_EDGE('',*,*,#5183,.T.);
#5183 = EDGE_CURVE('',#5176,#5142,#5184,.T.);
#5184 = LINE('',#5185,#5186);
#5185 = CARTESIAN_POINT('',(90.119554,-0.19616860841,19.5));
#5186 = VECTOR('',#5187,1.);
#5187 = DIRECTION('',(0.,-5.088522196199E-17,1.));
#5188 = FACE_BOUND('',#5189,.F.);
#5189 = EDGE_LOOP('',(#5190,#5200,#5208,#5216,#5224,#5232));
#5190 = ORIENTED_EDGE('',*,*,#5191,.T.);
#5191 = EDGE_CURVE('',#5192,#5194,#5196,.T.);
#5192 = VERTEX_POINT('',#5193);
#5193 = CARTESIAN_POINT('',(90.119554,17.80383139159,23.607695154587));
#5194 = VERTEX_POINT('',#5195);
#5195 = CARTESIAN_POINT('',(90.119554,22.999983814296,26.607695154587));
#5196 = LINE('',#5197,#5198);
#5197 = CARTESIAN_POINT('',(90.119554,41.27178665366,37.156925442473));
#5198 = VECTOR('',#5199,1.);
#5199 = DIRECTION('',(0.,0.866025403784,0.5));
#5200 = ORIENTED_EDGE('',*,*,#5201,.T.);
#5201 = EDGE_CURVE('',#5194,#5202,#5204,.T.);
#5202 = VERTEX_POINT('',#5203);
#5203 = CARTESIAN_POINT('',(90.119554,28.196136237003,23.607695154587));
#5204 = LINE('',#5205,#5206);
#5205 = CARTESIAN_POINT('',(90.119554,53.226269325564,9.156541078054));
#5206 = VECTOR('',#5207,1.);
#5207 = DIRECTION('',(0.,0.866025403784,-0.5));
#5208 = ORIENTED_EDGE('',*,*,#5209,.T.);
#5209 = EDGE_CURVE('',#5202,#5210,#5212,.T.);
#5210 = VERTEX_POINT('',#5211);
#5211 = CARTESIAN_POINT('',(90.119554,28.196136237003,17.607695154587));
#5212 = LINE('',#5213,#5214);
#5213 = CARTESIAN_POINT('',(90.119554,28.196136237003,11.303847577293));
#5214 = VECTOR('',#5215,1.);
#5215 = DIRECTION('',(0.,0.,-1.));
#5216 = ORIENTED_EDGE('',*,*,#5217,.T.);
#5217 = EDGE_CURVE('',#5210,#5218,#5220,.T.);
#5218 = VERTEX_POINT('',#5219);
#5219 = CARTESIAN_POINT('',(90.119554,22.999983814296,14.607695154587));
#5220 = LINE('',#5221,#5222);
#5221 = CARTESIAN_POINT('',(90.119554,43.869862865013,26.656925442473));
#5222 = VECTOR('',#5223,1.);
#5223 = DIRECTION('',(0.,-0.866025403784,-0.5));
#5224 = ORIENTED_EDGE('',*,*,#5225,.T.);
#5225 = EDGE_CURVE('',#5218,#5226,#5228,.T.);
#5226 = VERTEX_POINT('',#5227);
#5227 = CARTESIAN_POINT('',(90.119554,17.80383139159,17.607695154587));
#5228 = LINE('',#5229,#5230);
#5229 = CARTESIAN_POINT('',(90.119554,45.432040691504,1.656541078054));
#5230 = VECTOR('',#5231,1.);
#5231 = DIRECTION('',(0.,-0.866025403784,0.5));
#5232 = ORIENTED_EDGE('',*,*,#5233,.T.);
#5233 = EDGE_CURVE('',#5226,#5192,#5234,.T.);
#5234 = LINE('',#5235,#5236);
#5235 = CARTESIAN_POINT('',(90.119554,17.80383139159,14.303847577293));
#5236 = VECTOR('',#5237,1.);
#5237 = DIRECTION('',(0.,0.,1.));
#5238 = FACE_BOUND('',#5239,.F.);
#5239 = EDGE_LOOP('',(#5240,#5250,#5258,#5266,#5274,#5282));
#5240 = ORIENTED_EDGE('',*,*,#5241,.T.);
#5241 = EDGE_CURVE('',#5242,#5244,#5246,.T.);
#5242 = VERTEX_POINT('',#5243);
#5243 = CARTESIAN_POINT('',(90.119554,5.80383139159,23.607695154587));
#5244 = VERTEX_POINT('',#5245);
#5245 = CARTESIAN_POINT('',(90.119554,10.999983814296,26.607695154587));
#5246 = LINE('',#5247,#5248);
#5247 = CARTESIAN_POINT('',(90.119554,33.77178665366,39.755001653826));
#5248 = VECTOR('',#5249,1.);
#5249 = DIRECTION('',(0.,0.866025403784,0.5));
#5250 = ORIENTED_EDGE('',*,*,#5251,.T.);
#5251 = EDGE_CURVE('',#5244,#5252,#5254,.T.);
#5252 = VERTEX_POINT('',#5253);
#5253 = CARTESIAN_POINT('',(90.119554,16.196136237003,23.607695154587));
#5254 = LINE('',#5255,#5256);
#5255 = CARTESIAN_POINT('',(90.119554,45.726269325564,6.5584648667));
#5256 = VECTOR('',#5257,1.);
#5257 = DIRECTION('',(0.,0.866025403784,-0.5));
#5258 = ORIENTED_EDGE('',*,*,#5259,.T.);
#5259 = EDGE_CURVE('',#5252,#5260,#5262,.T.);
#5260 = VERTEX_POINT('',#5261);
#5261 = CARTESIAN_POINT('',(90.119554,16.196136237003,17.607695154587));
#5262 = LINE('',#5263,#5264);
#5263 = CARTESIAN_POINT('',(90.119554,16.196136237003,11.303847577293));
#5264 = VECTOR('',#5265,1.);
#5265 = DIRECTION('',(0.,0.,-1.));
#5266 = ORIENTED_EDGE('',*,*,#5267,.T.);
#5267 = EDGE_CURVE('',#5260,#5268,#5270,.T.);
#5268 = VERTEX_POINT('',#5269);
#5269 = CARTESIAN_POINT('',(90.119554,10.999983814296,14.607695154587));
#5270 = LINE('',#5271,#5272);
#5271 = CARTESIAN_POINT('',(90.119554,36.369862865013,29.255001653826));
#5272 = VECTOR('',#5273,1.);
#5273 = DIRECTION('',(0.,-0.866025403784,-0.5));
#5274 = ORIENTED_EDGE('',*,*,#5275,.T.);
#5275 = EDGE_CURVE('',#5268,#5276,#5278,.T.);
#5276 = VERTEX_POINT('',#5277);
#5277 = CARTESIAN_POINT('',(90.119554,5.80383139159,17.607695154587));
#5278 = LINE('',#5279,#5280);
#5279 = CARTESIAN_POINT('',(90.119554,37.932040691504,-0.9415351333));
#5280 = VECTOR('',#5281,1.);
#5281 = DIRECTION('',(0.,-0.866025403784,0.5));
#5282 = ORIENTED_EDGE('',*,*,#5283,.T.);
#5283 = EDGE_CURVE('',#5276,#5242,#5284,.T.);
#5284 = LINE('',#5285,#5286);
#5285 = CARTESIAN_POINT('',(90.119554,5.80383139159,14.303847577293));
#5286 = VECTOR('',#5287,1.);
#5287 = DIRECTION('',(0.,0.,1.));
#5288 = PLANE('',#5289);
#5289 = AXIS2_PLACEMENT_3D('',#5290,#5291,#5292);
#5290 = CARTESIAN_POINT('',(90.119554,84.2,5.));
#5291 = DIRECTION('',(1.,0.,0.));
#5292 = DIRECTION('',(0.,-1.,0.));
#5293 = ADVANCED_FACE('',(#5294),#5339,.F.);
#5294 = FACE_BOUND('',#5295,.T.);
#5295 = EDGE_LOOP('',(#5296,#5297,#5303,#5304,#5312,#5319,#5320,#5321,
    #5322,#5323,#5324,#5333));
#5296 = ORIENTED_EDGE('',*,*,#925,.F.);
#5297 = ORIENTED_EDGE('',*,*,#5298,.T.);
#5298 = EDGE_CURVE('',#926,#1089,#5299,.T.);
#5299 = LINE('',#5300,#5301);
#5300 = CARTESIAN_POINT('',(91.319554,84.,5.));
#5301 = VECTOR('',#5302,1.);
#5302 = DIRECTION('',(0.,0.,1.));
#5303 = ORIENTED_EDGE('',*,*,#1088,.F.);
#5304 = ORIENTED_EDGE('',*,*,#5305,.T.);
#5305 = EDGE_CURVE('',#1081,#5306,#5308,.T.);
#5306 = VERTEX_POINT('',#5307);
#5307 = CARTESIAN_POINT('',(88.533913353944,84.2,56.));
#5308 = LINE('',#5309,#5310);
#5309 = CARTESIAN_POINT('',(88.533913353945,84.2,5.));
#5310 = VECTOR('',#5311,1.);
#5311 = DIRECTION('',(-0.,-0.,-1.));
#5312 = ORIENTED_EDGE('',*,*,#5313,.F.);
#5313 = EDGE_CURVE('',#4501,#5306,#5314,.T.);
#5314 = CIRCLE('',#5315,1.4);
#5315 = AXIS2_PLACEMENT_3D('',#5316,#5317,#5318);
#5316 = CARTESIAN_POINT('',(89.919554,84.,56.));
#5317 = DIRECTION('',(0.,0.,-1.));
#5318 = DIRECTION('',(1.,0.,0.));
#5319 = ORIENTED_EDGE('',*,*,#4508,.F.);
#5320 = ORIENTED_EDGE('',*,*,#1097,.F.);
#5321 = ORIENTED_EDGE('',*,*,#5298,.F.);
#5322 = ORIENTED_EDGE('',*,*,#934,.F.);
#5323 = ORIENTED_EDGE('',*,*,#4476,.F.);
#5324 = ORIENTED_EDGE('',*,*,#5325,.T.);
#5325 = EDGE_CURVE('',#4477,#5326,#5328,.T.);
#5326 = VERTEX_POINT('',#5327);
#5327 = CARTESIAN_POINT('',(88.533913353945,84.2,8.));
#5328 = CIRCLE('',#5329,1.4);
#5329 = AXIS2_PLACEMENT_3D('',#5330,#5331,#5332);
#5330 = CARTESIAN_POINT('',(89.919554,84.,8.));
#5331 = DIRECTION('',(0.,0.,-1.));
#5332 = DIRECTION('',(1.,0.,0.));
#5333 = ORIENTED_EDGE('',*,*,#5334,.T.);
#5334 = EDGE_CURVE('',#5326,#918,#5335,.T.);
#5335 = LINE('',#5336,#5337);
#5336 = CARTESIAN_POINT('',(88.533913353945,84.2,5.));
#5337 = VECTOR('',#5338,1.);
#5338 = DIRECTION('',(-0.,-0.,-1.));
#5339 = CYLINDRICAL_SURFACE('',#5340,1.4);
#5340 = AXIS2_PLACEMENT_3D('',#5341,#5342,#5343);
#5341 = CARTESIAN_POINT('',(89.919554,84.,5.));
#5342 = DIRECTION('',(-0.,-0.,-1.));
#5343 = DIRECTION('',(1.,0.,0.));
#5344 = ADVANCED_FACE('',(#5345,#5411,#5445,#5479,#5513,#5547,#5581,
    #5615),#5626,.F.);
#5345 = FACE_BOUND('',#5346,.F.);
#5346 = EDGE_LOOP('',(#5347,#5348,#5356,#5364,#5372,#5380,#5386,#5387,
    #5388,#5396,#5404,#5410));
#5347 = ORIENTED_EDGE('',*,*,#917,.F.);
#5348 = ORIENTED_EDGE('',*,*,#5349,.F.);
#5349 = EDGE_CURVE('',#5350,#909,#5352,.T.);
#5350 = VERTEX_POINT('',#5351);
#5351 = CARTESIAN_POINT('',(-78.69480535394,84.2,8.));
#5352 = LINE('',#5353,#5354);
#5353 = CARTESIAN_POINT('',(-78.69480535394,84.2,5.));
#5354 = VECTOR('',#5355,1.);
#5355 = DIRECTION('',(-0.,-0.,-1.));
#5356 = ORIENTED_EDGE('',*,*,#5357,.T.);
#5357 = EDGE_CURVE('',#5350,#5358,#5360,.T.);
#5358 = VERTEX_POINT('',#5359);
#5359 = CARTESIAN_POINT('',(-77.08712009058,84.2,8.));
#5360 = LINE('',#5361,#5362);
#5361 = CARTESIAN_POINT('',(-37.680446,84.2,8.));
#5362 = VECTOR('',#5363,1.);
#5363 = DIRECTION('',(1.,0.,0.));
#5364 = ORIENTED_EDGE('',*,*,#5365,.F.);
#5365 = EDGE_CURVE('',#5366,#5358,#5368,.T.);
#5366 = VERTEX_POINT('',#5367);
#5367 = CARTESIAN_POINT('',(-77.08712009058,84.2,56.));
#5368 = LINE('',#5369,#5370);
#5369 = CARTESIAN_POINT('',(-77.08712009058,84.2,8.));
#5370 = VECTOR('',#5371,1.);
#5371 = DIRECTION('',(0.,0.,-1.));
#5372 = ORIENTED_EDGE('',*,*,#5373,.F.);
#5373 = EDGE_CURVE('',#5374,#5366,#5376,.T.);
#5374 = VERTEX_POINT('',#5375);
#5375 = CARTESIAN_POINT('',(-78.69480535394,84.2,56.));
#5376 = LINE('',#5377,#5378);
#5377 = CARTESIAN_POINT('',(-40.140223,84.2,56.));
#5378 = VECTOR('',#5379,1.);
#5379 = DIRECTION('',(1.,0.,0.));
#5380 = ORIENTED_EDGE('',*,*,#5381,.F.);
#5381 = EDGE_CURVE('',#1072,#5374,#5382,.T.);
#5382 = LINE('',#5383,#5384);
#5383 = CARTESIAN_POINT('',(-78.69480535394,84.2,5.));
#5384 = VECTOR('',#5385,1.);
#5385 = DIRECTION('',(-0.,-0.,-1.));
#5386 = ORIENTED_EDGE('',*,*,#1080,.F.);
#5387 = ORIENTED_EDGE('',*,*,#5305,.T.);
#5388 = ORIENTED_EDGE('',*,*,#5389,.F.);
#5389 = EDGE_CURVE('',#5390,#5306,#5392,.T.);
#5390 = VERTEX_POINT('',#5391);
#5391 = CARTESIAN_POINT('',(86.926228090581,84.2,56.));
#5392 = LINE('',#5393,#5394);
#5393 = CARTESIAN_POINT('',(-40.140223,84.2,56.));
#5394 = VECTOR('',#5395,1.);
#5395 = DIRECTION('',(1.,0.,0.));
#5396 = ORIENTED_EDGE('',*,*,#5397,.T.);
#5397 = EDGE_CURVE('',#5390,#5398,#5400,.T.);
#5398 = VERTEX_POINT('',#5399);
#5399 = CARTESIAN_POINT('',(86.926228090581,84.2,8.));
#5400 = LINE('',#5401,#5402);
#5401 = CARTESIAN_POINT('',(86.926228090581,84.2,8.));
#5402 = VECTOR('',#5403,1.);
#5403 = DIRECTION('',(0.,0.,-1.));
#5404 = ORIENTED_EDGE('',*,*,#5405,.T.);
#5405 = EDGE_CURVE('',#5398,#5326,#5406,.T.);
#5406 = LINE('',#5407,#5408);
#5407 = CARTESIAN_POINT('',(-37.680446,84.2,8.));
#5408 = VECTOR('',#5409,1.);
#5409 = DIRECTION('',(1.,0.,0.));
#5410 = ORIENTED_EDGE('',*,*,#5334,.T.);
#5411 = FACE_BOUND('',#5412,.F.);
#5412 = EDGE_LOOP('',(#5413,#5423,#5431,#5439));
#5413 = ORIENTED_EDGE('',*,*,#5414,.F.);
#5414 = EDGE_CURVE('',#5415,#5417,#5419,.T.);
#5415 = VERTEX_POINT('',#5416);
#5416 = CARTESIAN_POINT('',(-5.680445999997,84.2,53.));
#5417 = VERTEX_POINT('',#5418);
#5418 = CARTESIAN_POINT('',(10.519554000003,84.2,53.));
#5419 = LINE('',#5420,#5421);
#5420 = CARTESIAN_POINT('',(-34.88044599999,84.2,53.));
#5421 = VECTOR('',#5422,1.);
#5422 = DIRECTION('',(1.,0.,0.));
#5423 = ORIENTED_EDGE('',*,*,#5424,.F.);
#5424 = EDGE_CURVE('',#5425,#5415,#5427,.T.);
#5425 = VERTEX_POINT('',#5426);
#5426 = CARTESIAN_POINT('',(-5.680445999997,84.2,45.500000000007));
#5427 = LINE('',#5428,#5429);
#5428 = CARTESIAN_POINT('',(-5.680445999997,84.2,29.));
#5429 = VECTOR('',#5430,1.);
#5430 = DIRECTION('',(0.,0.,1.));
#5431 = ORIENTED_EDGE('',*,*,#5432,.F.);
#5432 = EDGE_CURVE('',#5433,#5425,#5435,.T.);
#5433 = VERTEX_POINT('',#5434);
#5434 = CARTESIAN_POINT('',(10.519554000003,84.2,45.500000000007));
#5435 = LINE('',#5436,#5437);
#5436 = CARTESIAN_POINT('',(-42.98044599999,84.2,45.500000000007));
#5437 = VECTOR('',#5438,1.);
#5438 = DIRECTION('',(-1.,0.,0.));
#5439 = ORIENTED_EDGE('',*,*,#5440,.F.);
#5440 = EDGE_CURVE('',#5417,#5433,#5441,.T.);
#5441 = LINE('',#5442,#5443);
#5442 = CARTESIAN_POINT('',(10.519554000003,84.2,25.250000000003));
#5443 = VECTOR('',#5444,1.);
#5444 = DIRECTION('',(0.,0.,-1.));
#5445 = FACE_BOUND('',#5446,.F.);
#5446 = EDGE_LOOP('',(#5447,#5457,#5465,#5473));
#5447 = ORIENTED_EDGE('',*,*,#5448,.F.);
#5448 = EDGE_CURVE('',#5449,#5451,#5453,.T.);
#5449 = VERTEX_POINT('',#5450);
#5450 = CARTESIAN_POINT('',(17.519554,84.2,53.));
#5451 = VERTEX_POINT('',#5452);
#5452 = CARTESIAN_POINT('',(41.219554,84.2,53.));
#5453 = LINE('',#5454,#5455);
#5454 = CARTESIAN_POINT('',(-19.530446,84.2,53.));
#5455 = VECTOR('',#5456,1.);
#5456 = DIRECTION('',(1.,0.,0.));
#5457 = ORIENTED_EDGE('',*,*,#5458,.F.);
#5458 = EDGE_CURVE('',#5459,#5449,#5461,.T.);
#5459 = VERTEX_POINT('',#5460);
#5460 = CARTESIAN_POINT('',(17.519554,84.2,45.500000000003));
#5461 = LINE('',#5462,#5463);
#5462 = CARTESIAN_POINT('',(17.519554,84.2,29.));
#5463 = VECTOR('',#5464,1.);
#5464 = DIRECTION('',(0.,0.,1.));
#5465 = ORIENTED_EDGE('',*,*,#5466,.F.);
#5466 = EDGE_CURVE('',#5467,#5459,#5469,.T.);
#5467 = VERTEX_POINT('',#5468);
#5468 = CARTESIAN_POINT('',(41.219554,84.2,45.500000000003));
#5469 = LINE('',#5470,#5471);
#5470 = CARTESIAN_POINT('',(-31.380446,84.2,45.500000000003));
#5471 = VECTOR('',#5472,1.);
#5472 = DIRECTION('',(-1.,0.,0.));
#5473 = ORIENTED_EDGE('',*,*,#5474,.F.);
#5474 = EDGE_CURVE('',#5451,#5467,#5475,.T.);
#5475 = LINE('',#5476,#5477);
#5476 = CARTESIAN_POINT('',(41.219554,84.2,25.250000000002));
#5477 = VECTOR('',#5478,1.);
#5478 = DIRECTION('',(0.,0.,-1.));
#5479 = FACE_BOUND('',#5480,.F.);
#5480 = EDGE_LOOP('',(#5481,#5491,#5499,#5507));
#5481 = ORIENTED_EDGE('',*,*,#5482,.F.);
#5482 = EDGE_CURVE('',#5483,#5485,#5487,.T.);
#5483 = VERTEX_POINT('',#5484);
#5484 = CARTESIAN_POINT('',(48.219554,84.2,53.));
#5485 = VERTEX_POINT('',#5486);
#5486 = CARTESIAN_POINT('',(79.919554,84.2,53.));
#5487 = LINE('',#5488,#5489);
#5488 = CARTESIAN_POINT('',(-0.180446,84.2,53.));
#5489 = VECTOR('',#5490,1.);
#5490 = DIRECTION('',(1.,0.,0.));
#5491 = ORIENTED_EDGE('',*,*,#5492,.F.);
#5492 = EDGE_CURVE('',#5493,#5483,#5495,.T.);
#5493 = VERTEX_POINT('',#5494);
#5494 = CARTESIAN_POINT('',(48.219554,84.2,45.5));
#5495 = LINE('',#5496,#5497);
#5496 = CARTESIAN_POINT('',(48.219554,84.2,29.));
#5497 = VECTOR('',#5498,1.);
#5498 = DIRECTION('',(0.,0.,1.));
#5499 = ORIENTED_EDGE('',*,*,#5500,.F.);
#5500 = EDGE_CURVE('',#5501,#5493,#5503,.T.);
#5501 = VERTEX_POINT('',#5502);
#5502 = CARTESIAN_POINT('',(79.919554,84.2,45.5));
#5503 = LINE('',#5504,#5505);
#5504 = CARTESIAN_POINT('',(-16.030446,84.2,45.5));
#5505 = VECTOR('',#5506,1.);
#5506 = DIRECTION('',(-1.,0.,0.));
#5507 = ORIENTED_EDGE('',*,*,#5508,.F.);
#5508 = EDGE_CURVE('',#5485,#5501,#5509,.T.);
#5509 = LINE('',#5510,#5511);
#5510 = CARTESIAN_POINT('',(79.919554,84.2,25.25));
#5511 = VECTOR('',#5512,1.);
#5512 = DIRECTION('',(0.,0.,-1.));
#5513 = FACE_BOUND('',#5514,.F.);
#5514 = EDGE_LOOP('',(#5515,#5525,#5533,#5541));
#5515 = ORIENTED_EDGE('',*,*,#5516,.F.);
#5516 = EDGE_CURVE('',#5517,#5519,#5521,.T.);
#5517 = VERTEX_POINT('',#5518);
#5518 = CARTESIAN_POINT('',(-75.480446,84.2,29.5));
#5519 = VERTEX_POINT('',#5520);
#5520 = CARTESIAN_POINT('',(-58.480446,84.2,29.5));
#5521 = LINE('',#5522,#5523);
#5522 = CARTESIAN_POINT('',(-69.380446,84.2,29.5));
#5523 = VECTOR('',#5524,1.);
#5524 = DIRECTION('',(1.,0.,0.));
#5525 = ORIENTED_EDGE('',*,*,#5526,.F.);
#5526 = EDGE_CURVE('',#5527,#5517,#5529,.T.);
#5527 = VERTEX_POINT('',#5528);
#5528 = CARTESIAN_POINT('',(-75.480446,84.2,12.));
#5529 = LINE('',#5530,#5531);
#5530 = CARTESIAN_POINT('',(-75.480446,84.2,17.25));
#5531 = VECTOR('',#5532,1.);
#5532 = DIRECTION('',(0.,0.,1.));
#5533 = ORIENTED_EDGE('',*,*,#5534,.F.);
#5534 = EDGE_CURVE('',#5535,#5527,#5537,.T.);
#5535 = VERTEX_POINT('',#5536);
#5536 = CARTESIAN_POINT('',(-58.480446,84.2,12.));
#5537 = LINE('',#5538,#5539);
#5538 = CARTESIAN_POINT('',(-77.880446,84.2,12.));
#5539 = VECTOR('',#5540,1.);
#5540 = DIRECTION('',(-1.,0.,0.));
#5541 = ORIENTED_EDGE('',*,*,#5542,.F.);
#5542 = EDGE_CURVE('',#5519,#5535,#5543,.T.);
#5543 = LINE('',#5544,#5545);
#5544 = CARTESIAN_POINT('',(-58.480446,84.2,8.5));
#5545 = VECTOR('',#5546,1.);
#5546 = DIRECTION('',(0.,0.,-1.));
#5547 = FACE_BOUND('',#5548,.F.);
#5548 = EDGE_LOOP('',(#5549,#5559,#5567,#5575));
#5549 = ORIENTED_EDGE('',*,*,#5550,.F.);
#5550 = EDGE_CURVE('',#5551,#5553,#5555,.T.);
#5551 = VERTEX_POINT('',#5552);
#5552 = CARTESIAN_POINT('',(-57.180446,84.2,29.5));
#5553 = VERTEX_POINT('',#5554);
#5554 = CARTESIAN_POINT('',(-40.180446,84.2,29.5));
#5555 = LINE('',#5556,#5557);
#5556 = CARTESIAN_POINT('',(-60.230446,84.2,29.5));
#5557 = VECTOR('',#5558,1.);
#5558 = DIRECTION('',(1.,0.,0.));
#5559 = ORIENTED_EDGE('',*,*,#5560,.F.);
#5560 = EDGE_CURVE('',#5561,#5551,#5563,.T.);
#5561 = VERTEX_POINT('',#5562);
#5562 = CARTESIAN_POINT('',(-57.180446,84.2,12.));
#5563 = LINE('',#5564,#5565);
#5564 = CARTESIAN_POINT('',(-57.180446,84.2,17.25));
#5565 = VECTOR('',#5566,1.);
#5566 = DIRECTION('',(0.,0.,1.));
#5567 = ORIENTED_EDGE('',*,*,#5568,.F.);
#5568 = EDGE_CURVE('',#5569,#5561,#5571,.T.);
#5569 = VERTEX_POINT('',#5570);
#5570 = CARTESIAN_POINT('',(-40.180446,84.2,12.));
#5571 = LINE('',#5572,#5573);
#5572 = CARTESIAN_POINT('',(-68.730446,84.2,12.));
#5573 = VECTOR('',#5574,1.);
#5574 = DIRECTION('',(-1.,0.,0.));
#5575 = ORIENTED_EDGE('',*,*,#5576,.F.);
#5576 = EDGE_CURVE('',#5553,#5569,#5577,.T.);
#5577 = LINE('',#5578,#5579);
#5578 = CARTESIAN_POINT('',(-40.180446,84.2,8.5));
#5579 = VECTOR('',#5580,1.);
#5580 = DIRECTION('',(0.,0.,-1.));
#5581 = FACE_BOUND('',#5582,.F.);
#5582 = EDGE_LOOP('',(#5583,#5593,#5601,#5609));
#5583 = ORIENTED_EDGE('',*,*,#5584,.F.);
#5584 = EDGE_CURVE('',#5585,#5587,#5589,.T.);
#5585 = VERTEX_POINT('',#5586);
#5586 = CARTESIAN_POINT('',(-38.880446,84.2,29.5));
#5587 = VERTEX_POINT('',#5588);
#5588 = CARTESIAN_POINT('',(-21.880446,84.2,29.5));
#5589 = LINE('',#5590,#5591);
#5590 = CARTESIAN_POINT('',(-51.080446,84.2,29.5));
#5591 = VECTOR('',#5592,1.);
#5592 = DIRECTION('',(1.,0.,0.));
#5593 = ORIENTED_EDGE('',*,*,#5594,.F.);
#5594 = EDGE_CURVE('',#5595,#5585,#5597,.T.);
#5595 = VERTEX_POINT('',#5596);
#5596 = CARTESIAN_POINT('',(-38.880446,84.2,12.));
#5597 = LINE('',#5598,#5599);
#5598 = CARTESIAN_POINT('',(-38.880446,84.2,17.25));
#5599 = VECTOR('',#5600,1.);
#5600 = DIRECTION('',(0.,0.,1.));
#5601 = ORIENTED_EDGE('',*,*,#5602,.F.);
#5602 = EDGE_CURVE('',#5603,#5595,#5605,.T.);
#5603 = VERTEX_POINT('',#5604);
#5604 = CARTESIAN_POINT('',(-21.880446,84.2,12.));
#5605 = LINE('',#5606,#5607);
#5606 = CARTESIAN_POINT('',(-59.580446,84.2,12.));
#5607 = VECTOR('',#5608,1.);
#5608 = DIRECTION('',(-1.,0.,0.));
#5609 = ORIENTED_EDGE('',*,*,#5610,.F.);
#5610 = EDGE_CURVE('',#5587,#5603,#5611,.T.);
#5611 = LINE('',#5612,#5613);
#5612 = CARTESIAN_POINT('',(-21.880446,84.2,8.5));
#5613 = VECTOR('',#5614,1.);
#5614 = DIRECTION('',(0.,0.,-1.));
#5615 = FACE_BOUND('',#5616,.F.);
#5616 = EDGE_LOOP('',(#5617));
#5617 = ORIENTED_EDGE('',*,*,#5618,.F.);
#5618 = EDGE_CURVE('',#5619,#5619,#5621,.T.);
#5619 = VERTEX_POINT('',#5620);
#5620 = CARTESIAN_POINT('',(79.919554,84.2,17.));
#5621 = CIRCLE('',#5622,7.6);
#5622 = AXIS2_PLACEMENT_3D('',#5623,#5624,#5625);
#5623 = CARTESIAN_POINT('',(72.319554,84.2,17.));
#5624 = DIRECTION('',(0.,1.,-2.22044604925E-16));
#5625 = DIRECTION('',(1.,0.,0.));
#5626 = PLANE('',#5627);
#5627 = AXIS2_PLACEMENT_3D('',#5628,#5629,#5630);
#5628 = CARTESIAN_POINT('',(-80.280446,84.2,5.));
#5629 = DIRECTION('',(0.,1.,0.));
#5630 = DIRECTION('',(1.,0.,0.));
#5631 = ADVANCED_FACE('',(#5632),#5693,.F.);
#5632 = FACE_BOUND('',#5633,.T.);
#5633 = EDGE_LOOP('',(#5634,#5643,#5651,#5658,#5659,#5660,#5668,#5675,
    #5676,#5685,#5691,#5692));
#5634 = ORIENTED_EDGE('',*,*,#5635,.T.);
#5635 = EDGE_CURVE('',#5350,#5636,#5638,.T.);
#5636 = VERTEX_POINT('',#5637);
#5637 = CARTESIAN_POINT('',(-78.680446,84.,8.));
#5638 = CIRCLE('',#5639,1.4);
#5639 = AXIS2_PLACEMENT_3D('',#5640,#5641,#5642);
#5640 = CARTESIAN_POINT('',(-80.080446,84.,8.));
#5641 = DIRECTION('',(0.,0.,-1.));
#5642 = DIRECTION('',(1.,0.,0.));
#5643 = ORIENTED_EDGE('',*,*,#5644,.T.);
#5644 = EDGE_CURVE('',#5636,#5645,#5647,.T.);
#5645 = VERTEX_POINT('',#5646);
#5646 = CARTESIAN_POINT('',(-78.680446,84.,56.));
#5647 = LINE('',#5648,#5649);
#5648 = CARTESIAN_POINT('',(-78.680446,84.,5.));
#5649 = VECTOR('',#5650,1.);
#5650 = DIRECTION('',(0.,0.,1.));
#5651 = ORIENTED_EDGE('',*,*,#5652,.F.);
#5652 = EDGE_CURVE('',#5374,#5645,#5653,.T.);
#5653 = CIRCLE('',#5654,1.4);
#5654 = AXIS2_PLACEMENT_3D('',#5655,#5656,#5657);
#5655 = CARTESIAN_POINT('',(-80.080446,84.,56.));
#5656 = DIRECTION('',(0.,0.,-1.));
#5657 = DIRECTION('',(1.,0.,0.));
#5658 = ORIENTED_EDGE('',*,*,#5381,.F.);
#5659 = ORIENTED_EDGE('',*,*,#1071,.F.);
#5660 = ORIENTED_EDGE('',*,*,#5661,.T.);
#5661 = EDGE_CURVE('',#1062,#5662,#5664,.T.);
#5662 = VERTEX_POINT('',#5663);
#5663 = CARTESIAN_POINT('',(-80.280446,82.614359353947,56.));
#5664 = LINE('',#5665,#5666);
#5665 = CARTESIAN_POINT('',(-80.280446,82.614359353945,5.));
#5666 = VECTOR('',#5667,1.);
#5667 = DIRECTION('',(-0.,-0.,-1.));
#5668 = ORIENTED_EDGE('',*,*,#5669,.F.);
#5669 = EDGE_CURVE('',#5645,#5662,#5670,.T.);
#5670 = CIRCLE('',#5671,1.4);
#5671 = AXIS2_PLACEMENT_3D('',#5672,#5673,#5674);
#5672 = CARTESIAN_POINT('',(-80.080446,84.,56.));
#5673 = DIRECTION('',(0.,0.,-1.));
#5674 = DIRECTION('',(1.,0.,0.));
#5675 = ORIENTED_EDGE('',*,*,#5644,.F.);
#5676 = ORIENTED_EDGE('',*,*,#5677,.T.);
#5677 = EDGE_CURVE('',#5636,#5678,#5680,.T.);
#5678 = VERTEX_POINT('',#5679);
#5679 = CARTESIAN_POINT('',(-80.280446,82.614359353946,8.));
#5680 = CIRCLE('',#5681,1.4);
#5681 = AXIS2_PLACEMENT_3D('',#5682,#5683,#5684);
#5682 = CARTESIAN_POINT('',(-80.080446,84.,8.));
#5683 = DIRECTION('',(0.,0.,-1.));
#5684 = DIRECTION('',(1.,0.,0.));
#5685 = ORIENTED_EDGE('',*,*,#5686,.T.);
#5686 = EDGE_CURVE('',#5678,#901,#5687,.T.);
#5687 = LINE('',#5688,#5689);
#5688 = CARTESIAN_POINT('',(-80.280446,82.614359353945,5.));
#5689 = VECTOR('',#5690,1.);
#5690 = DIRECTION('',(-0.,-0.,-1.));
#5691 = ORIENTED_EDGE('',*,*,#908,.F.);
#5692 = ORIENTED_EDGE('',*,*,#5349,.F.);
#5693 = CYLINDRICAL_SURFACE('',#5694,1.4);
#5694 = AXIS2_PLACEMENT_3D('',#5695,#5696,#5697);
#5695 = CARTESIAN_POINT('',(-80.080446,84.,5.));
#5696 = DIRECTION('',(-0.,-0.,-1.));
#5697 = DIRECTION('',(1.,0.,0.));
#5698 = ADVANCED_FACE('',(#5699,#5765,#5773,#5781,#5789,#5797,#5805,
    #5813,#5821,#5829,#5837,#5845,#5853,#5861,#5869,#5877),#5885,.F.);
#5699 = FACE_BOUND('',#5700,.F.);
#5700 = EDGE_LOOP('',(#5701,#5702,#5710,#5718,#5726,#5734,#5740,#5741,
    #5742,#5750,#5758,#5764));
#5701 = ORIENTED_EDGE('',*,*,#900,.F.);
#5702 = ORIENTED_EDGE('',*,*,#5703,.F.);
#5703 = EDGE_CURVE('',#5704,#892,#5706,.T.);
#5704 = VERTEX_POINT('',#5705);
#5705 = CARTESIAN_POINT('',(-80.280446,-24.61435935394,8.));
#5706 = LINE('',#5707,#5708);
#5707 = CARTESIAN_POINT('',(-80.280446,-24.61435935394,5.));
#5708 = VECTOR('',#5709,1.);
#5709 = DIRECTION('',(-0.,-0.,-1.));
#5710 = ORIENTED_EDGE('',*,*,#5711,.T.);
#5711 = EDGE_CURVE('',#5704,#5712,#5714,.T.);
#5712 = VERTEX_POINT('',#5713);
#5713 = CARTESIAN_POINT('',(-80.280446,-23.00667409058,8.));
#5714 = LINE('',#5715,#5716);
#5715 = CARTESIAN_POINT('',(-80.280446,1.4,8.));
#5716 = VECTOR('',#5717,1.);
#5717 = DIRECTION('',(0.,1.,0.));
#5718 = ORIENTED_EDGE('',*,*,#5719,.F.);
#5719 = EDGE_CURVE('',#5720,#5712,#5722,.T.);
#5720 = VERTEX_POINT('',#5721);
#5721 = CARTESIAN_POINT('',(-80.280446,-23.00667409058,56.));
#5722 = LINE('',#5723,#5724);
#5723 = CARTESIAN_POINT('',(-80.280446,-23.00667409058,8.));
#5724 = VECTOR('',#5725,1.);
#5725 = DIRECTION('',(0.,0.,-1.));
#5726 = ORIENTED_EDGE('',*,*,#5727,.F.);
#5727 = EDGE_CURVE('',#5728,#5720,#5730,.T.);
#5728 = VERTEX_POINT('',#5729);
#5729 = CARTESIAN_POINT('',(-80.280446,-24.61435935394,56.));
#5730 = LINE('',#5731,#5732);
#5731 = CARTESIAN_POINT('',(-80.280446,-13.1,56.));
#5732 = VECTOR('',#5733,1.);
#5733 = DIRECTION('',(0.,1.,0.));
#5734 = ORIENTED_EDGE('',*,*,#5735,.F.);
#5735 = EDGE_CURVE('',#1064,#5728,#5736,.T.);
#5736 = LINE('',#5737,#5738);
#5737 = CARTESIAN_POINT('',(-80.280446,-24.61435935394,5.));
#5738 = VECTOR('',#5739,1.);
#5739 = DIRECTION('',(-0.,-0.,-1.));
#5740 = ORIENTED_EDGE('',*,*,#1061,.F.);
#5741 = ORIENTED_EDGE('',*,*,#5661,.T.);
#5742 = ORIENTED_EDGE('',*,*,#5743,.F.);
#5743 = EDGE_CURVE('',#5744,#5662,#5746,.T.);
#5744 = VERTEX_POINT('',#5745);
#5745 = CARTESIAN_POINT('',(-80.280446,81.006674090581,56.));
#5746 = LINE('',#5747,#5748);
#5747 = CARTESIAN_POINT('',(-80.280446,-13.1,56.));
#5748 = VECTOR('',#5749,1.);
#5749 = DIRECTION('',(0.,1.,0.));
#5750 = ORIENTED_EDGE('',*,*,#5751,.T.);
#5751 = EDGE_CURVE('',#5744,#5752,#5754,.T.);
#5752 = VERTEX_POINT('',#5753);
#5753 = CARTESIAN_POINT('',(-80.280446,81.006674090581,8.));
#5754 = LINE('',#5755,#5756);
#5755 = CARTESIAN_POINT('',(-80.280446,81.006674090581,8.));
#5756 = VECTOR('',#5757,1.);
#5757 = DIRECTION('',(0.,0.,-1.));
#5758 = ORIENTED_EDGE('',*,*,#5759,.T.);
#5759 = EDGE_CURVE('',#5752,#5678,#5760,.T.);
#5760 = LINE('',#5761,#5762);
#5761 = CARTESIAN_POINT('',(-80.280446,1.4,8.));
#5762 = VECTOR('',#5763,1.);
#5763 = DIRECTION('',(0.,1.,0.));
#5764 = ORIENTED_EDGE('',*,*,#5686,.T.);
#5765 = FACE_BOUND('',#5766,.F.);
#5766 = EDGE_LOOP('',(#5767,#5768,#5769,#5770,#5771,#5772));
#5767 = ORIENTED_EDGE('',*,*,#2004,.T.);
#5768 = ORIENTED_EDGE('',*,*,#1884,.T.);
#5769 = ORIENTED_EDGE('',*,*,#1908,.T.);
#5770 = ORIENTED_EDGE('',*,*,#1932,.T.);
#5771 = ORIENTED_EDGE('',*,*,#1956,.T.);
#5772 = ORIENTED_EDGE('',*,*,#1980,.T.);
#5773 = FACE_BOUND('',#5774,.F.);
#5774 = EDGE_LOOP('',(#5775,#5776,#5777,#5778,#5779,#5780));
#5775 = ORIENTED_EDGE('',*,*,#1860,.T.);
#5776 = ORIENTED_EDGE('',*,*,#1740,.T.);
#5777 = ORIENTED_EDGE('',*,*,#1764,.T.);
#5778 = ORIENTED_EDGE('',*,*,#1788,.T.);
#5779 = ORIENTED_EDGE('',*,*,#1812,.T.);
#5780 = ORIENTED_EDGE('',*,*,#1836,.T.);
#5781 = FACE_BOUND('',#5782,.F.);
#5782 = EDGE_LOOP('',(#5783,#5784,#5785,#5786,#5787,#5788));
#5783 = ORIENTED_EDGE('',*,*,#1716,.T.);
#5784 = ORIENTED_EDGE('',*,*,#1596,.T.);
#5785 = ORIENTED_EDGE('',*,*,#1620,.T.);
#5786 = ORIENTED_EDGE('',*,*,#1644,.T.);
#5787 = ORIENTED_EDGE('',*,*,#1668,.T.);
#5788 = ORIENTED_EDGE('',*,*,#1692,.T.);
#5789 = FACE_BOUND('',#5790,.F.);
#5790 = EDGE_LOOP('',(#5791,#5792,#5793,#5794,#5795,#5796));
#5791 = ORIENTED_EDGE('',*,*,#1572,.T.);
#5792 = ORIENTED_EDGE('',*,*,#1452,.T.);
#5793 = ORIENTED_EDGE('',*,*,#1476,.T.);
#5794 = ORIENTED_EDGE('',*,*,#1500,.T.);
#5795 = ORIENTED_EDGE('',*,*,#1524,.T.);
#5796 = ORIENTED_EDGE('',*,*,#1548,.T.);
#5797 = FACE_BOUND('',#5798,.F.);
#5798 = EDGE_LOOP('',(#5799,#5800,#5801,#5802,#5803,#5804));
#5799 = ORIENTED_EDGE('',*,*,#1428,.T.);
#5800 = ORIENTED_EDGE('',*,*,#1308,.T.);
#5801 = ORIENTED_EDGE('',*,*,#1332,.T.);
#5802 = ORIENTED_EDGE('',*,*,#1356,.T.);
#5803 = ORIENTED_EDGE('',*,*,#1380,.T.);
#5804 = ORIENTED_EDGE('',*,*,#1404,.T.);
#5805 = FACE_BOUND('',#5806,.F.);
#5806 = EDGE_LOOP('',(#5807,#5808,#5809,#5810,#5811,#5812));
#5807 = ORIENTED_EDGE('',*,*,#1284,.T.);
#5808 = ORIENTED_EDGE('',*,*,#1164,.T.);
#5809 = ORIENTED_EDGE('',*,*,#1188,.T.);
#5810 = ORIENTED_EDGE('',*,*,#1212,.T.);
#5811 = ORIENTED_EDGE('',*,*,#1236,.T.);
#5812 = ORIENTED_EDGE('',*,*,#1260,.T.);
#5813 = FACE_BOUND('',#5814,.F.);
#5814 = EDGE_LOOP('',(#5815,#5816,#5817,#5818,#5819,#5820));
#5815 = ORIENTED_EDGE('',*,*,#3012,.T.);
#5816 = ORIENTED_EDGE('',*,*,#2892,.T.);
#5817 = ORIENTED_EDGE('',*,*,#2916,.T.);
#5818 = ORIENTED_EDGE('',*,*,#2940,.T.);
#5819 = ORIENTED_EDGE('',*,*,#2964,.T.);
#5820 = ORIENTED_EDGE('',*,*,#2988,.T.);
#5821 = FACE_BOUND('',#5822,.F.);
#5822 = EDGE_LOOP('',(#5823,#5824,#5825,#5826,#5827,#5828));
#5823 = ORIENTED_EDGE('',*,*,#2868,.T.);
#5824 = ORIENTED_EDGE('',*,*,#2748,.T.);
#5825 = ORIENTED_EDGE('',*,*,#2772,.T.);
#5826 = ORIENTED_EDGE('',*,*,#2796,.T.);
#5827 = ORIENTED_EDGE('',*,*,#2820,.T.);
#5828 = ORIENTED_EDGE('',*,*,#2844,.T.);
#5829 = FACE_BOUND('',#5830,.F.);
#5830 = EDGE_LOOP('',(#5831,#5832,#5833,#5834,#5835,#5836));
#5831 = ORIENTED_EDGE('',*,*,#3300,.T.);
#5832 = ORIENTED_EDGE('',*,*,#3180,.T.);
#5833 = ORIENTED_EDGE('',*,*,#3204,.T.);
#5834 = ORIENTED_EDGE('',*,*,#3228,.T.);
#5835 = ORIENTED_EDGE('',*,*,#3252,.T.);
#5836 = ORIENTED_EDGE('',*,*,#3276,.T.);
#5837 = FACE_BOUND('',#5838,.F.);
#5838 = EDGE_LOOP('',(#5839,#5840,#5841,#5842,#5843,#5844));
#5839 = ORIENTED_EDGE('',*,*,#3156,.T.);
#5840 = ORIENTED_EDGE('',*,*,#3036,.T.);
#5841 = ORIENTED_EDGE('',*,*,#3060,.T.);
#5842 = ORIENTED_EDGE('',*,*,#3084,.T.);
#5843 = ORIENTED_EDGE('',*,*,#3108,.T.);
#5844 = ORIENTED_EDGE('',*,*,#3132,.T.);
#5845 = FACE_BOUND('',#5846,.F.);
#5846 = EDGE_LOOP('',(#5847,#5848,#5849,#5850,#5851,#5852));
#5847 = ORIENTED_EDGE('',*,*,#2724,.T.);
#5848 = ORIENTED_EDGE('',*,*,#2604,.T.);
#5849 = ORIENTED_EDGE('',*,*,#2628,.T.);
#5850 = ORIENTED_EDGE('',*,*,#2652,.T.);
#5851 = ORIENTED_EDGE('',*,*,#2676,.T.);
#5852 = ORIENTED_EDGE('',*,*,#2700,.T.);
#5853 = FACE_BOUND('',#5854,.F.);
#5854 = EDGE_LOOP('',(#5855,#5856,#5857,#5858,#5859,#5860));
#5855 = ORIENTED_EDGE('',*,*,#2292,.T.);
#5856 = ORIENTED_EDGE('',*,*,#2172,.T.);
#5857 = ORIENTED_EDGE('',*,*,#2196,.T.);
#5858 = ORIENTED_EDGE('',*,*,#2220,.T.);
#5859 = ORIENTED_EDGE('',*,*,#2244,.T.);
#5860 = ORIENTED_EDGE('',*,*,#2268,.T.);
#5861 = FACE_BOUND('',#5862,.F.);
#5862 = EDGE_LOOP('',(#5863,#5864,#5865,#5866,#5867,#5868));
#5863 = ORIENTED_EDGE('',*,*,#2148,.T.);
#5864 = ORIENTED_EDGE('',*,*,#2028,.T.);
#5865 = ORIENTED_EDGE('',*,*,#2052,.T.);
#5866 = ORIENTED_EDGE('',*,*,#2076,.T.);
#5867 = ORIENTED_EDGE('',*,*,#2100,.T.);
#5868 = ORIENTED_EDGE('',*,*,#2124,.T.);
#5869 = FACE_BOUND('',#5870,.F.);
#5870 = EDGE_LOOP('',(#5871,#5872,#5873,#5874,#5875,#5876));
#5871 = ORIENTED_EDGE('',*,*,#2580,.T.);
#5872 = ORIENTED_EDGE('',*,*,#2460,.T.);
#5873 = ORIENTED_EDGE('',*,*,#2484,.T.);
#5874 = ORIENTED_EDGE('',*,*,#2508,.T.);
#5875 = ORIENTED_EDGE('',*,*,#2532,.T.);
#5876 = ORIENTED_EDGE('',*,*,#2556,.T.);
#5877 = FACE_BOUND('',#5878,.F.);
#5878 = EDGE_LOOP('',(#5879,#5880,#5881,#5882,#5883,#5884));
#5879 = ORIENTED_EDGE('',*,*,#2436,.T.);
#5880 = ORIENTED_EDGE('',*,*,#2316,.T.);
#5881 = ORIENTED_EDGE('',*,*,#2340,.T.);
#5882 = ORIENTED_EDGE('',*,*,#2364,.T.);
#5883 = ORIENTED_EDGE('',*,*,#2388,.T.);
#5884 = ORIENTED_EDGE('',*,*,#2412,.T.);
#5885 = PLANE('',#5886);
#5886 = AXIS2_PLACEMENT_3D('',#5887,#5888,#5889);
#5887 = CARTESIAN_POINT('',(-80.280446,-26.2,5.));
#5888 = DIRECTION('',(-1.,0.,0.));
#5889 = DIRECTION('',(0.,1.,0.));
#5890 = ADVANCED_FACE('',(#5891),#5952,.F.);
#5891 = FACE_BOUND('',#5892,.T.);
#5892 = EDGE_LOOP('',(#5893,#5902,#5910,#5917,#5918,#5919,#5927,#5934,
    #5935,#5944,#5950,#5951));
#5893 = ORIENTED_EDGE('',*,*,#5894,.T.);
#5894 = EDGE_CURVE('',#5704,#5895,#5897,.T.);
#5895 = VERTEX_POINT('',#5896);
#5896 = CARTESIAN_POINT('',(-78.680446,-26.,8.));
#5897 = CIRCLE('',#5898,1.4);
#5898 = AXIS2_PLACEMENT_3D('',#5899,#5900,#5901);
#5899 = CARTESIAN_POINT('',(-80.080446,-26.,8.));
#5900 = DIRECTION('',(0.,0.,-1.));
#5901 = DIRECTION('',(1.,0.,0.));
#5902 = ORIENTED_EDGE('',*,*,#5903,.T.);
#5903 = EDGE_CURVE('',#5895,#5904,#5906,.T.);
#5904 = VERTEX_POINT('',#5905);
#5905 = CARTESIAN_POINT('',(-78.680446,-26.,56.));
#5906 = LINE('',#5907,#5908);
#5907 = CARTESIAN_POINT('',(-78.680446,-26.,5.));
#5908 = VECTOR('',#5909,1.);
#5909 = DIRECTION('',(0.,0.,1.));
#5910 = ORIENTED_EDGE('',*,*,#5911,.F.);
#5911 = EDGE_CURVE('',#5728,#5904,#5912,.T.);
#5912 = CIRCLE('',#5913,1.4);
#5913 = AXIS2_PLACEMENT_3D('',#5914,#5915,#5916);
#5914 = CARTESIAN_POINT('',(-80.080446,-26.,56.));
#5915 = DIRECTION('',(0.,0.,-1.));
#5916 = DIRECTION('',(1.,0.,0.));
#5917 = ORIENTED_EDGE('',*,*,#5735,.F.);
#5918 = ORIENTED_EDGE('',*,*,#1140,.F.);
#5919 = ORIENTED_EDGE('',*,*,#5920,.T.);
#5920 = EDGE_CURVE('',#1133,#5921,#5923,.T.);
#5921 = VERTEX_POINT('',#5922);
#5922 = CARTESIAN_POINT('',(-78.69480535394,-26.2,56.));
#5923 = LINE('',#5924,#5925);
#5924 = CARTESIAN_POINT('',(-78.69480535394,-26.2,5.));
#5925 = VECTOR('',#5926,1.);
#5926 = DIRECTION('',(-0.,-0.,-1.));
#5927 = ORIENTED_EDGE('',*,*,#5928,.F.);
#5928 = EDGE_CURVE('',#5904,#5921,#5929,.T.);
#5929 = CIRCLE('',#5930,1.4);
#5930 = AXIS2_PLACEMENT_3D('',#5931,#5932,#5933);
#5931 = CARTESIAN_POINT('',(-80.080446,-26.,56.));
#5932 = DIRECTION('',(0.,0.,-1.));
#5933 = DIRECTION('',(1.,0.,0.));
#5934 = ORIENTED_EDGE('',*,*,#5903,.F.);
#5935 = ORIENTED_EDGE('',*,*,#5936,.T.);
#5936 = EDGE_CURVE('',#5895,#5937,#5939,.T.);
#5937 = VERTEX_POINT('',#5938);
#5938 = CARTESIAN_POINT('',(-78.69480535394,-26.2,8.));
#5939 = CIRCLE('',#5940,1.4);
#5940 = AXIS2_PLACEMENT_3D('',#5941,#5942,#5943);
#5941 = CARTESIAN_POINT('',(-80.080446,-26.,8.));
#5942 = DIRECTION('',(0.,0.,-1.));
#5943 = DIRECTION('',(1.,0.,0.));
#5944 = ORIENTED_EDGE('',*,*,#5945,.T.);
#5945 = EDGE_CURVE('',#5937,#884,#5946,.T.);
#5946 = LINE('',#5947,#5948);
#5947 = CARTESIAN_POINT('',(-78.69480535394,-26.2,5.));
#5948 = VECTOR('',#5949,1.);
#5949 = DIRECTION('',(-0.,-0.,-1.));
#5950 = ORIENTED_EDGE('',*,*,#891,.F.);
#5951 = ORIENTED_EDGE('',*,*,#5703,.F.);
#5952 = CYLINDRICAL_SURFACE('',#5953,1.4);
#5953 = AXIS2_PLACEMENT_3D('',#5954,#5955,#5956);
#5954 = CARTESIAN_POINT('',(-80.080446,-26.,5.));
#5955 = DIRECTION('',(-0.,-0.,-1.));
#5956 = DIRECTION('',(1.,0.,0.));
#5957 = ADVANCED_FACE('',(#5958,#6010,#6044,#6078),#6112,.F.);
#5958 = FACE_BOUND('',#5959,.F.);
#5959 = EDGE_LOOP('',(#5960,#5961,#5962,#5970,#5978,#5984,#5985,#5986,
    #5987,#5995,#6003,#6009));
#5960 = ORIENTED_EDGE('',*,*,#883,.F.);
#5961 = ORIENTED_EDGE('',*,*,#4444,.F.);
#5962 = ORIENTED_EDGE('',*,*,#5963,.T.);
#5963 = EDGE_CURVE('',#4445,#5964,#5966,.T.);
#5964 = VERTEX_POINT('',#5965);
#5965 = CARTESIAN_POINT('',(86.926228090581,-26.2,8.));
#5966 = LINE('',#5967,#5968);
#5967 = CARTESIAN_POINT('',(47.519554,-26.2,8.));
#5968 = VECTOR('',#5969,1.);
#5969 = DIRECTION('',(-1.,0.,0.));
#5970 = ORIENTED_EDGE('',*,*,#5971,.F.);
#5971 = EDGE_CURVE('',#5972,#5964,#5974,.T.);
#5972 = VERTEX_POINT('',#5973);
#5973 = CARTESIAN_POINT('',(86.926228090581,-26.2,56.));
#5974 = LINE('',#5975,#5976);
#5975 = CARTESIAN_POINT('',(86.926228090581,-26.2,8.));
#5976 = VECTOR('',#5977,1.);
#5977 = DIRECTION('',(0.,0.,-1.));
#5978 = ORIENTED_EDGE('',*,*,#5979,.F.);
#5979 = EDGE_CURVE('',#4427,#5972,#5980,.T.);
#5980 = LINE('',#5981,#5982);
#5981 = CARTESIAN_POINT('',(45.059777,-26.2,56.));
#5982 = VECTOR('',#5983,1.);
#5983 = DIRECTION('',(-1.,0.,0.));
#5984 = ORIENTED_EDGE('',*,*,#4435,.F.);
#5985 = ORIENTED_EDGE('',*,*,#1132,.F.);
#5986 = ORIENTED_EDGE('',*,*,#5920,.T.);
#5987 = ORIENTED_EDGE('',*,*,#5988,.F.);
#5988 = EDGE_CURVE('',#5989,#5921,#5991,.T.);
#5989 = VERTEX_POINT('',#5990);
#5990 = CARTESIAN_POINT('',(-77.08712009058,-26.2,56.));
#5991 = LINE('',#5992,#5993);
#5992 = CARTESIAN_POINT('',(45.059777,-26.2,56.));
#5993 = VECTOR('',#5994,1.);
#5994 = DIRECTION('',(-1.,0.,0.));
#5995 = ORIENTED_EDGE('',*,*,#5996,.T.);
#5996 = EDGE_CURVE('',#5989,#5997,#5999,.T.);
#5997 = VERTEX_POINT('',#5998);
#5998 = CARTESIAN_POINT('',(-77.08712009058,-26.2,8.));
#5999 = LINE('',#6000,#6001);
#6000 = CARTESIAN_POINT('',(-77.08712009058,-26.2,8.));
#6001 = VECTOR('',#6002,1.);
#6002 = DIRECTION('',(0.,0.,-1.));
#6003 = ORIENTED_EDGE('',*,*,#6004,.T.);
#6004 = EDGE_CURVE('',#5997,#5937,#6005,.T.);
#6005 = LINE('',#6006,#6007);
#6006 = CARTESIAN_POINT('',(47.519554,-26.2,8.));
#6007 = VECTOR('',#6008,1.);
#6008 = DIRECTION('',(-1.,0.,0.));
#6009 = ORIENTED_EDGE('',*,*,#5945,.T.);
#6010 = FACE_BOUND('',#6011,.F.);
#6011 = EDGE_LOOP('',(#6012,#6022,#6030,#6038));
#6012 = ORIENTED_EDGE('',*,*,#6013,.F.);
#6013 = EDGE_CURVE('',#6014,#6016,#6018,.T.);
#6014 = VERTEX_POINT('',#6015);
#6015 = CARTESIAN_POINT('',(0.739719070593,-26.2,38.000000000011));
#6016 = VERTEX_POINT('',#6017);
#6017 = CARTESIAN_POINT('',(-8.070827056773,-26.2,27.500000000006));
#6018 = LINE('',#6019,#6020);
#6019 = CARTESIAN_POINT('',(11.079852476676,-26.2,50.322891134613));
#6020 = VECTOR('',#6021,1.);
#6021 = DIRECTION('',(-0.642787609687,-0.,-0.766044443119));
#6022 = ORIENTED_EDGE('',*,*,#6023,.F.);
#6023 = EDGE_CURVE('',#6024,#6014,#6026,.T.);
#6024 = VERTEX_POINT('',#6025);
#6025 = CARTESIAN_POINT('',(5.935871493302,-26.2,38.000000000011));
#6026 = LINE('',#6027,#6028);
#6027 = CARTESIAN_POINT('',(48.027712746651,-26.2,38.000000000011));
#6028 = VECTOR('',#6029,1.);
#6029 = DIRECTION('',(-1.,0.,0.));
#6030 = ORIENTED_EDGE('',*,*,#6031,.F.);
#6031 = EDGE_CURVE('',#6032,#6024,#6034,.T.);
#6032 = VERTEX_POINT('',#6033);
#6033 = CARTESIAN_POINT('',(-2.874674634064,-26.2,27.500000000006));
#6034 = LINE('',#6035,#6036);
#6035 = CARTESIAN_POINT('',(10.797269329795,-26.2,43.793588336682));
#6036 = VECTOR('',#6037,1.);
#6037 = DIRECTION('',(0.642787609687,0.,0.766044443119));
#6038 = ORIENTED_EDGE('',*,*,#6039,.F.);
#6039 = EDGE_CURVE('',#6016,#6032,#6040,.T.);
#6040 = LINE('',#6041,#6042);
#6041 = CARTESIAN_POINT('',(41.024363471614,-26.2,27.500000000006));
#6042 = VECTOR('',#6043,1.);
#6043 = DIRECTION('',(1.,0.,0.));
#6044 = FACE_BOUND('',#6045,.F.);
#6045 = EDGE_LOOP('',(#6046,#6056,#6064,#6072));
#6046 = ORIENTED_EDGE('',*,*,#6047,.F.);
#6047 = EDGE_CURVE('',#6048,#6050,#6052,.T.);
#6048 = VERTEX_POINT('',#6049);
#6049 = CARTESIAN_POINT('',(12.713782634064,-26.2,27.500000000006));
#6050 = VERTEX_POINT('',#6051);
#6051 = CARTESIAN_POINT('',(3.903236506698,-26.2,17.000000000001));
#6052 = LINE('',#6053,#6054);
#6053 = CARTESIAN_POINT('',(23.165339080203,-26.2,39.955679942894));
#6054 = VECTOR('',#6055,1.);
#6055 = DIRECTION('',(-0.642787609687,-0.,-0.766044443119));
#6056 = ORIENTED_EDGE('',*,*,#6057,.F.);
#6057 = EDGE_CURVE('',#6058,#6048,#6060,.T.);
#6058 = VERTEX_POINT('',#6059);
#6059 = CARTESIAN_POINT('',(17.909935056773,-26.2,27.500000000006));
#6060 = LINE('',#6061,#6062);
#6061 = CARTESIAN_POINT('',(54.014744528386,-26.2,27.500000000006));
#6062 = VECTOR('',#6063,1.);
#6063 = DIRECTION('',(-1.,0.,0.));
#6064 = ORIENTED_EDGE('',*,*,#6065,.F.);
#6065 = EDGE_CURVE('',#6066,#6058,#6068,.T.);
#6066 = VERTEX_POINT('',#6067);
#6067 = CARTESIAN_POINT('',(9.099388929407,-26.2,17.000000000001));
#6068 = LINE('',#6069,#6070);
#6069 = CARTESIAN_POINT('',(22.882755933323,-26.2,33.426377144962));
#6070 = VECTOR('',#6071,1.);
#6071 = DIRECTION('',(0.642787609687,0.,0.766044443119));
#6072 = ORIENTED_EDGE('',*,*,#6073,.F.);
#6073 = EDGE_CURVE('',#6050,#6066,#6074,.T.);
#6074 = LINE('',#6075,#6076);
#6075 = CARTESIAN_POINT('',(47.011395253349,-26.2,17.000000000001));
#6076 = VECTOR('',#6077,1.);
#6077 = DIRECTION('',(1.,0.,0.));
#6078 = FACE_BOUND('',#6079,.F.);
#6079 = EDGE_LOOP('',(#6080,#6090,#6098,#6106));
#6080 = ORIENTED_EDGE('',*,*,#6081,.F.);
#6081 = EDGE_CURVE('',#6082,#6084,#6086,.T.);
#6082 = VERTEX_POINT('',#6083);
#6083 = CARTESIAN_POINT('',(11.132023916011,-26.2,38.000000000011));
#6084 = VERTEX_POINT('',#6085);
#6085 = CARTESIAN_POINT('',(-6.48906833872,-26.2,17.000000000001));
#6086 = LINE('',#6087,#6088);
#6087 = CARTESIAN_POINT('',(19.325232310281,-26.2,47.764285538755));
#6088 = VECTOR('',#6089,1.);
#6089 = DIRECTION('',(-0.642787609687,-0.,-0.766044443119));
#6090 = ORIENTED_EDGE('',*,*,#6091,.F.);
#6091 = EDGE_CURVE('',#6092,#6082,#6094,.T.);
#6092 = VERTEX_POINT('',#6093);
#6093 = CARTESIAN_POINT('',(16.32817633872,-26.2,38.000000000011));
#6094 = LINE('',#6095,#6096);
#6095 = CARTESIAN_POINT('',(53.22386516936,-26.2,38.000000000011));
#6096 = VECTOR('',#6097,1.);
#6097 = DIRECTION('',(-1.,0.,0.));
#6098 = ORIENTED_EDGE('',*,*,#6099,.F.);
#6099 = EDGE_CURVE('',#6100,#6092,#6102,.T.);
#6100 = VERTEX_POINT('',#6101);
#6101 = CARTESIAN_POINT('',(-1.292915916011,-26.2,17.000000000001));
#6102 = LINE('',#6103,#6104);
#6103 = CARTESIAN_POINT('',(14.637376099718,-26.2,35.984982740821));
#6104 = VECTOR('',#6105,1.);
#6105 = DIRECTION('',(0.642787609687,0.,0.766044443119));
#6106 = ORIENTED_EDGE('',*,*,#6107,.F.);
#6107 = EDGE_CURVE('',#6084,#6100,#6108,.T.);
#6108 = LINE('',#6109,#6110);
#6109 = CARTESIAN_POINT('',(41.81524283064,-26.2,17.000000000001));
#6110 = VECTOR('',#6111,1.);
#6111 = DIRECTION('',(1.,0.,0.));
#6112 = PLANE('',#6113);
#6113 = AXIS2_PLACEMENT_3D('',#6114,#6115,#6116);
#6114 = CARTESIAN_POINT('',(90.119554,-26.2,5.));
#6115 = DIRECTION('',(0.,-1.,0.));
#6116 = DIRECTION('',(-1.,0.,0.));
#6117 = ADVANCED_FACE('',(#6118),#6134,.T.);
#6118 = FACE_BOUND('',#6119,.T.);
#6119 = EDGE_LOOP('',(#6120,#6121,#6127,#6128));
#6120 = ORIENTED_EDGE('',*,*,#3326,.F.);
#6121 = ORIENTED_EDGE('',*,*,#6122,.T.);
#6122 = EDGE_CURVE('',#3327,#5485,#6123,.T.);
#6123 = LINE('',#6124,#6125);
#6124 = CARTESIAN_POINT('',(79.919554,89.,53.));
#6125 = VECTOR('',#6126,1.);
#6126 = DIRECTION('',(0.,-1.,2.22044604925E-16));
#6127 = ORIENTED_EDGE('',*,*,#5482,.F.);
#6128 = ORIENTED_EDGE('',*,*,#6129,.F.);
#6129 = EDGE_CURVE('',#3329,#5483,#6130,.T.);
#6130 = LINE('',#6131,#6132);
#6131 = CARTESIAN_POINT('',(48.219554,89.,53.));
#6132 = VECTOR('',#6133,1.);
#6133 = DIRECTION('',(0.,-1.,2.22044604925E-16));
#6134 = PLANE('',#6135);
#6135 = AXIS2_PLACEMENT_3D('',#6136,#6137,#6138);
#6136 = CARTESIAN_POINT('',(79.919554,89.,53.));
#6137 = DIRECTION('',(-0.,-2.22044604925E-16,-1.));
#6138 = DIRECTION('',(-1.,0.,0.));
#6139 = ADVANCED_FACE('',(#6140),#6151,.T.);
#6140 = FACE_BOUND('',#6141,.T.);
#6141 = EDGE_LOOP('',(#6142,#6143,#6144,#6145));
#6142 = ORIENTED_EDGE('',*,*,#3352,.F.);
#6143 = ORIENTED_EDGE('',*,*,#6129,.T.);
#6144 = ORIENTED_EDGE('',*,*,#5492,.F.);
#6145 = ORIENTED_EDGE('',*,*,#6146,.F.);
#6146 = EDGE_CURVE('',#3345,#5493,#6147,.T.);
#6147 = LINE('',#6148,#6149);
#6148 = CARTESIAN_POINT('',(48.219554,89.,45.5));
#6149 = VECTOR('',#6150,1.);
#6150 = DIRECTION('',(0.,-1.,2.22044604925E-16));
#6151 = PLANE('',#6152);
#6152 = AXIS2_PLACEMENT_3D('',#6153,#6154,#6155);
#6153 = CARTESIAN_POINT('',(48.219554,89.,53.));
#6154 = DIRECTION('',(1.,0.,0.));
#6155 = DIRECTION('',(0.,-2.22044604925E-16,-1.));
#6156 = ADVANCED_FACE('',(#6157),#6168,.T.);
#6157 = FACE_BOUND('',#6158,.T.);
#6158 = EDGE_LOOP('',(#6159,#6160,#6161,#6162));
#6159 = ORIENTED_EDGE('',*,*,#3344,.F.);
#6160 = ORIENTED_EDGE('',*,*,#6146,.T.);
#6161 = ORIENTED_EDGE('',*,*,#5500,.F.);
#6162 = ORIENTED_EDGE('',*,*,#6163,.F.);
#6163 = EDGE_CURVE('',#3337,#5501,#6164,.T.);
#6164 = LINE('',#6165,#6166);
#6165 = CARTESIAN_POINT('',(79.919554,89.,45.5));
#6166 = VECTOR('',#6167,1.);
#6167 = DIRECTION('',(0.,-1.,2.22044604925E-16));
#6168 = PLANE('',#6169);
#6169 = AXIS2_PLACEMENT_3D('',#6170,#6171,#6172);
#6170 = CARTESIAN_POINT('',(48.219554,89.,45.5));
#6171 = DIRECTION('',(0.,2.22044604925E-16,1.));
#6172 = DIRECTION('',(1.,0.,0.));
#6173 = ADVANCED_FACE('',(#6174),#6180,.T.);
#6174 = FACE_BOUND('',#6175,.T.);
#6175 = EDGE_LOOP('',(#6176,#6177,#6178,#6179));
#6176 = ORIENTED_EDGE('',*,*,#3336,.F.);
#6177 = ORIENTED_EDGE('',*,*,#6163,.T.);
#6178 = ORIENTED_EDGE('',*,*,#5508,.F.);
#6179 = ORIENTED_EDGE('',*,*,#6122,.F.);
#6180 = PLANE('',#6181);
#6181 = AXIS2_PLACEMENT_3D('',#6182,#6183,#6184);
#6182 = CARTESIAN_POINT('',(79.919554,89.,45.5));
#6183 = DIRECTION('',(-1.,0.,0.));
#6184 = DIRECTION('',(0.,2.22044604925E-16,1.));
#6185 = ADVANCED_FACE('',(#6186),#6202,.T.);
#6186 = FACE_BOUND('',#6187,.T.);
#6187 = EDGE_LOOP('',(#6188,#6189,#6195,#6196));
#6188 = ORIENTED_EDGE('',*,*,#3360,.F.);
#6189 = ORIENTED_EDGE('',*,*,#6190,.T.);
#6190 = EDGE_CURVE('',#3361,#5451,#6191,.T.);
#6191 = LINE('',#6192,#6193);
#6192 = CARTESIAN_POINT('',(41.219554,89.,53.));
#6193 = VECTOR('',#6194,1.);
#6194 = DIRECTION('',(0.,-1.,2.22044604925E-16));
#6195 = ORIENTED_EDGE('',*,*,#5448,.F.);
#6196 = ORIENTED_EDGE('',*,*,#6197,.F.);
#6197 = EDGE_CURVE('',#3363,#5449,#6198,.T.);
#6198 = LINE('',#6199,#6200);
#6199 = CARTESIAN_POINT('',(17.519554,89.,53.));
#6200 = VECTOR('',#6201,1.);
#6201 = DIRECTION('',(0.,-1.,2.22044604925E-16));
#6202 = PLANE('',#6203);
#6203 = AXIS2_PLACEMENT_3D('',#6204,#6205,#6206);
#6204 = CARTESIAN_POINT('',(41.219554,89.,53.));
#6205 = DIRECTION('',(-0.,-2.22044604925E-16,-1.));
#6206 = DIRECTION('',(-1.,0.,0.));
#6207 = ADVANCED_FACE('',(#6208),#6219,.T.);
#6208 = FACE_BOUND('',#6209,.T.);
#6209 = EDGE_LOOP('',(#6210,#6211,#6212,#6213));
#6210 = ORIENTED_EDGE('',*,*,#3386,.F.);
#6211 = ORIENTED_EDGE('',*,*,#6197,.T.);
#6212 = ORIENTED_EDGE('',*,*,#5458,.F.);
#6213 = ORIENTED_EDGE('',*,*,#6214,.F.);
#6214 = EDGE_CURVE('',#3379,#5459,#6215,.T.);
#6215 = LINE('',#6216,#6217);
#6216 = CARTESIAN_POINT('',(17.519554,89.,45.500000000003));
#6217 = VECTOR('',#6218,1.);
#6218 = DIRECTION('',(0.,-1.,2.22044604925E-16));
#6219 = PLANE('',#6220);
#6220 = AXIS2_PLACEMENT_3D('',#6221,#6222,#6223);
#6221 = CARTESIAN_POINT('',(17.519554,89.,53.));
#6222 = DIRECTION('',(1.,0.,0.));
#6223 = DIRECTION('',(0.,-2.22044604925E-16,-1.));
#6224 = ADVANCED_FACE('',(#6225),#6236,.T.);
#6225 = FACE_BOUND('',#6226,.T.);
#6226 = EDGE_LOOP('',(#6227,#6228,#6229,#6230));
#6227 = ORIENTED_EDGE('',*,*,#3378,.F.);
#6228 = ORIENTED_EDGE('',*,*,#6214,.T.);
#6229 = ORIENTED_EDGE('',*,*,#5466,.F.);
#6230 = ORIENTED_EDGE('',*,*,#6231,.F.);
#6231 = EDGE_CURVE('',#3371,#5467,#6232,.T.);
#6232 = LINE('',#6233,#6234);
#6233 = CARTESIAN_POINT('',(41.219554,89.,45.500000000003));
#6234 = VECTOR('',#6235,1.);
#6235 = DIRECTION('',(0.,-1.,2.22044604925E-16));
#6236 = PLANE('',#6237);
#6237 = AXIS2_PLACEMENT_3D('',#6238,#6239,#6240);
#6238 = CARTESIAN_POINT('',(17.519554,89.,45.500000000003));
#6239 = DIRECTION('',(0.,2.22044604925E-16,1.));
#6240 = DIRECTION('',(1.,0.,0.));
#6241 = ADVANCED_FACE('',(#6242),#6248,.T.);
#6242 = FACE_BOUND('',#6243,.T.);
#6243 = EDGE_LOOP('',(#6244,#6245,#6246,#6247));
#6244 = ORIENTED_EDGE('',*,*,#3370,.F.);
#6245 = ORIENTED_EDGE('',*,*,#6231,.T.);
#6246 = ORIENTED_EDGE('',*,*,#5474,.F.);
#6247 = ORIENTED_EDGE('',*,*,#6190,.F.);
#6248 = PLANE('',#6249);
#6249 = AXIS2_PLACEMENT_3D('',#6250,#6251,#6252);
#6250 = CARTESIAN_POINT('',(41.219554,89.,45.500000000003));
#6251 = DIRECTION('',(-1.,0.,0.));
#6252 = DIRECTION('',(0.,2.22044604925E-16,1.));
#6253 = ADVANCED_FACE('',(#6254),#6270,.T.);
#6254 = FACE_BOUND('',#6255,.T.);
#6255 = EDGE_LOOP('',(#6256,#6257,#6263,#6264));
#6256 = ORIENTED_EDGE('',*,*,#3394,.F.);
#6257 = ORIENTED_EDGE('',*,*,#6258,.T.);
#6258 = EDGE_CURVE('',#3395,#5417,#6259,.T.);
#6259 = LINE('',#6260,#6261);
#6260 = CARTESIAN_POINT('',(10.519554000003,89.,53.));
#6261 = VECTOR('',#6262,1.);
#6262 = DIRECTION('',(0.,-1.,2.22044604925E-16));
#6263 = ORIENTED_EDGE('',*,*,#5414,.F.);
#6264 = ORIENTED_EDGE('',*,*,#6265,.F.);
#6265 = EDGE_CURVE('',#3397,#5415,#6266,.T.);
#6266 = LINE('',#6267,#6268);
#6267 = CARTESIAN_POINT('',(-5.680445999997,89.,53.));
#6268 = VECTOR('',#6269,1.);
#6269 = DIRECTION('',(0.,-1.,2.22044604925E-16));
#6270 = PLANE('',#6271);
#6271 = AXIS2_PLACEMENT_3D('',#6272,#6273,#6274);
#6272 = CARTESIAN_POINT('',(10.519554000003,89.,53.));
#6273 = DIRECTION('',(-0.,-2.22044604925E-16,-1.));
#6274 = DIRECTION('',(-1.,0.,0.));
#6275 = ADVANCED_FACE('',(#6276),#6287,.T.);
#6276 = FACE_BOUND('',#6277,.T.);
#6277 = EDGE_LOOP('',(#6278,#6279,#6280,#6281));
#6278 = ORIENTED_EDGE('',*,*,#3420,.F.);
#6279 = ORIENTED_EDGE('',*,*,#6265,.T.);
#6280 = ORIENTED_EDGE('',*,*,#5424,.F.);
#6281 = ORIENTED_EDGE('',*,*,#6282,.F.);
#6282 = EDGE_CURVE('',#3413,#5425,#6283,.T.);
#6283 = LINE('',#6284,#6285);
#6284 = CARTESIAN_POINT('',(-5.680445999997,89.,45.500000000007));
#6285 = VECTOR('',#6286,1.);
#6286 = DIRECTION('',(0.,-1.,2.22044604925E-16));
#6287 = PLANE('',#6288);
#6288 = AXIS2_PLACEMENT_3D('',#6289,#6290,#6291);
#6289 = CARTESIAN_POINT('',(-5.680445999997,89.,53.));
#6290 = DIRECTION('',(1.,0.,0.));
#6291 = DIRECTION('',(0.,-2.22044604925E-16,-1.));
#6292 = ADVANCED_FACE('',(#6293),#6304,.T.);
#6293 = FACE_BOUND('',#6294,.T.);
#6294 = EDGE_LOOP('',(#6295,#6296,#6297,#6298));
#6295 = ORIENTED_EDGE('',*,*,#3412,.F.);
#6296 = ORIENTED_EDGE('',*,*,#6282,.T.);
#6297 = ORIENTED_EDGE('',*,*,#5432,.F.);
#6298 = ORIENTED_EDGE('',*,*,#6299,.F.);
#6299 = EDGE_CURVE('',#3405,#5433,#6300,.T.);
#6300 = LINE('',#6301,#6302);
#6301 = CARTESIAN_POINT('',(10.519554000003,89.,45.500000000007));
#6302 = VECTOR('',#6303,1.);
#6303 = DIRECTION('',(0.,-1.,2.22044604925E-16));
#6304 = PLANE('',#6305);
#6305 = AXIS2_PLACEMENT_3D('',#6306,#6307,#6308);
#6306 = CARTESIAN_POINT('',(-5.680445999997,89.,45.500000000007));
#6307 = DIRECTION('',(0.,2.22044604925E-16,1.));
#6308 = DIRECTION('',(1.,0.,0.));
#6309 = ADVANCED_FACE('',(#6310),#6316,.T.);
#6310 = FACE_BOUND('',#6311,.T.);
#6311 = EDGE_LOOP('',(#6312,#6313,#6314,#6315));
#6312 = ORIENTED_EDGE('',*,*,#3404,.F.);
#6313 = ORIENTED_EDGE('',*,*,#6299,.T.);
#6314 = ORIENTED_EDGE('',*,*,#5440,.F.);
#6315 = ORIENTED_EDGE('',*,*,#6258,.F.);
#6316 = PLANE('',#6317);
#6317 = AXIS2_PLACEMENT_3D('',#6318,#6319,#6320);
#6318 = CARTESIAN_POINT('',(10.519554000003,89.,45.500000000007));
#6319 = DIRECTION('',(-1.,0.,0.));
#6320 = DIRECTION('',(0.,2.22044604925E-16,1.));
#6321 = ADVANCED_FACE('',(#6322),#6333,.F.);
#6322 = FACE_BOUND('',#6323,.T.);
#6323 = EDGE_LOOP('',(#6324,#6330,#6331,#6332));
#6324 = ORIENTED_EDGE('',*,*,#6325,.F.);
#6325 = EDGE_CURVE('',#3429,#5619,#6326,.T.);
#6326 = LINE('',#6327,#6328);
#6327 = CARTESIAN_POINT('',(79.919554,89.,17.));
#6328 = VECTOR('',#6329,1.);
#6329 = DIRECTION('',(0.,-1.,2.22044604925E-16));
#6330 = ORIENTED_EDGE('',*,*,#3428,.F.);
#6331 = ORIENTED_EDGE('',*,*,#6325,.T.);
#6332 = ORIENTED_EDGE('',*,*,#5618,.F.);
#6333 = CYLINDRICAL_SURFACE('',#6334,7.6);
#6334 = AXIS2_PLACEMENT_3D('',#6335,#6336,#6337);
#6335 = CARTESIAN_POINT('',(72.319554,89.,17.));
#6336 = DIRECTION('',(0.,1.,-2.22044604925E-16));
#6337 = DIRECTION('',(1.,0.,0.));
#6338 = ADVANCED_FACE('',(#6339),#6355,.T.);
#6339 = FACE_BOUND('',#6340,.T.);
#6340 = EDGE_LOOP('',(#6341,#6342,#6348,#6349));
#6341 = ORIENTED_EDGE('',*,*,#3439,.F.);
#6342 = ORIENTED_EDGE('',*,*,#6343,.T.);
#6343 = EDGE_CURVE('',#3440,#5587,#6344,.T.);
#6344 = LINE('',#6345,#6346);
#6345 = CARTESIAN_POINT('',(-21.880446,89.,29.5));
#6346 = VECTOR('',#6347,1.);
#6347 = DIRECTION('',(0.,-1.,2.22044604925E-16));
#6348 = ORIENTED_EDGE('',*,*,#5584,.F.);
#6349 = ORIENTED_EDGE('',*,*,#6350,.F.);
#6350 = EDGE_CURVE('',#3442,#5585,#6351,.T.);
#6351 = LINE('',#6352,#6353);
#6352 = CARTESIAN_POINT('',(-38.880446,89.,29.5));
#6353 = VECTOR('',#6354,1.);
#6354 = DIRECTION('',(0.,-1.,2.22044604925E-16));
#6355 = PLANE('',#6356);
#6356 = AXIS2_PLACEMENT_3D('',#6357,#6358,#6359);
#6357 = CARTESIAN_POINT('',(-21.880446,89.,29.5));
#6358 = DIRECTION('',(-0.,-2.22044604925E-16,-1.));
#6359 = DIRECTION('',(-1.,0.,0.));
#6360 = ADVANCED_FACE('',(#6361),#6372,.T.);
#6361 = FACE_BOUND('',#6362,.T.);
#6362 = EDGE_LOOP('',(#6363,#6364,#6370,#6371));
#6363 = ORIENTED_EDGE('',*,*,#3449,.F.);
#6364 = ORIENTED_EDGE('',*,*,#6365,.T.);
#6365 = EDGE_CURVE('',#3450,#5603,#6366,.T.);
#6366 = LINE('',#6367,#6368);
#6367 = CARTESIAN_POINT('',(-21.880446,89.,12.));
#6368 = VECTOR('',#6369,1.);
#6369 = DIRECTION('',(0.,-1.,2.22044604925E-16));
#6370 = ORIENTED_EDGE('',*,*,#5610,.F.);
#6371 = ORIENTED_EDGE('',*,*,#6343,.F.);
#6372 = PLANE('',#6373);
#6373 = AXIS2_PLACEMENT_3D('',#6374,#6375,#6376);
#6374 = CARTESIAN_POINT('',(-21.880446,89.,12.));
#6375 = DIRECTION('',(-1.,0.,0.));
#6376 = DIRECTION('',(0.,2.22044604925E-16,1.));
#6377 = ADVANCED_FACE('',(#6378),#6389,.T.);
#6378 = FACE_BOUND('',#6379,.T.);
#6379 = EDGE_LOOP('',(#6380,#6381,#6382,#6383));
#6380 = ORIENTED_EDGE('',*,*,#3465,.F.);
#6381 = ORIENTED_EDGE('',*,*,#6350,.T.);
#6382 = ORIENTED_EDGE('',*,*,#5594,.F.);
#6383 = ORIENTED_EDGE('',*,*,#6384,.F.);
#6384 = EDGE_CURVE('',#3458,#5595,#6385,.T.);
#6385 = LINE('',#6386,#6387);
#6386 = CARTESIAN_POINT('',(-38.880446,89.,12.));
#6387 = VECTOR('',#6388,1.);
#6388 = DIRECTION('',(0.,-1.,2.22044604925E-16));
#6389 = PLANE('',#6390);
#6390 = AXIS2_PLACEMENT_3D('',#6391,#6392,#6393);
#6391 = CARTESIAN_POINT('',(-38.880446,89.,29.5));
#6392 = DIRECTION('',(1.,0.,0.));
#6393 = DIRECTION('',(0.,-2.22044604925E-16,-1.));
#6394 = ADVANCED_FACE('',(#6395),#6401,.T.);
#6395 = FACE_BOUND('',#6396,.T.);
#6396 = EDGE_LOOP('',(#6397,#6398,#6399,#6400));
#6397 = ORIENTED_EDGE('',*,*,#3457,.F.);
#6398 = ORIENTED_EDGE('',*,*,#6384,.T.);
#6399 = ORIENTED_EDGE('',*,*,#5602,.F.);
#6400 = ORIENTED_EDGE('',*,*,#6365,.F.);
#6401 = PLANE('',#6402);
#6402 = AXIS2_PLACEMENT_3D('',#6403,#6404,#6405);
#6403 = CARTESIAN_POINT('',(-38.880446,89.,12.));
#6404 = DIRECTION('',(0.,2.22044604925E-16,1.));
#6405 = DIRECTION('',(1.,0.,0.));
#6406 = ADVANCED_FACE('',(#6407),#6423,.T.);
#6407 = FACE_BOUND('',#6408,.T.);
#6408 = EDGE_LOOP('',(#6409,#6410,#6416,#6417));
#6409 = ORIENTED_EDGE('',*,*,#3473,.F.);
#6410 = ORIENTED_EDGE('',*,*,#6411,.T.);
#6411 = EDGE_CURVE('',#3474,#5553,#6412,.T.);
#6412 = LINE('',#6413,#6414);
#6413 = CARTESIAN_POINT('',(-40.180446,89.,29.5));
#6414 = VECTOR('',#6415,1.);
#6415 = DIRECTION('',(0.,-1.,2.22044604925E-16));
#6416 = ORIENTED_EDGE('',*,*,#5550,.F.);
#6417 = ORIENTED_EDGE('',*,*,#6418,.F.);
#6418 = EDGE_CURVE('',#3476,#5551,#6419,.T.);
#6419 = LINE('',#6420,#6421);
#6420 = CARTESIAN_POINT('',(-57.180446,89.,29.5));
#6421 = VECTOR('',#6422,1.);
#6422 = DIRECTION('',(0.,-1.,2.22044604925E-16));
#6423 = PLANE('',#6424);
#6424 = AXIS2_PLACEMENT_3D('',#6425,#6426,#6427);
#6425 = CARTESIAN_POINT('',(-40.180446,89.,29.5));
#6426 = DIRECTION('',(-0.,-2.22044604925E-16,-1.));
#6427 = DIRECTION('',(-1.,0.,0.));
#6428 = ADVANCED_FACE('',(#6429),#6440,.T.);
#6429 = FACE_BOUND('',#6430,.T.);
#6430 = EDGE_LOOP('',(#6431,#6432,#6438,#6439));
#6431 = ORIENTED_EDGE('',*,*,#3483,.F.);
#6432 = ORIENTED_EDGE('',*,*,#6433,.T.);
#6433 = EDGE_CURVE('',#3484,#5569,#6434,.T.);
#6434 = LINE('',#6435,#6436);
#6435 = CARTESIAN_POINT('',(-40.180446,89.,12.));
#6436 = VECTOR('',#6437,1.);
#6437 = DIRECTION('',(0.,-1.,2.22044604925E-16));
#6438 = ORIENTED_EDGE('',*,*,#5576,.F.);
#6439 = ORIENTED_EDGE('',*,*,#6411,.F.);
#6440 = PLANE('',#6441);
#6441 = AXIS2_PLACEMENT_3D('',#6442,#6443,#6444);
#6442 = CARTESIAN_POINT('',(-40.180446,89.,12.));
#6443 = DIRECTION('',(-1.,0.,0.));
#6444 = DIRECTION('',(0.,2.22044604925E-16,1.));
#6445 = ADVANCED_FACE('',(#6446),#6457,.T.);
#6446 = FACE_BOUND('',#6447,.T.);
#6447 = EDGE_LOOP('',(#6448,#6449,#6450,#6451));
#6448 = ORIENTED_EDGE('',*,*,#3499,.F.);
#6449 = ORIENTED_EDGE('',*,*,#6418,.T.);
#6450 = ORIENTED_EDGE('',*,*,#5560,.F.);
#6451 = ORIENTED_EDGE('',*,*,#6452,.F.);
#6452 = EDGE_CURVE('',#3492,#5561,#6453,.T.);
#6453 = LINE('',#6454,#6455);
#6454 = CARTESIAN_POINT('',(-57.180446,89.,12.));
#6455 = VECTOR('',#6456,1.);
#6456 = DIRECTION('',(0.,-1.,2.22044604925E-16));
#6457 = PLANE('',#6458);
#6458 = AXIS2_PLACEMENT_3D('',#6459,#6460,#6461);
#6459 = CARTESIAN_POINT('',(-57.180446,89.,29.5));
#6460 = DIRECTION('',(1.,0.,0.));
#6461 = DIRECTION('',(0.,-2.22044604925E-16,-1.));
#6462 = ADVANCED_FACE('',(#6463),#6469,.T.);
#6463 = FACE_BOUND('',#6464,.T.);
#6464 = EDGE_LOOP('',(#6465,#6466,#6467,#6468));
#6465 = ORIENTED_EDGE('',*,*,#3491,.F.);
#6466 = ORIENTED_EDGE('',*,*,#6452,.T.);
#6467 = ORIENTED_EDGE('',*,*,#5568,.F.);
#6468 = ORIENTED_EDGE('',*,*,#6433,.F.);
#6469 = PLANE('',#6470);
#6470 = AXIS2_PLACEMENT_3D('',#6471,#6472,#6473);
#6471 = CARTESIAN_POINT('',(-57.180446,89.,12.));
#6472 = DIRECTION('',(0.,2.22044604925E-16,1.));
#6473 = DIRECTION('',(1.,0.,0.));
#6474 = ADVANCED_FACE('',(#6475),#6491,.T.);
#6475 = FACE_BOUND('',#6476,.T.);
#6476 = EDGE_LOOP('',(#6477,#6478,#6484,#6485));
#6477 = ORIENTED_EDGE('',*,*,#3507,.F.);
#6478 = ORIENTED_EDGE('',*,*,#6479,.T.);
#6479 = EDGE_CURVE('',#3508,#5519,#6480,.T.);
#6480 = LINE('',#6481,#6482);
#6481 = CARTESIAN_POINT('',(-58.480446,89.,29.5));
#6482 = VECTOR('',#6483,1.);
#6483 = DIRECTION('',(0.,-1.,2.22044604925E-16));
#6484 = ORIENTED_EDGE('',*,*,#5516,.F.);
#6485 = ORIENTED_EDGE('',*,*,#6486,.F.);
#6486 = EDGE_CURVE('',#3510,#5517,#6487,.T.);
#6487 = LINE('',#6488,#6489);
#6488 = CARTESIAN_POINT('',(-75.480446,89.,29.5));
#6489 = VECTOR('',#6490,1.);
#6490 = DIRECTION('',(0.,-1.,2.22044604925E-16));
#6491 = PLANE('',#6492);
#6492 = AXIS2_PLACEMENT_3D('',#6493,#6494,#6495);
#6493 = CARTESIAN_POINT('',(-58.480446,89.,29.5));
#6494 = DIRECTION('',(-0.,-2.22044604925E-16,-1.));
#6495 = DIRECTION('',(-1.,0.,0.));
#6496 = ADVANCED_FACE('',(#6497),#6508,.T.);
#6497 = FACE_BOUND('',#6498,.T.);
#6498 = EDGE_LOOP('',(#6499,#6500,#6506,#6507));
#6499 = ORIENTED_EDGE('',*,*,#3517,.F.);
#6500 = ORIENTED_EDGE('',*,*,#6501,.T.);
#6501 = EDGE_CURVE('',#3518,#5535,#6502,.T.);
#6502 = LINE('',#6503,#6504);
#6503 = CARTESIAN_POINT('',(-58.480446,89.,12.));
#6504 = VECTOR('',#6505,1.);
#6505 = DIRECTION('',(0.,-1.,2.22044604925E-16));
#6506 = ORIENTED_EDGE('',*,*,#5542,.F.);
#6507 = ORIENTED_EDGE('',*,*,#6479,.F.);
#6508 = PLANE('',#6509);
#6509 = AXIS2_PLACEMENT_3D('',#6510,#6511,#6512);
#6510 = CARTESIAN_POINT('',(-58.480446,89.,12.));
#6511 = DIRECTION('',(-1.,0.,0.));
#6512 = DIRECTION('',(0.,2.22044604925E-16,1.));
#6513 = ADVANCED_FACE('',(#6514),#6525,.T.);
#6514 = FACE_BOUND('',#6515,.T.);
#6515 = EDGE_LOOP('',(#6516,#6517,#6518,#6519));
#6516 = ORIENTED_EDGE('',*,*,#3533,.F.);
#6517 = ORIENTED_EDGE('',*,*,#6486,.T.);
#6518 = ORIENTED_EDGE('',*,*,#5526,.F.);
#6519 = ORIENTED_EDGE('',*,*,#6520,.F.);
#6520 = EDGE_CURVE('',#3526,#5527,#6521,.T.);
#6521 = LINE('',#6522,#6523);
#6522 = CARTESIAN_POINT('',(-75.480446,89.,12.));
#6523 = VECTOR('',#6524,1.);
#6524 = DIRECTION('',(0.,-1.,2.22044604925E-16));
#6525 = PLANE('',#6526);
#6526 = AXIS2_PLACEMENT_3D('',#6527,#6528,#6529);
#6527 = CARTESIAN_POINT('',(-75.480446,89.,29.5));
#6528 = DIRECTION('',(1.,0.,0.));
#6529 = DIRECTION('',(0.,-2.22044604925E-16,-1.));
#6530 = ADVANCED_FACE('',(#6531),#6537,.T.);
#6531 = FACE_BOUND('',#6532,.T.);
#6532 = EDGE_LOOP('',(#6533,#6534,#6535,#6536));
#6533 = ORIENTED_EDGE('',*,*,#3525,.F.);
#6534 = ORIENTED_EDGE('',*,*,#6520,.T.);
#6535 = ORIENTED_EDGE('',*,*,#5534,.F.);
#6536 = ORIENTED_EDGE('',*,*,#6501,.F.);
#6537 = PLANE('',#6538);
#6538 = AXIS2_PLACEMENT_3D('',#6539,#6540,#6541);
#6539 = CARTESIAN_POINT('',(-75.480446,89.,12.));
#6540 = DIRECTION('',(0.,2.22044604925E-16,1.));
#6541 = DIRECTION('',(1.,0.,0.));
#6542 = ADVANCED_FACE('',(#6543),#6568,.F.);
#6543 = FACE_BOUND('',#6544,.F.);
#6544 = EDGE_LOOP('',(#6545,#6553,#6561,#6567));
#6545 = ORIENTED_EDGE('',*,*,#6546,.T.);
#6546 = EDGE_CURVE('',#3559,#6547,#6549,.T.);
#6547 = VERTEX_POINT('',#6548);
#6548 = CARTESIAN_POINT('',(23.106087479479,-28.,16.999999999995));
#6549 = LINE('',#6550,#6551);
#6550 = CARTESIAN_POINT('',(23.106087479479,-31.,16.999999999995));
#6551 = VECTOR('',#6552,1.);
#6552 = DIRECTION('',(0.,1.,-2.22044604925E-16));
#6553 = ORIENTED_EDGE('',*,*,#6554,.T.);
#6554 = EDGE_CURVE('',#6547,#6555,#6557,.T.);
#6555 = VERTEX_POINT('',#6556);
#6556 = CARTESIAN_POINT('',(23.106087479474,-28.,37.999999999999));
#6557 = LINE('',#6558,#6559);
#6558 = CARTESIAN_POINT('',(23.106087479479,-28.,16.999999999995));
#6559 = VECTOR('',#6560,1.);
#6560 = DIRECTION('',(-2.084258691563E-13,2.22044604925E-16,1.));
#6561 = ORIENTED_EDGE('',*,*,#6562,.F.);
#6562 = EDGE_CURVE('',#3561,#6555,#6563,.T.);
#6563 = LINE('',#6564,#6565);
#6564 = CARTESIAN_POINT('',(23.106087479474,-31.,37.999999999999));
#6565 = VECTOR('',#6566,1.);
#6566 = DIRECTION('',(0.,1.,-2.22044604925E-16));
#6567 = ORIENTED_EDGE('',*,*,#3558,.F.);
#6568 = PLANE('',#6569);
#6569 = AXIS2_PLACEMENT_3D('',#6570,#6571,#6572);
#6570 = CARTESIAN_POINT('',(23.106087479479,-31.,16.999999999995));
#6571 = DIRECTION('',(1.,4.627983977296E-29,2.084258691563E-13));
#6572 = DIRECTION('',(-2.084258691563E-13,2.22044604925E-16,1.));
#6573 = ADVANCED_FACE('',(#6574),#6592,.F.);
#6574 = FACE_BOUND('',#6575,.F.);
#6575 = EDGE_LOOP('',(#6576,#6584,#6590,#6591));
#6576 = ORIENTED_EDGE('',*,*,#6577,.T.);
#6577 = EDGE_CURVE('',#3593,#6578,#6580,.T.);
#6578 = VERTEX_POINT('',#6579);
#6579 = CARTESIAN_POINT('',(4.919553999998,-28.,6.5));
#6580 = LINE('',#6581,#6582);
#6581 = CARTESIAN_POINT('',(4.919553999998,-31.,6.5));
#6582 = VECTOR('',#6583,1.);
#6583 = DIRECTION('',(0.,1.,-2.22044604925E-16));
#6584 = ORIENTED_EDGE('',*,*,#6585,.T.);
#6585 = EDGE_CURVE('',#6578,#6547,#6586,.T.);
#6586 = LINE('',#6587,#6588);
#6587 = CARTESIAN_POINT('',(4.919553999998,-28.,6.5));
#6588 = VECTOR('',#6589,1.);
#6589 = DIRECTION('',(0.866025403785,1.110223024624E-16,0.5));
#6590 = ORIENTED_EDGE('',*,*,#6546,.F.);
#6591 = ORIENTED_EDGE('',*,*,#3600,.F.);
#6592 = PLANE('',#6593);
#6593 = AXIS2_PLACEMENT_3D('',#6594,#6595,#6596);
#6594 = CARTESIAN_POINT('',(4.919553999998,-31.,6.5));
#6595 = DIRECTION('',(0.5,-1.922962686384E-16,-0.866025403785));
#6596 = DIRECTION('',(0.866025403785,1.110223024624E-16,0.5));
#6597 = ADVANCED_FACE('',(#6598),#6616,.F.);
#6598 = FACE_BOUND('',#6599,.F.);
#6599 = EDGE_LOOP('',(#6600,#6608,#6614,#6615));
#6600 = ORIENTED_EDGE('',*,*,#6601,.T.);
#6601 = EDGE_CURVE('',#3585,#6602,#6604,.T.);
#6602 = VERTEX_POINT('',#6603);
#6603 = CARTESIAN_POINT('',(-13.26697947947,-28.,17.000000000001));
#6604 = LINE('',#6605,#6606);
#6605 = CARTESIAN_POINT('',(-13.26697947947,-31.,17.000000000001));
#6606 = VECTOR('',#6607,1.);
#6607 = DIRECTION('',(0.,1.,-2.22044604925E-16));
#6608 = ORIENTED_EDGE('',*,*,#6609,.T.);
#6609 = EDGE_CURVE('',#6602,#6578,#6610,.T.);
#6610 = LINE('',#6611,#6612);
#6611 = CARTESIAN_POINT('',(-13.26697947947,-28.,17.000000000001));
#6612 = VECTOR('',#6613,1.);
#6613 = DIRECTION('',(0.866025403784,-1.110223024625E-16,-0.5));
#6614 = ORIENTED_EDGE('',*,*,#6577,.F.);
#6615 = ORIENTED_EDGE('',*,*,#3592,.F.);
#6616 = PLANE('',#6617);
#6617 = AXIS2_PLACEMENT_3D('',#6618,#6619,#6620);
#6618 = CARTESIAN_POINT('',(-13.26697947947,-31.,17.000000000001));
#6619 = DIRECTION('',(-0.5,-1.922962686384E-16,-0.866025403784));
#6620 = DIRECTION('',(0.866025403784,-1.110223024625E-16,-0.5));
#6621 = ADVANCED_FACE('',(#6622),#6640,.F.);
#6622 = FACE_BOUND('',#6623,.F.);
#6623 = EDGE_LOOP('',(#6624,#6632,#6638,#6639));
#6624 = ORIENTED_EDGE('',*,*,#6625,.T.);
#6625 = EDGE_CURVE('',#3577,#6626,#6628,.T.);
#6626 = VERTEX_POINT('',#6627);
#6627 = CARTESIAN_POINT('',(-13.26697947948,-28.,38.000000000011));
#6628 = LINE('',#6629,#6630);
#6629 = CARTESIAN_POINT('',(-13.26697947948,-31.,38.000000000011));
#6630 = VECTOR('',#6631,1.);
#6631 = DIRECTION('',(0.,1.,-2.22044604925E-16));
#6632 = ORIENTED_EDGE('',*,*,#6633,.T.);
#6633 = EDGE_CURVE('',#6626,#6602,#6634,.T.);
#6634 = LINE('',#6635,#6636);
#6635 = CARTESIAN_POINT('',(-13.26697947948,-28.,38.000000000011));
#6636 = VECTOR('',#6637,1.);
#6637 = DIRECTION('',(2.318568617521E-13,-2.22044604925E-16,-1.));
#6638 = ORIENTED_EDGE('',*,*,#6601,.F.);
#6639 = ORIENTED_EDGE('',*,*,#3584,.F.);
#6640 = PLANE('',#6641);
#6641 = AXIS2_PLACEMENT_3D('',#6642,#6643,#6644);
#6642 = CARTESIAN_POINT('',(-13.26697947948,-31.,38.000000000011));
#6643 = DIRECTION('',(-1.,-5.14825652669E-29,-2.318568617521E-13));
#6644 = DIRECTION('',(2.318568617521E-13,-2.22044604925E-16,-1.));
#6645 = ADVANCED_FACE('',(#6646),#6664,.F.);
#6646 = FACE_BOUND('',#6647,.F.);
#6647 = EDGE_LOOP('',(#6648,#6656,#6662,#6663));
#6648 = ORIENTED_EDGE('',*,*,#6649,.T.);
#6649 = EDGE_CURVE('',#3569,#6650,#6652,.T.);
#6650 = VERTEX_POINT('',#6651);
#6651 = CARTESIAN_POINT('',(4.919554,-28.,48.499999999999));
#6652 = LINE('',#6653,#6654);
#6653 = CARTESIAN_POINT('',(4.919554,-31.,48.499999999999));
#6654 = VECTOR('',#6655,1.);
#6655 = DIRECTION('',(0.,1.,-2.22044604925E-16));
#6656 = ORIENTED_EDGE('',*,*,#6657,.T.);
#6657 = EDGE_CURVE('',#6650,#6626,#6658,.T.);
#6658 = LINE('',#6659,#6660);
#6659 = CARTESIAN_POINT('',(4.919554,-28.,48.499999999999));
#6660 = VECTOR('',#6661,1.);
#6661 = DIRECTION('',(-0.866025403785,-1.110223024624E-16,
    -0.499999999999));
#6662 = ORIENTED_EDGE('',*,*,#6625,.F.);
#6663 = ORIENTED_EDGE('',*,*,#3576,.F.);
#6664 = PLANE('',#6665);
#6665 = AXIS2_PLACEMENT_3D('',#6666,#6667,#6668);
#6666 = CARTESIAN_POINT('',(4.919554,-31.,48.499999999999));
#6667 = DIRECTION('',(-0.499999999999,1.922962686384E-16,0.866025403785)
  );
#6668 = DIRECTION('',(-0.866025403785,-1.110223024624E-16,
    -0.499999999999));
#6669 = ADVANCED_FACE('',(#6670),#6681,.F.);
#6670 = FACE_BOUND('',#6671,.F.);
#6671 = EDGE_LOOP('',(#6672,#6673,#6679,#6680));
#6672 = ORIENTED_EDGE('',*,*,#6562,.T.);
#6673 = ORIENTED_EDGE('',*,*,#6674,.T.);
#6674 = EDGE_CURVE('',#6555,#6650,#6675,.T.);
#6675 = LINE('',#6676,#6677);
#6676 = CARTESIAN_POINT('',(23.106087479474,-28.,37.999999999999));
#6677 = VECTOR('',#6678,1.);
#6678 = DIRECTION('',(-0.866025403784,1.110223024625E-16,0.5));
#6679 = ORIENTED_EDGE('',*,*,#6649,.F.);
#6680 = ORIENTED_EDGE('',*,*,#3568,.F.);
#6681 = PLANE('',#6682);
#6682 = AXIS2_PLACEMENT_3D('',#6683,#6684,#6685);
#6683 = CARTESIAN_POINT('',(23.106087479474,-31.,37.999999999999));
#6684 = DIRECTION('',(0.5,1.922962686384E-16,0.866025403784));
#6685 = DIRECTION('',(-0.866025403784,1.110223024625E-16,0.5));
#6686 = ADVANCED_FACE('',(#6687),#6703,.T.);
#6687 = FACE_BOUND('',#6688,.T.);
#6688 = EDGE_LOOP('',(#6689,#6690,#6696,#6697));
#6689 = ORIENTED_EDGE('',*,*,#4809,.T.);
#6690 = ORIENTED_EDGE('',*,*,#6691,.T.);
#6691 = EDGE_CURVE('',#4810,#3655,#6692,.T.);
#6692 = LINE('',#6693,#6694);
#6693 = CARTESIAN_POINT('',(-85.080446,4.196136237003,38.392304845413));
#6694 = VECTOR('',#6695,1.);
#6695 = DIRECTION('',(1.,0.,0.));
#6696 = ORIENTED_EDGE('',*,*,#3654,.T.);
#6697 = ORIENTED_EDGE('',*,*,#6698,.F.);
#6698 = EDGE_CURVE('',#4802,#3657,#6699,.T.);
#6699 = LINE('',#6700,#6701);
#6700 = CARTESIAN_POINT('',(-85.080446,4.196136237003,44.392304845413));
#6701 = VECTOR('',#6702,1.);
#6702 = DIRECTION('',(1.,0.,0.));
#6703 = PLANE('',#6704);
#6704 = AXIS2_PLACEMENT_3D('',#6705,#6706,#6707);
#6705 = CARTESIAN_POINT('',(-85.080446,4.196136237003,38.392304845413));
#6706 = DIRECTION('',(0.,-1.,-2.960594732334E-16));
#6707 = DIRECTION('',(0.,-2.960594732334E-16,1.));
#6708 = ADVANCED_FACE('',(#6709),#6720,.T.);
#6709 = FACE_BOUND('',#6710,.T.);
#6710 = EDGE_LOOP('',(#6711,#6712,#6718,#6719));
#6711 = ORIENTED_EDGE('',*,*,#4817,.T.);
#6712 = ORIENTED_EDGE('',*,*,#6713,.T.);
#6713 = EDGE_CURVE('',#4818,#3689,#6714,.T.);
#6714 = LINE('',#6715,#6716);
#6715 = CARTESIAN_POINT('',(-85.080446,-1.000016185704,35.392304845413)
  );
#6716 = VECTOR('',#6717,1.);
#6717 = DIRECTION('',(1.,0.,0.));
#6718 = ORIENTED_EDGE('',*,*,#3696,.T.);
#6719 = ORIENTED_EDGE('',*,*,#6691,.F.);
#6720 = PLANE('',#6721);
#6721 = AXIS2_PLACEMENT_3D('',#6722,#6723,#6724);
#6722 = CARTESIAN_POINT('',(-85.080446,-1.000016185704,35.392304845413)
  );
#6723 = DIRECTION('',(0.,-0.5,0.866025403784));
#6724 = DIRECTION('',(0.,0.866025403784,0.5));
#6725 = ADVANCED_FACE('',(#6726),#6737,.T.);
#6726 = FACE_BOUND('',#6727,.T.);
#6727 = EDGE_LOOP('',(#6728,#6729,#6735,#6736));
#6728 = ORIENTED_EDGE('',*,*,#4825,.T.);
#6729 = ORIENTED_EDGE('',*,*,#6730,.T.);
#6730 = EDGE_CURVE('',#4826,#3681,#6731,.T.);
#6731 = LINE('',#6732,#6733);
#6732 = CARTESIAN_POINT('',(-85.080446,-6.19616860841,38.392304845413));
#6733 = VECTOR('',#6734,1.);
#6734 = DIRECTION('',(1.,0.,0.));
#6735 = ORIENTED_EDGE('',*,*,#3688,.T.);
#6736 = ORIENTED_EDGE('',*,*,#6713,.F.);
#6737 = PLANE('',#6738);
#6738 = AXIS2_PLACEMENT_3D('',#6739,#6740,#6741);
#6739 = CARTESIAN_POINT('',(-85.080446,-6.19616860841,38.392304845413));
#6740 = DIRECTION('',(0.,0.5,0.866025403784));
#6741 = DIRECTION('',(0.,0.866025403784,-0.5));
#6742 = ADVANCED_FACE('',(#6743),#6754,.T.);
#6743 = FACE_BOUND('',#6744,.T.);
#6744 = EDGE_LOOP('',(#6745,#6746,#6752,#6753));
#6745 = ORIENTED_EDGE('',*,*,#4833,.T.);
#6746 = ORIENTED_EDGE('',*,*,#6747,.T.);
#6747 = EDGE_CURVE('',#4792,#3673,#6748,.T.);
#6748 = LINE('',#6749,#6750);
#6749 = CARTESIAN_POINT('',(-85.080446,-6.19616860841,44.392304845413));
#6750 = VECTOR('',#6751,1.);
#6751 = DIRECTION('',(1.,0.,0.));
#6752 = ORIENTED_EDGE('',*,*,#3680,.T.);
#6753 = ORIENTED_EDGE('',*,*,#6730,.F.);
#6754 = PLANE('',#6755);
#6755 = AXIS2_PLACEMENT_3D('',#6756,#6757,#6758);
#6756 = CARTESIAN_POINT('',(-85.080446,-6.19616860841,44.392304845413));
#6757 = DIRECTION('',(0.,1.,2.960594732334E-16));
#6758 = DIRECTION('',(0.,2.960594732334E-16,-1.));
#6759 = ADVANCED_FACE('',(#6760),#6771,.T.);
#6760 = FACE_BOUND('',#6761,.T.);
#6761 = EDGE_LOOP('',(#6762,#6763,#6769,#6770));
#6762 = ORIENTED_EDGE('',*,*,#4791,.T.);
#6763 = ORIENTED_EDGE('',*,*,#6764,.T.);
#6764 = EDGE_CURVE('',#4794,#3665,#6765,.T.);
#6765 = LINE('',#6766,#6767);
#6766 = CARTESIAN_POINT('',(-85.080446,-1.000016185704,47.392304845413)
  );
#6767 = VECTOR('',#6768,1.);
#6768 = DIRECTION('',(1.,0.,0.));
#6769 = ORIENTED_EDGE('',*,*,#3672,.T.);
#6770 = ORIENTED_EDGE('',*,*,#6747,.F.);
#6771 = PLANE('',#6772);
#6772 = AXIS2_PLACEMENT_3D('',#6773,#6774,#6775);
#6773 = CARTESIAN_POINT('',(-85.080446,-1.000016185704,47.392304845413)
  );
#6774 = DIRECTION('',(0.,0.5,-0.866025403784));
#6775 = DIRECTION('',(0.,-0.866025403784,-0.5));
#6776 = ADVANCED_FACE('',(#6777),#6783,.T.);
#6777 = FACE_BOUND('',#6778,.T.);
#6778 = EDGE_LOOP('',(#6779,#6780,#6781,#6782));
#6779 = ORIENTED_EDGE('',*,*,#4801,.T.);
#6780 = ORIENTED_EDGE('',*,*,#6698,.T.);
#6781 = ORIENTED_EDGE('',*,*,#3664,.T.);
#6782 = ORIENTED_EDGE('',*,*,#6764,.F.);
#6783 = PLANE('',#6784);
#6784 = AXIS2_PLACEMENT_3D('',#6785,#6786,#6787);
#6785 = CARTESIAN_POINT('',(-85.080446,4.196136237003,44.392304845413));
#6786 = DIRECTION('',(0.,-0.5,-0.866025403784));
#6787 = DIRECTION('',(0.,-0.866025403784,0.5));
#6788 = ADVANCED_FACE('',(#6789),#6805,.T.);
#6789 = FACE_BOUND('',#6790,.T.);
#6790 = EDGE_LOOP('',(#6791,#6792,#6798,#6799));
#6791 = ORIENTED_EDGE('',*,*,#4759,.T.);
#6792 = ORIENTED_EDGE('',*,*,#6793,.T.);
#6793 = EDGE_CURVE('',#4760,#3705,#6794,.T.);
#6794 = LINE('',#6795,#6796);
#6795 = CARTESIAN_POINT('',(-85.080446,16.196136237003,38.392304845413)
  );
#6796 = VECTOR('',#6797,1.);
#6797 = DIRECTION('',(1.,0.,0.));
#6798 = ORIENTED_EDGE('',*,*,#3704,.T.);
#6799 = ORIENTED_EDGE('',*,*,#6800,.F.);
#6800 = EDGE_CURVE('',#4752,#3707,#6801,.T.);
#6801 = LINE('',#6802,#6803);
#6802 = CARTESIAN_POINT('',(-85.080446,16.196136237003,44.392304845413)
  );
#6803 = VECTOR('',#6804,1.);
#6804 = DIRECTION('',(1.,0.,0.));
#6805 = PLANE('',#6806);
#6806 = AXIS2_PLACEMENT_3D('',#6807,#6808,#6809);
#6807 = CARTESIAN_POINT('',(-85.080446,16.196136237003,38.392304845413)
  );
#6808 = DIRECTION('',(0.,-1.,0.));
#6809 = DIRECTION('',(0.,0.,1.));
#6810 = ADVANCED_FACE('',(#6811),#6822,.T.);
#6811 = FACE_BOUND('',#6812,.T.);
#6812 = EDGE_LOOP('',(#6813,#6814,#6820,#6821));
#6813 = ORIENTED_EDGE('',*,*,#4767,.T.);
#6814 = ORIENTED_EDGE('',*,*,#6815,.T.);
#6815 = EDGE_CURVE('',#4768,#3739,#6816,.T.);
#6816 = LINE('',#6817,#6818);
#6817 = CARTESIAN_POINT('',(-85.080446,10.999983814296,35.392304845413)
  );
#6818 = VECTOR('',#6819,1.);
#6819 = DIRECTION('',(1.,0.,0.));
#6820 = ORIENTED_EDGE('',*,*,#3746,.T.);
#6821 = ORIENTED_EDGE('',*,*,#6793,.F.);
#6822 = PLANE('',#6823);
#6823 = AXIS2_PLACEMENT_3D('',#6824,#6825,#6826);
#6824 = CARTESIAN_POINT('',(-85.080446,10.999983814296,35.392304845413)
  );
#6825 = DIRECTION('',(0.,-0.5,0.866025403784));
#6826 = DIRECTION('',(0.,0.866025403784,0.5));
#6827 = ADVANCED_FACE('',(#6828),#6839,.T.);
#6828 = FACE_BOUND('',#6829,.T.);
#6829 = EDGE_LOOP('',(#6830,#6831,#6837,#6838));
#6830 = ORIENTED_EDGE('',*,*,#4775,.T.);
#6831 = ORIENTED_EDGE('',*,*,#6832,.T.);
#6832 = EDGE_CURVE('',#4776,#3731,#6833,.T.);
#6833 = LINE('',#6834,#6835);
#6834 = CARTESIAN_POINT('',(-85.080446,5.80383139159,38.392304845413));
#6835 = VECTOR('',#6836,1.);
#6836 = DIRECTION('',(1.,0.,0.));
#6837 = ORIENTED_EDGE('',*,*,#3738,.T.);
#6838 = ORIENTED_EDGE('',*,*,#6815,.F.);
#6839 = PLANE('',#6840);
#6840 = AXIS2_PLACEMENT_3D('',#6841,#6842,#6843);
#6841 = CARTESIAN_POINT('',(-85.080446,5.80383139159,38.392304845413));
#6842 = DIRECTION('',(0.,0.5,0.866025403784));
#6843 = DIRECTION('',(0.,0.866025403784,-0.5));
#6844 = ADVANCED_FACE('',(#6845),#6856,.T.);
#6845 = FACE_BOUND('',#6846,.T.);
#6846 = EDGE_LOOP('',(#6847,#6848,#6854,#6855));
#6847 = ORIENTED_EDGE('',*,*,#4783,.T.);
#6848 = ORIENTED_EDGE('',*,*,#6849,.T.);
#6849 = EDGE_CURVE('',#4742,#3723,#6850,.T.);
#6850 = LINE('',#6851,#6852);
#6851 = CARTESIAN_POINT('',(-85.080446,5.80383139159,44.392304845413));
#6852 = VECTOR('',#6853,1.);
#6853 = DIRECTION('',(1.,0.,0.));
#6854 = ORIENTED_EDGE('',*,*,#3730,.T.);
#6855 = ORIENTED_EDGE('',*,*,#6832,.F.);
#6856 = PLANE('',#6857);
#6857 = AXIS2_PLACEMENT_3D('',#6858,#6859,#6860);
#6858 = CARTESIAN_POINT('',(-85.080446,5.80383139159,44.392304845413));
#6859 = DIRECTION('',(0.,1.,0.));
#6860 = DIRECTION('',(0.,0.,-1.));
#6861 = ADVANCED_FACE('',(#6862),#6873,.T.);
#6862 = FACE_BOUND('',#6863,.T.);
#6863 = EDGE_LOOP('',(#6864,#6865,#6871,#6872));
#6864 = ORIENTED_EDGE('',*,*,#4741,.T.);
#6865 = ORIENTED_EDGE('',*,*,#6866,.T.);
#6866 = EDGE_CURVE('',#4744,#3715,#6867,.T.);
#6867 = LINE('',#6868,#6869);
#6868 = CARTESIAN_POINT('',(-85.080446,10.999983814296,47.392304845413)
  );
#6869 = VECTOR('',#6870,1.);
#6870 = DIRECTION('',(1.,0.,0.));
#6871 = ORIENTED_EDGE('',*,*,#3722,.T.);
#6872 = ORIENTED_EDGE('',*,*,#6849,.F.);
#6873 = PLANE('',#6874);
#6874 = AXIS2_PLACEMENT_3D('',#6875,#6876,#6877);
#6875 = CARTESIAN_POINT('',(-85.080446,10.999983814296,47.392304845413)
  );
#6876 = DIRECTION('',(0.,0.5,-0.866025403784));
#6877 = DIRECTION('',(0.,-0.866025403784,-0.5));
#6878 = ADVANCED_FACE('',(#6879),#6885,.T.);
#6879 = FACE_BOUND('',#6880,.T.);
#6880 = EDGE_LOOP('',(#6881,#6882,#6883,#6884));
#6881 = ORIENTED_EDGE('',*,*,#4751,.T.);
#6882 = ORIENTED_EDGE('',*,*,#6800,.T.);
#6883 = ORIENTED_EDGE('',*,*,#3714,.T.);
#6884 = ORIENTED_EDGE('',*,*,#6866,.F.);
#6885 = PLANE('',#6886);
#6886 = AXIS2_PLACEMENT_3D('',#6887,#6888,#6889);
#6887 = CARTESIAN_POINT('',(-85.080446,16.196136237003,44.392304845413)
  );
#6888 = DIRECTION('',(0.,-0.5,-0.866025403784));
#6889 = DIRECTION('',(0.,-0.866025403784,0.5));
#6890 = ADVANCED_FACE('',(#6891),#6907,.T.);
#6891 = FACE_BOUND('',#6892,.T.);
#6892 = EDGE_LOOP('',(#6893,#6894,#6900,#6901));
#6893 = ORIENTED_EDGE('',*,*,#4709,.T.);
#6894 = ORIENTED_EDGE('',*,*,#6895,.T.);
#6895 = EDGE_CURVE('',#4710,#3755,#6896,.T.);
#6896 = LINE('',#6897,#6898);
#6897 = CARTESIAN_POINT('',(-85.080446,28.196136237003,38.392304845413)
  );
#6898 = VECTOR('',#6899,1.);
#6899 = DIRECTION('',(1.,0.,0.));
#6900 = ORIENTED_EDGE('',*,*,#3754,.T.);
#6901 = ORIENTED_EDGE('',*,*,#6902,.F.);
#6902 = EDGE_CURVE('',#4702,#3757,#6903,.T.);
#6903 = LINE('',#6904,#6905);
#6904 = CARTESIAN_POINT('',(-85.080446,28.196136237003,44.392304845413)
  );
#6905 = VECTOR('',#6906,1.);
#6906 = DIRECTION('',(1.,0.,0.));
#6907 = PLANE('',#6908);
#6908 = AXIS2_PLACEMENT_3D('',#6909,#6910,#6911);
#6909 = CARTESIAN_POINT('',(-85.080446,28.196136237003,38.392304845413)
  );
#6910 = DIRECTION('',(0.,-1.,0.));
#6911 = DIRECTION('',(0.,0.,1.));
#6912 = ADVANCED_FACE('',(#6913),#6924,.T.);
#6913 = FACE_BOUND('',#6914,.T.);
#6914 = EDGE_LOOP('',(#6915,#6916,#6922,#6923));
#6915 = ORIENTED_EDGE('',*,*,#4717,.T.);
#6916 = ORIENTED_EDGE('',*,*,#6917,.T.);
#6917 = EDGE_CURVE('',#4718,#3789,#6918,.T.);
#6918 = LINE('',#6919,#6920);
#6919 = CARTESIAN_POINT('',(-85.080446,22.999983814296,35.392304845413)
  );
#6920 = VECTOR('',#6921,1.);
#6921 = DIRECTION('',(1.,0.,0.));
#6922 = ORIENTED_EDGE('',*,*,#3796,.T.);
#6923 = ORIENTED_EDGE('',*,*,#6895,.F.);
#6924 = PLANE('',#6925);
#6925 = AXIS2_PLACEMENT_3D('',#6926,#6927,#6928);
#6926 = CARTESIAN_POINT('',(-85.080446,22.999983814296,35.392304845413)
  );
#6927 = DIRECTION('',(0.,-0.5,0.866025403784));
#6928 = DIRECTION('',(0.,0.866025403784,0.5));
#6929 = ADVANCED_FACE('',(#6930),#6941,.T.);
#6930 = FACE_BOUND('',#6931,.T.);
#6931 = EDGE_LOOP('',(#6932,#6933,#6939,#6940));
#6932 = ORIENTED_EDGE('',*,*,#4725,.T.);
#6933 = ORIENTED_EDGE('',*,*,#6934,.T.);
#6934 = EDGE_CURVE('',#4726,#3781,#6935,.T.);
#6935 = LINE('',#6936,#6937);
#6936 = CARTESIAN_POINT('',(-85.080446,17.80383139159,38.392304845413));
#6937 = VECTOR('',#6938,1.);
#6938 = DIRECTION('',(1.,0.,0.));
#6939 = ORIENTED_EDGE('',*,*,#3788,.T.);
#6940 = ORIENTED_EDGE('',*,*,#6917,.F.);
#6941 = PLANE('',#6942);
#6942 = AXIS2_PLACEMENT_3D('',#6943,#6944,#6945);
#6943 = CARTESIAN_POINT('',(-85.080446,17.80383139159,38.392304845413));
#6944 = DIRECTION('',(0.,0.5,0.866025403784));
#6945 = DIRECTION('',(0.,0.866025403784,-0.5));
#6946 = ADVANCED_FACE('',(#6947),#6958,.T.);
#6947 = FACE_BOUND('',#6948,.T.);
#6948 = EDGE_LOOP('',(#6949,#6950,#6956,#6957));
#6949 = ORIENTED_EDGE('',*,*,#4733,.T.);
#6950 = ORIENTED_EDGE('',*,*,#6951,.T.);
#6951 = EDGE_CURVE('',#4692,#3773,#6952,.T.);
#6952 = LINE('',#6953,#6954);
#6953 = CARTESIAN_POINT('',(-85.080446,17.80383139159,44.392304845413));
#6954 = VECTOR('',#6955,1.);
#6955 = DIRECTION('',(1.,0.,0.));
#6956 = ORIENTED_EDGE('',*,*,#3780,.T.);
#6957 = ORIENTED_EDGE('',*,*,#6934,.F.);
#6958 = PLANE('',#6959);
#6959 = AXIS2_PLACEMENT_3D('',#6960,#6961,#6962);
#6960 = CARTESIAN_POINT('',(-85.080446,17.80383139159,44.392304845413));
#6961 = DIRECTION('',(0.,1.,0.));
#6962 = DIRECTION('',(0.,0.,-1.));
#6963 = ADVANCED_FACE('',(#6964),#6975,.T.);
#6964 = FACE_BOUND('',#6965,.T.);
#6965 = EDGE_LOOP('',(#6966,#6967,#6973,#6974));
#6966 = ORIENTED_EDGE('',*,*,#4691,.T.);
#6967 = ORIENTED_EDGE('',*,*,#6968,.T.);
#6968 = EDGE_CURVE('',#4694,#3765,#6969,.T.);
#6969 = LINE('',#6970,#6971);
#6970 = CARTESIAN_POINT('',(-85.080446,22.999983814296,47.392304845413)
  );
#6971 = VECTOR('',#6972,1.);
#6972 = DIRECTION('',(1.,0.,0.));
#6973 = ORIENTED_EDGE('',*,*,#3772,.T.);
#6974 = ORIENTED_EDGE('',*,*,#6951,.F.);
#6975 = PLANE('',#6976);
#6976 = AXIS2_PLACEMENT_3D('',#6977,#6978,#6979);
#6977 = CARTESIAN_POINT('',(-85.080446,22.999983814296,47.392304845413)
  );
#6978 = DIRECTION('',(0.,0.5,-0.866025403784));
#6979 = DIRECTION('',(0.,-0.866025403784,-0.5));
#6980 = ADVANCED_FACE('',(#6981),#6987,.T.);
#6981 = FACE_BOUND('',#6982,.T.);
#6982 = EDGE_LOOP('',(#6983,#6984,#6985,#6986));
#6983 = ORIENTED_EDGE('',*,*,#4701,.T.);
#6984 = ORIENTED_EDGE('',*,*,#6902,.T.);
#6985 = ORIENTED_EDGE('',*,*,#3764,.T.);
#6986 = ORIENTED_EDGE('',*,*,#6968,.F.);
#6987 = PLANE('',#6988);
#6988 = AXIS2_PLACEMENT_3D('',#6989,#6990,#6991);
#6989 = CARTESIAN_POINT('',(-85.080446,28.196136237003,44.392304845413)
  );
#6990 = DIRECTION('',(0.,-0.5,-0.866025403784));
#6991 = DIRECTION('',(0.,-0.866025403784,0.5));
#6992 = ADVANCED_FACE('',(#6993),#7009,.T.);
#6993 = FACE_BOUND('',#6994,.T.);
#6994 = EDGE_LOOP('',(#6995,#6996,#7002,#7003));
#6995 = ORIENTED_EDGE('',*,*,#4659,.T.);
#6996 = ORIENTED_EDGE('',*,*,#6997,.T.);
#6997 = EDGE_CURVE('',#4660,#3805,#6998,.T.);
#6998 = LINE('',#6999,#7000);
#6999 = CARTESIAN_POINT('',(-85.080446,40.196136237003,38.392304845413)
  );
#7000 = VECTOR('',#7001,1.);
#7001 = DIRECTION('',(1.,0.,0.));
#7002 = ORIENTED_EDGE('',*,*,#3804,.T.);
#7003 = ORIENTED_EDGE('',*,*,#7004,.F.);
#7004 = EDGE_CURVE('',#4652,#3807,#7005,.T.);
#7005 = LINE('',#7006,#7007);
#7006 = CARTESIAN_POINT('',(-85.080446,40.196136237003,44.392304845413)
  );
#7007 = VECTOR('',#7008,1.);
#7008 = DIRECTION('',(1.,0.,0.));
#7009 = PLANE('',#7010);
#7010 = AXIS2_PLACEMENT_3D('',#7011,#7012,#7013);
#7011 = CARTESIAN_POINT('',(-85.080446,40.196136237003,38.392304845413)
  );
#7012 = DIRECTION('',(0.,-1.,0.));
#7013 = DIRECTION('',(0.,0.,1.));
#7014 = ADVANCED_FACE('',(#7015),#7026,.T.);
#7015 = FACE_BOUND('',#7016,.T.);
#7016 = EDGE_LOOP('',(#7017,#7018,#7024,#7025));
#7017 = ORIENTED_EDGE('',*,*,#4667,.T.);
#7018 = ORIENTED_EDGE('',*,*,#7019,.T.);
#7019 = EDGE_CURVE('',#4668,#3839,#7020,.T.);
#7020 = LINE('',#7021,#7022);
#7021 = CARTESIAN_POINT('',(-85.080446,34.999983814296,35.392304845413)
  );
#7022 = VECTOR('',#7023,1.);
#7023 = DIRECTION('',(1.,0.,0.));
#7024 = ORIENTED_EDGE('',*,*,#3846,.T.);
#7025 = ORIENTED_EDGE('',*,*,#6997,.F.);
#7026 = PLANE('',#7027);
#7027 = AXIS2_PLACEMENT_3D('',#7028,#7029,#7030);
#7028 = CARTESIAN_POINT('',(-85.080446,34.999983814296,35.392304845413)
  );
#7029 = DIRECTION('',(0.,-0.5,0.866025403784));
#7030 = DIRECTION('',(0.,0.866025403784,0.5));
#7031 = ADVANCED_FACE('',(#7032),#7043,.T.);
#7032 = FACE_BOUND('',#7033,.T.);
#7033 = EDGE_LOOP('',(#7034,#7035,#7041,#7042));
#7034 = ORIENTED_EDGE('',*,*,#4675,.T.);
#7035 = ORIENTED_EDGE('',*,*,#7036,.T.);
#7036 = EDGE_CURVE('',#4676,#3831,#7037,.T.);
#7037 = LINE('',#7038,#7039);
#7038 = CARTESIAN_POINT('',(-85.080446,29.80383139159,38.392304845413));
#7039 = VECTOR('',#7040,1.);
#7040 = DIRECTION('',(1.,0.,0.));
#7041 = ORIENTED_EDGE('',*,*,#3838,.T.);
#7042 = ORIENTED_EDGE('',*,*,#7019,.F.);
#7043 = PLANE('',#7044);
#7044 = AXIS2_PLACEMENT_3D('',#7045,#7046,#7047);
#7045 = CARTESIAN_POINT('',(-85.080446,29.80383139159,38.392304845413));
#7046 = DIRECTION('',(0.,0.5,0.866025403784));
#7047 = DIRECTION('',(0.,0.866025403784,-0.5));
#7048 = ADVANCED_FACE('',(#7049),#7060,.T.);
#7049 = FACE_BOUND('',#7050,.T.);
#7050 = EDGE_LOOP('',(#7051,#7052,#7058,#7059));
#7051 = ORIENTED_EDGE('',*,*,#4683,.T.);
#7052 = ORIENTED_EDGE('',*,*,#7053,.T.);
#7053 = EDGE_CURVE('',#4642,#3823,#7054,.T.);
#7054 = LINE('',#7055,#7056);
#7055 = CARTESIAN_POINT('',(-85.080446,29.80383139159,44.392304845413));
#7056 = VECTOR('',#7057,1.);
#7057 = DIRECTION('',(1.,0.,0.));
#7058 = ORIENTED_EDGE('',*,*,#3830,.T.);
#7059 = ORIENTED_EDGE('',*,*,#7036,.F.);
#7060 = PLANE('',#7061);
#7061 = AXIS2_PLACEMENT_3D('',#7062,#7063,#7064);
#7062 = CARTESIAN_POINT('',(-85.080446,29.80383139159,44.392304845413));
#7063 = DIRECTION('',(0.,1.,0.));
#7064 = DIRECTION('',(0.,0.,-1.));
#7065 = ADVANCED_FACE('',(#7066),#7077,.T.);
#7066 = FACE_BOUND('',#7067,.T.);
#7067 = EDGE_LOOP('',(#7068,#7069,#7075,#7076));
#7068 = ORIENTED_EDGE('',*,*,#4641,.T.);
#7069 = ORIENTED_EDGE('',*,*,#7070,.T.);
#7070 = EDGE_CURVE('',#4644,#3815,#7071,.T.);
#7071 = LINE('',#7072,#7073);
#7072 = CARTESIAN_POINT('',(-85.080446,34.999983814296,47.392304845413)
  );
#7073 = VECTOR('',#7074,1.);
#7074 = DIRECTION('',(1.,0.,0.));
#7075 = ORIENTED_EDGE('',*,*,#3822,.T.);
#7076 = ORIENTED_EDGE('',*,*,#7053,.F.);
#7077 = PLANE('',#7078);
#7078 = AXIS2_PLACEMENT_3D('',#7079,#7080,#7081);
#7079 = CARTESIAN_POINT('',(-85.080446,34.999983814296,47.392304845413)
  );
#7080 = DIRECTION('',(0.,0.5,-0.866025403784));
#7081 = DIRECTION('',(0.,-0.866025403784,-0.5));
#7082 = ADVANCED_FACE('',(#7083),#7089,.T.);
#7083 = FACE_BOUND('',#7084,.T.);
#7084 = EDGE_LOOP('',(#7085,#7086,#7087,#7088));
#7085 = ORIENTED_EDGE('',*,*,#4651,.T.);
#7086 = ORIENTED_EDGE('',*,*,#7004,.T.);
#7087 = ORIENTED_EDGE('',*,*,#3814,.T.);
#7088 = ORIENTED_EDGE('',*,*,#7070,.F.);
#7089 = PLANE('',#7090);
#7090 = AXIS2_PLACEMENT_3D('',#7091,#7092,#7093);
#7091 = CARTESIAN_POINT('',(-85.080446,40.196136237003,44.392304845413)
  );
#7092 = DIRECTION('',(0.,-0.5,-0.866025403784));
#7093 = DIRECTION('',(0.,-0.866025403784,0.5));
#7094 = ADVANCED_FACE('',(#7095),#7111,.T.);
#7095 = FACE_BOUND('',#7096,.T.);
#7096 = EDGE_LOOP('',(#7097,#7098,#7104,#7105));
#7097 = ORIENTED_EDGE('',*,*,#4609,.T.);
#7098 = ORIENTED_EDGE('',*,*,#7099,.T.);
#7099 = EDGE_CURVE('',#4610,#3855,#7100,.T.);
#7100 = LINE('',#7101,#7102);
#7101 = CARTESIAN_POINT('',(-85.080446,52.196136237003,38.392304845413)
  );
#7102 = VECTOR('',#7103,1.);
#7103 = DIRECTION('',(1.,0.,0.));
#7104 = ORIENTED_EDGE('',*,*,#3854,.T.);
#7105 = ORIENTED_EDGE('',*,*,#7106,.F.);
#7106 = EDGE_CURVE('',#4602,#3857,#7107,.T.);
#7107 = LINE('',#7108,#7109);
#7108 = CARTESIAN_POINT('',(-85.080446,52.196136237003,44.392304845413)
  );
#7109 = VECTOR('',#7110,1.);
#7110 = DIRECTION('',(1.,0.,0.));
#7111 = PLANE('',#7112);
#7112 = AXIS2_PLACEMENT_3D('',#7113,#7114,#7115);
#7113 = CARTESIAN_POINT('',(-85.080446,52.196136237003,38.392304845413)
  );
#7114 = DIRECTION('',(0.,-1.,0.));
#7115 = DIRECTION('',(0.,0.,1.));
#7116 = ADVANCED_FACE('',(#7117),#7128,.T.);
#7117 = FACE_BOUND('',#7118,.T.);
#7118 = EDGE_LOOP('',(#7119,#7120,#7126,#7127));
#7119 = ORIENTED_EDGE('',*,*,#4617,.T.);
#7120 = ORIENTED_EDGE('',*,*,#7121,.T.);
#7121 = EDGE_CURVE('',#4618,#3889,#7122,.T.);
#7122 = LINE('',#7123,#7124);
#7123 = CARTESIAN_POINT('',(-85.080446,46.999983814296,35.392304845413)
  );
#7124 = VECTOR('',#7125,1.);
#7125 = DIRECTION('',(1.,0.,0.));
#7126 = ORIENTED_EDGE('',*,*,#3896,.T.);
#7127 = ORIENTED_EDGE('',*,*,#7099,.F.);
#7128 = PLANE('',#7129);
#7129 = AXIS2_PLACEMENT_3D('',#7130,#7131,#7132);
#7130 = CARTESIAN_POINT('',(-85.080446,46.999983814296,35.392304845413)
  );
#7131 = DIRECTION('',(0.,-0.5,0.866025403784));
#7132 = DIRECTION('',(0.,0.866025403784,0.5));
#7133 = ADVANCED_FACE('',(#7134),#7145,.T.);
#7134 = FACE_BOUND('',#7135,.T.);
#7135 = EDGE_LOOP('',(#7136,#7137,#7143,#7144));
#7136 = ORIENTED_EDGE('',*,*,#4625,.T.);
#7137 = ORIENTED_EDGE('',*,*,#7138,.T.);
#7138 = EDGE_CURVE('',#4626,#3881,#7139,.T.);
#7139 = LINE('',#7140,#7141);
#7140 = CARTESIAN_POINT('',(-85.080446,41.80383139159,38.392304845413));
#7141 = VECTOR('',#7142,1.);
#7142 = DIRECTION('',(1.,0.,0.));
#7143 = ORIENTED_EDGE('',*,*,#3888,.T.);
#7144 = ORIENTED_EDGE('',*,*,#7121,.F.);
#7145 = PLANE('',#7146);
#7146 = AXIS2_PLACEMENT_3D('',#7147,#7148,#7149);
#7147 = CARTESIAN_POINT('',(-85.080446,41.80383139159,38.392304845413));
#7148 = DIRECTION('',(0.,0.5,0.866025403784));
#7149 = DIRECTION('',(0.,0.866025403784,-0.5));
#7150 = ADVANCED_FACE('',(#7151),#7162,.T.);
#7151 = FACE_BOUND('',#7152,.T.);
#7152 = EDGE_LOOP('',(#7153,#7154,#7160,#7161));
#7153 = ORIENTED_EDGE('',*,*,#4633,.T.);
#7154 = ORIENTED_EDGE('',*,*,#7155,.T.);
#7155 = EDGE_CURVE('',#4592,#3873,#7156,.T.);
#7156 = LINE('',#7157,#7158);
#7157 = CARTESIAN_POINT('',(-85.080446,41.80383139159,44.392304845413));
#7158 = VECTOR('',#7159,1.);
#7159 = DIRECTION('',(1.,0.,0.));
#7160 = ORIENTED_EDGE('',*,*,#3880,.T.);
#7161 = ORIENTED_EDGE('',*,*,#7138,.F.);
#7162 = PLANE('',#7163);
#7163 = AXIS2_PLACEMENT_3D('',#7164,#7165,#7166);
#7164 = CARTESIAN_POINT('',(-85.080446,41.80383139159,44.392304845413));
#7165 = DIRECTION('',(0.,1.,0.));
#7166 = DIRECTION('',(0.,0.,-1.));
#7167 = ADVANCED_FACE('',(#7168),#7179,.T.);
#7168 = FACE_BOUND('',#7169,.T.);
#7169 = EDGE_LOOP('',(#7170,#7171,#7177,#7178));
#7170 = ORIENTED_EDGE('',*,*,#4591,.T.);
#7171 = ORIENTED_EDGE('',*,*,#7172,.T.);
#7172 = EDGE_CURVE('',#4594,#3865,#7173,.T.);
#7173 = LINE('',#7174,#7175);
#7174 = CARTESIAN_POINT('',(-85.080446,46.999983814296,47.392304845413)
  );
#7175 = VECTOR('',#7176,1.);
#7176 = DIRECTION('',(1.,0.,0.));
#7177 = ORIENTED_EDGE('',*,*,#3872,.T.);
#7178 = ORIENTED_EDGE('',*,*,#7155,.F.);
#7179 = PLANE('',#7180);
#7180 = AXIS2_PLACEMENT_3D('',#7181,#7182,#7183);
#7181 = CARTESIAN_POINT('',(-85.080446,46.999983814296,47.392304845413)
  );
#7182 = DIRECTION('',(0.,0.5,-0.866025403784));
#7183 = DIRECTION('',(0.,-0.866025403784,-0.5));
#7184 = ADVANCED_FACE('',(#7185),#7191,.T.);
#7185 = FACE_BOUND('',#7186,.T.);
#7186 = EDGE_LOOP('',(#7187,#7188,#7189,#7190));
#7187 = ORIENTED_EDGE('',*,*,#4601,.T.);
#7188 = ORIENTED_EDGE('',*,*,#7106,.T.);
#7189 = ORIENTED_EDGE('',*,*,#3864,.T.);
#7190 = ORIENTED_EDGE('',*,*,#7172,.F.);
#7191 = PLANE('',#7192);
#7192 = AXIS2_PLACEMENT_3D('',#7193,#7194,#7195);
#7193 = CARTESIAN_POINT('',(-85.080446,52.196136237003,44.392304845413)
  );
#7194 = DIRECTION('',(0.,-0.5,-0.866025403784));
#7195 = DIRECTION('',(0.,-0.866025403784,0.5));
#7196 = ADVANCED_FACE('',(#7197),#7213,.T.);
#7197 = FACE_BOUND('',#7198,.T.);
#7198 = EDGE_LOOP('',(#7199,#7200,#7206,#7207));
#7199 = ORIENTED_EDGE('',*,*,#4559,.T.);
#7200 = ORIENTED_EDGE('',*,*,#7201,.T.);
#7201 = EDGE_CURVE('',#4560,#3905,#7202,.T.);
#7202 = LINE('',#7203,#7204);
#7203 = CARTESIAN_POINT('',(-85.080446,64.196136237003,38.392304845413)
  );
#7204 = VECTOR('',#7205,1.);
#7205 = DIRECTION('',(1.,0.,0.));
#7206 = ORIENTED_EDGE('',*,*,#3904,.T.);
#7207 = ORIENTED_EDGE('',*,*,#7208,.F.);
#7208 = EDGE_CURVE('',#4552,#3907,#7209,.T.);
#7209 = LINE('',#7210,#7211);
#7210 = CARTESIAN_POINT('',(-85.080446,64.196136237003,44.392304845413)
  );
#7211 = VECTOR('',#7212,1.);
#7212 = DIRECTION('',(1.,0.,0.));
#7213 = PLANE('',#7214);
#7214 = AXIS2_PLACEMENT_3D('',#7215,#7216,#7217);
#7215 = CARTESIAN_POINT('',(-85.080446,64.196136237003,38.392304845413)
  );
#7216 = DIRECTION('',(0.,-1.,0.));
#7217 = DIRECTION('',(0.,0.,1.));
#7218 = ADVANCED_FACE('',(#7219),#7230,.T.);
#7219 = FACE_BOUND('',#7220,.T.);
#7220 = EDGE_LOOP('',(#7221,#7222,#7228,#7229));
#7221 = ORIENTED_EDGE('',*,*,#4567,.T.);
#7222 = ORIENTED_EDGE('',*,*,#7223,.T.);
#7223 = EDGE_CURVE('',#4568,#3939,#7224,.T.);
#7224 = LINE('',#7225,#7226);
#7225 = CARTESIAN_POINT('',(-85.080446,58.999983814296,35.392304845413)
  );
#7226 = VECTOR('',#7227,1.);
#7227 = DIRECTION('',(1.,0.,0.));
#7228 = ORIENTED_EDGE('',*,*,#3946,.T.);
#7229 = ORIENTED_EDGE('',*,*,#7201,.F.);
#7230 = PLANE('',#7231);
#7231 = AXIS2_PLACEMENT_3D('',#7232,#7233,#7234);
#7232 = CARTESIAN_POINT('',(-85.080446,58.999983814296,35.392304845413)
  );
#7233 = DIRECTION('',(0.,-0.5,0.866025403784));
#7234 = DIRECTION('',(0.,0.866025403784,0.5));
#7235 = ADVANCED_FACE('',(#7236),#7247,.T.);
#7236 = FACE_BOUND('',#7237,.T.);
#7237 = EDGE_LOOP('',(#7238,#7239,#7245,#7246));
#7238 = ORIENTED_EDGE('',*,*,#4575,.T.);
#7239 = ORIENTED_EDGE('',*,*,#7240,.T.);
#7240 = EDGE_CURVE('',#4576,#3931,#7241,.T.);
#7241 = LINE('',#7242,#7243);
#7242 = CARTESIAN_POINT('',(-85.080446,53.803831391589,38.392304845413)
  );
#7243 = VECTOR('',#7244,1.);
#7244 = DIRECTION('',(1.,0.,0.));
#7245 = ORIENTED_EDGE('',*,*,#3938,.T.);
#7246 = ORIENTED_EDGE('',*,*,#7223,.F.);
#7247 = PLANE('',#7248);
#7248 = AXIS2_PLACEMENT_3D('',#7249,#7250,#7251);
#7249 = CARTESIAN_POINT('',(-85.080446,53.803831391589,38.392304845413)
  );
#7250 = DIRECTION('',(0.,0.5,0.866025403784));
#7251 = DIRECTION('',(0.,0.866025403784,-0.5));
#7252 = ADVANCED_FACE('',(#7253),#7264,.T.);
#7253 = FACE_BOUND('',#7254,.T.);
#7254 = EDGE_LOOP('',(#7255,#7256,#7262,#7263));
#7255 = ORIENTED_EDGE('',*,*,#4583,.T.);
#7256 = ORIENTED_EDGE('',*,*,#7257,.T.);
#7257 = EDGE_CURVE('',#4542,#3923,#7258,.T.);
#7258 = LINE('',#7259,#7260);
#7259 = CARTESIAN_POINT('',(-85.080446,53.80383139159,44.392304845413));
#7260 = VECTOR('',#7261,1.);
#7261 = DIRECTION('',(1.,0.,0.));
#7262 = ORIENTED_EDGE('',*,*,#3930,.T.);
#7263 = ORIENTED_EDGE('',*,*,#7240,.F.);
#7264 = PLANE('',#7265);
#7265 = AXIS2_PLACEMENT_3D('',#7266,#7267,#7268);
#7266 = CARTESIAN_POINT('',(-85.080446,53.80383139159,44.392304845413));
#7267 = DIRECTION('',(0.,1.,-1.184237892934E-15));
#7268 = DIRECTION('',(0.,-1.184237892934E-15,-1.));
#7269 = ADVANCED_FACE('',(#7270),#7281,.T.);
#7270 = FACE_BOUND('',#7271,.T.);
#7271 = EDGE_LOOP('',(#7272,#7273,#7279,#7280));
#7272 = ORIENTED_EDGE('',*,*,#4541,.T.);
#7273 = ORIENTED_EDGE('',*,*,#7274,.T.);
#7274 = EDGE_CURVE('',#4544,#3915,#7275,.T.);
#7275 = LINE('',#7276,#7277);
#7276 = CARTESIAN_POINT('',(-85.080446,58.999983814296,47.392304845413)
  );
#7277 = VECTOR('',#7278,1.);
#7278 = DIRECTION('',(1.,0.,0.));
#7279 = ORIENTED_EDGE('',*,*,#3922,.T.);
#7280 = ORIENTED_EDGE('',*,*,#7257,.F.);
#7281 = PLANE('',#7282);
#7282 = AXIS2_PLACEMENT_3D('',#7283,#7284,#7285);
#7283 = CARTESIAN_POINT('',(-85.080446,58.999983814296,47.392304845413)
  );
#7284 = DIRECTION('',(0.,0.5,-0.866025403784));
#7285 = DIRECTION('',(0.,-0.866025403784,-0.5));
#7286 = ADVANCED_FACE('',(#7287),#7293,.T.);
#7287 = FACE_BOUND('',#7288,.T.);
#7288 = EDGE_LOOP('',(#7289,#7290,#7291,#7292));
#7289 = ORIENTED_EDGE('',*,*,#4551,.T.);
#7290 = ORIENTED_EDGE('',*,*,#7208,.T.);
#7291 = ORIENTED_EDGE('',*,*,#3914,.T.);
#7292 = ORIENTED_EDGE('',*,*,#7274,.F.);
#7293 = PLANE('',#7294);
#7294 = AXIS2_PLACEMENT_3D('',#7295,#7296,#7297);
#7295 = CARTESIAN_POINT('',(-85.080446,64.196136237003,44.392304845413)
  );
#7296 = DIRECTION('',(0.,-0.5,-0.866025403784));
#7297 = DIRECTION('',(0.,-0.866025403784,0.5));
#7298 = ADVANCED_FACE('',(#7299),#7315,.T.);
#7299 = FACE_BOUND('',#7300,.T.);
#7300 = EDGE_LOOP('',(#7301,#7302,#7308,#7309));
#7301 = ORIENTED_EDGE('',*,*,#5159,.T.);
#7302 = ORIENTED_EDGE('',*,*,#7303,.T.);
#7303 = EDGE_CURVE('',#5160,#3955,#7304,.T.);
#7304 = LINE('',#7305,#7306);
#7305 = CARTESIAN_POINT('',(-85.080446,10.196136237003,28.));
#7306 = VECTOR('',#7307,1.);
#7307 = DIRECTION('',(1.,0.,0.));
#7308 = ORIENTED_EDGE('',*,*,#3954,.T.);
#7309 = ORIENTED_EDGE('',*,*,#7310,.F.);
#7310 = EDGE_CURVE('',#5152,#3957,#7311,.T.);
#7311 = LINE('',#7312,#7313);
#7312 = CARTESIAN_POINT('',(-85.080446,10.196136237003,34.));
#7313 = VECTOR('',#7314,1.);
#7314 = DIRECTION('',(1.,0.,0.));
#7315 = PLANE('',#7316);
#7316 = AXIS2_PLACEMENT_3D('',#7317,#7318,#7319);
#7317 = CARTESIAN_POINT('',(-85.080446,10.196136237003,28.));
#7318 = DIRECTION('',(0.,-1.,0.));
#7319 = DIRECTION('',(0.,0.,1.));
#7320 = ADVANCED_FACE('',(#7321),#7332,.T.);
#7321 = FACE_BOUND('',#7322,.T.);
#7322 = EDGE_LOOP('',(#7323,#7324,#7330,#7331));
#7323 = ORIENTED_EDGE('',*,*,#5167,.T.);
#7324 = ORIENTED_EDGE('',*,*,#7325,.T.);
#7325 = EDGE_CURVE('',#5168,#3989,#7326,.T.);
#7326 = LINE('',#7327,#7328);
#7327 = CARTESIAN_POINT('',(-85.080446,4.999983814296,25.));
#7328 = VECTOR('',#7329,1.);
#7329 = DIRECTION('',(1.,0.,0.));
#7330 = ORIENTED_EDGE('',*,*,#3996,.T.);
#7331 = ORIENTED_EDGE('',*,*,#7303,.F.);
#7332 = PLANE('',#7333);
#7333 = AXIS2_PLACEMENT_3D('',#7334,#7335,#7336);
#7334 = CARTESIAN_POINT('',(-85.080446,4.999983814296,25.));
#7335 = DIRECTION('',(0.,-0.5,0.866025403784));
#7336 = DIRECTION('',(0.,0.866025403784,0.5));
#7337 = ADVANCED_FACE('',(#7338),#7349,.T.);
#7338 = FACE_BOUND('',#7339,.T.);
#7339 = EDGE_LOOP('',(#7340,#7341,#7347,#7348));
#7340 = ORIENTED_EDGE('',*,*,#5175,.T.);
#7341 = ORIENTED_EDGE('',*,*,#7342,.T.);
#7342 = EDGE_CURVE('',#5176,#3981,#7343,.T.);
#7343 = LINE('',#7344,#7345);
#7344 = CARTESIAN_POINT('',(-85.080446,-0.19616860841,28.));
#7345 = VECTOR('',#7346,1.);
#7346 = DIRECTION('',(1.,0.,0.));
#7347 = ORIENTED_EDGE('',*,*,#3988,.T.);
#7348 = ORIENTED_EDGE('',*,*,#7325,.F.);
#7349 = PLANE('',#7350);
#7350 = AXIS2_PLACEMENT_3D('',#7351,#7352,#7353);
#7351 = CARTESIAN_POINT('',(-85.080446,-0.19616860841,28.));
#7352 = DIRECTION('',(0.,0.5,0.866025403784));
#7353 = DIRECTION('',(0.,0.866025403784,-0.5));
#7354 = ADVANCED_FACE('',(#7355),#7366,.T.);
#7355 = FACE_BOUND('',#7356,.T.);
#7356 = EDGE_LOOP('',(#7357,#7358,#7364,#7365));
#7357 = ORIENTED_EDGE('',*,*,#5183,.T.);
#7358 = ORIENTED_EDGE('',*,*,#7359,.T.);
#7359 = EDGE_CURVE('',#5142,#3973,#7360,.T.);
#7360 = LINE('',#7361,#7362);
#7361 = CARTESIAN_POINT('',(-85.080446,-0.19616860841,34.));
#7362 = VECTOR('',#7363,1.);
#7363 = DIRECTION('',(1.,0.,0.));
#7364 = ORIENTED_EDGE('',*,*,#3980,.T.);
#7365 = ORIENTED_EDGE('',*,*,#7342,.F.);
#7366 = PLANE('',#7367);
#7367 = AXIS2_PLACEMENT_3D('',#7368,#7369,#7370);
#7368 = CARTESIAN_POINT('',(-85.080446,-0.19616860841,34.));
#7369 = DIRECTION('',(0.,1.,5.088522196199E-17));
#7370 = DIRECTION('',(0.,5.088522196199E-17,-1.));
#7371 = ADVANCED_FACE('',(#7372),#7383,.T.);
#7372 = FACE_BOUND('',#7373,.T.);
#7373 = EDGE_LOOP('',(#7374,#7375,#7381,#7382));
#7374 = ORIENTED_EDGE('',*,*,#5141,.T.);
#7375 = ORIENTED_EDGE('',*,*,#7376,.T.);
#7376 = EDGE_CURVE('',#5144,#3965,#7377,.T.);
#7377 = LINE('',#7378,#7379);
#7378 = CARTESIAN_POINT('',(-85.080446,4.999983814296,37.));
#7379 = VECTOR('',#7380,1.);
#7380 = DIRECTION('',(1.,0.,0.));
#7381 = ORIENTED_EDGE('',*,*,#3972,.T.);
#7382 = ORIENTED_EDGE('',*,*,#7359,.F.);
#7383 = PLANE('',#7384);
#7384 = AXIS2_PLACEMENT_3D('',#7385,#7386,#7387);
#7385 = CARTESIAN_POINT('',(-85.080446,4.999983814296,37.));
#7386 = DIRECTION('',(0.,0.5,-0.866025403784));
#7387 = DIRECTION('',(0.,-0.866025403784,-0.5));
#7388 = ADVANCED_FACE('',(#7389),#7395,.T.);
#7389 = FACE_BOUND('',#7390,.T.);
#7390 = EDGE_LOOP('',(#7391,#7392,#7393,#7394));
#7391 = ORIENTED_EDGE('',*,*,#5151,.T.);
#7392 = ORIENTED_EDGE('',*,*,#7310,.T.);
#7393 = ORIENTED_EDGE('',*,*,#3964,.T.);
#7394 = ORIENTED_EDGE('',*,*,#7376,.F.);
#7395 = PLANE('',#7396);
#7396 = AXIS2_PLACEMENT_3D('',#7397,#7398,#7399);
#7397 = CARTESIAN_POINT('',(-85.080446,10.196136237003,34.));
#7398 = DIRECTION('',(0.,-0.5,-0.866025403784));
#7399 = DIRECTION('',(0.,-0.866025403784,0.5));
#7400 = ADVANCED_FACE('',(#7401),#7417,.T.);
#7401 = FACE_BOUND('',#7402,.T.);
#7402 = EDGE_LOOP('',(#7403,#7404,#7410,#7411));
#7403 = ORIENTED_EDGE('',*,*,#5109,.T.);
#7404 = ORIENTED_EDGE('',*,*,#7405,.T.);
#7405 = EDGE_CURVE('',#5110,#4005,#7406,.T.);
#7406 = LINE('',#7407,#7408);
#7407 = CARTESIAN_POINT('',(-85.080446,22.196136237003,28.));
#7408 = VECTOR('',#7409,1.);
#7409 = DIRECTION('',(1.,0.,0.));
#7410 = ORIENTED_EDGE('',*,*,#4004,.T.);
#7411 = ORIENTED_EDGE('',*,*,#7412,.F.);
#7412 = EDGE_CURVE('',#5102,#4007,#7413,.T.);
#7413 = LINE('',#7414,#7415);
#7414 = CARTESIAN_POINT('',(-85.080446,22.196136237003,34.));
#7415 = VECTOR('',#7416,1.);
#7416 = DIRECTION('',(1.,0.,0.));
#7417 = PLANE('',#7418);
#7418 = AXIS2_PLACEMENT_3D('',#7419,#7420,#7421);
#7419 = CARTESIAN_POINT('',(-85.080446,22.196136237003,28.));
#7420 = DIRECTION('',(0.,-1.,0.));
#7421 = DIRECTION('',(0.,0.,1.));
#7422 = ADVANCED_FACE('',(#7423),#7434,.T.);
#7423 = FACE_BOUND('',#7424,.T.);
#7424 = EDGE_LOOP('',(#7425,#7426,#7432,#7433));
#7425 = ORIENTED_EDGE('',*,*,#5117,.T.);
#7426 = ORIENTED_EDGE('',*,*,#7427,.T.);
#7427 = EDGE_CURVE('',#5118,#4039,#7428,.T.);
#7428 = LINE('',#7429,#7430);
#7429 = CARTESIAN_POINT('',(-85.080446,16.999983814296,25.));
#7430 = VECTOR('',#7431,1.);
#7431 = DIRECTION('',(1.,0.,0.));
#7432 = ORIENTED_EDGE('',*,*,#4046,.T.);
#7433 = ORIENTED_EDGE('',*,*,#7405,.F.);
#7434 = PLANE('',#7435);
#7435 = AXIS2_PLACEMENT_3D('',#7436,#7437,#7438);
#7436 = CARTESIAN_POINT('',(-85.080446,16.999983814296,25.));
#7437 = DIRECTION('',(0.,-0.5,0.866025403784));
#7438 = DIRECTION('',(0.,0.866025403784,0.5));
#7439 = ADVANCED_FACE('',(#7440),#7451,.T.);
#7440 = FACE_BOUND('',#7441,.T.);
#7441 = EDGE_LOOP('',(#7442,#7443,#7449,#7450));
#7442 = ORIENTED_EDGE('',*,*,#5125,.T.);
#7443 = ORIENTED_EDGE('',*,*,#7444,.T.);
#7444 = EDGE_CURVE('',#5126,#4031,#7445,.T.);
#7445 = LINE('',#7446,#7447);
#7446 = CARTESIAN_POINT('',(-85.080446,11.80383139159,28.));
#7447 = VECTOR('',#7448,1.);
#7448 = DIRECTION('',(1.,0.,0.));
#7449 = ORIENTED_EDGE('',*,*,#4038,.T.);
#7450 = ORIENTED_EDGE('',*,*,#7427,.F.);
#7451 = PLANE('',#7452);
#7452 = AXIS2_PLACEMENT_3D('',#7453,#7454,#7455);
#7453 = CARTESIAN_POINT('',(-85.080446,11.80383139159,28.));
#7454 = DIRECTION('',(0.,0.5,0.866025403784));
#7455 = DIRECTION('',(0.,0.866025403784,-0.5));
#7456 = ADVANCED_FACE('',(#7457),#7468,.T.);
#7457 = FACE_BOUND('',#7458,.T.);
#7458 = EDGE_LOOP('',(#7459,#7460,#7466,#7467));
#7459 = ORIENTED_EDGE('',*,*,#5133,.T.);
#7460 = ORIENTED_EDGE('',*,*,#7461,.T.);
#7461 = EDGE_CURVE('',#5092,#4023,#7462,.T.);
#7462 = LINE('',#7463,#7464);
#7463 = CARTESIAN_POINT('',(-85.080446,11.80383139159,34.));
#7464 = VECTOR('',#7465,1.);
#7465 = DIRECTION('',(1.,0.,0.));
#7466 = ORIENTED_EDGE('',*,*,#4030,.T.);
#7467 = ORIENTED_EDGE('',*,*,#7444,.F.);
#7468 = PLANE('',#7469);
#7469 = AXIS2_PLACEMENT_3D('',#7470,#7471,#7472);
#7470 = CARTESIAN_POINT('',(-85.080446,11.80383139159,34.));
#7471 = DIRECTION('',(0.,1.,0.));
#7472 = DIRECTION('',(0.,0.,-1.));
#7473 = ADVANCED_FACE('',(#7474),#7485,.T.);
#7474 = FACE_BOUND('',#7475,.T.);
#7475 = EDGE_LOOP('',(#7476,#7477,#7483,#7484));
#7476 = ORIENTED_EDGE('',*,*,#5091,.T.);
#7477 = ORIENTED_EDGE('',*,*,#7478,.T.);
#7478 = EDGE_CURVE('',#5094,#4015,#7479,.T.);
#7479 = LINE('',#7480,#7481);
#7480 = CARTESIAN_POINT('',(-85.080446,16.999983814296,37.));
#7481 = VECTOR('',#7482,1.);
#7482 = DIRECTION('',(1.,0.,0.));
#7483 = ORIENTED_EDGE('',*,*,#4022,.T.);
#7484 = ORIENTED_EDGE('',*,*,#7461,.F.);
#7485 = PLANE('',#7486);
#7486 = AXIS2_PLACEMENT_3D('',#7487,#7488,#7489);
#7487 = CARTESIAN_POINT('',(-85.080446,16.999983814296,37.));
#7488 = DIRECTION('',(0.,0.5,-0.866025403784));
#7489 = DIRECTION('',(0.,-0.866025403784,-0.5));
#7490 = ADVANCED_FACE('',(#7491),#7497,.T.);
#7491 = FACE_BOUND('',#7492,.T.);
#7492 = EDGE_LOOP('',(#7493,#7494,#7495,#7496));
#7493 = ORIENTED_EDGE('',*,*,#5101,.T.);
#7494 = ORIENTED_EDGE('',*,*,#7412,.T.);
#7495 = ORIENTED_EDGE('',*,*,#4014,.T.);
#7496 = ORIENTED_EDGE('',*,*,#7478,.F.);
#7497 = PLANE('',#7498);
#7498 = AXIS2_PLACEMENT_3D('',#7499,#7500,#7501);
#7499 = CARTESIAN_POINT('',(-85.080446,22.196136237003,34.));
#7500 = DIRECTION('',(0.,-0.5,-0.866025403784));
#7501 = DIRECTION('',(0.,-0.866025403784,0.5));
#7502 = ADVANCED_FACE('',(#7503),#7519,.T.);
#7503 = FACE_BOUND('',#7504,.T.);
#7504 = EDGE_LOOP('',(#7505,#7506,#7512,#7513));
#7505 = ORIENTED_EDGE('',*,*,#5059,.T.);
#7506 = ORIENTED_EDGE('',*,*,#7507,.T.);
#7507 = EDGE_CURVE('',#5060,#4055,#7508,.T.);
#7508 = LINE('',#7509,#7510);
#7509 = CARTESIAN_POINT('',(-85.080446,34.196136237003,28.));
#7510 = VECTOR('',#7511,1.);
#7511 = DIRECTION('',(1.,0.,0.));
#7512 = ORIENTED_EDGE('',*,*,#4054,.T.);
#7513 = ORIENTED_EDGE('',*,*,#7514,.F.);
#7514 = EDGE_CURVE('',#5052,#4057,#7515,.T.);
#7515 = LINE('',#7516,#7517);
#7516 = CARTESIAN_POINT('',(-85.080446,34.196136237003,34.));
#7517 = VECTOR('',#7518,1.);
#7518 = DIRECTION('',(1.,0.,0.));
#7519 = PLANE('',#7520);
#7520 = AXIS2_PLACEMENT_3D('',#7521,#7522,#7523);
#7521 = CARTESIAN_POINT('',(-85.080446,34.196136237003,28.));
#7522 = DIRECTION('',(0.,-1.,0.));
#7523 = DIRECTION('',(0.,0.,1.));
#7524 = ADVANCED_FACE('',(#7525),#7536,.T.);
#7525 = FACE_BOUND('',#7526,.T.);
#7526 = EDGE_LOOP('',(#7527,#7528,#7534,#7535));
#7527 = ORIENTED_EDGE('',*,*,#5067,.T.);
#7528 = ORIENTED_EDGE('',*,*,#7529,.T.);
#7529 = EDGE_CURVE('',#5068,#4089,#7530,.T.);
#7530 = LINE('',#7531,#7532);
#7531 = CARTESIAN_POINT('',(-85.080446,28.999983814296,25.));
#7532 = VECTOR('',#7533,1.);
#7533 = DIRECTION('',(1.,0.,0.));
#7534 = ORIENTED_EDGE('',*,*,#4096,.T.);
#7535 = ORIENTED_EDGE('',*,*,#7507,.F.);
#7536 = PLANE('',#7537);
#7537 = AXIS2_PLACEMENT_3D('',#7538,#7539,#7540);
#7538 = CARTESIAN_POINT('',(-85.080446,28.999983814296,25.));
#7539 = DIRECTION('',(0.,-0.5,0.866025403784));
#7540 = DIRECTION('',(0.,0.866025403784,0.5));
#7541 = ADVANCED_FACE('',(#7542),#7553,.T.);
#7542 = FACE_BOUND('',#7543,.T.);
#7543 = EDGE_LOOP('',(#7544,#7545,#7551,#7552));
#7544 = ORIENTED_EDGE('',*,*,#5075,.T.);
#7545 = ORIENTED_EDGE('',*,*,#7546,.T.);
#7546 = EDGE_CURVE('',#5076,#4081,#7547,.T.);
#7547 = LINE('',#7548,#7549);
#7548 = CARTESIAN_POINT('',(-85.080446,23.80383139159,28.));
#7549 = VECTOR('',#7550,1.);
#7550 = DIRECTION('',(1.,0.,0.));
#7551 = ORIENTED_EDGE('',*,*,#4088,.T.);
#7552 = ORIENTED_EDGE('',*,*,#7529,.F.);
#7553 = PLANE('',#7554);
#7554 = AXIS2_PLACEMENT_3D('',#7555,#7556,#7557);
#7555 = CARTESIAN_POINT('',(-85.080446,23.80383139159,28.));
#7556 = DIRECTION('',(0.,0.5,0.866025403784));
#7557 = DIRECTION('',(0.,0.866025403784,-0.5));
#7558 = ADVANCED_FACE('',(#7559),#7570,.T.);
#7559 = FACE_BOUND('',#7560,.T.);
#7560 = EDGE_LOOP('',(#7561,#7562,#7568,#7569));
#7561 = ORIENTED_EDGE('',*,*,#5083,.T.);
#7562 = ORIENTED_EDGE('',*,*,#7563,.T.);
#7563 = EDGE_CURVE('',#5042,#4073,#7564,.T.);
#7564 = LINE('',#7565,#7566);
#7565 = CARTESIAN_POINT('',(-85.080446,23.80383139159,34.));
#7566 = VECTOR('',#7567,1.);
#7567 = DIRECTION('',(1.,0.,0.));
#7568 = ORIENTED_EDGE('',*,*,#4080,.T.);
#7569 = ORIENTED_EDGE('',*,*,#7546,.F.);
#7570 = PLANE('',#7571);
#7571 = AXIS2_PLACEMENT_3D('',#7572,#7573,#7574);
#7572 = CARTESIAN_POINT('',(-85.080446,23.80383139159,34.));
#7573 = DIRECTION('',(0.,1.,0.));
#7574 = DIRECTION('',(0.,0.,-1.));
#7575 = ADVANCED_FACE('',(#7576),#7587,.T.);
#7576 = FACE_BOUND('',#7577,.T.);
#7577 = EDGE_LOOP('',(#7578,#7579,#7585,#7586));
#7578 = ORIENTED_EDGE('',*,*,#5041,.T.);
#7579 = ORIENTED_EDGE('',*,*,#7580,.T.);
#7580 = EDGE_CURVE('',#5044,#4065,#7581,.T.);
#7581 = LINE('',#7582,#7583);
#7582 = CARTESIAN_POINT('',(-85.080446,28.999983814296,37.));
#7583 = VECTOR('',#7584,1.);
#7584 = DIRECTION('',(1.,0.,0.));
#7585 = ORIENTED_EDGE('',*,*,#4072,.T.);
#7586 = ORIENTED_EDGE('',*,*,#7563,.F.);
#7587 = PLANE('',#7588);
#7588 = AXIS2_PLACEMENT_3D('',#7589,#7590,#7591);
#7589 = CARTESIAN_POINT('',(-85.080446,28.999983814296,37.));
#7590 = DIRECTION('',(0.,0.5,-0.866025403784));
#7591 = DIRECTION('',(0.,-0.866025403784,-0.5));
#7592 = ADVANCED_FACE('',(#7593),#7599,.T.);
#7593 = FACE_BOUND('',#7594,.T.);
#7594 = EDGE_LOOP('',(#7595,#7596,#7597,#7598));
#7595 = ORIENTED_EDGE('',*,*,#5051,.T.);
#7596 = ORIENTED_EDGE('',*,*,#7514,.T.);
#7597 = ORIENTED_EDGE('',*,*,#4064,.T.);
#7598 = ORIENTED_EDGE('',*,*,#7580,.F.);
#7599 = PLANE('',#7600);
#7600 = AXIS2_PLACEMENT_3D('',#7601,#7602,#7603);
#7601 = CARTESIAN_POINT('',(-85.080446,34.196136237003,34.));
#7602 = DIRECTION('',(0.,-0.5,-0.866025403784));
#7603 = DIRECTION('',(0.,-0.866025403784,0.5));
#7604 = ADVANCED_FACE('',(#7605),#7621,.T.);
#7605 = FACE_BOUND('',#7606,.T.);
#7606 = EDGE_LOOP('',(#7607,#7608,#7614,#7615));
#7607 = ORIENTED_EDGE('',*,*,#5259,.T.);
#7608 = ORIENTED_EDGE('',*,*,#7609,.T.);
#7609 = EDGE_CURVE('',#5260,#4105,#7610,.T.);
#7610 = LINE('',#7611,#7612);
#7611 = CARTESIAN_POINT('',(-85.080446,16.196136237003,17.607695154587)
  );
#7612 = VECTOR('',#7613,1.);
#7613 = DIRECTION('',(1.,0.,0.));
#7614 = ORIENTED_EDGE('',*,*,#4104,.T.);
#7615 = ORIENTED_EDGE('',*,*,#7616,.F.);
#7616 = EDGE_CURVE('',#5252,#4107,#7617,.T.);
#7617 = LINE('',#7618,#7619);
#7618 = CARTESIAN_POINT('',(-85.080446,16.196136237003,23.607695154587)
  );
#7619 = VECTOR('',#7620,1.);
#7620 = DIRECTION('',(1.,0.,0.));
#7621 = PLANE('',#7622);
#7622 = AXIS2_PLACEMENT_3D('',#7623,#7624,#7625);
#7623 = CARTESIAN_POINT('',(-85.080446,16.196136237003,17.607695154587)
  );
#7624 = DIRECTION('',(0.,-1.,0.));
#7625 = DIRECTION('',(0.,0.,1.));
#7626 = ADVANCED_FACE('',(#7627),#7638,.T.);
#7627 = FACE_BOUND('',#7628,.T.);
#7628 = EDGE_LOOP('',(#7629,#7630,#7636,#7637));
#7629 = ORIENTED_EDGE('',*,*,#5267,.T.);
#7630 = ORIENTED_EDGE('',*,*,#7631,.T.);
#7631 = EDGE_CURVE('',#5268,#4139,#7632,.T.);
#7632 = LINE('',#7633,#7634);
#7633 = CARTESIAN_POINT('',(-85.080446,10.999983814296,14.607695154587)
  );
#7634 = VECTOR('',#7635,1.);
#7635 = DIRECTION('',(1.,0.,0.));
#7636 = ORIENTED_EDGE('',*,*,#4146,.T.);
#7637 = ORIENTED_EDGE('',*,*,#7609,.F.);
#7638 = PLANE('',#7639);
#7639 = AXIS2_PLACEMENT_3D('',#7640,#7641,#7642);
#7640 = CARTESIAN_POINT('',(-85.080446,10.999983814296,14.607695154587)
  );
#7641 = DIRECTION('',(0.,-0.5,0.866025403784));
#7642 = DIRECTION('',(0.,0.866025403784,0.5));
#7643 = ADVANCED_FACE('',(#7644),#7655,.T.);
#7644 = FACE_BOUND('',#7645,.T.);
#7645 = EDGE_LOOP('',(#7646,#7647,#7653,#7654));
#7646 = ORIENTED_EDGE('',*,*,#5275,.T.);
#7647 = ORIENTED_EDGE('',*,*,#7648,.T.);
#7648 = EDGE_CURVE('',#5276,#4131,#7649,.T.);
#7649 = LINE('',#7650,#7651);
#7650 = CARTESIAN_POINT('',(-85.080446,5.80383139159,17.607695154587));
#7651 = VECTOR('',#7652,1.);
#7652 = DIRECTION('',(1.,0.,0.));
#7653 = ORIENTED_EDGE('',*,*,#4138,.T.);
#7654 = ORIENTED_EDGE('',*,*,#7631,.F.);
#7655 = PLANE('',#7656);
#7656 = AXIS2_PLACEMENT_3D('',#7657,#7658,#7659);
#7657 = CARTESIAN_POINT('',(-85.080446,5.80383139159,17.607695154587));
#7658 = DIRECTION('',(0.,0.5,0.866025403784));
#7659 = DIRECTION('',(0.,0.866025403784,-0.5));
#7660 = ADVANCED_FACE('',(#7661),#7672,.T.);
#7661 = FACE_BOUND('',#7662,.T.);
#7662 = EDGE_LOOP('',(#7663,#7664,#7670,#7671));
#7663 = ORIENTED_EDGE('',*,*,#5283,.T.);
#7664 = ORIENTED_EDGE('',*,*,#7665,.T.);
#7665 = EDGE_CURVE('',#5242,#4123,#7666,.T.);
#7666 = LINE('',#7667,#7668);
#7667 = CARTESIAN_POINT('',(-85.080446,5.80383139159,23.607695154587));
#7668 = VECTOR('',#7669,1.);
#7669 = DIRECTION('',(1.,0.,0.));
#7670 = ORIENTED_EDGE('',*,*,#4130,.T.);
#7671 = ORIENTED_EDGE('',*,*,#7648,.F.);
#7672 = PLANE('',#7673);
#7673 = AXIS2_PLACEMENT_3D('',#7674,#7675,#7676);
#7674 = CARTESIAN_POINT('',(-85.080446,5.80383139159,23.607695154587));
#7675 = DIRECTION('',(0.,1.,0.));
#7676 = DIRECTION('',(0.,0.,-1.));
#7677 = ADVANCED_FACE('',(#7678),#7689,.T.);
#7678 = FACE_BOUND('',#7679,.T.);
#7679 = EDGE_LOOP('',(#7680,#7681,#7687,#7688));
#7680 = ORIENTED_EDGE('',*,*,#5241,.T.);
#7681 = ORIENTED_EDGE('',*,*,#7682,.T.);
#7682 = EDGE_CURVE('',#5244,#4115,#7683,.T.);
#7683 = LINE('',#7684,#7685);
#7684 = CARTESIAN_POINT('',(-85.080446,10.999983814296,26.607695154587)
  );
#7685 = VECTOR('',#7686,1.);
#7686 = DIRECTION('',(1.,0.,0.));
#7687 = ORIENTED_EDGE('',*,*,#4122,.T.);
#7688 = ORIENTED_EDGE('',*,*,#7665,.F.);
#7689 = PLANE('',#7690);
#7690 = AXIS2_PLACEMENT_3D('',#7691,#7692,#7693);
#7691 = CARTESIAN_POINT('',(-85.080446,10.999983814296,26.607695154587)
  );
#7692 = DIRECTION('',(0.,0.5,-0.866025403784));
#7693 = DIRECTION('',(0.,-0.866025403784,-0.5));
#7694 = ADVANCED_FACE('',(#7695),#7701,.T.);
#7695 = FACE_BOUND('',#7696,.T.);
#7696 = EDGE_LOOP('',(#7697,#7698,#7699,#7700));
#7697 = ORIENTED_EDGE('',*,*,#5251,.T.);
#7698 = ORIENTED_EDGE('',*,*,#7616,.T.);
#7699 = ORIENTED_EDGE('',*,*,#4114,.T.);
#7700 = ORIENTED_EDGE('',*,*,#7682,.F.);
#7701 = PLANE('',#7702);
#7702 = AXIS2_PLACEMENT_3D('',#7703,#7704,#7705);
#7703 = CARTESIAN_POINT('',(-85.080446,16.196136237003,23.607695154587)
  );
#7704 = DIRECTION('',(0.,-0.5,-0.866025403784));
#7705 = DIRECTION('',(0.,-0.866025403784,0.5));
#7706 = ADVANCED_FACE('',(#7707),#7723,.T.);
#7707 = FACE_BOUND('',#7708,.T.);
#7708 = EDGE_LOOP('',(#7709,#7710,#7716,#7717));
#7709 = ORIENTED_EDGE('',*,*,#5209,.T.);
#7710 = ORIENTED_EDGE('',*,*,#7711,.T.);
#7711 = EDGE_CURVE('',#5210,#4155,#7712,.T.);
#7712 = LINE('',#7713,#7714);
#7713 = CARTESIAN_POINT('',(-85.080446,28.196136237003,17.607695154587)
  );
#7714 = VECTOR('',#7715,1.);
#7715 = DIRECTION('',(1.,0.,0.));
#7716 = ORIENTED_EDGE('',*,*,#4154,.T.);
#7717 = ORIENTED_EDGE('',*,*,#7718,.F.);
#7718 = EDGE_CURVE('',#5202,#4157,#7719,.T.);
#7719 = LINE('',#7720,#7721);
#7720 = CARTESIAN_POINT('',(-85.080446,28.196136237003,23.607695154587)
  );
#7721 = VECTOR('',#7722,1.);
#7722 = DIRECTION('',(1.,0.,0.));
#7723 = PLANE('',#7724);
#7724 = AXIS2_PLACEMENT_3D('',#7725,#7726,#7727);
#7725 = CARTESIAN_POINT('',(-85.080446,28.196136237003,17.607695154587)
  );
#7726 = DIRECTION('',(0.,-1.,0.));
#7727 = DIRECTION('',(0.,0.,1.));
#7728 = ADVANCED_FACE('',(#7729),#7740,.T.);
#7729 = FACE_BOUND('',#7730,.T.);
#7730 = EDGE_LOOP('',(#7731,#7732,#7738,#7739));
#7731 = ORIENTED_EDGE('',*,*,#5217,.T.);
#7732 = ORIENTED_EDGE('',*,*,#7733,.T.);
#7733 = EDGE_CURVE('',#5218,#4189,#7734,.T.);
#7734 = LINE('',#7735,#7736);
#7735 = CARTESIAN_POINT('',(-85.080446,22.999983814296,14.607695154587)
  );
#7736 = VECTOR('',#7737,1.);
#7737 = DIRECTION('',(1.,0.,0.));
#7738 = ORIENTED_EDGE('',*,*,#4196,.T.);
#7739 = ORIENTED_EDGE('',*,*,#7711,.F.);
#7740 = PLANE('',#7741);
#7741 = AXIS2_PLACEMENT_3D('',#7742,#7743,#7744);
#7742 = CARTESIAN_POINT('',(-85.080446,22.999983814296,14.607695154587)
  );
#7743 = DIRECTION('',(0.,-0.5,0.866025403784));
#7744 = DIRECTION('',(0.,0.866025403784,0.5));
#7745 = ADVANCED_FACE('',(#7746),#7757,.T.);
#7746 = FACE_BOUND('',#7747,.T.);
#7747 = EDGE_LOOP('',(#7748,#7749,#7755,#7756));
#7748 = ORIENTED_EDGE('',*,*,#5225,.T.);
#7749 = ORIENTED_EDGE('',*,*,#7750,.T.);
#7750 = EDGE_CURVE('',#5226,#4181,#7751,.T.);
#7751 = LINE('',#7752,#7753);
#7752 = CARTESIAN_POINT('',(-85.080446,17.80383139159,17.607695154587));
#7753 = VECTOR('',#7754,1.);
#7754 = DIRECTION('',(1.,0.,0.));
#7755 = ORIENTED_EDGE('',*,*,#4188,.T.);
#7756 = ORIENTED_EDGE('',*,*,#7733,.F.);
#7757 = PLANE('',#7758);
#7758 = AXIS2_PLACEMENT_3D('',#7759,#7760,#7761);
#7759 = CARTESIAN_POINT('',(-85.080446,17.80383139159,17.607695154587));
#7760 = DIRECTION('',(0.,0.5,0.866025403784));
#7761 = DIRECTION('',(0.,0.866025403784,-0.5));
#7762 = ADVANCED_FACE('',(#7763),#7774,.T.);
#7763 = FACE_BOUND('',#7764,.T.);
#7764 = EDGE_LOOP('',(#7765,#7766,#7772,#7773));
#7765 = ORIENTED_EDGE('',*,*,#5233,.T.);
#7766 = ORIENTED_EDGE('',*,*,#7767,.T.);
#7767 = EDGE_CURVE('',#5192,#4173,#7768,.T.);
#7768 = LINE('',#7769,#7770);
#7769 = CARTESIAN_POINT('',(-85.080446,17.80383139159,23.607695154587));
#7770 = VECTOR('',#7771,1.);
#7771 = DIRECTION('',(1.,0.,0.));
#7772 = ORIENTED_EDGE('',*,*,#4180,.T.);
#7773 = ORIENTED_EDGE('',*,*,#7750,.F.);
#7774 = PLANE('',#7775);
#7775 = AXIS2_PLACEMENT_3D('',#7776,#7777,#7778);
#7776 = CARTESIAN_POINT('',(-85.080446,17.80383139159,23.607695154587));
#7777 = DIRECTION('',(0.,1.,0.));
#7778 = DIRECTION('',(0.,0.,-1.));
#7779 = ADVANCED_FACE('',(#7780),#7791,.T.);
#7780 = FACE_BOUND('',#7781,.T.);
#7781 = EDGE_LOOP('',(#7782,#7783,#7789,#7790));
#7782 = ORIENTED_EDGE('',*,*,#5191,.T.);
#7783 = ORIENTED_EDGE('',*,*,#7784,.T.);
#7784 = EDGE_CURVE('',#5194,#4165,#7785,.T.);
#7785 = LINE('',#7786,#7787);
#7786 = CARTESIAN_POINT('',(-85.080446,22.999983814296,26.607695154587)
  );
#7787 = VECTOR('',#7788,1.);
#7788 = DIRECTION('',(1.,0.,0.));
#7789 = ORIENTED_EDGE('',*,*,#4172,.T.);
#7790 = ORIENTED_EDGE('',*,*,#7767,.F.);
#7791 = PLANE('',#7792);
#7792 = AXIS2_PLACEMENT_3D('',#7793,#7794,#7795);
#7793 = CARTESIAN_POINT('',(-85.080446,22.999983814296,26.607695154587)
  );
#7794 = DIRECTION('',(0.,0.5,-0.866025403784));
#7795 = DIRECTION('',(0.,-0.866025403784,-0.5));
#7796 = ADVANCED_FACE('',(#7797),#7803,.T.);
#7797 = FACE_BOUND('',#7798,.T.);
#7798 = EDGE_LOOP('',(#7799,#7800,#7801,#7802));
#7799 = ORIENTED_EDGE('',*,*,#5201,.T.);
#7800 = ORIENTED_EDGE('',*,*,#7718,.T.);
#7801 = ORIENTED_EDGE('',*,*,#4164,.T.);
#7802 = ORIENTED_EDGE('',*,*,#7784,.F.);
#7803 = PLANE('',#7804);
#7804 = AXIS2_PLACEMENT_3D('',#7805,#7806,#7807);
#7805 = CARTESIAN_POINT('',(-85.080446,28.196136237003,23.607695154587)
  );
#7806 = DIRECTION('',(0.,-0.5,-0.866025403784));
#7807 = DIRECTION('',(0.,-0.866025403784,0.5));
#7808 = ADVANCED_FACE('',(#7809),#7825,.T.);
#7809 = FACE_BOUND('',#7810,.T.);
#7810 = EDGE_LOOP('',(#7811,#7812,#7818,#7819));
#7811 = ORIENTED_EDGE('',*,*,#4909,.T.);
#7812 = ORIENTED_EDGE('',*,*,#7813,.T.);
#7813 = EDGE_CURVE('',#4910,#4205,#7814,.T.);
#7814 = LINE('',#7815,#7816);
#7815 = CARTESIAN_POINT('',(-85.080446,46.196136237003,28.));
#7816 = VECTOR('',#7817,1.);
#7817 = DIRECTION('',(1.,0.,0.));
#7818 = ORIENTED_EDGE('',*,*,#4204,.T.);
#7819 = ORIENTED_EDGE('',*,*,#7820,.F.);
#7820 = EDGE_CURVE('',#4902,#4207,#7821,.T.);
#7821 = LINE('',#7822,#7823);
#7822 = CARTESIAN_POINT('',(-85.080446,46.196136237003,34.));
#7823 = VECTOR('',#7824,1.);
#7824 = DIRECTION('',(1.,0.,0.));
#7825 = PLANE('',#7826);
#7826 = AXIS2_PLACEMENT_3D('',#7827,#7828,#7829);
#7827 = CARTESIAN_POINT('',(-85.080446,46.196136237003,28.));
#7828 = DIRECTION('',(0.,-1.,0.));
#7829 = DIRECTION('',(0.,0.,1.));
#7830 = ADVANCED_FACE('',(#7831),#7842,.T.);
#7831 = FACE_BOUND('',#7832,.T.);
#7832 = EDGE_LOOP('',(#7833,#7834,#7840,#7841));
#7833 = ORIENTED_EDGE('',*,*,#4917,.T.);
#7834 = ORIENTED_EDGE('',*,*,#7835,.T.);
#7835 = EDGE_CURVE('',#4918,#4239,#7836,.T.);
#7836 = LINE('',#7837,#7838);
#7837 = CARTESIAN_POINT('',(-85.080446,40.999983814296,25.));
#7838 = VECTOR('',#7839,1.);
#7839 = DIRECTION('',(1.,0.,0.));
#7840 = ORIENTED_EDGE('',*,*,#4246,.T.);
#7841 = ORIENTED_EDGE('',*,*,#7813,.F.);
#7842 = PLANE('',#7843);
#7843 = AXIS2_PLACEMENT_3D('',#7844,#7845,#7846);
#7844 = CARTESIAN_POINT('',(-85.080446,40.999983814296,25.));
#7845 = DIRECTION('',(0.,-0.5,0.866025403784));
#7846 = DIRECTION('',(0.,0.866025403784,0.5));
#7847 = ADVANCED_FACE('',(#7848),#7859,.T.);
#7848 = FACE_BOUND('',#7849,.T.);
#7849 = EDGE_LOOP('',(#7850,#7851,#7857,#7858));
#7850 = ORIENTED_EDGE('',*,*,#4925,.T.);
#7851 = ORIENTED_EDGE('',*,*,#7852,.T.);
#7852 = EDGE_CURVE('',#4926,#4231,#7853,.T.);
#7853 = LINE('',#7854,#7855);
#7854 = CARTESIAN_POINT('',(-85.080446,35.80383139159,28.));
#7855 = VECTOR('',#7856,1.);
#7856 = DIRECTION('',(1.,0.,0.));
#7857 = ORIENTED_EDGE('',*,*,#4238,.T.);
#7858 = ORIENTED_EDGE('',*,*,#7835,.F.);
#7859 = PLANE('',#7860);
#7860 = AXIS2_PLACEMENT_3D('',#7861,#7862,#7863);
#7861 = CARTESIAN_POINT('',(-85.080446,35.80383139159,28.));
#7862 = DIRECTION('',(0.,0.5,0.866025403784));
#7863 = DIRECTION('',(0.,0.866025403784,-0.5));
#7864 = ADVANCED_FACE('',(#7865),#7876,.T.);
#7865 = FACE_BOUND('',#7866,.T.);
#7866 = EDGE_LOOP('',(#7867,#7868,#7874,#7875));
#7867 = ORIENTED_EDGE('',*,*,#4933,.T.);
#7868 = ORIENTED_EDGE('',*,*,#7869,.T.);
#7869 = EDGE_CURVE('',#4892,#4223,#7870,.T.);
#7870 = LINE('',#7871,#7872);
#7871 = CARTESIAN_POINT('',(-85.080446,35.80383139159,34.));
#7872 = VECTOR('',#7873,1.);
#7873 = DIRECTION('',(1.,0.,0.));
#7874 = ORIENTED_EDGE('',*,*,#4230,.T.);
#7875 = ORIENTED_EDGE('',*,*,#7852,.F.);
#7876 = PLANE('',#7877);
#7877 = AXIS2_PLACEMENT_3D('',#7878,#7879,#7880);
#7878 = CARTESIAN_POINT('',(-85.080446,35.80383139159,34.));
#7879 = DIRECTION('',(0.,1.,0.));
#7880 = DIRECTION('',(0.,0.,-1.));
#7881 = ADVANCED_FACE('',(#7882),#7893,.T.);
#7882 = FACE_BOUND('',#7883,.T.);
#7883 = EDGE_LOOP('',(#7884,#7885,#7891,#7892));
#7884 = ORIENTED_EDGE('',*,*,#4891,.T.);
#7885 = ORIENTED_EDGE('',*,*,#7886,.T.);
#7886 = EDGE_CURVE('',#4894,#4215,#7887,.T.);
#7887 = LINE('',#7888,#7889);
#7888 = CARTESIAN_POINT('',(-85.080446,40.999983814296,37.));
#7889 = VECTOR('',#7890,1.);
#7890 = DIRECTION('',(1.,0.,0.));
#7891 = ORIENTED_EDGE('',*,*,#4222,.T.);
#7892 = ORIENTED_EDGE('',*,*,#7869,.F.);
#7893 = PLANE('',#7894);
#7894 = AXIS2_PLACEMENT_3D('',#7895,#7896,#7897);
#7895 = CARTESIAN_POINT('',(-85.080446,40.999983814296,37.));
#7896 = DIRECTION('',(0.,0.5,-0.866025403784));
#7897 = DIRECTION('',(0.,-0.866025403784,-0.5));
#7898 = ADVANCED_FACE('',(#7899),#7905,.T.);
#7899 = FACE_BOUND('',#7900,.T.);
#7900 = EDGE_LOOP('',(#7901,#7902,#7903,#7904));
#7901 = ORIENTED_EDGE('',*,*,#4901,.T.);
#7902 = ORIENTED_EDGE('',*,*,#7820,.T.);
#7903 = ORIENTED_EDGE('',*,*,#4214,.T.);
#7904 = ORIENTED_EDGE('',*,*,#7886,.F.);
#7905 = PLANE('',#7906);
#7906 = AXIS2_PLACEMENT_3D('',#7907,#7908,#7909);
#7907 = CARTESIAN_POINT('',(-85.080446,46.196136237003,34.));
#7908 = DIRECTION('',(0.,-0.5,-0.866025403784));
#7909 = DIRECTION('',(0.,-0.866025403784,0.5));
#7910 = ADVANCED_FACE('',(#7911),#7927,.T.);
#7911 = FACE_BOUND('',#7912,.T.);
#7912 = EDGE_LOOP('',(#7913,#7914,#7920,#7921));
#7913 = ORIENTED_EDGE('',*,*,#4859,.T.);
#7914 = ORIENTED_EDGE('',*,*,#7915,.T.);
#7915 = EDGE_CURVE('',#4860,#4255,#7916,.T.);
#7916 = LINE('',#7917,#7918);
#7917 = CARTESIAN_POINT('',(-85.080446,58.196136237003,28.));
#7918 = VECTOR('',#7919,1.);
#7919 = DIRECTION('',(1.,0.,0.));
#7920 = ORIENTED_EDGE('',*,*,#4254,.T.);
#7921 = ORIENTED_EDGE('',*,*,#7922,.F.);
#7922 = EDGE_CURVE('',#4852,#4257,#7923,.T.);
#7923 = LINE('',#7924,#7925);
#7924 = CARTESIAN_POINT('',(-85.080446,58.196136237003,34.));
#7925 = VECTOR('',#7926,1.);
#7926 = DIRECTION('',(1.,0.,0.));
#7927 = PLANE('',#7928);
#7928 = AXIS2_PLACEMENT_3D('',#7929,#7930,#7931);
#7929 = CARTESIAN_POINT('',(-85.080446,58.196136237003,28.));
#7930 = DIRECTION('',(0.,-1.,0.));
#7931 = DIRECTION('',(0.,0.,1.));
#7932 = ADVANCED_FACE('',(#7933),#7944,.T.);
#7933 = FACE_BOUND('',#7934,.T.);
#7934 = EDGE_LOOP('',(#7935,#7936,#7942,#7943));
#7935 = ORIENTED_EDGE('',*,*,#4867,.T.);
#7936 = ORIENTED_EDGE('',*,*,#7937,.T.);
#7937 = EDGE_CURVE('',#4868,#4289,#7938,.T.);
#7938 = LINE('',#7939,#7940);
#7939 = CARTESIAN_POINT('',(-85.080446,52.999983814296,25.));
#7940 = VECTOR('',#7941,1.);
#7941 = DIRECTION('',(1.,0.,0.));
#7942 = ORIENTED_EDGE('',*,*,#4296,.T.);
#7943 = ORIENTED_EDGE('',*,*,#7915,.F.);
#7944 = PLANE('',#7945);
#7945 = AXIS2_PLACEMENT_3D('',#7946,#7947,#7948);
#7946 = CARTESIAN_POINT('',(-85.080446,52.999983814296,25.));
#7947 = DIRECTION('',(0.,-0.5,0.866025403784));
#7948 = DIRECTION('',(0.,0.866025403784,0.5));
#7949 = ADVANCED_FACE('',(#7950),#7961,.T.);
#7950 = FACE_BOUND('',#7951,.T.);
#7951 = EDGE_LOOP('',(#7952,#7953,#7959,#7960));
#7952 = ORIENTED_EDGE('',*,*,#4875,.T.);
#7953 = ORIENTED_EDGE('',*,*,#7954,.T.);
#7954 = EDGE_CURVE('',#4876,#4281,#7955,.T.);
#7955 = LINE('',#7956,#7957);
#7956 = CARTESIAN_POINT('',(-85.080446,47.80383139159,28.));
#7957 = VECTOR('',#7958,1.);
#7958 = DIRECTION('',(1.,0.,0.));
#7959 = ORIENTED_EDGE('',*,*,#4288,.T.);
#7960 = ORIENTED_EDGE('',*,*,#7937,.F.);
#7961 = PLANE('',#7962);
#7962 = AXIS2_PLACEMENT_3D('',#7963,#7964,#7965);
#7963 = CARTESIAN_POINT('',(-85.080446,47.80383139159,28.));
#7964 = DIRECTION('',(0.,0.5,0.866025403784));
#7965 = DIRECTION('',(0.,0.866025403784,-0.5));
#7966 = ADVANCED_FACE('',(#7967),#7978,.T.);
#7967 = FACE_BOUND('',#7968,.T.);
#7968 = EDGE_LOOP('',(#7969,#7970,#7976,#7977));
#7969 = ORIENTED_EDGE('',*,*,#4883,.T.);
#7970 = ORIENTED_EDGE('',*,*,#7971,.T.);
#7971 = EDGE_CURVE('',#4842,#4273,#7972,.T.);
#7972 = LINE('',#7973,#7974);
#7973 = CARTESIAN_POINT('',(-85.080446,47.80383139159,34.));
#7974 = VECTOR('',#7975,1.);
#7975 = DIRECTION('',(1.,0.,0.));
#7976 = ORIENTED_EDGE('',*,*,#4280,.T.);
#7977 = ORIENTED_EDGE('',*,*,#7954,.F.);
#7978 = PLANE('',#7979);
#7979 = AXIS2_PLACEMENT_3D('',#7980,#7981,#7982);
#7980 = CARTESIAN_POINT('',(-85.080446,47.80383139159,34.));
#7981 = DIRECTION('',(0.,1.,0.));
#7982 = DIRECTION('',(0.,0.,-1.));
#7983 = ADVANCED_FACE('',(#7984),#7995,.T.);
#7984 = FACE_BOUND('',#7985,.T.);
#7985 = EDGE_LOOP('',(#7986,#7987,#7993,#7994));
#7986 = ORIENTED_EDGE('',*,*,#4841,.T.);
#7987 = ORIENTED_EDGE('',*,*,#7988,.T.);
#7988 = EDGE_CURVE('',#4844,#4265,#7989,.T.);
#7989 = LINE('',#7990,#7991);
#7990 = CARTESIAN_POINT('',(-85.080446,52.999983814296,37.));
#7991 = VECTOR('',#7992,1.);
#7992 = DIRECTION('',(1.,0.,0.));
#7993 = ORIENTED_EDGE('',*,*,#4272,.T.);
#7994 = ORIENTED_EDGE('',*,*,#7971,.F.);
#7995 = PLANE('',#7996);
#7996 = AXIS2_PLACEMENT_3D('',#7997,#7998,#7999);
#7997 = CARTESIAN_POINT('',(-85.080446,52.999983814296,37.));
#7998 = DIRECTION('',(0.,0.5,-0.866025403784));
#7999 = DIRECTION('',(0.,-0.866025403784,-0.5));
#8000 = ADVANCED_FACE('',(#8001),#8007,.T.);
#8001 = FACE_BOUND('',#8002,.T.);
#8002 = EDGE_LOOP('',(#8003,#8004,#8005,#8006));
#8003 = ORIENTED_EDGE('',*,*,#4851,.T.);
#8004 = ORIENTED_EDGE('',*,*,#7922,.T.);
#8005 = ORIENTED_EDGE('',*,*,#4264,.T.);
#8006 = ORIENTED_EDGE('',*,*,#7988,.F.);
#8007 = PLANE('',#8008);
#8008 = AXIS2_PLACEMENT_3D('',#8009,#8010,#8011);
#8009 = CARTESIAN_POINT('',(-85.080446,58.196136237003,34.));
#8010 = DIRECTION('',(0.,-0.5,-0.866025403784));
#8011 = DIRECTION('',(0.,-0.866025403784,0.5));
#8012 = ADVANCED_FACE('',(#8013),#8029,.T.);
#8013 = FACE_BOUND('',#8014,.T.);
#8014 = EDGE_LOOP('',(#8015,#8016,#8022,#8023));
#8015 = ORIENTED_EDGE('',*,*,#5009,.T.);
#8016 = ORIENTED_EDGE('',*,*,#8017,.T.);
#8017 = EDGE_CURVE('',#5010,#4305,#8018,.T.);
#8018 = LINE('',#8019,#8020);
#8019 = CARTESIAN_POINT('',(-85.080446,40.196136237003,17.607695154587)
  );
#8020 = VECTOR('',#8021,1.);
#8021 = DIRECTION('',(1.,0.,0.));
#8022 = ORIENTED_EDGE('',*,*,#4304,.T.);
#8023 = ORIENTED_EDGE('',*,*,#8024,.F.);
#8024 = EDGE_CURVE('',#5002,#4307,#8025,.T.);
#8025 = LINE('',#8026,#8027);
#8026 = CARTESIAN_POINT('',(-85.080446,40.196136237003,23.607695154587)
  );
#8027 = VECTOR('',#8028,1.);
#8028 = DIRECTION('',(1.,0.,0.));
#8029 = PLANE('',#8030);
#8030 = AXIS2_PLACEMENT_3D('',#8031,#8032,#8033);
#8031 = CARTESIAN_POINT('',(-85.080446,40.196136237003,17.607695154587)
  );
#8032 = DIRECTION('',(0.,-1.,0.));
#8033 = DIRECTION('',(0.,0.,1.));
#8034 = ADVANCED_FACE('',(#8035),#8046,.T.);
#8035 = FACE_BOUND('',#8036,.T.);
#8036 = EDGE_LOOP('',(#8037,#8038,#8044,#8045));
#8037 = ORIENTED_EDGE('',*,*,#5017,.T.);
#8038 = ORIENTED_EDGE('',*,*,#8039,.T.);
#8039 = EDGE_CURVE('',#5018,#4339,#8040,.T.);
#8040 = LINE('',#8041,#8042);
#8041 = CARTESIAN_POINT('',(-85.080446,34.999983814296,14.607695154587)
  );
#8042 = VECTOR('',#8043,1.);
#8043 = DIRECTION('',(1.,0.,0.));
#8044 = ORIENTED_EDGE('',*,*,#4346,.T.);
#8045 = ORIENTED_EDGE('',*,*,#8017,.F.);
#8046 = PLANE('',#8047);
#8047 = AXIS2_PLACEMENT_3D('',#8048,#8049,#8050);
#8048 = CARTESIAN_POINT('',(-85.080446,34.999983814296,14.607695154587)
  );
#8049 = DIRECTION('',(0.,-0.5,0.866025403784));
#8050 = DIRECTION('',(0.,0.866025403784,0.5));
#8051 = ADVANCED_FACE('',(#8052),#8063,.T.);
#8052 = FACE_BOUND('',#8053,.T.);
#8053 = EDGE_LOOP('',(#8054,#8055,#8061,#8062));
#8054 = ORIENTED_EDGE('',*,*,#5025,.T.);
#8055 = ORIENTED_EDGE('',*,*,#8056,.T.);
#8056 = EDGE_CURVE('',#5026,#4331,#8057,.T.);
#8057 = LINE('',#8058,#8059);
#8058 = CARTESIAN_POINT('',(-85.080446,29.80383139159,17.607695154587));
#8059 = VECTOR('',#8060,1.);
#8060 = DIRECTION('',(1.,0.,0.));
#8061 = ORIENTED_EDGE('',*,*,#4338,.T.);
#8062 = ORIENTED_EDGE('',*,*,#8039,.F.);
#8063 = PLANE('',#8064);
#8064 = AXIS2_PLACEMENT_3D('',#8065,#8066,#8067);
#8065 = CARTESIAN_POINT('',(-85.080446,29.80383139159,17.607695154587));
#8066 = DIRECTION('',(0.,0.5,0.866025403784));
#8067 = DIRECTION('',(0.,0.866025403784,-0.5));
#8068 = ADVANCED_FACE('',(#8069),#8080,.T.);
#8069 = FACE_BOUND('',#8070,.T.);
#8070 = EDGE_LOOP('',(#8071,#8072,#8078,#8079));
#8071 = ORIENTED_EDGE('',*,*,#5033,.T.);
#8072 = ORIENTED_EDGE('',*,*,#8073,.T.);
#8073 = EDGE_CURVE('',#4992,#4323,#8074,.T.);
#8074 = LINE('',#8075,#8076);
#8075 = CARTESIAN_POINT('',(-85.080446,29.80383139159,23.607695154587));
#8076 = VECTOR('',#8077,1.);
#8077 = DIRECTION('',(1.,0.,0.));
#8078 = ORIENTED_EDGE('',*,*,#4330,.T.);
#8079 = ORIENTED_EDGE('',*,*,#8056,.F.);
#8080 = PLANE('',#8081);
#8081 = AXIS2_PLACEMENT_3D('',#8082,#8083,#8084);
#8082 = CARTESIAN_POINT('',(-85.080446,29.80383139159,23.607695154587));
#8083 = DIRECTION('',(0.,1.,0.));
#8084 = DIRECTION('',(0.,0.,-1.));
#8085 = ADVANCED_FACE('',(#8086),#8097,.T.);
#8086 = FACE_BOUND('',#8087,.T.);
#8087 = EDGE_LOOP('',(#8088,#8089,#8095,#8096));
#8088 = ORIENTED_EDGE('',*,*,#4991,.T.);
#8089 = ORIENTED_EDGE('',*,*,#8090,.T.);
#8090 = EDGE_CURVE('',#4994,#4315,#8091,.T.);
#8091 = LINE('',#8092,#8093);
#8092 = CARTESIAN_POINT('',(-85.080446,34.999983814296,26.607695154587)
  );
#8093 = VECTOR('',#8094,1.);
#8094 = DIRECTION('',(1.,0.,0.));
#8095 = ORIENTED_EDGE('',*,*,#4322,.T.);
#8096 = ORIENTED_EDGE('',*,*,#8073,.F.);
#8097 = PLANE('',#8098);
#8098 = AXIS2_PLACEMENT_3D('',#8099,#8100,#8101);
#8099 = CARTESIAN_POINT('',(-85.080446,34.999983814296,26.607695154587)
  );
#8100 = DIRECTION('',(0.,0.5,-0.866025403784));
#8101 = DIRECTION('',(0.,-0.866025403784,-0.5));
#8102 = ADVANCED_FACE('',(#8103),#8109,.T.);
#8103 = FACE_BOUND('',#8104,.T.);
#8104 = EDGE_LOOP('',(#8105,#8106,#8107,#8108));
#8105 = ORIENTED_EDGE('',*,*,#5001,.T.);
#8106 = ORIENTED_EDGE('',*,*,#8024,.T.);
#8107 = ORIENTED_EDGE('',*,*,#4314,.T.);
#8108 = ORIENTED_EDGE('',*,*,#8090,.F.);
#8109 = PLANE('',#8110);
#8110 = AXIS2_PLACEMENT_3D('',#8111,#8112,#8113);
#8111 = CARTESIAN_POINT('',(-85.080446,40.196136237003,23.607695154587)
  );
#8112 = DIRECTION('',(0.,-0.5,-0.866025403784));
#8113 = DIRECTION('',(0.,-0.866025403784,0.5));
#8114 = ADVANCED_FACE('',(#8115),#8131,.T.);
#8115 = FACE_BOUND('',#8116,.T.);
#8116 = EDGE_LOOP('',(#8117,#8118,#8124,#8125));
#8117 = ORIENTED_EDGE('',*,*,#4959,.T.);
#8118 = ORIENTED_EDGE('',*,*,#8119,.T.);
#8119 = EDGE_CURVE('',#4960,#4355,#8120,.T.);
#8120 = LINE('',#8121,#8122);
#8121 = CARTESIAN_POINT('',(-85.080446,52.196136237003,17.607695154587)
  );
#8122 = VECTOR('',#8123,1.);
#8123 = DIRECTION('',(1.,0.,0.));
#8124 = ORIENTED_EDGE('',*,*,#4354,.T.);
#8125 = ORIENTED_EDGE('',*,*,#8126,.F.);
#8126 = EDGE_CURVE('',#4952,#4357,#8127,.T.);
#8127 = LINE('',#8128,#8129);
#8128 = CARTESIAN_POINT('',(-85.080446,52.196136237003,23.607695154587)
  );
#8129 = VECTOR('',#8130,1.);
#8130 = DIRECTION('',(1.,0.,0.));
#8131 = PLANE('',#8132);
#8132 = AXIS2_PLACEMENT_3D('',#8133,#8134,#8135);
#8133 = CARTESIAN_POINT('',(-85.080446,52.196136237003,17.607695154587)
  );
#8134 = DIRECTION('',(0.,-1.,0.));
#8135 = DIRECTION('',(0.,0.,1.));
#8136 = ADVANCED_FACE('',(#8137),#8148,.T.);
#8137 = FACE_BOUND('',#8138,.T.);
#8138 = EDGE_LOOP('',(#8139,#8140,#8146,#8147));
#8139 = ORIENTED_EDGE('',*,*,#4967,.T.);
#8140 = ORIENTED_EDGE('',*,*,#8141,.T.);
#8141 = EDGE_CURVE('',#4968,#4389,#8142,.T.);
#8142 = LINE('',#8143,#8144);
#8143 = CARTESIAN_POINT('',(-85.080446,46.999983814296,14.607695154587)
  );
#8144 = VECTOR('',#8145,1.);
#8145 = DIRECTION('',(1.,0.,0.));
#8146 = ORIENTED_EDGE('',*,*,#4396,.T.);
#8147 = ORIENTED_EDGE('',*,*,#8119,.F.);
#8148 = PLANE('',#8149);
#8149 = AXIS2_PLACEMENT_3D('',#8150,#8151,#8152);
#8150 = CARTESIAN_POINT('',(-85.080446,46.999983814296,14.607695154587)
  );
#8151 = DIRECTION('',(0.,-0.5,0.866025403784));
#8152 = DIRECTION('',(0.,0.866025403784,0.5));
#8153 = ADVANCED_FACE('',(#8154),#8165,.T.);
#8154 = FACE_BOUND('',#8155,.T.);
#8155 = EDGE_LOOP('',(#8156,#8157,#8163,#8164));
#8156 = ORIENTED_EDGE('',*,*,#4975,.T.);
#8157 = ORIENTED_EDGE('',*,*,#8158,.T.);
#8158 = EDGE_CURVE('',#4976,#4381,#8159,.T.);
#8159 = LINE('',#8160,#8161);
#8160 = CARTESIAN_POINT('',(-85.080446,41.80383139159,17.607695154587));
#8161 = VECTOR('',#8162,1.);
#8162 = DIRECTION('',(1.,0.,0.));
#8163 = ORIENTED_EDGE('',*,*,#4388,.T.);
#8164 = ORIENTED_EDGE('',*,*,#8141,.F.);
#8165 = PLANE('',#8166);
#8166 = AXIS2_PLACEMENT_3D('',#8167,#8168,#8169);
#8167 = CARTESIAN_POINT('',(-85.080446,41.80383139159,17.607695154587));
#8168 = DIRECTION('',(0.,0.5,0.866025403784));
#8169 = DIRECTION('',(0.,0.866025403784,-0.5));
#8170 = ADVANCED_FACE('',(#8171),#8182,.T.);
#8171 = FACE_BOUND('',#8172,.T.);
#8172 = EDGE_LOOP('',(#8173,#8174,#8180,#8181));
#8173 = ORIENTED_EDGE('',*,*,#4983,.T.);
#8174 = ORIENTED_EDGE('',*,*,#8175,.T.);
#8175 = EDGE_CURVE('',#4942,#4373,#8176,.T.);
#8176 = LINE('',#8177,#8178);
#8177 = CARTESIAN_POINT('',(-85.080446,41.80383139159,23.607695154587));
#8178 = VECTOR('',#8179,1.);
#8179 = DIRECTION('',(1.,0.,0.));
#8180 = ORIENTED_EDGE('',*,*,#4380,.T.);
#8181 = ORIENTED_EDGE('',*,*,#8158,.F.);
#8182 = PLANE('',#8183);
#8183 = AXIS2_PLACEMENT_3D('',#8184,#8185,#8186);
#8184 = CARTESIAN_POINT('',(-85.080446,41.80383139159,23.607695154587));
#8185 = DIRECTION('',(0.,1.,0.));
#8186 = DIRECTION('',(0.,0.,-1.));
#8187 = ADVANCED_FACE('',(#8188),#8199,.T.);
#8188 = FACE_BOUND('',#8189,.T.);
#8189 = EDGE_LOOP('',(#8190,#8191,#8197,#8198));
#8190 = ORIENTED_EDGE('',*,*,#4941,.T.);
#8191 = ORIENTED_EDGE('',*,*,#8192,.T.);
#8192 = EDGE_CURVE('',#4944,#4365,#8193,.T.);
#8193 = LINE('',#8194,#8195);
#8194 = CARTESIAN_POINT('',(-85.080446,46.999983814296,26.607695154587)
  );
#8195 = VECTOR('',#8196,1.);
#8196 = DIRECTION('',(1.,0.,0.));
#8197 = ORIENTED_EDGE('',*,*,#4372,.T.);
#8198 = ORIENTED_EDGE('',*,*,#8175,.F.);
#8199 = PLANE('',#8200);
#8200 = AXIS2_PLACEMENT_3D('',#8201,#8202,#8203);
#8201 = CARTESIAN_POINT('',(-85.080446,46.999983814296,26.607695154587)
  );
#8202 = DIRECTION('',(0.,0.5,-0.866025403784));
#8203 = DIRECTION('',(0.,-0.866025403784,-0.5));
#8204 = ADVANCED_FACE('',(#8205),#8211,.T.);
#8205 = FACE_BOUND('',#8206,.T.);
#8206 = EDGE_LOOP('',(#8207,#8208,#8209,#8210));
#8207 = ORIENTED_EDGE('',*,*,#4951,.T.);
#8208 = ORIENTED_EDGE('',*,*,#8126,.T.);
#8209 = ORIENTED_EDGE('',*,*,#4364,.T.);
#8210 = ORIENTED_EDGE('',*,*,#8192,.F.);
#8211 = PLANE('',#8212);
#8212 = AXIS2_PLACEMENT_3D('',#8213,#8214,#8215);
#8213 = CARTESIAN_POINT('',(-85.080446,52.196136237003,23.607695154587)
  );
#8214 = DIRECTION('',(0.,-0.5,-0.866025403784));
#8215 = DIRECTION('',(0.,-0.866025403784,0.5));
#8216 = ADVANCED_FACE('',(#8217),#8238,.F.);
#8217 = FACE_BOUND('',#8218,.F.);
#8218 = EDGE_LOOP('',(#8219,#8220,#8229,#8236,#8237));
#8219 = ORIENTED_EDGE('',*,*,#4532,.F.);
#8220 = ORIENTED_EDGE('',*,*,#8221,.T.);
#8221 = EDGE_CURVE('',#4525,#8222,#8224,.T.);
#8222 = VERTEX_POINT('',#8223);
#8223 = CARTESIAN_POINT('',(89.919554,-23.,8.));
#8224 = CIRCLE('',#8225,3.);
#8225 = AXIS2_PLACEMENT_3D('',#8226,#8227,#8228);
#8226 = CARTESIAN_POINT('',(89.919554,-26.,8.));
#8227 = DIRECTION('',(0.,-0.,1.));
#8228 = DIRECTION('',(2.22044604925E-16,1.,0.));
#8229 = ORIENTED_EDGE('',*,*,#8230,.T.);
#8230 = EDGE_CURVE('',#8222,#5964,#8231,.T.);
#8231 = CIRCLE('',#8232,3.);
#8232 = AXIS2_PLACEMENT_3D('',#8233,#8234,#8235);
#8233 = CARTESIAN_POINT('',(89.919554,-26.,8.));
#8234 = DIRECTION('',(0.,-0.,1.));
#8235 = DIRECTION('',(2.22044604925E-16,1.,0.));
#8236 = ORIENTED_EDGE('',*,*,#5963,.F.);
#8237 = ORIENTED_EDGE('',*,*,#4452,.T.);
#8238 = PLANE('',#8239);
#8239 = AXIS2_PLACEMENT_3D('',#8240,#8241,#8242);
#8240 = CARTESIAN_POINT('',(4.919554,29.,8.));
#8241 = DIRECTION('',(0.,0.,1.));
#8242 = DIRECTION('',(1.,0.,0.));
#8243 = ADVANCED_FACE('',(#8244),#8265,.T.);
#8244 = FACE_BOUND('',#8245,.T.);
#8245 = EDGE_LOOP('',(#8246,#8255,#8262,#8263,#8264));
#8246 = ORIENTED_EDGE('',*,*,#8247,.F.);
#8247 = EDGE_CURVE('',#8248,#4517,#8250,.T.);
#8248 = VERTEX_POINT('',#8249);
#8249 = CARTESIAN_POINT('',(89.919554,-23.,56.));
#8250 = CIRCLE('',#8251,3.);
#8251 = AXIS2_PLACEMENT_3D('',#8252,#8253,#8254);
#8252 = CARTESIAN_POINT('',(89.919554,-26.,56.));
#8253 = DIRECTION('',(0.,0.,-1.));
#8254 = DIRECTION('',(2.22044604925E-16,1.,0.));
#8255 = ORIENTED_EDGE('',*,*,#8256,.F.);
#8256 = EDGE_CURVE('',#5972,#8248,#8257,.T.);
#8257 = CIRCLE('',#8258,3.);
#8258 = AXIS2_PLACEMENT_3D('',#8259,#8260,#8261);
#8259 = CARTESIAN_POINT('',(89.919554,-26.,56.));
#8260 = DIRECTION('',(0.,0.,-1.));
#8261 = DIRECTION('',(2.22044604925E-16,1.,0.));
#8262 = ORIENTED_EDGE('',*,*,#5979,.F.);
#8263 = ORIENTED_EDGE('',*,*,#4426,.T.);
#8264 = ORIENTED_EDGE('',*,*,#4516,.F.);
#8265 = PLANE('',#8266);
#8266 = AXIS2_PLACEMENT_3D('',#8267,#8268,#8269);
#8267 = CARTESIAN_POINT('',(0.,0.,56.));
#8268 = DIRECTION('',(0.,0.,1.));
#8269 = DIRECTION('',(1.,0.,0.));
#8270 = ADVANCED_FACE('',(#8271),#8283,.F.);
#8271 = FACE_BOUND('',#8272,.F.);
#8272 = EDGE_LOOP('',(#8273,#8274,#8281,#8282));
#8273 = ORIENTED_EDGE('',*,*,#5405,.F.);
#8274 = ORIENTED_EDGE('',*,*,#8275,.T.);
#8275 = EDGE_CURVE('',#5398,#4485,#8276,.T.);
#8276 = CIRCLE('',#8277,3.);
#8277 = AXIS2_PLACEMENT_3D('',#8278,#8279,#8280);
#8278 = CARTESIAN_POINT('',(89.919554,84.,8.));
#8279 = DIRECTION('',(0.,-0.,1.));
#8280 = DIRECTION('',(2.22044604925E-16,1.,0.));
#8281 = ORIENTED_EDGE('',*,*,#4484,.F.);
#8282 = ORIENTED_EDGE('',*,*,#5325,.T.);
#8283 = PLANE('',#8284);
#8284 = AXIS2_PLACEMENT_3D('',#8285,#8286,#8287);
#8285 = CARTESIAN_POINT('',(4.919554,29.,8.));
#8286 = DIRECTION('',(0.,0.,1.));
#8287 = DIRECTION('',(1.,0.,0.));
#8288 = ADVANCED_FACE('',(#8289),#8301,.T.);
#8289 = FACE_BOUND('',#8290,.F.);
#8290 = EDGE_LOOP('',(#8291,#8292,#8293,#8300));
#8291 = ORIENTED_EDGE('',*,*,#8275,.F.);
#8292 = ORIENTED_EDGE('',*,*,#5397,.F.);
#8293 = ORIENTED_EDGE('',*,*,#8294,.F.);
#8294 = EDGE_CURVE('',#4493,#5390,#8295,.T.);
#8295 = CIRCLE('',#8296,3.);
#8296 = AXIS2_PLACEMENT_3D('',#8297,#8298,#8299);
#8297 = CARTESIAN_POINT('',(89.919554,84.,56.));
#8298 = DIRECTION('',(0.,0.,-1.));
#8299 = DIRECTION('',(2.22044604925E-16,1.,0.));
#8300 = ORIENTED_EDGE('',*,*,#4492,.T.);
#8301 = CYLINDRICAL_SURFACE('',#8302,3.);
#8302 = AXIS2_PLACEMENT_3D('',#8303,#8304,#8305);
#8303 = CARTESIAN_POINT('',(89.919554,84.,8.));
#8304 = DIRECTION('',(0.,0.,-1.));
#8305 = DIRECTION('',(2.22044604925E-16,1.,0.));
#8306 = ADVANCED_FACE('',(#8307),#8315,.T.);
#8307 = FACE_BOUND('',#8308,.F.);
#8308 = EDGE_LOOP('',(#8309,#8310,#8311,#8312,#8313,#8314));
#8309 = ORIENTED_EDGE('',*,*,#4524,.F.);
#8310 = ORIENTED_EDGE('',*,*,#8247,.F.);
#8311 = ORIENTED_EDGE('',*,*,#8256,.F.);
#8312 = ORIENTED_EDGE('',*,*,#5971,.T.);
#8313 = ORIENTED_EDGE('',*,*,#8230,.F.);
#8314 = ORIENTED_EDGE('',*,*,#8221,.F.);
#8315 = CYLINDRICAL_SURFACE('',#8316,3.);
#8316 = AXIS2_PLACEMENT_3D('',#8317,#8318,#8319);
#8317 = CARTESIAN_POINT('',(89.919554,-26.,8.));
#8318 = DIRECTION('',(0.,0.,-1.));
#8319 = DIRECTION('',(2.22044604925E-16,1.,0.));
#8320 = ADVANCED_FACE('',(#8321),#8327,.T.);
#8321 = FACE_BOUND('',#8322,.T.);
#8322 = EDGE_LOOP('',(#8323,#8324,#8325,#8326));
#8323 = ORIENTED_EDGE('',*,*,#8294,.F.);
#8324 = ORIENTED_EDGE('',*,*,#4500,.F.);
#8325 = ORIENTED_EDGE('',*,*,#5313,.T.);
#8326 = ORIENTED_EDGE('',*,*,#5389,.F.);
#8327 = PLANE('',#8328);
#8328 = AXIS2_PLACEMENT_3D('',#8329,#8330,#8331);
#8329 = CARTESIAN_POINT('',(0.,0.,56.));
#8330 = DIRECTION('',(0.,0.,1.));
#8331 = DIRECTION('',(1.,0.,0.));
#8332 = ADVANCED_FACE('',(#8333),#8346,.F.);
#8333 = FACE_BOUND('',#8334,.F.);
#8334 = EDGE_LOOP('',(#8335,#8336,#8343,#8344,#8345));
#8335 = ORIENTED_EDGE('',*,*,#5759,.F.);
#8336 = ORIENTED_EDGE('',*,*,#8337,.T.);
#8337 = EDGE_CURVE('',#5752,#5358,#8338,.T.);
#8338 = CIRCLE('',#8339,3.);
#8339 = AXIS2_PLACEMENT_3D('',#8340,#8341,#8342);
#8340 = CARTESIAN_POINT('',(-80.080446,84.,8.));
#8341 = DIRECTION('',(0.,-0.,1.));
#8342 = DIRECTION('',(2.22044604925E-16,1.,0.));
#8343 = ORIENTED_EDGE('',*,*,#5357,.F.);
#8344 = ORIENTED_EDGE('',*,*,#5635,.T.);
#8345 = ORIENTED_EDGE('',*,*,#5677,.T.);
#8346 = PLANE('',#8347);
#8347 = AXIS2_PLACEMENT_3D('',#8348,#8349,#8350);
#8348 = CARTESIAN_POINT('',(4.919554,29.,8.));
#8349 = DIRECTION('',(0.,0.,1.));
#8350 = DIRECTION('',(1.,0.,0.));
#8351 = ADVANCED_FACE('',(#8352),#8364,.T.);
#8352 = FACE_BOUND('',#8353,.F.);
#8353 = EDGE_LOOP('',(#8354,#8355,#8356,#8363));
#8354 = ORIENTED_EDGE('',*,*,#8337,.F.);
#8355 = ORIENTED_EDGE('',*,*,#5751,.F.);
#8356 = ORIENTED_EDGE('',*,*,#8357,.F.);
#8357 = EDGE_CURVE('',#5366,#5744,#8358,.T.);
#8358 = CIRCLE('',#8359,3.);
#8359 = AXIS2_PLACEMENT_3D('',#8360,#8361,#8362);
#8360 = CARTESIAN_POINT('',(-80.080446,84.,56.));
#8361 = DIRECTION('',(0.,0.,-1.));
#8362 = DIRECTION('',(2.22044604925E-16,1.,0.));
#8363 = ORIENTED_EDGE('',*,*,#5365,.T.);
#8364 = CYLINDRICAL_SURFACE('',#8365,3.);
#8365 = AXIS2_PLACEMENT_3D('',#8366,#8367,#8368);
#8366 = CARTESIAN_POINT('',(-80.080446,84.,8.));
#8367 = DIRECTION('',(0.,0.,-1.));
#8368 = DIRECTION('',(2.22044604925E-16,1.,0.));
#8369 = ADVANCED_FACE('',(#8370),#8377,.T.);
#8370 = FACE_BOUND('',#8371,.T.);
#8371 = EDGE_LOOP('',(#8372,#8373,#8374,#8375,#8376));
#8372 = ORIENTED_EDGE('',*,*,#8357,.F.);
#8373 = ORIENTED_EDGE('',*,*,#5373,.F.);
#8374 = ORIENTED_EDGE('',*,*,#5652,.T.);
#8375 = ORIENTED_EDGE('',*,*,#5669,.T.);
#8376 = ORIENTED_EDGE('',*,*,#5743,.F.);
#8377 = PLANE('',#8378);
#8378 = AXIS2_PLACEMENT_3D('',#8379,#8380,#8381);
#8379 = CARTESIAN_POINT('',(0.,0.,56.));
#8380 = DIRECTION('',(0.,0.,1.));
#8381 = DIRECTION('',(1.,0.,0.));
#8382 = ADVANCED_FACE('',(#8383),#8405,.F.);
#8383 = FACE_BOUND('',#8384,.F.);
#8384 = EDGE_LOOP('',(#8385,#8386,#8395,#8402,#8403,#8404));
#8385 = ORIENTED_EDGE('',*,*,#6004,.F.);
#8386 = ORIENTED_EDGE('',*,*,#8387,.T.);
#8387 = EDGE_CURVE('',#5997,#8388,#8390,.T.);
#8388 = VERTEX_POINT('',#8389);
#8389 = CARTESIAN_POINT('',(-80.080446,-23.,8.));
#8390 = CIRCLE('',#8391,3.);
#8391 = AXIS2_PLACEMENT_3D('',#8392,#8393,#8394);
#8392 = CARTESIAN_POINT('',(-80.080446,-26.,8.));
#8393 = DIRECTION('',(0.,-0.,1.));
#8394 = DIRECTION('',(2.22044604925E-16,1.,0.));
#8395 = ORIENTED_EDGE('',*,*,#8396,.T.);
#8396 = EDGE_CURVE('',#8388,#5712,#8397,.T.);
#8397 = CIRCLE('',#8398,3.);
#8398 = AXIS2_PLACEMENT_3D('',#8399,#8400,#8401);
#8399 = CARTESIAN_POINT('',(-80.080446,-26.,8.));
#8400 = DIRECTION('',(0.,-0.,1.));
#8401 = DIRECTION('',(2.22044604925E-16,1.,0.));
#8402 = ORIENTED_EDGE('',*,*,#5711,.F.);
#8403 = ORIENTED_EDGE('',*,*,#5894,.T.);
#8404 = ORIENTED_EDGE('',*,*,#5936,.T.);
#8405 = PLANE('',#8406);
#8406 = AXIS2_PLACEMENT_3D('',#8407,#8408,#8409);
#8407 = CARTESIAN_POINT('',(4.919554,29.,8.));
#8408 = DIRECTION('',(0.,0.,1.));
#8409 = DIRECTION('',(1.,0.,0.));
#8410 = ADVANCED_FACE('',(#8411),#8433,.T.);
#8411 = FACE_BOUND('',#8412,.F.);
#8412 = EDGE_LOOP('',(#8413,#8414,#8415,#8416,#8417,#8426));
#8413 = ORIENTED_EDGE('',*,*,#5719,.T.);
#8414 = ORIENTED_EDGE('',*,*,#8396,.F.);
#8415 = ORIENTED_EDGE('',*,*,#8387,.F.);
#8416 = ORIENTED_EDGE('',*,*,#5996,.F.);
#8417 = ORIENTED_EDGE('',*,*,#8418,.F.);
#8418 = EDGE_CURVE('',#8419,#5989,#8421,.T.);
#8419 = VERTEX_POINT('',#8420);
#8420 = CARTESIAN_POINT('',(-80.080446,-23.,56.));
#8421 = CIRCLE('',#8422,3.);
#8422 = AXIS2_PLACEMENT_3D('',#8423,#8424,#8425);
#8423 = CARTESIAN_POINT('',(-80.080446,-26.,56.));
#8424 = DIRECTION('',(0.,0.,-1.));
#8425 = DIRECTION('',(2.22044604925E-16,1.,0.));
#8426 = ORIENTED_EDGE('',*,*,#8427,.F.);
#8427 = EDGE_CURVE('',#5720,#8419,#8428,.T.);
#8428 = CIRCLE('',#8429,3.);
#8429 = AXIS2_PLACEMENT_3D('',#8430,#8431,#8432);
#8430 = CARTESIAN_POINT('',(-80.080446,-26.,56.));
#8431 = DIRECTION('',(0.,0.,-1.));
#8432 = DIRECTION('',(2.22044604925E-16,1.,0.));
#8433 = CYLINDRICAL_SURFACE('',#8434,3.);
#8434 = AXIS2_PLACEMENT_3D('',#8435,#8436,#8437);
#8435 = CARTESIAN_POINT('',(-80.080446,-26.,8.));
#8436 = DIRECTION('',(0.,0.,-1.));
#8437 = DIRECTION('',(2.22044604925E-16,1.,0.));
#8438 = ADVANCED_FACE('',(#8439),#8447,.T.);
#8439 = FACE_BOUND('',#8440,.T.);
#8440 = EDGE_LOOP('',(#8441,#8442,#8443,#8444,#8445,#8446));
#8441 = ORIENTED_EDGE('',*,*,#8418,.F.);
#8442 = ORIENTED_EDGE('',*,*,#8427,.F.);
#8443 = ORIENTED_EDGE('',*,*,#5727,.F.);
#8444 = ORIENTED_EDGE('',*,*,#5911,.T.);
#8445 = ORIENTED_EDGE('',*,*,#5928,.T.);
#8446 = ORIENTED_EDGE('',*,*,#5988,.F.);
#8447 = PLANE('',#8448);
#8448 = AXIS2_PLACEMENT_3D('',#8449,#8450,#8451);
#8449 = CARTESIAN_POINT('',(0.,0.,56.));
#8450 = DIRECTION('',(0.,0.,1.));
#8451 = DIRECTION('',(1.,0.,0.));
#8452 = ADVANCED_FACE('',(#8453),#8478,.F.);
#8453 = FACE_BOUND('',#8454,.F.);
#8454 = EDGE_LOOP('',(#8455,#8465,#8471,#8472));
#8455 = ORIENTED_EDGE('',*,*,#8456,.T.);
#8456 = EDGE_CURVE('',#8457,#8459,#8461,.T.);
#8457 = VERTEX_POINT('',#8458);
#8458 = CARTESIAN_POINT('',(-8.070827056773,-28.,27.500000000006));
#8459 = VERTEX_POINT('',#8460);
#8460 = CARTESIAN_POINT('',(0.739719070593,-28.,38.000000000011));
#8461 = LINE('',#8462,#8463);
#8462 = CARTESIAN_POINT('',(-0.981897728326,-28.,35.948256994829));
#8463 = VECTOR('',#8464,1.);
#8464 = DIRECTION('',(0.642787609687,1.727959728024E-16,0.766044443119)
  );
#8465 = ORIENTED_EDGE('',*,*,#8466,.T.);
#8466 = EDGE_CURVE('',#8459,#6014,#8467,.T.);
#8467 = LINE('',#8468,#8469);
#8468 = CARTESIAN_POINT('',(0.739719070593,-31.,38.000000000011));
#8469 = VECTOR('',#8470,1.);
#8470 = DIRECTION('',(0.,1.,-2.22044604925E-16));
#8471 = ORIENTED_EDGE('',*,*,#6013,.T.);
#8472 = ORIENTED_EDGE('',*,*,#8473,.F.);
#8473 = EDGE_CURVE('',#8457,#6016,#8474,.T.);
#8474 = LINE('',#8475,#8476);
#8475 = CARTESIAN_POINT('',(-8.070827056773,-31.,27.500000000006));
#8476 = VECTOR('',#8477,1.);
#8477 = DIRECTION('',(0.,1.,-2.22044604925E-16));
#8478 = PLANE('',#8479);
#8479 = AXIS2_PLACEMENT_3D('',#8480,#8481,#8482);
#8480 = CARTESIAN_POINT('',(0.739719070593,-31.,38.000000000011));
#8481 = DIRECTION('',(-0.766044443119,1.427275208436E-16,0.642787609687)
  );
#8482 = DIRECTION('',(-0.642787609687,-1.700960357274E-16,
    -0.766044443119));
#8483 = ADVANCED_FACE('',(#8484),#8502,.F.);
#8484 = FACE_BOUND('',#8485,.F.);
#8485 = EDGE_LOOP('',(#8486,#8494,#8495,#8496));
#8486 = ORIENTED_EDGE('',*,*,#8487,.T.);
#8487 = EDGE_CURVE('',#8488,#8457,#8490,.T.);
#8488 = VERTEX_POINT('',#8489);
#8489 = CARTESIAN_POINT('',(-2.874674634064,-28.,27.500000000006));
#8490 = LINE('',#8491,#8492);
#8491 = CARTESIAN_POINT('',(-1.575636528388,-28.,27.500000000006));
#8492 = VECTOR('',#8493,1.);
#8493 = DIRECTION('',(-1.,0.,0.));
#8494 = ORIENTED_EDGE('',*,*,#8473,.T.);
#8495 = ORIENTED_EDGE('',*,*,#6039,.T.);
#8496 = ORIENTED_EDGE('',*,*,#8497,.F.);
#8497 = EDGE_CURVE('',#8488,#6032,#8498,.T.);
#8498 = LINE('',#8499,#8500);
#8499 = CARTESIAN_POINT('',(-2.874674634064,-31.,27.500000000006));
#8500 = VECTOR('',#8501,1.);
#8501 = DIRECTION('',(0.,1.,-2.22044604925E-16));
#8502 = PLANE('',#8503);
#8503 = AXIS2_PLACEMENT_3D('',#8504,#8505,#8506);
#8504 = CARTESIAN_POINT('',(-8.070827056773,-31.,27.500000000006));
#8505 = DIRECTION('',(0.,-2.22044604925E-16,-1.));
#8506 = DIRECTION('',(1.,0.,0.));
#8507 = ADVANCED_FACE('',(#8508),#8526,.F.);
#8508 = FACE_BOUND('',#8509,.F.);
#8509 = EDGE_LOOP('',(#8510,#8518,#8519,#8520));
#8510 = ORIENTED_EDGE('',*,*,#8511,.T.);
#8511 = EDGE_CURVE('',#8512,#8488,#8514,.T.);
#8512 = VERTEX_POINT('',#8513);
#8513 = CARTESIAN_POINT('',(5.935871493302,-28.,38.000000000011));
#8514 = LINE('',#8515,#8516);
#8515 = CARTESIAN_POINT('',(-1.264480875206,-28.,29.418954196897));
#8516 = VECTOR('',#8517,1.);
#8517 = DIRECTION('',(-0.642787609687,-1.727959728024E-16,
    -0.766044443119));
#8518 = ORIENTED_EDGE('',*,*,#8497,.T.);
#8519 = ORIENTED_EDGE('',*,*,#6031,.T.);
#8520 = ORIENTED_EDGE('',*,*,#8521,.F.);
#8521 = EDGE_CURVE('',#8512,#6024,#8522,.T.);
#8522 = LINE('',#8523,#8524);
#8523 = CARTESIAN_POINT('',(5.935871493302,-31.,38.000000000011));
#8524 = VECTOR('',#8525,1.);
#8525 = DIRECTION('',(0.,1.,-2.22044604925E-16));
#8526 = PLANE('',#8527);
#8527 = AXIS2_PLACEMENT_3D('',#8528,#8529,#8530);
#8528 = CARTESIAN_POINT('',(-2.874674634064,-31.,27.500000000006));
#8529 = DIRECTION('',(0.766044443119,-1.427275208436E-16,-0.642787609687
    ));
#8530 = DIRECTION('',(0.642787609687,1.700960357274E-16,0.766044443119)
  );
#8531 = ADVANCED_FACE('',(#8532),#8543,.F.);
#8532 = FACE_BOUND('',#8533,.F.);
#8533 = EDGE_LOOP('',(#8534,#8540,#8541,#8542));
#8534 = ORIENTED_EDGE('',*,*,#8535,.T.);
#8535 = EDGE_CURVE('',#8459,#8512,#8536,.T.);
#8536 = LINE('',#8537,#8538);
#8537 = CARTESIAN_POINT('',(5.427712746649,-28.,38.000000000011));
#8538 = VECTOR('',#8539,1.);
#8539 = DIRECTION('',(1.,0.,0.));
#8540 = ORIENTED_EDGE('',*,*,#8521,.T.);
#8541 = ORIENTED_EDGE('',*,*,#6023,.T.);
#8542 = ORIENTED_EDGE('',*,*,#8466,.F.);
#8543 = PLANE('',#8544);
#8544 = AXIS2_PLACEMENT_3D('',#8545,#8546,#8547);
#8545 = CARTESIAN_POINT('',(5.935871493302,-31.,38.000000000011));
#8546 = DIRECTION('',(0.,2.22044604925E-16,1.));
#8547 = DIRECTION('',(-1.,0.,0.));
#8548 = ADVANCED_FACE('',(#8549),#8574,.F.);
#8549 = FACE_BOUND('',#8550,.F.);
#8550 = EDGE_LOOP('',(#8551,#8561,#8567,#8568));
#8551 = ORIENTED_EDGE('',*,*,#8552,.T.);
#8552 = EDGE_CURVE('',#8553,#8555,#8557,.T.);
#8553 = VERTEX_POINT('',#8554);
#8554 = CARTESIAN_POINT('',(3.903236506698,-28.,17.000000000001));
#8555 = VERTEX_POINT('',#8556);
#8556 = CARTESIAN_POINT('',(12.713782634064,-28.,27.500000000006));
#8557 = LINE('',#8558,#8559);
#8558 = CARTESIAN_POINT('',(11.103588875202,-28.,25.58104580311));
#8559 = VECTOR('',#8560,1.);
#8560 = DIRECTION('',(0.642787609687,1.727959728024E-16,0.766044443119)
  );
#8561 = ORIENTED_EDGE('',*,*,#8562,.T.);
#8562 = EDGE_CURVE('',#8555,#6048,#8563,.T.);
#8563 = LINE('',#8564,#8565);
#8564 = CARTESIAN_POINT('',(12.713782634064,-31.,27.500000000006));
#8565 = VECTOR('',#8566,1.);
#8566 = DIRECTION('',(0.,1.,-2.22044604925E-16));
#8567 = ORIENTED_EDGE('',*,*,#6047,.T.);
#8568 = ORIENTED_EDGE('',*,*,#8569,.F.);
#8569 = EDGE_CURVE('',#8553,#6050,#8570,.T.);
#8570 = LINE('',#8571,#8572);
#8571 = CARTESIAN_POINT('',(3.903236506698,-31.,17.000000000001));
#8572 = VECTOR('',#8573,1.);
#8573 = DIRECTION('',(0.,1.,-2.22044604925E-16));
#8574 = PLANE('',#8575);
#8575 = AXIS2_PLACEMENT_3D('',#8576,#8577,#8578);
#8576 = CARTESIAN_POINT('',(12.713782634064,-31.,27.500000000006));
#8577 = DIRECTION('',(-0.766044443119,1.427275208436E-16,0.642787609687)
  );
#8578 = DIRECTION('',(-0.642787609687,-1.700960357274E-16,
    -0.766044443119));
#8579 = ADVANCED_FACE('',(#8580),#8598,.F.);
#8580 = FACE_BOUND('',#8581,.F.);
#8581 = EDGE_LOOP('',(#8582,#8590,#8591,#8592));
#8582 = ORIENTED_EDGE('',*,*,#8583,.T.);
#8583 = EDGE_CURVE('',#8584,#8553,#8586,.T.);
#8584 = VERTEX_POINT('',#8585);
#8585 = CARTESIAN_POINT('',(9.099388929407,-28.,17.000000000001));
#8586 = LINE('',#8587,#8588);
#8587 = CARTESIAN_POINT('',(4.411395253347,-28.,17.000000000001));
#8588 = VECTOR('',#8589,1.);
#8589 = DIRECTION('',(-1.,0.,0.));
#8590 = ORIENTED_EDGE('',*,*,#8569,.T.);
#8591 = ORIENTED_EDGE('',*,*,#6073,.T.);
#8592 = ORIENTED_EDGE('',*,*,#8593,.F.);
#8593 = EDGE_CURVE('',#8584,#6066,#8594,.T.);
#8594 = LINE('',#8595,#8596);
#8595 = CARTESIAN_POINT('',(9.099388929407,-31.,17.000000000001));
#8596 = VECTOR('',#8597,1.);
#8597 = DIRECTION('',(0.,1.,-2.22044604925E-16));
#8598 = PLANE('',#8599);
#8599 = AXIS2_PLACEMENT_3D('',#8600,#8601,#8602);
#8600 = CARTESIAN_POINT('',(3.903236506698,-31.,17.000000000001));
#8601 = DIRECTION('',(0.,-2.22044604925E-16,-1.));
#8602 = DIRECTION('',(1.,0.,0.));
#8603 = ADVANCED_FACE('',(#8604),#8622,.F.);
#8604 = FACE_BOUND('',#8605,.F.);
#8605 = EDGE_LOOP('',(#8606,#8614,#8615,#8616));
#8606 = ORIENTED_EDGE('',*,*,#8607,.T.);
#8607 = EDGE_CURVE('',#8608,#8584,#8610,.T.);
#8608 = VERTEX_POINT('',#8609);
#8609 = CARTESIAN_POINT('',(17.909935056773,-28.,27.500000000006));
#8610 = LINE('',#8611,#8612);
#8611 = CARTESIAN_POINT('',(10.821005728322,-28.,19.051743005178));
#8612 = VECTOR('',#8613,1.);
#8613 = DIRECTION('',(-0.642787609687,-1.727959728024E-16,
    -0.766044443119));
#8614 = ORIENTED_EDGE('',*,*,#8593,.T.);
#8615 = ORIENTED_EDGE('',*,*,#6065,.T.);
#8616 = ORIENTED_EDGE('',*,*,#8617,.F.);
#8617 = EDGE_CURVE('',#8608,#6058,#8618,.T.);
#8618 = LINE('',#8619,#8620);
#8619 = CARTESIAN_POINT('',(17.909935056773,-31.,27.500000000006));
#8620 = VECTOR('',#8621,1.);
#8621 = DIRECTION('',(0.,1.,-2.22044604925E-16));
#8622 = PLANE('',#8623);
#8623 = AXIS2_PLACEMENT_3D('',#8624,#8625,#8626);
#8624 = CARTESIAN_POINT('',(9.099388929407,-31.,17.000000000001));
#8625 = DIRECTION('',(0.766044443119,-1.427275208436E-16,-0.642787609687
    ));
#8626 = DIRECTION('',(0.642787609687,1.700960357274E-16,0.766044443119)
  );
#8627 = ADVANCED_FACE('',(#8628),#8639,.F.);
#8628 = FACE_BOUND('',#8629,.F.);
#8629 = EDGE_LOOP('',(#8630,#8636,#8637,#8638));
#8630 = ORIENTED_EDGE('',*,*,#8631,.T.);
#8631 = EDGE_CURVE('',#8555,#8608,#8632,.T.);
#8632 = LINE('',#8633,#8634);
#8633 = CARTESIAN_POINT('',(11.414744528385,-28.,27.500000000006));
#8634 = VECTOR('',#8635,1.);
#8635 = DIRECTION('',(1.,0.,0.));
#8636 = ORIENTED_EDGE('',*,*,#8617,.T.);
#8637 = ORIENTED_EDGE('',*,*,#6057,.T.);
#8638 = ORIENTED_EDGE('',*,*,#8562,.F.);
#8639 = PLANE('',#8640);
#8640 = AXIS2_PLACEMENT_3D('',#8641,#8642,#8643);
#8641 = CARTESIAN_POINT('',(17.909935056773,-31.,27.500000000006));
#8642 = DIRECTION('',(0.,2.22044604925E-16,1.));
#8643 = DIRECTION('',(-1.,0.,0.));
#8644 = ADVANCED_FACE('',(#8645),#8670,.F.);
#8645 = FACE_BOUND('',#8646,.F.);
#8646 = EDGE_LOOP('',(#8647,#8657,#8663,#8664));
#8647 = ORIENTED_EDGE('',*,*,#8648,.T.);
#8648 = EDGE_CURVE('',#8649,#8651,#8653,.T.);
#8649 = VERTEX_POINT('',#8650);
#8650 = CARTESIAN_POINT('',(-6.48906833872,-28.,17.000000000001));
#8651 = VERTEX_POINT('',#8652);
#8652 = CARTESIAN_POINT('',(11.132023916011,-28.,38.000000000011));
#8653 = LINE('',#8654,#8655);
#8654 = CARTESIAN_POINT('',(7.263482105279,-28.,33.389651398971));
#8655 = VECTOR('',#8656,1.);
#8656 = DIRECTION('',(0.642787609687,1.727959728024E-16,0.766044443119)
  );
#8657 = ORIENTED_EDGE('',*,*,#8658,.T.);
#8658 = EDGE_CURVE('',#8651,#6082,#8659,.T.);
#8659 = LINE('',#8660,#8661);
#8660 = CARTESIAN_POINT('',(11.132023916011,-31.,38.000000000011));
#8661 = VECTOR('',#8662,1.);
#8662 = DIRECTION('',(0.,1.,-2.22044604925E-16));
#8663 = ORIENTED_EDGE('',*,*,#6081,.T.);
#8664 = ORIENTED_EDGE('',*,*,#8665,.F.);
#8665 = EDGE_CURVE('',#8649,#6084,#8666,.T.);
#8666 = LINE('',#8667,#8668);
#8667 = CARTESIAN_POINT('',(-6.48906833872,-31.,17.000000000001));
#8668 = VECTOR('',#8669,1.);
#8669 = DIRECTION('',(0.,1.,-2.22044604925E-16));
#8670 = PLANE('',#8671);
#8671 = AXIS2_PLACEMENT_3D('',#8672,#8673,#8674);
#8672 = CARTESIAN_POINT('',(11.132023916011,-31.,38.000000000011));
#8673 = DIRECTION('',(-0.766044443119,1.427275208436E-16,0.642787609687)
  );
#8674 = DIRECTION('',(-0.642787609687,-1.700960357274E-16,
    -0.766044443119));
#8675 = ADVANCED_FACE('',(#8676),#8694,.F.);
#8676 = FACE_BOUND('',#8677,.F.);
#8677 = EDGE_LOOP('',(#8678,#8686,#8687,#8688));
#8678 = ORIENTED_EDGE('',*,*,#8679,.T.);
#8679 = EDGE_CURVE('',#8680,#8649,#8682,.T.);
#8680 = VERTEX_POINT('',#8681);
#8681 = CARTESIAN_POINT('',(-1.292915916011,-28.,17.000000000001));
#8682 = LINE('',#8683,#8684);
#8683 = CARTESIAN_POINT('',(-0.784757169362,-28.,17.000000000001));
#8684 = VECTOR('',#8685,1.);
#8685 = DIRECTION('',(-1.,0.,0.));
#8686 = ORIENTED_EDGE('',*,*,#8665,.T.);
#8687 = ORIENTED_EDGE('',*,*,#6107,.T.);
#8688 = ORIENTED_EDGE('',*,*,#8689,.F.);
#8689 = EDGE_CURVE('',#8680,#6100,#8690,.T.);
#8690 = LINE('',#8691,#8692);
#8691 = CARTESIAN_POINT('',(-1.292915916011,-31.,17.000000000001));
#8692 = VECTOR('',#8693,1.);
#8693 = DIRECTION('',(0.,1.,-2.22044604925E-16));
#8694 = PLANE('',#8695);
#8695 = AXIS2_PLACEMENT_3D('',#8696,#8697,#8698);
#8696 = CARTESIAN_POINT('',(-6.48906833872,-31.,17.000000000001));
#8697 = DIRECTION('',(0.,-2.22044604925E-16,-1.));
#8698 = DIRECTION('',(1.,0.,0.));
#8699 = ADVANCED_FACE('',(#8700),#8718,.F.);
#8700 = FACE_BOUND('',#8701,.F.);
#8701 = EDGE_LOOP('',(#8702,#8710,#8711,#8712));
#8702 = ORIENTED_EDGE('',*,*,#8703,.T.);
#8703 = EDGE_CURVE('',#8704,#8680,#8706,.T.);
#8704 = VERTEX_POINT('',#8705);
#8705 = CARTESIAN_POINT('',(16.32817633872,-28.,38.000000000011));
#8706 = LINE('',#8707,#8708);
#8707 = CARTESIAN_POINT('',(2.575625894716,-28.,21.610348601036));
#8708 = VECTOR('',#8709,1.);
#8709 = DIRECTION('',(-0.642787609687,-1.727959728024E-16,
    -0.766044443119));
#8710 = ORIENTED_EDGE('',*,*,#8689,.T.);
#8711 = ORIENTED_EDGE('',*,*,#6099,.T.);
#8712 = ORIENTED_EDGE('',*,*,#8713,.F.);
#8713 = EDGE_CURVE('',#8704,#6092,#8714,.T.);
#8714 = LINE('',#8715,#8716);
#8715 = CARTESIAN_POINT('',(16.32817633872,-31.,38.000000000011));
#8716 = VECTOR('',#8717,1.);
#8717 = DIRECTION('',(0.,1.,-2.22044604925E-16));
#8718 = PLANE('',#8719);
#8719 = AXIS2_PLACEMENT_3D('',#8720,#8721,#8722);
#8720 = CARTESIAN_POINT('',(-1.292915916011,-31.,17.000000000001));
#8721 = DIRECTION('',(0.766044443119,-1.427275208436E-16,-0.642787609687
    ));
#8722 = DIRECTION('',(0.642787609687,1.700960357274E-16,0.766044443119)
  );
#8723 = ADVANCED_FACE('',(#8724),#8735,.F.);
#8724 = FACE_BOUND('',#8725,.F.);
#8725 = EDGE_LOOP('',(#8726,#8732,#8733,#8734));
#8726 = ORIENTED_EDGE('',*,*,#8727,.T.);
#8727 = EDGE_CURVE('',#8651,#8704,#8728,.T.);
#8728 = LINE('',#8729,#8730);
#8729 = CARTESIAN_POINT('',(10.623865169358,-28.,38.000000000011));
#8730 = VECTOR('',#8731,1.);
#8731 = DIRECTION('',(1.,0.,0.));
#8732 = ORIENTED_EDGE('',*,*,#8713,.T.);
#8733 = ORIENTED_EDGE('',*,*,#6091,.T.);
#8734 = ORIENTED_EDGE('',*,*,#8658,.F.);
#8735 = PLANE('',#8736);
#8736 = AXIS2_PLACEMENT_3D('',#8737,#8738,#8739);
#8737 = CARTESIAN_POINT('',(16.32817633872,-31.,38.000000000011));
#8738 = DIRECTION('',(0.,2.22044604925E-16,1.));
#8739 = DIRECTION('',(-1.,0.,0.));
#8740 = ADVANCED_FACE('',(#8741,#8749,#8755,#8761),#8767,.F.);
#8741 = FACE_BOUND('',#8742,.F.);
#8742 = EDGE_LOOP('',(#8743,#8744,#8745,#8746,#8747,#8748));
#8743 = ORIENTED_EDGE('',*,*,#6674,.F.);
#8744 = ORIENTED_EDGE('',*,*,#6554,.F.);
#8745 = ORIENTED_EDGE('',*,*,#6585,.F.);
#8746 = ORIENTED_EDGE('',*,*,#6609,.F.);
#8747 = ORIENTED_EDGE('',*,*,#6633,.F.);
#8748 = ORIENTED_EDGE('',*,*,#6657,.F.);
#8749 = FACE_BOUND('',#8750,.F.);
#8750 = EDGE_LOOP('',(#8751,#8752,#8753,#8754));
#8751 = ORIENTED_EDGE('',*,*,#8456,.F.);
#8752 = ORIENTED_EDGE('',*,*,#8487,.F.);
#8753 = ORIENTED_EDGE('',*,*,#8511,.F.);
#8754 = ORIENTED_EDGE('',*,*,#8535,.F.);
#8755 = FACE_BOUND('',#8756,.F.);
#8756 = EDGE_LOOP('',(#8757,#8758,#8759,#8760));
#8757 = ORIENTED_EDGE('',*,*,#8552,.F.);
#8758 = ORIENTED_EDGE('',*,*,#8583,.F.);
#8759 = ORIENTED_EDGE('',*,*,#8607,.F.);
#8760 = ORIENTED_EDGE('',*,*,#8631,.F.);
#8761 = FACE_BOUND('',#8762,.F.);
#8762 = EDGE_LOOP('',(#8763,#8764,#8765,#8766));
#8763 = ORIENTED_EDGE('',*,*,#8648,.F.);
#8764 = ORIENTED_EDGE('',*,*,#8679,.F.);
#8765 = ORIENTED_EDGE('',*,*,#8703,.F.);
#8766 = ORIENTED_EDGE('',*,*,#8727,.F.);
#8767 = PLANE('',#8768);
#8768 = AXIS2_PLACEMENT_3D('',#8769,#8770,#8771);
#8769 = CARTESIAN_POINT('',(4.919553999997,-28.,27.5));
#8770 = DIRECTION('',(0.,1.,-2.255691224635E-16));
#8771 = DIRECTION('',(0.,2.255691224635E-16,1.));
#8772 = ( GEOMETRIC_REPRESENTATION_CONTEXT(3) 
GLOBAL_UNCERTAINTY_ASSIGNED_CONTEXT((#8776)) 
GLOBAL_UNIT_ASSIGNED_CONTEXT((#8773,#8774,#8775)) REPRESENTATION_CONTEXT
('Context #1','3D Context with UNIT and UNCERTAINTY') );
#8773 = ( LENGTH_UNIT() NAMED_UNIT(*) SI_UNIT(.MILLI.,.METRE.) );
#8774 = ( NAMED_UNIT(*) PLANE_ANGLE_UNIT() SI_UNIT($,.RADIAN.) );
#8775 = ( NAMED_UNIT(*) SI_UNIT($,.STERADIAN.) SOLID_ANGLE_UNIT() );
#8776 = UNCERTAINTY_MEASURE_WITH_UNIT(LENGTH_MEASURE(1.E-04),#8773,
  'distance_accuracy_value','confusion accuracy');
#8777 = PRODUCT_RELATED_PRODUCT_CATEGORY('part',$,(#7));
#8778 = MECHANICAL_DESIGN_GEOMETRIC_PRESENTATION_REPRESENTATION('',(
    #8779),#8772);
#8779 = STYLED_ITEM('color',(#8780),#15);
#8780 = PRESENTATION_STYLE_ASSIGNMENT((#8781,#8789));
#8781 = SURFACE_STYLE_USAGE(.BOTH.,#8782);
#8782 = SURFACE_SIDE_STYLE('',(#8783,#8787));
#8783 = SURFACE_STYLE_FILL_AREA(#8784);
#8784 = FILL_AREA_STYLE('',(#8785));
#8785 = FILL_AREA_STYLE_COLOUR('',#8786);
#8786 = COLOUR_RGB('',1.,0.321568635616,0.109803919806);
#8787 = SURFACE_STYLE_RENDERING_WITH_PROPERTIES(.NORMAL_SHADING.,#8786,(
    #8788));
#8788 = SURFACE_STYLE_TRANSPARENT(0.699999988079);
#8789 = CURVE_STYLE('',#8790,POSITIVE_LENGTH_MEASURE(0.1),#8791);
#8790 = DRAUGHTING_PRE_DEFINED_CURVE_FONT('continuous');
#8791 = COLOUR_RGB('',9.803921802644E-02,9.803921802644E-02,
  9.803921802644E-02);
ENDSEC;
END-ISO-10303-21;
