ISO-10303-21;
HEADER;
/* Generated by software containing ST-Developer
 * from STEP Tools, Inc. (www.steptools.com) 
 */

FILE_DESCRIPTION(
/* description */ ('T701\X2\4F20611F5668\X0\'),
/* implementation_level */ '2;1');

FILE_NAME(
/* name */ 'C:\\Users\\Hanson\\Desktop\\\X2\6CE27EB97BA1\X0\.stp',
/* time_stamp */ '2022-08-29T14:21:20+08:00',
/* author */ ('Hanson'),
/* organization */ (''),
/* preprocessor_version */ 'ST-DEVELOPER v18',
/* originating_system */ 'Autodesk Inventor 2020',
/* authorisation */ '');

FILE_SCHEMA (('AUTOMOTIVE_DESIGN { 1 0 10303 214 3 1 1 }'));
ENDSEC;

DATA;
#10=MECHANICAL_DESIGN_GEOMETRIC_PRESENTATION_REPRESENTATION('',(#13),#3257);
#11=SHAPE_REPRESENTATION_RELATIONSHIP('SRR','None',#3264,#12);
#12=ADVANCED_BREP_SHAPE_REPRESENTATION('',(#14),#3256);
#13=STYLED_ITEM('',(#3273),#14);
#14=MANIFOLD_SOLID_BREP('\X2\5B9E4F53\X0\1',#1690);
#15=TOROIDAL_SURFACE('',#1783,16.4590442480617,0.834241350769531);
#16=TOROIDAL_SURFACE('',#1790,21.5657586438249,0.834241350772386);
#17=TOROIDAL_SURFACE('',#1797,16.4590442480617,0.834241350771353);
#18=TOROIDAL_SURFACE('',#1804,21.5657586438249,0.834241350772346);
#19=TOROIDAL_SURFACE('',#1811,16.4590442480617,0.834241350771353);
#20=TOROIDAL_SURFACE('',#1818,21.5657586438249,0.834241350771353);
#21=TOROIDAL_SURFACE('',#1825,16.4590442480617,0.834241350771353);
#22=TOROIDAL_SURFACE('',#1832,21.5657586438249,0.834241350769572);
#23=TOROIDAL_SURFACE('',#1839,16.4590442480617,0.834241350771353);
#24=TOROIDAL_SURFACE('',#1846,21.5657586438249,0.834241350771353);
#25=TOROIDAL_SURFACE('',#1853,16.4590442480617,0.834241350771353);
#26=TOROIDAL_SURFACE('',#1860,21.5657586438249,0.834241350771353);
#27=TOROIDAL_SURFACE('',#1867,16.4590442480617,0.834241350771353);
#28=TOROIDAL_SURFACE('',#1874,21.5657586438249,0.834241350771353);
#29=TOROIDAL_SURFACE('',#1881,16.4590442480617,0.834241350772386);
#30=TOROIDAL_SURFACE('',#1888,21.5657586438249,0.834241350769572);
#31=TOROIDAL_SURFACE('',#1895,16.4590442480617,0.834241350771353);
#32=TOROIDAL_SURFACE('',#1902,21.5657586438249,0.834241350772346);
#33=TOROIDAL_SURFACE('',#1909,16.4590442480617,0.834241350772386);
#34=TOROIDAL_SURFACE('',#1916,21.5657586438249,0.834241350771353);
#35=TOROIDAL_SURFACE('',#1923,16.4590442480617,0.834241350771353);
#36=TOROIDAL_SURFACE('',#1930,21.5657586438249,0.834241350771353);
#37=TOROIDAL_SURFACE('',#1937,16.4590442480896,0.834241350770677);
#38=TOROIDAL_SURFACE('',#1944,21.565758643825,0.834241350771353);
#39=TOROIDAL_SURFACE('',#1951,16.4590442480619,0.834241350771353);
#40=TOROIDAL_SURFACE('',#1958,21.5657586438251,0.834241350771353);
#41=TOROIDAL_SURFACE('',#1965,16.4590442480619,0.834241350771353);
#42=TOROIDAL_SURFACE('',#1972,21.5657586438251,0.834241350771353);
#43=TOROIDAL_SURFACE('',#1979,16.4590442480619,0.834241350771353);
#44=TOROIDAL_SURFACE('',#1986,21.5657586438251,0.834241350771353);
#45=TOROIDAL_SURFACE('',#1993,16.2633322614347,0.834241350771353);
#46=B_SPLINE_CURVE_WITH_KNOTS('',3,(#2717,#2718,#2719,#2720,#2721,#2722,
#2723,#2724,#2725,#2726),.UNSPECIFIED.,.F.,.F.,(4,2,2,2,4),(0.278130001280361,
0.307858529427988,0.337587057575614,0.37646628416706,0.415345510758506),
 .UNSPECIFIED.);
#47=B_SPLINE_CURVE_WITH_KNOTS('',3,(#2729,#2730,#2731,#2732,#2733,#2734,
#2735,#2736,#2737,#2738),.UNSPECIFIED.,.F.,.F.,(4,2,2,2,4),(0.140914491802216,
0.179793718393662,0.218672944985108,0.248401473132735,0.278130001280361),
 .UNSPECIFIED.);
#48=B_SPLINE_CURVE_WITH_KNOTS('',3,(#2743,#2744,#2745,#2746,#2747,#2748,
#2749,#2750,#2751,#2752),.UNSPECIFIED.,.F.,.F.,(4,2,2,2,4),(-0.137215509478145,
-0.0983362828866991,-0.0594570562952531,-0.0297285281476266,0.),
 .UNSPECIFIED.);
#49=B_SPLINE_CURVE_WITH_KNOTS('',3,(#2754,#2755,#2756,#2757,#2758,#2759,
#2760,#2761,#2762,#2763),.UNSPECIFIED.,.F.,.F.,(4,2,2,2,4),(0.,0.0297285281476266,
0.0594570562952531,0.0983362828866991,0.137215509478145),.UNSPECIFIED.);
#50=B_SPLINE_CURVE_WITH_KNOTS('',3,(#2767,#2768,#2769,#2770,#2771,#2772,
#2773,#2774,#2775,#2776,#2777,#2778),.UNSPECIFIED.,.F.,.F.,(4,2,2,2,2,4),
(0.184041815927377,0.236937790209062,0.289833764490747,0.319162056714413,
0.333826202826246,0.348490348938079),.UNSPECIFIED.);
#51=B_SPLINE_CURVE_WITH_KNOTS('',3,(#2780,#2781,#2782,#2783,#2784,#2785,
#2786,#2787,#2788,#2789,#2790,#2791),.UNSPECIFIED.,.F.,.F.,(4,2,2,2,2,4),
(0.348490348938079,0.363154495049912,0.377818641161745,0.407146933385411,
0.460042907667097,0.512938881948782),.UNSPECIFIED.);
#52=B_SPLINE_CURVE_WITH_KNOTS('',3,(#2795,#2796,#2797,#2798,#2799,#2800,
#2801,#2802,#2803,#2804,#2805,#2806),.UNSPECIFIED.,.F.,.F.,(4,2,2,2,2,4),
(0.184041815927381,0.236937790209067,0.289833764490753,0.319162056714419,
0.333826202826252,0.348490348938085),.UNSPECIFIED.);
#53=B_SPLINE_CURVE_WITH_KNOTS('',3,(#2808,#2809,#2810,#2811,#2812,#2813,
#2814,#2815,#2816,#2817,#2818,#2819),.UNSPECIFIED.,.F.,.F.,(4,2,2,2,2,4),
(0.348490348938085,0.363154495049918,0.377818641161751,0.407146933385417,
0.460042907667103,0.51293888194879),.UNSPECIFIED.);
#54=B_SPLINE_CURVE_WITH_KNOTS('',3,(#2825,#2826,#2827,#2828),
 .UNSPECIFIED.,.F.,.F.,(4,4),(0.,0.146085267242412),.UNSPECIFIED.);
#55=B_SPLINE_CURVE_WITH_KNOTS('',3,(#2829,#2830,#2831,#2832),
 .UNSPECIFIED.,.F.,.F.,(4,4),(0.,0.146085267242418),.UNSPECIFIED.);
#56=B_SPLINE_CURVE_WITH_KNOTS('',3,(#2836,#2837,#2838,#2839),
 .UNSPECIFIED.,.F.,.F.,(4,4),(0.,0.146085267242115),.UNSPECIFIED.);
#57=B_SPLINE_CURVE_WITH_KNOTS('',3,(#2844,#2845,#2846,#2847),
 .UNSPECIFIED.,.F.,.F.,(4,4),(0.,0.146085267242048),.UNSPECIFIED.);
#58=B_SPLINE_CURVE_WITH_KNOTS('',3,(#2865,#2866,#2867,#2868),
 .UNSPECIFIED.,.F.,.F.,(4,4),(0.,0.150591392854563),.UNSPECIFIED.);
#59=B_SPLINE_CURVE_WITH_KNOTS('',3,(#2871,#2872,#2873,#2874),
 .UNSPECIFIED.,.F.,.F.,(4,4),(0.,0.150591392853389),.UNSPECIFIED.);
#60=B_SPLINE_CURVE_WITH_KNOTS('',3,(#2877,#2878,#2879,#2880),
 .UNSPECIFIED.,.F.,.F.,(4,4),(0.,0.150591392854564),.UNSPECIFIED.);
#61=B_SPLINE_CURVE_WITH_KNOTS('',3,(#2885,#2886,#2887,#2888),
 .UNSPECIFIED.,.F.,.F.,(4,4),(0.,0.150591392853292),.UNSPECIFIED.);
#62=FACE_BOUND('',#261,.T.);
#63=FACE_BOUND('',#264,.T.);
#64=FACE_BOUND('',#265,.T.);
#65=FACE_BOUND('',#271,.T.);
#66=FACE_BOUND('',#274,.T.);
#67=FACE_BOUND('',#275,.T.);
#68=FACE_BOUND('',#293,.T.);
#69=FACE_BOUND('',#299,.T.);
#70=FACE_BOUND('',#302,.T.);
#71=FACE_BOUND('',#305,.T.);
#72=FACE_BOUND('',#308,.T.);
#73=FACE_BOUND('',#311,.T.);
#74=FACE_BOUND('',#314,.T.);
#75=FACE_BOUND('',#317,.T.);
#76=FACE_BOUND('',#320,.T.);
#77=FACE_BOUND('',#323,.T.);
#78=FACE_BOUND('',#326,.T.);
#79=FACE_BOUND('',#329,.T.);
#80=FACE_BOUND('',#332,.T.);
#81=FACE_BOUND('',#335,.T.);
#82=FACE_BOUND('',#338,.T.);
#83=FACE_BOUND('',#341,.T.);
#84=FACE_BOUND('',#344,.T.);
#85=FACE_BOUND('',#347,.T.);
#86=FACE_BOUND('',#350,.T.);
#87=FACE_BOUND('',#353,.T.);
#88=FACE_BOUND('',#356,.T.);
#89=FACE_BOUND('',#359,.T.);
#90=FACE_BOUND('',#362,.T.);
#91=FACE_BOUND('',#365,.T.);
#92=FACE_BOUND('',#370,.T.);
#93=FACE_BOUND('',#373,.T.);
#94=FACE_BOUND('',#376,.T.);
#95=FACE_BOUND('',#379,.T.);
#96=FACE_BOUND('',#382,.T.);
#97=FACE_BOUND('',#385,.T.);
#98=FACE_BOUND('',#388,.T.);
#99=FACE_BOUND('',#392,.T.);
#100=CONICAL_SURFACE('',#1714,4.5,0.785398163397479);
#101=CONICAL_SURFACE('',#1721,4.5,0.785398163397483);
#102=CONICAL_SURFACE('',#1729,4.5,0.78539816339748);
#103=CONICAL_SURFACE('',#1734,4.5,0.785398163397441);
#104=CONICAL_SURFACE('',#1737,4.5,0.785398163397435);
#105=CONICAL_SURFACE('',#1741,4.5,0.785398163397448);
#106=CONICAL_SURFACE('',#1749,12.5,0.785398163397451);
#107=CONICAL_SURFACE('',#1753,12.5,0.785398163397451);
#108=CONICAL_SURFACE('',#1763,16.5,0.785398163397448);
#109=CONICAL_SURFACE('',#1767,16.5,0.785398163397448);
#110=CONICAL_SURFACE('',#1941,19.0045373244502,1.55194186113563);
#111=PLANE('',#1713);
#112=PLANE('',#1720);
#113=PLANE('',#1724);
#114=PLANE('',#1736);
#115=PLANE('',#1739);
#116=PLANE('',#1743);
#117=PLANE('',#1748);
#118=PLANE('',#1752);
#119=PLANE('',#1762);
#120=PLANE('',#1766);
#121=PLANE('',#1770);
#122=PLANE('',#1771);
#123=PLANE('',#1772);
#124=PLANE('',#1775);
#125=PLANE('',#1776);
#126=PLANE('',#1780);
#127=PLANE('',#1787);
#128=PLANE('',#1794);
#129=PLANE('',#1801);
#130=PLANE('',#1808);
#131=PLANE('',#1815);
#132=PLANE('',#1822);
#133=PLANE('',#1829);
#134=PLANE('',#1836);
#135=PLANE('',#1843);
#136=PLANE('',#1850);
#137=PLANE('',#1857);
#138=PLANE('',#1864);
#139=PLANE('',#1871);
#140=PLANE('',#1878);
#141=PLANE('',#1885);
#142=PLANE('',#1892);
#143=PLANE('',#1899);
#144=PLANE('',#1906);
#145=PLANE('',#1913);
#146=PLANE('',#1920);
#147=PLANE('',#1927);
#148=PLANE('',#1934);
#149=PLANE('',#1948);
#150=PLANE('',#1955);
#151=PLANE('',#1962);
#152=PLANE('',#1969);
#153=PLANE('',#1976);
#154=PLANE('',#1983);
#155=PLANE('',#1990);
#156=PLANE('',#2000);
#157=FACE_OUTER_BOUND('',#256,.T.);
#158=FACE_OUTER_BOUND('',#257,.T.);
#159=FACE_OUTER_BOUND('',#258,.T.);
#160=FACE_OUTER_BOUND('',#259,.T.);
#161=FACE_OUTER_BOUND('',#260,.T.);
#162=FACE_OUTER_BOUND('',#262,.T.);
#163=FACE_OUTER_BOUND('',#263,.T.);
#164=FACE_OUTER_BOUND('',#266,.T.);
#165=FACE_OUTER_BOUND('',#267,.T.);
#166=FACE_OUTER_BOUND('',#268,.T.);
#167=FACE_OUTER_BOUND('',#269,.T.);
#168=FACE_OUTER_BOUND('',#270,.T.);
#169=FACE_OUTER_BOUND('',#272,.T.);
#170=FACE_OUTER_BOUND('',#273,.T.);
#171=FACE_OUTER_BOUND('',#276,.T.);
#172=FACE_OUTER_BOUND('',#277,.T.);
#173=FACE_OUTER_BOUND('',#278,.T.);
#174=FACE_OUTER_BOUND('',#279,.T.);
#175=FACE_OUTER_BOUND('',#280,.T.);
#176=FACE_OUTER_BOUND('',#281,.T.);
#177=FACE_OUTER_BOUND('',#282,.T.);
#178=FACE_OUTER_BOUND('',#283,.T.);
#179=FACE_OUTER_BOUND('',#284,.T.);
#180=FACE_OUTER_BOUND('',#285,.T.);
#181=FACE_OUTER_BOUND('',#286,.T.);
#182=FACE_OUTER_BOUND('',#287,.T.);
#183=FACE_OUTER_BOUND('',#288,.T.);
#184=FACE_OUTER_BOUND('',#289,.T.);
#185=FACE_OUTER_BOUND('',#290,.T.);
#186=FACE_OUTER_BOUND('',#291,.T.);
#187=FACE_OUTER_BOUND('',#292,.T.);
#188=FACE_OUTER_BOUND('',#294,.T.);
#189=FACE_OUTER_BOUND('',#295,.T.);
#190=FACE_OUTER_BOUND('',#296,.T.);
#191=FACE_OUTER_BOUND('',#297,.T.);
#192=FACE_OUTER_BOUND('',#298,.T.);
#193=FACE_OUTER_BOUND('',#300,.T.);
#194=FACE_OUTER_BOUND('',#301,.T.);
#195=FACE_OUTER_BOUND('',#303,.T.);
#196=FACE_OUTER_BOUND('',#304,.T.);
#197=FACE_OUTER_BOUND('',#306,.T.);
#198=FACE_OUTER_BOUND('',#307,.T.);
#199=FACE_OUTER_BOUND('',#309,.T.);
#200=FACE_OUTER_BOUND('',#310,.T.);
#201=FACE_OUTER_BOUND('',#312,.T.);
#202=FACE_OUTER_BOUND('',#313,.T.);
#203=FACE_OUTER_BOUND('',#315,.T.);
#204=FACE_OUTER_BOUND('',#316,.T.);
#205=FACE_OUTER_BOUND('',#318,.T.);
#206=FACE_OUTER_BOUND('',#319,.T.);
#207=FACE_OUTER_BOUND('',#321,.T.);
#208=FACE_OUTER_BOUND('',#322,.T.);
#209=FACE_OUTER_BOUND('',#324,.T.);
#210=FACE_OUTER_BOUND('',#325,.T.);
#211=FACE_OUTER_BOUND('',#327,.T.);
#212=FACE_OUTER_BOUND('',#328,.T.);
#213=FACE_OUTER_BOUND('',#330,.T.);
#214=FACE_OUTER_BOUND('',#331,.T.);
#215=FACE_OUTER_BOUND('',#333,.T.);
#216=FACE_OUTER_BOUND('',#334,.T.);
#217=FACE_OUTER_BOUND('',#336,.T.);
#218=FACE_OUTER_BOUND('',#337,.T.);
#219=FACE_OUTER_BOUND('',#339,.T.);
#220=FACE_OUTER_BOUND('',#340,.T.);
#221=FACE_OUTER_BOUND('',#342,.T.);
#222=FACE_OUTER_BOUND('',#343,.T.);
#223=FACE_OUTER_BOUND('',#345,.T.);
#224=FACE_OUTER_BOUND('',#346,.T.);
#225=FACE_OUTER_BOUND('',#348,.T.);
#226=FACE_OUTER_BOUND('',#349,.T.);
#227=FACE_OUTER_BOUND('',#351,.T.);
#228=FACE_OUTER_BOUND('',#352,.T.);
#229=FACE_OUTER_BOUND('',#354,.T.);
#230=FACE_OUTER_BOUND('',#355,.T.);
#231=FACE_OUTER_BOUND('',#357,.T.);
#232=FACE_OUTER_BOUND('',#358,.T.);
#233=FACE_OUTER_BOUND('',#360,.T.);
#234=FACE_OUTER_BOUND('',#361,.T.);
#235=FACE_OUTER_BOUND('',#363,.T.);
#236=FACE_OUTER_BOUND('',#364,.T.);
#237=FACE_OUTER_BOUND('',#366,.T.);
#238=FACE_OUTER_BOUND('',#367,.T.);
#239=FACE_OUTER_BOUND('',#368,.T.);
#240=FACE_OUTER_BOUND('',#369,.T.);
#241=FACE_OUTER_BOUND('',#371,.T.);
#242=FACE_OUTER_BOUND('',#372,.T.);
#243=FACE_OUTER_BOUND('',#374,.T.);
#244=FACE_OUTER_BOUND('',#375,.T.);
#245=FACE_OUTER_BOUND('',#377,.T.);
#246=FACE_OUTER_BOUND('',#378,.T.);
#247=FACE_OUTER_BOUND('',#380,.T.);
#248=FACE_OUTER_BOUND('',#381,.T.);
#249=FACE_OUTER_BOUND('',#383,.T.);
#250=FACE_OUTER_BOUND('',#384,.T.);
#251=FACE_OUTER_BOUND('',#386,.T.);
#252=FACE_OUTER_BOUND('',#387,.T.);
#253=FACE_OUTER_BOUND('',#389,.T.);
#254=FACE_OUTER_BOUND('',#390,.T.);
#255=FACE_OUTER_BOUND('',#391,.T.);
#256=EDGE_LOOP('',(#1088,#1089,#1090,#1091));
#257=EDGE_LOOP('',(#1092));
#258=EDGE_LOOP('',(#1093,#1094,#1095,#1096));
#259=EDGE_LOOP('',(#1097,#1098,#1099,#1100,#1101));
#260=EDGE_LOOP('',(#1102,#1103,#1104,#1105));
#261=EDGE_LOOP('',(#1106));
#262=EDGE_LOOP('',(#1107,#1108,#1109,#1110));
#263=EDGE_LOOP('',(#1111,#1112,#1113,#1114));
#264=EDGE_LOOP('',(#1115));
#265=EDGE_LOOP('',(#1116));
#266=EDGE_LOOP('',(#1117,#1118,#1119,#1120,#1121));
#267=EDGE_LOOP('',(#1122,#1123,#1124,#1125));
#268=EDGE_LOOP('',(#1126,#1127,#1128,#1129,#1130));
#269=EDGE_LOOP('',(#1131,#1132,#1133,#1134,#1135));
#270=EDGE_LOOP('',(#1136,#1137,#1138,#1139));
#271=EDGE_LOOP('',(#1140));
#272=EDGE_LOOP('',(#1141,#1142,#1143,#1144,#1145));
#273=EDGE_LOOP('',(#1146,#1147,#1148,#1149));
#274=EDGE_LOOP('',(#1150));
#275=EDGE_LOOP('',(#1151));
#276=EDGE_LOOP('',(#1152,#1153,#1154,#1155,#1156));
#277=EDGE_LOOP('',(#1157,#1158,#1159,#1160));
#278=EDGE_LOOP('',(#1161,#1162));
#279=EDGE_LOOP('',(#1163,#1164,#1165,#1166));
#280=EDGE_LOOP('',(#1167,#1168,#1169,#1170));
#281=EDGE_LOOP('',(#1171,#1172,#1173,#1174));
#282=EDGE_LOOP('',(#1175,#1176,#1177,#1178));
#283=EDGE_LOOP('',(#1179,#1180,#1181,#1182));
#284=EDGE_LOOP('',(#1183,#1184,#1185,#1186));
#285=EDGE_LOOP('',(#1187,#1188,#1189,#1190));
#286=EDGE_LOOP('',(#1191,#1192,#1193,#1194,#1195,#1196,#1197,#1198,#1199,
#1200,#1201,#1202,#1203,#1204,#1205,#1206,#1207));
#287=EDGE_LOOP('',(#1208,#1209,#1210,#1211));
#288=EDGE_LOOP('',(#1212,#1213,#1214,#1215));
#289=EDGE_LOOP('',(#1216,#1217,#1218,#1219));
#290=EDGE_LOOP('',(#1220,#1221,#1222,#1223));
#291=EDGE_LOOP('',(#1224,#1225,#1226,#1227));
#292=EDGE_LOOP('',(#1228,#1229,#1230,#1231));
#293=EDGE_LOOP('',(#1232));
#294=EDGE_LOOP('',(#1233,#1234,#1235));
#295=EDGE_LOOP('',(#1236,#1237,#1238));
#296=EDGE_LOOP('',(#1239,#1240));
#297=EDGE_LOOP('',(#1241,#1242,#1243,#1244,#1245,#1246,#1247,#1248,#1249,
#1250,#1251,#1252,#1253,#1254,#1255,#1256,#1257));
#298=EDGE_LOOP('',(#1258,#1259));
#299=EDGE_LOOP('',(#1260,#1261));
#300=EDGE_LOOP('',(#1262,#1263,#1264,#1265,#1266,#1267));
#301=EDGE_LOOP('',(#1268,#1269));
#302=EDGE_LOOP('',(#1270,#1271));
#303=EDGE_LOOP('',(#1272,#1273,#1274,#1275,#1276,#1277));
#304=EDGE_LOOP('',(#1278,#1279));
#305=EDGE_LOOP('',(#1280,#1281));
#306=EDGE_LOOP('',(#1282,#1283,#1284,#1285,#1286,#1287));
#307=EDGE_LOOP('',(#1288,#1289));
#308=EDGE_LOOP('',(#1290,#1291));
#309=EDGE_LOOP('',(#1292,#1293,#1294,#1295,#1296,#1297));
#310=EDGE_LOOP('',(#1298,#1299));
#311=EDGE_LOOP('',(#1300,#1301));
#312=EDGE_LOOP('',(#1302,#1303,#1304,#1305,#1306,#1307));
#313=EDGE_LOOP('',(#1308,#1309));
#314=EDGE_LOOP('',(#1310,#1311));
#315=EDGE_LOOP('',(#1312,#1313,#1314,#1315,#1316,#1317));
#316=EDGE_LOOP('',(#1318,#1319));
#317=EDGE_LOOP('',(#1320,#1321));
#318=EDGE_LOOP('',(#1322,#1323,#1324,#1325,#1326,#1327));
#319=EDGE_LOOP('',(#1328,#1329));
#320=EDGE_LOOP('',(#1330,#1331));
#321=EDGE_LOOP('',(#1332,#1333,#1334,#1335,#1336,#1337));
#322=EDGE_LOOP('',(#1338,#1339));
#323=EDGE_LOOP('',(#1340,#1341));
#324=EDGE_LOOP('',(#1342,#1343,#1344,#1345,#1346,#1347));
#325=EDGE_LOOP('',(#1348,#1349));
#326=EDGE_LOOP('',(#1350,#1351));
#327=EDGE_LOOP('',(#1352,#1353,#1354,#1355,#1356,#1357));
#328=EDGE_LOOP('',(#1358,#1359));
#329=EDGE_LOOP('',(#1360,#1361));
#330=EDGE_LOOP('',(#1362,#1363,#1364,#1365,#1366,#1367));
#331=EDGE_LOOP('',(#1368,#1369));
#332=EDGE_LOOP('',(#1370,#1371));
#333=EDGE_LOOP('',(#1372,#1373,#1374,#1375,#1376,#1377));
#334=EDGE_LOOP('',(#1378,#1379));
#335=EDGE_LOOP('',(#1380,#1381));
#336=EDGE_LOOP('',(#1382,#1383,#1384,#1385,#1386,#1387));
#337=EDGE_LOOP('',(#1388,#1389));
#338=EDGE_LOOP('',(#1390,#1391));
#339=EDGE_LOOP('',(#1392,#1393,#1394,#1395,#1396,#1397));
#340=EDGE_LOOP('',(#1398,#1399));
#341=EDGE_LOOP('',(#1400,#1401));
#342=EDGE_LOOP('',(#1402,#1403,#1404,#1405,#1406,#1407));
#343=EDGE_LOOP('',(#1408,#1409));
#344=EDGE_LOOP('',(#1410,#1411));
#345=EDGE_LOOP('',(#1412,#1413,#1414,#1415,#1416,#1417));
#346=EDGE_LOOP('',(#1418,#1419));
#347=EDGE_LOOP('',(#1420,#1421));
#348=EDGE_LOOP('',(#1422,#1423,#1424,#1425,#1426,#1427));
#349=EDGE_LOOP('',(#1428,#1429));
#350=EDGE_LOOP('',(#1430,#1431));
#351=EDGE_LOOP('',(#1432,#1433,#1434,#1435,#1436,#1437));
#352=EDGE_LOOP('',(#1438,#1439));
#353=EDGE_LOOP('',(#1440,#1441));
#354=EDGE_LOOP('',(#1442,#1443,#1444,#1445,#1446,#1447));
#355=EDGE_LOOP('',(#1448,#1449));
#356=EDGE_LOOP('',(#1450,#1451));
#357=EDGE_LOOP('',(#1452,#1453,#1454,#1455,#1456,#1457));
#358=EDGE_LOOP('',(#1458,#1459));
#359=EDGE_LOOP('',(#1460,#1461));
#360=EDGE_LOOP('',(#1462,#1463,#1464,#1465,#1466,#1467));
#361=EDGE_LOOP('',(#1468,#1469));
#362=EDGE_LOOP('',(#1470,#1471));
#363=EDGE_LOOP('',(#1472,#1473,#1474,#1475,#1476,#1477));
#364=EDGE_LOOP('',(#1478,#1479));
#365=EDGE_LOOP('',(#1480,#1481));
#366=EDGE_LOOP('',(#1482,#1483,#1484,#1485,#1486,#1487));
#367=EDGE_LOOP('',(#1488,#1489,#1490,#1491,#1492,#1493));
#368=EDGE_LOOP('',(#1494,#1495,#1496,#1497,#1498,#1499));
#369=EDGE_LOOP('',(#1500,#1501));
#370=EDGE_LOOP('',(#1502,#1503));
#371=EDGE_LOOP('',(#1504,#1505,#1506,#1507,#1508,#1509));
#372=EDGE_LOOP('',(#1510,#1511));
#373=EDGE_LOOP('',(#1512,#1513));
#374=EDGE_LOOP('',(#1514,#1515,#1516,#1517,#1518,#1519));
#375=EDGE_LOOP('',(#1520,#1521));
#376=EDGE_LOOP('',(#1522,#1523));
#377=EDGE_LOOP('',(#1524,#1525,#1526,#1527,#1528,#1529));
#378=EDGE_LOOP('',(#1530,#1531));
#379=EDGE_LOOP('',(#1532,#1533));
#380=EDGE_LOOP('',(#1534,#1535,#1536,#1537,#1538,#1539));
#381=EDGE_LOOP('',(#1540,#1541));
#382=EDGE_LOOP('',(#1542,#1543));
#383=EDGE_LOOP('',(#1544,#1545,#1546,#1547,#1548,#1549));
#384=EDGE_LOOP('',(#1550,#1551));
#385=EDGE_LOOP('',(#1552,#1553));
#386=EDGE_LOOP('',(#1554,#1555,#1556,#1557,#1558,#1559));
#387=EDGE_LOOP('',(#1560,#1561));
#388=EDGE_LOOP('',(#1562,#1563));
#389=EDGE_LOOP('',(#1564,#1565,#1566,#1567,#1568,#1569));
#390=EDGE_LOOP('',(#1570,#1571,#1572,#1573,#1574,#1575));
#391=EDGE_LOOP('',(#1576,#1577));
#392=EDGE_LOOP('',(#1578,#1579));
#393=LINE('',#2628,#431);
#394=LINE('',#2635,#432);
#395=LINE('',#2642,#433);
#396=LINE('',#2646,#434);
#397=LINE('',#2648,#435);
#398=LINE('',#2650,#436);
#399=LINE('',#2651,#437);
#400=LINE('',#2656,#438);
#401=LINE('',#2661,#439);
#402=LINE('',#2663,#440);
#403=LINE('',#2665,#441);
#404=LINE('',#2666,#442);
#405=LINE('',#2674,#443);
#406=LINE('',#2677,#444);
#407=LINE('',#2684,#445);
#408=LINE('',#2688,#446);
#409=LINE('',#2692,#447);
#410=LINE('',#2694,#448);
#411=LINE('',#2696,#449);
#412=LINE('',#2697,#450);
#413=LINE('',#2701,#451);
#414=LINE('',#2705,#452);
#415=LINE('',#2707,#453);
#416=LINE('',#2709,#454);
#417=LINE('',#2710,#455);
#418=LINE('',#2714,#456);
#419=LINE('',#2728,#457);
#420=LINE('',#2764,#458);
#421=LINE('',#2792,#459);
#422=LINE('',#2820,#460);
#423=LINE('',#2824,#461);
#424=LINE('',#2843,#462);
#425=LINE('',#2855,#463);
#426=LINE('',#2881,#464);
#427=LINE('',#2891,#465);
#428=LINE('',#2904,#466);
#429=LINE('',#3163,#467);
#430=LINE('',#3252,#468);
#431=VECTOR('',#2007,2.6);
#432=VECTOR('',#2016,4.5);
#433=VECTOR('',#2025,4.25);
#434=VECTOR('',#2028,10.);
#435=VECTOR('',#2029,10.);
#436=VECTOR('',#2030,10.);
#437=VECTOR('',#2031,10.);
#438=VECTOR('',#2036,4.5);
#439=VECTOR('',#2041,10.);
#440=VECTOR('',#2042,10.);
#441=VECTOR('',#2043,10.);
#442=VECTOR('',#2044,10.);
#443=VECTOR('',#2053,4.25);
#444=VECTOR('',#2056,4.5);
#445=VECTOR('',#2065,4.25);
#446=VECTOR('',#2070,4.5);
#447=VECTOR('',#2073,10.);
#448=VECTOR('',#2074,10.);
#449=VECTOR('',#2075,10.);
#450=VECTOR('',#2076,10.);
#451=VECTOR('',#2081,4.5);
#452=VECTOR('',#2084,10.);
#453=VECTOR('',#2085,10.);
#454=VECTOR('',#2086,10.);
#455=VECTOR('',#2087,10.);
#456=VECTOR('',#2092,4.5);
#457=VECTOR('',#2095,10.);
#458=VECTOR('',#2102,10.);
#459=VECTOR('',#2105,10.);
#460=VECTOR('',#2108,10.);
#461=VECTOR('',#2111,10.);
#462=VECTOR('',#2120,10.);
#463=VECTOR('',#2131,13.);
#464=VECTOR('',#2150,10.);
#465=VECTOR('',#2159,10.);
#466=VECTOR('',#2178,17.);
#467=VECTOR('',#2507,19.0045373244502);
#468=VECTOR('',#2620,15.4290909106634);
#469=CIRCLE('',#1711,2.6);
#470=CIRCLE('',#1712,2.6);
#471=CIRCLE('',#1715,4.75);
#472=CIRCLE('',#1716,4.25);
#473=CIRCLE('',#1718,4.25);
#474=CIRCLE('',#1719,4.25);
#475=CIRCLE('',#1722,4.75);
#476=CIRCLE('',#1723,4.25);
#477=CIRCLE('',#1725,4.75);
#478=CIRCLE('',#1727,4.25);
#479=CIRCLE('',#1728,4.25);
#480=CIRCLE('',#1730,4.25);
#481=CIRCLE('',#1732,4.25);
#482=CIRCLE('',#1733,4.25);
#483=CIRCLE('',#1735,4.75);
#484=CIRCLE('',#1738,4.75);
#485=CIRCLE('',#1740,4.75);
#486=CIRCLE('',#1744,17.);
#487=CIRCLE('',#1750,12.);
#488=CIRCLE('',#1751,13.);
#489=CIRCLE('',#1754,13.);
#490=CIRCLE('',#1755,12.);
#491=CIRCLE('',#1757,13.);
#492=CIRCLE('',#1758,13.);
#493=CIRCLE('',#1759,13.);
#494=CIRCLE('',#1760,13.);
#495=CIRCLE('',#1761,13.);
#496=CIRCLE('',#1764,17.);
#497=CIRCLE('',#1765,16.);
#498=CIRCLE('',#1768,17.);
#499=CIRCLE('',#1769,16.);
#500=CIRCLE('',#1773,17.);
#501=CIRCLE('',#1774,17.);
#502=CIRCLE('',#1778,17.);
#503=CIRCLE('',#1779,17.);
#504=CIRCLE('',#1781,16.4590442480617);
#505=CIRCLE('',#1782,16.4590442480617);
#506=CIRCLE('',#1784,0.834241350769531);
#507=CIRCLE('',#1785,16.4590442480617);
#508=CIRCLE('',#1786,16.4590442480617);
#509=CIRCLE('',#1788,21.5657586438249);
#510=CIRCLE('',#1789,21.5657586438249);
#511=CIRCLE('',#1791,21.5657586438249);
#512=CIRCLE('',#1792,21.5657586438249);
#513=CIRCLE('',#1793,0.834241350772386);
#514=CIRCLE('',#1795,16.4590442480617);
#515=CIRCLE('',#1796,16.4590442480617);
#516=CIRCLE('',#1798,0.834241350771353);
#517=CIRCLE('',#1799,16.4590442480617);
#518=CIRCLE('',#1800,16.4590442480617);
#519=CIRCLE('',#1802,21.5657586438249);
#520=CIRCLE('',#1803,21.5657586438249);
#521=CIRCLE('',#1805,21.5657586438249);
#522=CIRCLE('',#1806,21.5657586438249);
#523=CIRCLE('',#1807,0.834241350772346);
#524=CIRCLE('',#1809,16.4590442480617);
#525=CIRCLE('',#1810,16.4590442480617);
#526=CIRCLE('',#1812,0.834241350771353);
#527=CIRCLE('',#1813,16.4590442480617);
#528=CIRCLE('',#1814,16.4590442480617);
#529=CIRCLE('',#1816,21.5657586438249);
#530=CIRCLE('',#1817,21.5657586438249);
#531=CIRCLE('',#1819,21.5657586438249);
#532=CIRCLE('',#1820,21.5657586438249);
#533=CIRCLE('',#1821,0.834241350771353);
#534=CIRCLE('',#1823,16.4590442480617);
#535=CIRCLE('',#1824,16.4590442480617);
#536=CIRCLE('',#1826,0.834241350771353);
#537=CIRCLE('',#1827,16.4590442480617);
#538=CIRCLE('',#1828,16.4590442480617);
#539=CIRCLE('',#1830,21.5657586438249);
#540=CIRCLE('',#1831,21.5657586438249);
#541=CIRCLE('',#1833,21.5657586438249);
#542=CIRCLE('',#1834,21.5657586438249);
#543=CIRCLE('',#1835,0.834241350769572);
#544=CIRCLE('',#1837,16.4590442480617);
#545=CIRCLE('',#1838,16.4590442480617);
#546=CIRCLE('',#1840,0.834241350771353);
#547=CIRCLE('',#1841,16.4590442480617);
#548=CIRCLE('',#1842,16.4590442480617);
#549=CIRCLE('',#1844,21.5657586438249);
#550=CIRCLE('',#1845,21.5657586438249);
#551=CIRCLE('',#1847,21.5657586438249);
#552=CIRCLE('',#1848,21.5657586438249);
#553=CIRCLE('',#1849,0.834241350771353);
#554=CIRCLE('',#1851,16.4590442480617);
#555=CIRCLE('',#1852,16.4590442480617);
#556=CIRCLE('',#1854,0.834241350771353);
#557=CIRCLE('',#1855,16.4590442480617);
#558=CIRCLE('',#1856,16.4590442480617);
#559=CIRCLE('',#1858,21.5657586438249);
#560=CIRCLE('',#1859,21.5657586438249);
#561=CIRCLE('',#1861,21.5657586438249);
#562=CIRCLE('',#1862,21.5657586438249);
#563=CIRCLE('',#1863,0.834241350771353);
#564=CIRCLE('',#1865,16.4590442480617);
#565=CIRCLE('',#1866,16.4590442480617);
#566=CIRCLE('',#1868,0.834241350771353);
#567=CIRCLE('',#1869,16.4590442480617);
#568=CIRCLE('',#1870,16.4590442480617);
#569=CIRCLE('',#1872,21.5657586438249);
#570=CIRCLE('',#1873,21.5657586438249);
#571=CIRCLE('',#1875,21.5657586438249);
#572=CIRCLE('',#1876,21.5657586438249);
#573=CIRCLE('',#1877,0.834241350771353);
#574=CIRCLE('',#1879,16.4590442480617);
#575=CIRCLE('',#1880,16.4590442480617);
#576=CIRCLE('',#1882,0.834241350772386);
#577=CIRCLE('',#1883,16.4590442480617);
#578=CIRCLE('',#1884,16.4590442480617);
#579=CIRCLE('',#1886,21.5657586438249);
#580=CIRCLE('',#1887,21.5657586438249);
#581=CIRCLE('',#1889,21.5657586438249);
#582=CIRCLE('',#1890,21.5657586438249);
#583=CIRCLE('',#1891,0.834241350769572);
#584=CIRCLE('',#1893,16.4590442480617);
#585=CIRCLE('',#1894,16.4590442480617);
#586=CIRCLE('',#1896,0.834241350771353);
#587=CIRCLE('',#1897,16.4590442480617);
#588=CIRCLE('',#1898,16.4590442480617);
#589=CIRCLE('',#1900,21.5657586438249);
#590=CIRCLE('',#1901,21.5657586438249);
#591=CIRCLE('',#1903,21.5657586438249);
#592=CIRCLE('',#1904,21.5657586438249);
#593=CIRCLE('',#1905,0.834241350772346);
#594=CIRCLE('',#1907,16.4590442480617);
#595=CIRCLE('',#1908,16.4590442480617);
#596=CIRCLE('',#1910,0.834241350772386);
#597=CIRCLE('',#1911,16.4590442480617);
#598=CIRCLE('',#1912,16.4590442480617);
#599=CIRCLE('',#1914,21.5657586438249);
#600=CIRCLE('',#1915,21.5657586438249);
#601=CIRCLE('',#1917,21.5657586438249);
#602=CIRCLE('',#1918,21.5657586438249);
#603=CIRCLE('',#1919,0.834241350771353);
#604=CIRCLE('',#1921,16.4590442480617);
#605=CIRCLE('',#1922,16.4590442480617);
#606=CIRCLE('',#1924,0.834241350771353);
#607=CIRCLE('',#1925,16.4590442480617);
#608=CIRCLE('',#1926,16.4590442480617);
#609=CIRCLE('',#1928,21.5657586438249);
#610=CIRCLE('',#1929,21.5657586438249);
#611=CIRCLE('',#1931,21.5657586438249);
#612=CIRCLE('',#1932,21.5657586438249);
#613=CIRCLE('',#1933,0.834241350771353);
#614=CIRCLE('',#1935,16.4590442480617);
#615=CIRCLE('',#1936,16.4590442480617);
#616=CIRCLE('',#1938,0.834241350770677);
#617=CIRCLE('',#1939,16.4433160050754);
#618=CIRCLE('',#1940,16.4433160050754);
#619=CIRCLE('',#1942,21.565758643825);
#620=CIRCLE('',#1943,21.565758643825);
#621=CIRCLE('',#1945,21.565758643825);
#622=CIRCLE('',#1946,21.565758643825);
#623=CIRCLE('',#1947,0.834241350771353);
#624=CIRCLE('',#1949,16.4590442480619);
#625=CIRCLE('',#1950,16.4590442480619);
#626=CIRCLE('',#1952,0.834241350771353);
#627=CIRCLE('',#1953,16.4590442480619);
#628=CIRCLE('',#1954,16.4590442480619);
#629=CIRCLE('',#1956,21.5657586438251);
#630=CIRCLE('',#1957,21.5657586438251);
#631=CIRCLE('',#1959,21.5657586438251);
#632=CIRCLE('',#1960,21.5657586438251);
#633=CIRCLE('',#1961,0.834241350771353);
#634=CIRCLE('',#1963,16.4590442480619);
#635=CIRCLE('',#1964,16.4590442480619);
#636=CIRCLE('',#1966,0.834241350771353);
#637=CIRCLE('',#1967,16.4590442480619);
#638=CIRCLE('',#1968,16.4590442480619);
#639=CIRCLE('',#1970,21.5657586438251);
#640=CIRCLE('',#1971,21.5657586438251);
#641=CIRCLE('',#1973,21.5657586438251);
#642=CIRCLE('',#1974,21.5657586438251);
#643=CIRCLE('',#1975,0.834241350771353);
#644=CIRCLE('',#1977,16.4590442480619);
#645=CIRCLE('',#1978,16.4590442480619);
#646=CIRCLE('',#1980,0.834241350771353);
#647=CIRCLE('',#1981,16.4590442480619);
#648=CIRCLE('',#1982,16.4590442480619);
#649=CIRCLE('',#1984,21.5657586438251);
#650=CIRCLE('',#1985,21.5657586438251);
#651=CIRCLE('',#1987,21.5657586438251);
#652=CIRCLE('',#1988,21.5657586438251);
#653=CIRCLE('',#1989,0.834241350771353);
#654=CIRCLE('',#1991,16.2633322614347);
#655=CIRCLE('',#1992,16.2633322614347);
#656=CIRCLE('',#1994,0.834241350771353);
#657=CIRCLE('',#1995,15.4290909106634);
#658=CIRCLE('',#1996,15.4290909106634);
#659=CIRCLE('',#1998,15.4290909106634);
#660=CIRCLE('',#1999,15.4290909106634);
#661=VERTEX_POINT('',#2625);
#662=VERTEX_POINT('',#2627);
#663=VERTEX_POINT('',#2632);
#664=VERTEX_POINT('',#2634);
#665=VERTEX_POINT('',#2638);
#666=VERTEX_POINT('',#2639);
#667=VERTEX_POINT('',#2644);
#668=VERTEX_POINT('',#2645);
#669=VERTEX_POINT('',#2647);
#670=VERTEX_POINT('',#2649);
#671=VERTEX_POINT('',#2653);
#672=VERTEX_POINT('',#2655);
#673=VERTEX_POINT('',#2659);
#674=VERTEX_POINT('',#2660);
#675=VERTEX_POINT('',#2662);
#676=VERTEX_POINT('',#2664);
#677=VERTEX_POINT('',#2667);
#678=VERTEX_POINT('',#2670);
#679=VERTEX_POINT('',#2671);
#680=VERTEX_POINT('',#2676);
#681=VERTEX_POINT('',#2680);
#682=VERTEX_POINT('',#2681);
#683=VERTEX_POINT('',#2686);
#684=VERTEX_POINT('',#2690);
#685=VERTEX_POINT('',#2691);
#686=VERTEX_POINT('',#2693);
#687=VERTEX_POINT('',#2695);
#688=VERTEX_POINT('',#2699);
#689=VERTEX_POINT('',#2703);
#690=VERTEX_POINT('',#2704);
#691=VERTEX_POINT('',#2706);
#692=VERTEX_POINT('',#2708);
#693=VERTEX_POINT('',#2711);
#694=VERTEX_POINT('',#2716);
#695=VERTEX_POINT('',#2727);
#696=VERTEX_POINT('',#2742);
#697=VERTEX_POINT('',#2753);
#698=VERTEX_POINT('',#2766);
#699=VERTEX_POINT('',#2779);
#700=VERTEX_POINT('',#2794);
#701=VERTEX_POINT('',#2807);
#702=VERTEX_POINT('',#2822);
#703=VERTEX_POINT('',#2823);
#704=VERTEX_POINT('',#2834);
#705=VERTEX_POINT('',#2842);
#706=VERTEX_POINT('',#2852);
#707=VERTEX_POINT('',#2854);
#708=VERTEX_POINT('',#2856);
#709=VERTEX_POINT('',#2864);
#710=VERTEX_POINT('',#2869);
#711=VERTEX_POINT('',#2876);
#712=VERTEX_POINT('',#2884);
#713=VERTEX_POINT('',#2894);
#714=VERTEX_POINT('',#2900);
#715=VERTEX_POINT('',#2901);
#716=VERTEX_POINT('',#2906);
#717=VERTEX_POINT('',#2907);
#718=VERTEX_POINT('',#2911);
#719=VERTEX_POINT('',#2913);
#720=VERTEX_POINT('',#2917);
#721=VERTEX_POINT('',#2918);
#722=VERTEX_POINT('',#2922);
#723=VERTEX_POINT('',#2923);
#724=VERTEX_POINT('',#2928);
#725=VERTEX_POINT('',#2929);
#726=VERTEX_POINT('',#2933);
#727=VERTEX_POINT('',#2935);
#728=VERTEX_POINT('',#2939);
#729=VERTEX_POINT('',#2940);
#730=VERTEX_POINT('',#2944);
#731=VERTEX_POINT('',#2945);
#732=VERTEX_POINT('',#2950);
#733=VERTEX_POINT('',#2951);
#734=VERTEX_POINT('',#2955);
#735=VERTEX_POINT('',#2957);
#736=VERTEX_POINT('',#2961);
#737=VERTEX_POINT('',#2962);
#738=VERTEX_POINT('',#2966);
#739=VERTEX_POINT('',#2967);
#740=VERTEX_POINT('',#2972);
#741=VERTEX_POINT('',#2973);
#742=VERTEX_POINT('',#2977);
#743=VERTEX_POINT('',#2979);
#744=VERTEX_POINT('',#2983);
#745=VERTEX_POINT('',#2984);
#746=VERTEX_POINT('',#2988);
#747=VERTEX_POINT('',#2989);
#748=VERTEX_POINT('',#2994);
#749=VERTEX_POINT('',#2995);
#750=VERTEX_POINT('',#2999);
#751=VERTEX_POINT('',#3001);
#752=VERTEX_POINT('',#3005);
#753=VERTEX_POINT('',#3006);
#754=VERTEX_POINT('',#3010);
#755=VERTEX_POINT('',#3011);
#756=VERTEX_POINT('',#3016);
#757=VERTEX_POINT('',#3017);
#758=VERTEX_POINT('',#3021);
#759=VERTEX_POINT('',#3023);
#760=VERTEX_POINT('',#3027);
#761=VERTEX_POINT('',#3028);
#762=VERTEX_POINT('',#3032);
#763=VERTEX_POINT('',#3033);
#764=VERTEX_POINT('',#3038);
#765=VERTEX_POINT('',#3039);
#766=VERTEX_POINT('',#3043);
#767=VERTEX_POINT('',#3045);
#768=VERTEX_POINT('',#3049);
#769=VERTEX_POINT('',#3050);
#770=VERTEX_POINT('',#3054);
#771=VERTEX_POINT('',#3055);
#772=VERTEX_POINT('',#3060);
#773=VERTEX_POINT('',#3061);
#774=VERTEX_POINT('',#3065);
#775=VERTEX_POINT('',#3067);
#776=VERTEX_POINT('',#3071);
#777=VERTEX_POINT('',#3072);
#778=VERTEX_POINT('',#3076);
#779=VERTEX_POINT('',#3077);
#780=VERTEX_POINT('',#3082);
#781=VERTEX_POINT('',#3083);
#782=VERTEX_POINT('',#3087);
#783=VERTEX_POINT('',#3089);
#784=VERTEX_POINT('',#3093);
#785=VERTEX_POINT('',#3094);
#786=VERTEX_POINT('',#3098);
#787=VERTEX_POINT('',#3099);
#788=VERTEX_POINT('',#3104);
#789=VERTEX_POINT('',#3105);
#790=VERTEX_POINT('',#3109);
#791=VERTEX_POINT('',#3111);
#792=VERTEX_POINT('',#3115);
#793=VERTEX_POINT('',#3116);
#794=VERTEX_POINT('',#3120);
#795=VERTEX_POINT('',#3121);
#796=VERTEX_POINT('',#3126);
#797=VERTEX_POINT('',#3127);
#798=VERTEX_POINT('',#3131);
#799=VERTEX_POINT('',#3133);
#800=VERTEX_POINT('',#3137);
#801=VERTEX_POINT('',#3138);
#802=VERTEX_POINT('',#3142);
#803=VERTEX_POINT('',#3143);
#804=VERTEX_POINT('',#3148);
#805=VERTEX_POINT('',#3149);
#806=VERTEX_POINT('',#3153);
#807=VERTEX_POINT('',#3155);
#808=VERTEX_POINT('',#3159);
#809=VERTEX_POINT('',#3160);
#810=VERTEX_POINT('',#3165);
#811=VERTEX_POINT('',#3166);
#812=VERTEX_POINT('',#3171);
#813=VERTEX_POINT('',#3172);
#814=VERTEX_POINT('',#3176);
#815=VERTEX_POINT('',#3178);
#816=VERTEX_POINT('',#3182);
#817=VERTEX_POINT('',#3183);
#818=VERTEX_POINT('',#3187);
#819=VERTEX_POINT('',#3188);
#820=VERTEX_POINT('',#3193);
#821=VERTEX_POINT('',#3194);
#822=VERTEX_POINT('',#3198);
#823=VERTEX_POINT('',#3200);
#824=VERTEX_POINT('',#3204);
#825=VERTEX_POINT('',#3205);
#826=VERTEX_POINT('',#3209);
#827=VERTEX_POINT('',#3210);
#828=VERTEX_POINT('',#3215);
#829=VERTEX_POINT('',#3216);
#830=VERTEX_POINT('',#3220);
#831=VERTEX_POINT('',#3222);
#832=VERTEX_POINT('',#3226);
#833=VERTEX_POINT('',#3227);
#834=VERTEX_POINT('',#3231);
#835=VERTEX_POINT('',#3232);
#836=VERTEX_POINT('',#3237);
#837=VERTEX_POINT('',#3238);
#838=VERTEX_POINT('',#3242);
#839=VERTEX_POINT('',#3244);
#840=VERTEX_POINT('',#3248);
#841=VERTEX_POINT('',#3249);
#842=EDGE_CURVE('',#661,#661,#469,.T.);
#843=EDGE_CURVE('',#661,#662,#393,.T.);
#844=EDGE_CURVE('',#662,#662,#470,.T.);
#845=EDGE_CURVE('',#663,#663,#471,.T.);
#846=EDGE_CURVE('',#663,#664,#394,.T.);
#847=EDGE_CURVE('',#664,#664,#472,.T.);
#848=EDGE_CURVE('',#665,#666,#473,.T.);
#849=EDGE_CURVE('',#666,#665,#474,.T.);
#850=EDGE_CURVE('',#666,#664,#395,.T.);
#851=EDGE_CURVE('',#667,#668,#396,.T.);
#852=EDGE_CURVE('',#669,#667,#397,.T.);
#853=EDGE_CURVE('',#670,#669,#398,.T.);
#854=EDGE_CURVE('',#668,#670,#399,.T.);
#855=EDGE_CURVE('',#671,#671,#475,.T.);
#856=EDGE_CURVE('',#671,#672,#400,.T.);
#857=EDGE_CURVE('',#672,#672,#476,.T.);
#858=EDGE_CURVE('',#673,#674,#401,.T.);
#859=EDGE_CURVE('',#675,#673,#402,.T.);
#860=EDGE_CURVE('',#676,#675,#403,.T.);
#861=EDGE_CURVE('',#674,#676,#404,.T.);
#862=EDGE_CURVE('',#677,#677,#477,.T.);
#863=EDGE_CURVE('',#678,#679,#478,.T.);
#864=EDGE_CURVE('',#679,#678,#479,.T.);
#865=EDGE_CURVE('',#679,#672,#405,.T.);
#866=EDGE_CURVE('',#677,#680,#406,.T.);
#867=EDGE_CURVE('',#680,#680,#480,.T.);
#868=EDGE_CURVE('',#681,#682,#481,.T.);
#869=EDGE_CURVE('',#682,#681,#482,.T.);
#870=EDGE_CURVE('',#682,#680,#407,.T.);
#871=EDGE_CURVE('',#683,#683,#483,.T.);
#872=EDGE_CURVE('',#683,#665,#408,.T.);
#873=EDGE_CURVE('',#684,#685,#409,.T.);
#874=EDGE_CURVE('',#686,#684,#410,.T.);
#875=EDGE_CURVE('',#687,#686,#411,.T.);
#876=EDGE_CURVE('',#685,#687,#412,.T.);
#877=EDGE_CURVE('',#688,#688,#484,.T.);
#878=EDGE_CURVE('',#688,#678,#413,.T.);
#879=EDGE_CURVE('',#689,#690,#414,.T.);
#880=EDGE_CURVE('',#691,#689,#415,.T.);
#881=EDGE_CURVE('',#692,#691,#416,.T.);
#882=EDGE_CURVE('',#690,#692,#417,.T.);
#883=EDGE_CURVE('',#693,#693,#485,.T.);
#884=EDGE_CURVE('',#693,#681,#418,.T.);
#885=EDGE_CURVE('',#690,#694,#46,.T.);
#886=EDGE_CURVE('',#694,#695,#419,.T.);
#887=EDGE_CURVE('',#695,#689,#47,.T.);
#888=EDGE_CURVE('',#695,#694,#486,.T.);
#889=EDGE_CURVE('',#696,#673,#48,.T.);
#890=EDGE_CURVE('',#674,#697,#49,.T.);
#891=EDGE_CURVE('',#697,#696,#420,.T.);
#892=EDGE_CURVE('',#698,#667,#50,.T.);
#893=EDGE_CURVE('',#668,#699,#51,.T.);
#894=EDGE_CURVE('',#699,#698,#421,.T.);
#895=EDGE_CURVE('',#700,#684,#52,.T.);
#896=EDGE_CURVE('',#685,#701,#53,.T.);
#897=EDGE_CURVE('',#701,#700,#422,.T.);
#898=EDGE_CURVE('',#702,#703,#423,.T.);
#899=EDGE_CURVE('',#703,#670,#54,.T.);
#900=EDGE_CURVE('',#702,#669,#55,.T.);
#901=EDGE_CURVE('',#703,#704,#487,.T.);
#902=EDGE_CURVE('',#704,#686,#56,.T.);
#903=EDGE_CURVE('',#686,#670,#488,.T.);
#904=EDGE_CURVE('',#704,#705,#424,.T.);
#905=EDGE_CURVE('',#705,#687,#57,.T.);
#906=EDGE_CURVE('',#669,#687,#489,.T.);
#907=EDGE_CURVE('',#705,#702,#490,.T.);
#908=EDGE_CURVE('',#698,#706,#491,.T.);
#909=EDGE_CURVE('',#706,#707,#425,.T.);
#910=EDGE_CURVE('',#707,#708,#492,.T.);
#911=EDGE_CURVE('',#708,#707,#493,.T.);
#912=EDGE_CURVE('',#706,#699,#494,.T.);
#913=EDGE_CURVE('',#700,#701,#495,.T.);
#914=EDGE_CURVE('',#691,#676,#496,.T.);
#915=EDGE_CURVE('',#676,#709,#58,.T.);
#916=EDGE_CURVE('',#709,#710,#497,.T.);
#917=EDGE_CURVE('',#691,#710,#59,.T.);
#918=EDGE_CURVE('',#675,#711,#60,.T.);
#919=EDGE_CURVE('',#711,#709,#426,.T.);
#920=EDGE_CURVE('',#675,#692,#498,.T.);
#921=EDGE_CURVE('',#692,#712,#61,.T.);
#922=EDGE_CURVE('',#712,#711,#499,.T.);
#923=EDGE_CURVE('',#710,#712,#427,.T.);
#924=EDGE_CURVE('',#713,#697,#500,.T.);
#925=EDGE_CURVE('',#696,#713,#501,.T.);
#926=EDGE_CURVE('',#714,#715,#502,.T.);
#927=EDGE_CURVE('',#715,#714,#503,.T.);
#928=EDGE_CURVE('',#715,#713,#428,.T.);
#929=EDGE_CURVE('',#716,#717,#504,.T.);
#930=EDGE_CURVE('',#717,#716,#505,.T.);
#931=EDGE_CURVE('',#717,#718,#506,.T.);
#932=EDGE_CURVE('',#719,#718,#507,.T.);
#933=EDGE_CURVE('',#718,#719,#508,.T.);
#934=EDGE_CURVE('',#720,#721,#509,.T.);
#935=EDGE_CURVE('',#721,#720,#510,.T.);
#936=EDGE_CURVE('',#722,#723,#511,.T.);
#937=EDGE_CURVE('',#723,#722,#512,.T.);
#938=EDGE_CURVE('',#723,#721,#513,.T.);
#939=EDGE_CURVE('',#724,#725,#514,.T.);
#940=EDGE_CURVE('',#725,#724,#515,.T.);
#941=EDGE_CURVE('',#725,#726,#516,.T.);
#942=EDGE_CURVE('',#727,#726,#517,.T.);
#943=EDGE_CURVE('',#726,#727,#518,.T.);
#944=EDGE_CURVE('',#728,#729,#519,.T.);
#945=EDGE_CURVE('',#729,#728,#520,.T.);
#946=EDGE_CURVE('',#730,#731,#521,.T.);
#947=EDGE_CURVE('',#731,#730,#522,.T.);
#948=EDGE_CURVE('',#731,#729,#523,.T.);
#949=EDGE_CURVE('',#732,#733,#524,.T.);
#950=EDGE_CURVE('',#733,#732,#525,.T.);
#951=EDGE_CURVE('',#733,#734,#526,.T.);
#952=EDGE_CURVE('',#735,#734,#527,.T.);
#953=EDGE_CURVE('',#734,#735,#528,.T.);
#954=EDGE_CURVE('',#736,#737,#529,.T.);
#955=EDGE_CURVE('',#737,#736,#530,.T.);
#956=EDGE_CURVE('',#738,#739,#531,.T.);
#957=EDGE_CURVE('',#739,#738,#532,.T.);
#958=EDGE_CURVE('',#739,#737,#533,.T.);
#959=EDGE_CURVE('',#740,#741,#534,.T.);
#960=EDGE_CURVE('',#741,#740,#535,.T.);
#961=EDGE_CURVE('',#741,#742,#536,.T.);
#962=EDGE_CURVE('',#743,#742,#537,.T.);
#963=EDGE_CURVE('',#742,#743,#538,.T.);
#964=EDGE_CURVE('',#744,#745,#539,.T.);
#965=EDGE_CURVE('',#745,#744,#540,.T.);
#966=EDGE_CURVE('',#746,#747,#541,.T.);
#967=EDGE_CURVE('',#747,#746,#542,.T.);
#968=EDGE_CURVE('',#747,#745,#543,.T.);
#969=EDGE_CURVE('',#748,#749,#544,.T.);
#970=EDGE_CURVE('',#749,#748,#545,.T.);
#971=EDGE_CURVE('',#749,#750,#546,.T.);
#972=EDGE_CURVE('',#751,#750,#547,.T.);
#973=EDGE_CURVE('',#750,#751,#548,.T.);
#974=EDGE_CURVE('',#752,#753,#549,.T.);
#975=EDGE_CURVE('',#753,#752,#550,.T.);
#976=EDGE_CURVE('',#754,#755,#551,.T.);
#977=EDGE_CURVE('',#755,#754,#552,.T.);
#978=EDGE_CURVE('',#755,#753,#553,.T.);
#979=EDGE_CURVE('',#756,#757,#554,.T.);
#980=EDGE_CURVE('',#757,#756,#555,.T.);
#981=EDGE_CURVE('',#757,#758,#556,.T.);
#982=EDGE_CURVE('',#759,#758,#557,.T.);
#983=EDGE_CURVE('',#758,#759,#558,.T.);
#984=EDGE_CURVE('',#760,#761,#559,.T.);
#985=EDGE_CURVE('',#761,#760,#560,.T.);
#986=EDGE_CURVE('',#762,#763,#561,.T.);
#987=EDGE_CURVE('',#763,#762,#562,.T.);
#988=EDGE_CURVE('',#763,#761,#563,.T.);
#989=EDGE_CURVE('',#764,#765,#564,.T.);
#990=EDGE_CURVE('',#765,#764,#565,.T.);
#991=EDGE_CURVE('',#765,#766,#566,.T.);
#992=EDGE_CURVE('',#767,#766,#567,.T.);
#993=EDGE_CURVE('',#766,#767,#568,.T.);
#994=EDGE_CURVE('',#768,#769,#569,.T.);
#995=EDGE_CURVE('',#769,#768,#570,.T.);
#996=EDGE_CURVE('',#770,#771,#571,.T.);
#997=EDGE_CURVE('',#771,#770,#572,.T.);
#998=EDGE_CURVE('',#771,#769,#573,.T.);
#999=EDGE_CURVE('',#772,#773,#574,.T.);
#1000=EDGE_CURVE('',#773,#772,#575,.T.);
#1001=EDGE_CURVE('',#773,#774,#576,.T.);
#1002=EDGE_CURVE('',#775,#774,#577,.T.);
#1003=EDGE_CURVE('',#774,#775,#578,.T.);
#1004=EDGE_CURVE('',#776,#777,#579,.T.);
#1005=EDGE_CURVE('',#777,#776,#580,.T.);
#1006=EDGE_CURVE('',#778,#779,#581,.T.);
#1007=EDGE_CURVE('',#779,#778,#582,.T.);
#1008=EDGE_CURVE('',#779,#777,#583,.T.);
#1009=EDGE_CURVE('',#780,#781,#584,.T.);
#1010=EDGE_CURVE('',#781,#780,#585,.T.);
#1011=EDGE_CURVE('',#781,#782,#586,.T.);
#1012=EDGE_CURVE('',#783,#782,#587,.T.);
#1013=EDGE_CURVE('',#782,#783,#588,.T.);
#1014=EDGE_CURVE('',#784,#785,#589,.T.);
#1015=EDGE_CURVE('',#785,#784,#590,.T.);
#1016=EDGE_CURVE('',#786,#787,#591,.T.);
#1017=EDGE_CURVE('',#787,#786,#592,.T.);
#1018=EDGE_CURVE('',#787,#785,#593,.T.);
#1019=EDGE_CURVE('',#788,#789,#594,.T.);
#1020=EDGE_CURVE('',#789,#788,#595,.T.);
#1021=EDGE_CURVE('',#789,#790,#596,.T.);
#1022=EDGE_CURVE('',#791,#790,#597,.T.);
#1023=EDGE_CURVE('',#790,#791,#598,.T.);
#1024=EDGE_CURVE('',#792,#793,#599,.T.);
#1025=EDGE_CURVE('',#793,#792,#600,.T.);
#1026=EDGE_CURVE('',#794,#795,#601,.T.);
#1027=EDGE_CURVE('',#795,#794,#602,.T.);
#1028=EDGE_CURVE('',#795,#793,#603,.T.);
#1029=EDGE_CURVE('',#796,#797,#604,.T.);
#1030=EDGE_CURVE('',#797,#796,#605,.T.);
#1031=EDGE_CURVE('',#797,#798,#606,.T.);
#1032=EDGE_CURVE('',#799,#798,#607,.T.);
#1033=EDGE_CURVE('',#798,#799,#608,.T.);
#1034=EDGE_CURVE('',#800,#801,#609,.T.);
#1035=EDGE_CURVE('',#801,#800,#610,.T.);
#1036=EDGE_CURVE('',#802,#803,#611,.T.);
#1037=EDGE_CURVE('',#803,#802,#612,.T.);
#1038=EDGE_CURVE('',#803,#801,#613,.T.);
#1039=EDGE_CURVE('',#804,#805,#614,.T.);
#1040=EDGE_CURVE('',#805,#804,#615,.T.);
#1041=EDGE_CURVE('',#805,#806,#616,.T.);
#1042=EDGE_CURVE('',#807,#806,#617,.T.);
#1043=EDGE_CURVE('',#806,#807,#618,.T.);
#1044=EDGE_CURVE('',#808,#809,#619,.T.);
#1045=EDGE_CURVE('',#809,#808,#620,.T.);
#1046=EDGE_CURVE('',#809,#806,#429,.T.);
#1047=EDGE_CURVE('',#810,#811,#621,.T.);
#1048=EDGE_CURVE('',#811,#810,#622,.T.);
#1049=EDGE_CURVE('',#811,#809,#623,.T.);
#1050=EDGE_CURVE('',#812,#813,#624,.T.);
#1051=EDGE_CURVE('',#813,#812,#625,.T.);
#1052=EDGE_CURVE('',#813,#814,#626,.T.);
#1053=EDGE_CURVE('',#815,#814,#627,.T.);
#1054=EDGE_CURVE('',#814,#815,#628,.T.);
#1055=EDGE_CURVE('',#816,#817,#629,.T.);
#1056=EDGE_CURVE('',#817,#816,#630,.T.);
#1057=EDGE_CURVE('',#818,#819,#631,.T.);
#1058=EDGE_CURVE('',#819,#818,#632,.T.);
#1059=EDGE_CURVE('',#819,#817,#633,.T.);
#1060=EDGE_CURVE('',#820,#821,#634,.T.);
#1061=EDGE_CURVE('',#821,#820,#635,.T.);
#1062=EDGE_CURVE('',#821,#822,#636,.T.);
#1063=EDGE_CURVE('',#823,#822,#637,.T.);
#1064=EDGE_CURVE('',#822,#823,#638,.T.);
#1065=EDGE_CURVE('',#824,#825,#639,.T.);
#1066=EDGE_CURVE('',#825,#824,#640,.T.);
#1067=EDGE_CURVE('',#826,#827,#641,.T.);
#1068=EDGE_CURVE('',#827,#826,#642,.T.);
#1069=EDGE_CURVE('',#827,#825,#643,.T.);
#1070=EDGE_CURVE('',#828,#829,#644,.T.);
#1071=EDGE_CURVE('',#829,#828,#645,.T.);
#1072=EDGE_CURVE('',#829,#830,#646,.T.);
#1073=EDGE_CURVE('',#831,#830,#647,.T.);
#1074=EDGE_CURVE('',#830,#831,#648,.T.);
#1075=EDGE_CURVE('',#832,#833,#649,.T.);
#1076=EDGE_CURVE('',#833,#832,#650,.T.);
#1077=EDGE_CURVE('',#834,#835,#651,.T.);
#1078=EDGE_CURVE('',#835,#834,#652,.T.);
#1079=EDGE_CURVE('',#835,#833,#653,.T.);
#1080=EDGE_CURVE('',#836,#837,#654,.T.);
#1081=EDGE_CURVE('',#837,#836,#655,.T.);
#1082=EDGE_CURVE('',#837,#838,#656,.T.);
#1083=EDGE_CURVE('',#839,#838,#657,.T.);
#1084=EDGE_CURVE('',#838,#839,#658,.T.);
#1085=EDGE_CURVE('',#840,#841,#659,.T.);
#1086=EDGE_CURVE('',#841,#840,#660,.T.);
#1087=EDGE_CURVE('',#841,#838,#430,.T.);
#1088=ORIENTED_EDGE('',*,*,#842,.F.);
#1089=ORIENTED_EDGE('',*,*,#843,.T.);
#1090=ORIENTED_EDGE('',*,*,#844,.F.);
#1091=ORIENTED_EDGE('',*,*,#843,.F.);
#1092=ORIENTED_EDGE('',*,*,#842,.T.);
#1093=ORIENTED_EDGE('',*,*,#845,.T.);
#1094=ORIENTED_EDGE('',*,*,#846,.T.);
#1095=ORIENTED_EDGE('',*,*,#847,.T.);
#1096=ORIENTED_EDGE('',*,*,#846,.F.);
#1097=ORIENTED_EDGE('',*,*,#848,.F.);
#1098=ORIENTED_EDGE('',*,*,#849,.F.);
#1099=ORIENTED_EDGE('',*,*,#850,.T.);
#1100=ORIENTED_EDGE('',*,*,#847,.F.);
#1101=ORIENTED_EDGE('',*,*,#850,.F.);
#1102=ORIENTED_EDGE('',*,*,#851,.F.);
#1103=ORIENTED_EDGE('',*,*,#852,.F.);
#1104=ORIENTED_EDGE('',*,*,#853,.F.);
#1105=ORIENTED_EDGE('',*,*,#854,.F.);
#1106=ORIENTED_EDGE('',*,*,#845,.F.);
#1107=ORIENTED_EDGE('',*,*,#855,.T.);
#1108=ORIENTED_EDGE('',*,*,#856,.T.);
#1109=ORIENTED_EDGE('',*,*,#857,.T.);
#1110=ORIENTED_EDGE('',*,*,#856,.F.);
#1111=ORIENTED_EDGE('',*,*,#858,.F.);
#1112=ORIENTED_EDGE('',*,*,#859,.F.);
#1113=ORIENTED_EDGE('',*,*,#860,.F.);
#1114=ORIENTED_EDGE('',*,*,#861,.F.);
#1115=ORIENTED_EDGE('',*,*,#862,.F.);
#1116=ORIENTED_EDGE('',*,*,#855,.F.);
#1117=ORIENTED_EDGE('',*,*,#863,.F.);
#1118=ORIENTED_EDGE('',*,*,#864,.F.);
#1119=ORIENTED_EDGE('',*,*,#865,.T.);
#1120=ORIENTED_EDGE('',*,*,#857,.F.);
#1121=ORIENTED_EDGE('',*,*,#865,.F.);
#1122=ORIENTED_EDGE('',*,*,#862,.T.);
#1123=ORIENTED_EDGE('',*,*,#866,.T.);
#1124=ORIENTED_EDGE('',*,*,#867,.T.);
#1125=ORIENTED_EDGE('',*,*,#866,.F.);
#1126=ORIENTED_EDGE('',*,*,#868,.F.);
#1127=ORIENTED_EDGE('',*,*,#869,.F.);
#1128=ORIENTED_EDGE('',*,*,#870,.T.);
#1129=ORIENTED_EDGE('',*,*,#867,.F.);
#1130=ORIENTED_EDGE('',*,*,#870,.F.);
#1131=ORIENTED_EDGE('',*,*,#871,.T.);
#1132=ORIENTED_EDGE('',*,*,#872,.T.);
#1133=ORIENTED_EDGE('',*,*,#848,.T.);
#1134=ORIENTED_EDGE('',*,*,#849,.T.);
#1135=ORIENTED_EDGE('',*,*,#872,.F.);
#1136=ORIENTED_EDGE('',*,*,#873,.F.);
#1137=ORIENTED_EDGE('',*,*,#874,.F.);
#1138=ORIENTED_EDGE('',*,*,#875,.F.);
#1139=ORIENTED_EDGE('',*,*,#876,.F.);
#1140=ORIENTED_EDGE('',*,*,#871,.F.);
#1141=ORIENTED_EDGE('',*,*,#877,.T.);
#1142=ORIENTED_EDGE('',*,*,#878,.T.);
#1143=ORIENTED_EDGE('',*,*,#863,.T.);
#1144=ORIENTED_EDGE('',*,*,#864,.T.);
#1145=ORIENTED_EDGE('',*,*,#878,.F.);
#1146=ORIENTED_EDGE('',*,*,#879,.F.);
#1147=ORIENTED_EDGE('',*,*,#880,.F.);
#1148=ORIENTED_EDGE('',*,*,#881,.F.);
#1149=ORIENTED_EDGE('',*,*,#882,.F.);
#1150=ORIENTED_EDGE('',*,*,#883,.F.);
#1151=ORIENTED_EDGE('',*,*,#877,.F.);
#1152=ORIENTED_EDGE('',*,*,#883,.T.);
#1153=ORIENTED_EDGE('',*,*,#884,.T.);
#1154=ORIENTED_EDGE('',*,*,#868,.T.);
#1155=ORIENTED_EDGE('',*,*,#869,.T.);
#1156=ORIENTED_EDGE('',*,*,#884,.F.);
#1157=ORIENTED_EDGE('',*,*,#885,.T.);
#1158=ORIENTED_EDGE('',*,*,#886,.T.);
#1159=ORIENTED_EDGE('',*,*,#887,.T.);
#1160=ORIENTED_EDGE('',*,*,#879,.T.);
#1161=ORIENTED_EDGE('',*,*,#886,.F.);
#1162=ORIENTED_EDGE('',*,*,#888,.F.);
#1163=ORIENTED_EDGE('',*,*,#889,.T.);
#1164=ORIENTED_EDGE('',*,*,#858,.T.);
#1165=ORIENTED_EDGE('',*,*,#890,.T.);
#1166=ORIENTED_EDGE('',*,*,#891,.T.);
#1167=ORIENTED_EDGE('',*,*,#892,.T.);
#1168=ORIENTED_EDGE('',*,*,#851,.T.);
#1169=ORIENTED_EDGE('',*,*,#893,.T.);
#1170=ORIENTED_EDGE('',*,*,#894,.T.);
#1171=ORIENTED_EDGE('',*,*,#895,.T.);
#1172=ORIENTED_EDGE('',*,*,#873,.T.);
#1173=ORIENTED_EDGE('',*,*,#896,.T.);
#1174=ORIENTED_EDGE('',*,*,#897,.T.);
#1175=ORIENTED_EDGE('',*,*,#898,.T.);
#1176=ORIENTED_EDGE('',*,*,#899,.T.);
#1177=ORIENTED_EDGE('',*,*,#853,.T.);
#1178=ORIENTED_EDGE('',*,*,#900,.F.);
#1179=ORIENTED_EDGE('',*,*,#901,.T.);
#1180=ORIENTED_EDGE('',*,*,#902,.T.);
#1181=ORIENTED_EDGE('',*,*,#903,.T.);
#1182=ORIENTED_EDGE('',*,*,#899,.F.);
#1183=ORIENTED_EDGE('',*,*,#904,.T.);
#1184=ORIENTED_EDGE('',*,*,#905,.T.);
#1185=ORIENTED_EDGE('',*,*,#875,.T.);
#1186=ORIENTED_EDGE('',*,*,#902,.F.);
#1187=ORIENTED_EDGE('',*,*,#906,.T.);
#1188=ORIENTED_EDGE('',*,*,#905,.F.);
#1189=ORIENTED_EDGE('',*,*,#907,.T.);
#1190=ORIENTED_EDGE('',*,*,#900,.T.);
#1191=ORIENTED_EDGE('',*,*,#906,.F.);
#1192=ORIENTED_EDGE('',*,*,#852,.T.);
#1193=ORIENTED_EDGE('',*,*,#892,.F.);
#1194=ORIENTED_EDGE('',*,*,#908,.T.);
#1195=ORIENTED_EDGE('',*,*,#909,.T.);
#1196=ORIENTED_EDGE('',*,*,#910,.T.);
#1197=ORIENTED_EDGE('',*,*,#911,.T.);
#1198=ORIENTED_EDGE('',*,*,#909,.F.);
#1199=ORIENTED_EDGE('',*,*,#912,.T.);
#1200=ORIENTED_EDGE('',*,*,#893,.F.);
#1201=ORIENTED_EDGE('',*,*,#854,.T.);
#1202=ORIENTED_EDGE('',*,*,#903,.F.);
#1203=ORIENTED_EDGE('',*,*,#874,.T.);
#1204=ORIENTED_EDGE('',*,*,#895,.F.);
#1205=ORIENTED_EDGE('',*,*,#913,.T.);
#1206=ORIENTED_EDGE('',*,*,#896,.F.);
#1207=ORIENTED_EDGE('',*,*,#876,.T.);
#1208=ORIENTED_EDGE('',*,*,#898,.F.);
#1209=ORIENTED_EDGE('',*,*,#907,.F.);
#1210=ORIENTED_EDGE('',*,*,#904,.F.);
#1211=ORIENTED_EDGE('',*,*,#901,.F.);
#1212=ORIENTED_EDGE('',*,*,#914,.T.);
#1213=ORIENTED_EDGE('',*,*,#915,.T.);
#1214=ORIENTED_EDGE('',*,*,#916,.T.);
#1215=ORIENTED_EDGE('',*,*,#917,.F.);
#1216=ORIENTED_EDGE('',*,*,#860,.T.);
#1217=ORIENTED_EDGE('',*,*,#918,.T.);
#1218=ORIENTED_EDGE('',*,*,#919,.T.);
#1219=ORIENTED_EDGE('',*,*,#915,.F.);
#1220=ORIENTED_EDGE('',*,*,#920,.T.);
#1221=ORIENTED_EDGE('',*,*,#921,.T.);
#1222=ORIENTED_EDGE('',*,*,#922,.T.);
#1223=ORIENTED_EDGE('',*,*,#918,.F.);
#1224=ORIENTED_EDGE('',*,*,#923,.T.);
#1225=ORIENTED_EDGE('',*,*,#921,.F.);
#1226=ORIENTED_EDGE('',*,*,#881,.T.);
#1227=ORIENTED_EDGE('',*,*,#917,.T.);
#1228=ORIENTED_EDGE('',*,*,#916,.F.);
#1229=ORIENTED_EDGE('',*,*,#919,.F.);
#1230=ORIENTED_EDGE('',*,*,#922,.F.);
#1231=ORIENTED_EDGE('',*,*,#923,.F.);
#1232=ORIENTED_EDGE('',*,*,#844,.T.);
#1233=ORIENTED_EDGE('',*,*,#891,.F.);
#1234=ORIENTED_EDGE('',*,*,#924,.F.);
#1235=ORIENTED_EDGE('',*,*,#925,.F.);
#1236=ORIENTED_EDGE('',*,*,#894,.F.);
#1237=ORIENTED_EDGE('',*,*,#912,.F.);
#1238=ORIENTED_EDGE('',*,*,#908,.F.);
#1239=ORIENTED_EDGE('',*,*,#897,.F.);
#1240=ORIENTED_EDGE('',*,*,#913,.F.);
#1241=ORIENTED_EDGE('',*,*,#926,.F.);
#1242=ORIENTED_EDGE('',*,*,#927,.F.);
#1243=ORIENTED_EDGE('',*,*,#928,.T.);
#1244=ORIENTED_EDGE('',*,*,#924,.T.);
#1245=ORIENTED_EDGE('',*,*,#890,.F.);
#1246=ORIENTED_EDGE('',*,*,#861,.T.);
#1247=ORIENTED_EDGE('',*,*,#914,.F.);
#1248=ORIENTED_EDGE('',*,*,#880,.T.);
#1249=ORIENTED_EDGE('',*,*,#887,.F.);
#1250=ORIENTED_EDGE('',*,*,#888,.T.);
#1251=ORIENTED_EDGE('',*,*,#885,.F.);
#1252=ORIENTED_EDGE('',*,*,#882,.T.);
#1253=ORIENTED_EDGE('',*,*,#920,.F.);
#1254=ORIENTED_EDGE('',*,*,#859,.T.);
#1255=ORIENTED_EDGE('',*,*,#889,.F.);
#1256=ORIENTED_EDGE('',*,*,#925,.T.);
#1257=ORIENTED_EDGE('',*,*,#928,.F.);
#1258=ORIENTED_EDGE('',*,*,#926,.T.);
#1259=ORIENTED_EDGE('',*,*,#927,.T.);
#1260=ORIENTED_EDGE('',*,*,#929,.F.);
#1261=ORIENTED_EDGE('',*,*,#930,.F.);
#1262=ORIENTED_EDGE('',*,*,#929,.T.);
#1263=ORIENTED_EDGE('',*,*,#931,.T.);
#1264=ORIENTED_EDGE('',*,*,#932,.F.);
#1265=ORIENTED_EDGE('',*,*,#933,.F.);
#1266=ORIENTED_EDGE('',*,*,#931,.F.);
#1267=ORIENTED_EDGE('',*,*,#930,.T.);
#1268=ORIENTED_EDGE('',*,*,#934,.F.);
#1269=ORIENTED_EDGE('',*,*,#935,.F.);
#1270=ORIENTED_EDGE('',*,*,#932,.T.);
#1271=ORIENTED_EDGE('',*,*,#933,.T.);
#1272=ORIENTED_EDGE('',*,*,#936,.F.);
#1273=ORIENTED_EDGE('',*,*,#937,.F.);
#1274=ORIENTED_EDGE('',*,*,#938,.T.);
#1275=ORIENTED_EDGE('',*,*,#935,.T.);
#1276=ORIENTED_EDGE('',*,*,#934,.T.);
#1277=ORIENTED_EDGE('',*,*,#938,.F.);
#1278=ORIENTED_EDGE('',*,*,#936,.T.);
#1279=ORIENTED_EDGE('',*,*,#937,.T.);
#1280=ORIENTED_EDGE('',*,*,#939,.F.);
#1281=ORIENTED_EDGE('',*,*,#940,.F.);
#1282=ORIENTED_EDGE('',*,*,#939,.T.);
#1283=ORIENTED_EDGE('',*,*,#941,.T.);
#1284=ORIENTED_EDGE('',*,*,#942,.F.);
#1285=ORIENTED_EDGE('',*,*,#943,.F.);
#1286=ORIENTED_EDGE('',*,*,#941,.F.);
#1287=ORIENTED_EDGE('',*,*,#940,.T.);
#1288=ORIENTED_EDGE('',*,*,#944,.F.);
#1289=ORIENTED_EDGE('',*,*,#945,.F.);
#1290=ORIENTED_EDGE('',*,*,#942,.T.);
#1291=ORIENTED_EDGE('',*,*,#943,.T.);
#1292=ORIENTED_EDGE('',*,*,#946,.F.);
#1293=ORIENTED_EDGE('',*,*,#947,.F.);
#1294=ORIENTED_EDGE('',*,*,#948,.T.);
#1295=ORIENTED_EDGE('',*,*,#945,.T.);
#1296=ORIENTED_EDGE('',*,*,#944,.T.);
#1297=ORIENTED_EDGE('',*,*,#948,.F.);
#1298=ORIENTED_EDGE('',*,*,#946,.T.);
#1299=ORIENTED_EDGE('',*,*,#947,.T.);
#1300=ORIENTED_EDGE('',*,*,#949,.F.);
#1301=ORIENTED_EDGE('',*,*,#950,.F.);
#1302=ORIENTED_EDGE('',*,*,#949,.T.);
#1303=ORIENTED_EDGE('',*,*,#951,.T.);
#1304=ORIENTED_EDGE('',*,*,#952,.F.);
#1305=ORIENTED_EDGE('',*,*,#953,.F.);
#1306=ORIENTED_EDGE('',*,*,#951,.F.);
#1307=ORIENTED_EDGE('',*,*,#950,.T.);
#1308=ORIENTED_EDGE('',*,*,#954,.F.);
#1309=ORIENTED_EDGE('',*,*,#955,.F.);
#1310=ORIENTED_EDGE('',*,*,#952,.T.);
#1311=ORIENTED_EDGE('',*,*,#953,.T.);
#1312=ORIENTED_EDGE('',*,*,#956,.F.);
#1313=ORIENTED_EDGE('',*,*,#957,.F.);
#1314=ORIENTED_EDGE('',*,*,#958,.T.);
#1315=ORIENTED_EDGE('',*,*,#955,.T.);
#1316=ORIENTED_EDGE('',*,*,#954,.T.);
#1317=ORIENTED_EDGE('',*,*,#958,.F.);
#1318=ORIENTED_EDGE('',*,*,#956,.T.);
#1319=ORIENTED_EDGE('',*,*,#957,.T.);
#1320=ORIENTED_EDGE('',*,*,#959,.F.);
#1321=ORIENTED_EDGE('',*,*,#960,.F.);
#1322=ORIENTED_EDGE('',*,*,#959,.T.);
#1323=ORIENTED_EDGE('',*,*,#961,.T.);
#1324=ORIENTED_EDGE('',*,*,#962,.F.);
#1325=ORIENTED_EDGE('',*,*,#963,.F.);
#1326=ORIENTED_EDGE('',*,*,#961,.F.);
#1327=ORIENTED_EDGE('',*,*,#960,.T.);
#1328=ORIENTED_EDGE('',*,*,#964,.F.);
#1329=ORIENTED_EDGE('',*,*,#965,.F.);
#1330=ORIENTED_EDGE('',*,*,#962,.T.);
#1331=ORIENTED_EDGE('',*,*,#963,.T.);
#1332=ORIENTED_EDGE('',*,*,#966,.F.);
#1333=ORIENTED_EDGE('',*,*,#967,.F.);
#1334=ORIENTED_EDGE('',*,*,#968,.T.);
#1335=ORIENTED_EDGE('',*,*,#965,.T.);
#1336=ORIENTED_EDGE('',*,*,#964,.T.);
#1337=ORIENTED_EDGE('',*,*,#968,.F.);
#1338=ORIENTED_EDGE('',*,*,#966,.T.);
#1339=ORIENTED_EDGE('',*,*,#967,.T.);
#1340=ORIENTED_EDGE('',*,*,#969,.F.);
#1341=ORIENTED_EDGE('',*,*,#970,.F.);
#1342=ORIENTED_EDGE('',*,*,#969,.T.);
#1343=ORIENTED_EDGE('',*,*,#971,.T.);
#1344=ORIENTED_EDGE('',*,*,#972,.F.);
#1345=ORIENTED_EDGE('',*,*,#973,.F.);
#1346=ORIENTED_EDGE('',*,*,#971,.F.);
#1347=ORIENTED_EDGE('',*,*,#970,.T.);
#1348=ORIENTED_EDGE('',*,*,#974,.F.);
#1349=ORIENTED_EDGE('',*,*,#975,.F.);
#1350=ORIENTED_EDGE('',*,*,#972,.T.);
#1351=ORIENTED_EDGE('',*,*,#973,.T.);
#1352=ORIENTED_EDGE('',*,*,#976,.F.);
#1353=ORIENTED_EDGE('',*,*,#977,.F.);
#1354=ORIENTED_EDGE('',*,*,#978,.T.);
#1355=ORIENTED_EDGE('',*,*,#975,.T.);
#1356=ORIENTED_EDGE('',*,*,#974,.T.);
#1357=ORIENTED_EDGE('',*,*,#978,.F.);
#1358=ORIENTED_EDGE('',*,*,#976,.T.);
#1359=ORIENTED_EDGE('',*,*,#977,.T.);
#1360=ORIENTED_EDGE('',*,*,#979,.F.);
#1361=ORIENTED_EDGE('',*,*,#980,.F.);
#1362=ORIENTED_EDGE('',*,*,#979,.T.);
#1363=ORIENTED_EDGE('',*,*,#981,.T.);
#1364=ORIENTED_EDGE('',*,*,#982,.F.);
#1365=ORIENTED_EDGE('',*,*,#983,.F.);
#1366=ORIENTED_EDGE('',*,*,#981,.F.);
#1367=ORIENTED_EDGE('',*,*,#980,.T.);
#1368=ORIENTED_EDGE('',*,*,#984,.F.);
#1369=ORIENTED_EDGE('',*,*,#985,.F.);
#1370=ORIENTED_EDGE('',*,*,#982,.T.);
#1371=ORIENTED_EDGE('',*,*,#983,.T.);
#1372=ORIENTED_EDGE('',*,*,#986,.F.);
#1373=ORIENTED_EDGE('',*,*,#987,.F.);
#1374=ORIENTED_EDGE('',*,*,#988,.T.);
#1375=ORIENTED_EDGE('',*,*,#985,.T.);
#1376=ORIENTED_EDGE('',*,*,#984,.T.);
#1377=ORIENTED_EDGE('',*,*,#988,.F.);
#1378=ORIENTED_EDGE('',*,*,#986,.T.);
#1379=ORIENTED_EDGE('',*,*,#987,.T.);
#1380=ORIENTED_EDGE('',*,*,#989,.F.);
#1381=ORIENTED_EDGE('',*,*,#990,.F.);
#1382=ORIENTED_EDGE('',*,*,#989,.T.);
#1383=ORIENTED_EDGE('',*,*,#991,.T.);
#1384=ORIENTED_EDGE('',*,*,#992,.F.);
#1385=ORIENTED_EDGE('',*,*,#993,.F.);
#1386=ORIENTED_EDGE('',*,*,#991,.F.);
#1387=ORIENTED_EDGE('',*,*,#990,.T.);
#1388=ORIENTED_EDGE('',*,*,#994,.F.);
#1389=ORIENTED_EDGE('',*,*,#995,.F.);
#1390=ORIENTED_EDGE('',*,*,#992,.T.);
#1391=ORIENTED_EDGE('',*,*,#993,.T.);
#1392=ORIENTED_EDGE('',*,*,#996,.F.);
#1393=ORIENTED_EDGE('',*,*,#997,.F.);
#1394=ORIENTED_EDGE('',*,*,#998,.T.);
#1395=ORIENTED_EDGE('',*,*,#995,.T.);
#1396=ORIENTED_EDGE('',*,*,#994,.T.);
#1397=ORIENTED_EDGE('',*,*,#998,.F.);
#1398=ORIENTED_EDGE('',*,*,#996,.T.);
#1399=ORIENTED_EDGE('',*,*,#997,.T.);
#1400=ORIENTED_EDGE('',*,*,#999,.F.);
#1401=ORIENTED_EDGE('',*,*,#1000,.F.);
#1402=ORIENTED_EDGE('',*,*,#999,.T.);
#1403=ORIENTED_EDGE('',*,*,#1001,.T.);
#1404=ORIENTED_EDGE('',*,*,#1002,.F.);
#1405=ORIENTED_EDGE('',*,*,#1003,.F.);
#1406=ORIENTED_EDGE('',*,*,#1001,.F.);
#1407=ORIENTED_EDGE('',*,*,#1000,.T.);
#1408=ORIENTED_EDGE('',*,*,#1004,.F.);
#1409=ORIENTED_EDGE('',*,*,#1005,.F.);
#1410=ORIENTED_EDGE('',*,*,#1002,.T.);
#1411=ORIENTED_EDGE('',*,*,#1003,.T.);
#1412=ORIENTED_EDGE('',*,*,#1006,.F.);
#1413=ORIENTED_EDGE('',*,*,#1007,.F.);
#1414=ORIENTED_EDGE('',*,*,#1008,.T.);
#1415=ORIENTED_EDGE('',*,*,#1005,.T.);
#1416=ORIENTED_EDGE('',*,*,#1004,.T.);
#1417=ORIENTED_EDGE('',*,*,#1008,.F.);
#1418=ORIENTED_EDGE('',*,*,#1006,.T.);
#1419=ORIENTED_EDGE('',*,*,#1007,.T.);
#1420=ORIENTED_EDGE('',*,*,#1009,.F.);
#1421=ORIENTED_EDGE('',*,*,#1010,.F.);
#1422=ORIENTED_EDGE('',*,*,#1009,.T.);
#1423=ORIENTED_EDGE('',*,*,#1011,.T.);
#1424=ORIENTED_EDGE('',*,*,#1012,.F.);
#1425=ORIENTED_EDGE('',*,*,#1013,.F.);
#1426=ORIENTED_EDGE('',*,*,#1011,.F.);
#1427=ORIENTED_EDGE('',*,*,#1010,.T.);
#1428=ORIENTED_EDGE('',*,*,#1014,.F.);
#1429=ORIENTED_EDGE('',*,*,#1015,.F.);
#1430=ORIENTED_EDGE('',*,*,#1012,.T.);
#1431=ORIENTED_EDGE('',*,*,#1013,.T.);
#1432=ORIENTED_EDGE('',*,*,#1016,.F.);
#1433=ORIENTED_EDGE('',*,*,#1017,.F.);
#1434=ORIENTED_EDGE('',*,*,#1018,.T.);
#1435=ORIENTED_EDGE('',*,*,#1015,.T.);
#1436=ORIENTED_EDGE('',*,*,#1014,.T.);
#1437=ORIENTED_EDGE('',*,*,#1018,.F.);
#1438=ORIENTED_EDGE('',*,*,#1016,.T.);
#1439=ORIENTED_EDGE('',*,*,#1017,.T.);
#1440=ORIENTED_EDGE('',*,*,#1019,.F.);
#1441=ORIENTED_EDGE('',*,*,#1020,.F.);
#1442=ORIENTED_EDGE('',*,*,#1019,.T.);
#1443=ORIENTED_EDGE('',*,*,#1021,.T.);
#1444=ORIENTED_EDGE('',*,*,#1022,.F.);
#1445=ORIENTED_EDGE('',*,*,#1023,.F.);
#1446=ORIENTED_EDGE('',*,*,#1021,.F.);
#1447=ORIENTED_EDGE('',*,*,#1020,.T.);
#1448=ORIENTED_EDGE('',*,*,#1024,.F.);
#1449=ORIENTED_EDGE('',*,*,#1025,.F.);
#1450=ORIENTED_EDGE('',*,*,#1022,.T.);
#1451=ORIENTED_EDGE('',*,*,#1023,.T.);
#1452=ORIENTED_EDGE('',*,*,#1026,.F.);
#1453=ORIENTED_EDGE('',*,*,#1027,.F.);
#1454=ORIENTED_EDGE('',*,*,#1028,.T.);
#1455=ORIENTED_EDGE('',*,*,#1025,.T.);
#1456=ORIENTED_EDGE('',*,*,#1024,.T.);
#1457=ORIENTED_EDGE('',*,*,#1028,.F.);
#1458=ORIENTED_EDGE('',*,*,#1026,.T.);
#1459=ORIENTED_EDGE('',*,*,#1027,.T.);
#1460=ORIENTED_EDGE('',*,*,#1029,.F.);
#1461=ORIENTED_EDGE('',*,*,#1030,.F.);
#1462=ORIENTED_EDGE('',*,*,#1029,.T.);
#1463=ORIENTED_EDGE('',*,*,#1031,.T.);
#1464=ORIENTED_EDGE('',*,*,#1032,.F.);
#1465=ORIENTED_EDGE('',*,*,#1033,.F.);
#1466=ORIENTED_EDGE('',*,*,#1031,.F.);
#1467=ORIENTED_EDGE('',*,*,#1030,.T.);
#1468=ORIENTED_EDGE('',*,*,#1034,.F.);
#1469=ORIENTED_EDGE('',*,*,#1035,.F.);
#1470=ORIENTED_EDGE('',*,*,#1032,.T.);
#1471=ORIENTED_EDGE('',*,*,#1033,.T.);
#1472=ORIENTED_EDGE('',*,*,#1036,.F.);
#1473=ORIENTED_EDGE('',*,*,#1037,.F.);
#1474=ORIENTED_EDGE('',*,*,#1038,.T.);
#1475=ORIENTED_EDGE('',*,*,#1035,.T.);
#1476=ORIENTED_EDGE('',*,*,#1034,.T.);
#1477=ORIENTED_EDGE('',*,*,#1038,.F.);
#1478=ORIENTED_EDGE('',*,*,#1036,.T.);
#1479=ORIENTED_EDGE('',*,*,#1037,.T.);
#1480=ORIENTED_EDGE('',*,*,#1039,.F.);
#1481=ORIENTED_EDGE('',*,*,#1040,.F.);
#1482=ORIENTED_EDGE('',*,*,#1039,.T.);
#1483=ORIENTED_EDGE('',*,*,#1041,.T.);
#1484=ORIENTED_EDGE('',*,*,#1042,.F.);
#1485=ORIENTED_EDGE('',*,*,#1043,.F.);
#1486=ORIENTED_EDGE('',*,*,#1041,.F.);
#1487=ORIENTED_EDGE('',*,*,#1040,.T.);
#1488=ORIENTED_EDGE('',*,*,#1044,.F.);
#1489=ORIENTED_EDGE('',*,*,#1045,.F.);
#1490=ORIENTED_EDGE('',*,*,#1046,.T.);
#1491=ORIENTED_EDGE('',*,*,#1043,.T.);
#1492=ORIENTED_EDGE('',*,*,#1042,.T.);
#1493=ORIENTED_EDGE('',*,*,#1046,.F.);
#1494=ORIENTED_EDGE('',*,*,#1047,.F.);
#1495=ORIENTED_EDGE('',*,*,#1048,.F.);
#1496=ORIENTED_EDGE('',*,*,#1049,.T.);
#1497=ORIENTED_EDGE('',*,*,#1045,.T.);
#1498=ORIENTED_EDGE('',*,*,#1044,.T.);
#1499=ORIENTED_EDGE('',*,*,#1049,.F.);
#1500=ORIENTED_EDGE('',*,*,#1047,.T.);
#1501=ORIENTED_EDGE('',*,*,#1048,.T.);
#1502=ORIENTED_EDGE('',*,*,#1050,.F.);
#1503=ORIENTED_EDGE('',*,*,#1051,.F.);
#1504=ORIENTED_EDGE('',*,*,#1050,.T.);
#1505=ORIENTED_EDGE('',*,*,#1052,.T.);
#1506=ORIENTED_EDGE('',*,*,#1053,.F.);
#1507=ORIENTED_EDGE('',*,*,#1054,.F.);
#1508=ORIENTED_EDGE('',*,*,#1052,.F.);
#1509=ORIENTED_EDGE('',*,*,#1051,.T.);
#1510=ORIENTED_EDGE('',*,*,#1055,.F.);
#1511=ORIENTED_EDGE('',*,*,#1056,.F.);
#1512=ORIENTED_EDGE('',*,*,#1053,.T.);
#1513=ORIENTED_EDGE('',*,*,#1054,.T.);
#1514=ORIENTED_EDGE('',*,*,#1057,.F.);
#1515=ORIENTED_EDGE('',*,*,#1058,.F.);
#1516=ORIENTED_EDGE('',*,*,#1059,.T.);
#1517=ORIENTED_EDGE('',*,*,#1056,.T.);
#1518=ORIENTED_EDGE('',*,*,#1055,.T.);
#1519=ORIENTED_EDGE('',*,*,#1059,.F.);
#1520=ORIENTED_EDGE('',*,*,#1057,.T.);
#1521=ORIENTED_EDGE('',*,*,#1058,.T.);
#1522=ORIENTED_EDGE('',*,*,#1060,.F.);
#1523=ORIENTED_EDGE('',*,*,#1061,.F.);
#1524=ORIENTED_EDGE('',*,*,#1060,.T.);
#1525=ORIENTED_EDGE('',*,*,#1062,.T.);
#1526=ORIENTED_EDGE('',*,*,#1063,.F.);
#1527=ORIENTED_EDGE('',*,*,#1064,.F.);
#1528=ORIENTED_EDGE('',*,*,#1062,.F.);
#1529=ORIENTED_EDGE('',*,*,#1061,.T.);
#1530=ORIENTED_EDGE('',*,*,#1065,.F.);
#1531=ORIENTED_EDGE('',*,*,#1066,.F.);
#1532=ORIENTED_EDGE('',*,*,#1063,.T.);
#1533=ORIENTED_EDGE('',*,*,#1064,.T.);
#1534=ORIENTED_EDGE('',*,*,#1067,.F.);
#1535=ORIENTED_EDGE('',*,*,#1068,.F.);
#1536=ORIENTED_EDGE('',*,*,#1069,.T.);
#1537=ORIENTED_EDGE('',*,*,#1066,.T.);
#1538=ORIENTED_EDGE('',*,*,#1065,.T.);
#1539=ORIENTED_EDGE('',*,*,#1069,.F.);
#1540=ORIENTED_EDGE('',*,*,#1067,.T.);
#1541=ORIENTED_EDGE('',*,*,#1068,.T.);
#1542=ORIENTED_EDGE('',*,*,#1070,.F.);
#1543=ORIENTED_EDGE('',*,*,#1071,.F.);
#1544=ORIENTED_EDGE('',*,*,#1070,.T.);
#1545=ORIENTED_EDGE('',*,*,#1072,.T.);
#1546=ORIENTED_EDGE('',*,*,#1073,.F.);
#1547=ORIENTED_EDGE('',*,*,#1074,.F.);
#1548=ORIENTED_EDGE('',*,*,#1072,.F.);
#1549=ORIENTED_EDGE('',*,*,#1071,.T.);
#1550=ORIENTED_EDGE('',*,*,#1075,.F.);
#1551=ORIENTED_EDGE('',*,*,#1076,.F.);
#1552=ORIENTED_EDGE('',*,*,#1073,.T.);
#1553=ORIENTED_EDGE('',*,*,#1074,.T.);
#1554=ORIENTED_EDGE('',*,*,#1077,.F.);
#1555=ORIENTED_EDGE('',*,*,#1078,.F.);
#1556=ORIENTED_EDGE('',*,*,#1079,.T.);
#1557=ORIENTED_EDGE('',*,*,#1076,.T.);
#1558=ORIENTED_EDGE('',*,*,#1075,.T.);
#1559=ORIENTED_EDGE('',*,*,#1079,.F.);
#1560=ORIENTED_EDGE('',*,*,#1077,.T.);
#1561=ORIENTED_EDGE('',*,*,#1078,.T.);
#1562=ORIENTED_EDGE('',*,*,#1080,.F.);
#1563=ORIENTED_EDGE('',*,*,#1081,.F.);
#1564=ORIENTED_EDGE('',*,*,#1080,.T.);
#1565=ORIENTED_EDGE('',*,*,#1082,.T.);
#1566=ORIENTED_EDGE('',*,*,#1083,.F.);
#1567=ORIENTED_EDGE('',*,*,#1084,.F.);
#1568=ORIENTED_EDGE('',*,*,#1082,.F.);
#1569=ORIENTED_EDGE('',*,*,#1081,.T.);
#1570=ORIENTED_EDGE('',*,*,#1085,.F.);
#1571=ORIENTED_EDGE('',*,*,#1086,.F.);
#1572=ORIENTED_EDGE('',*,*,#1087,.T.);
#1573=ORIENTED_EDGE('',*,*,#1084,.T.);
#1574=ORIENTED_EDGE('',*,*,#1083,.T.);
#1575=ORIENTED_EDGE('',*,*,#1087,.F.);
#1576=ORIENTED_EDGE('',*,*,#1085,.T.);
#1577=ORIENTED_EDGE('',*,*,#1086,.T.);
#1578=ORIENTED_EDGE('',*,*,#911,.F.);
#1579=ORIENTED_EDGE('',*,*,#910,.F.);
#1580=CYLINDRICAL_SURFACE('',#1710,2.6);
#1581=CYLINDRICAL_SURFACE('',#1717,4.25);
#1582=CYLINDRICAL_SURFACE('',#1726,4.25);
#1583=CYLINDRICAL_SURFACE('',#1731,4.25);
#1584=CYLINDRICAL_SURFACE('',#1742,0.8);
#1585=CYLINDRICAL_SURFACE('',#1745,0.8);
#1586=CYLINDRICAL_SURFACE('',#1746,0.8);
#1587=CYLINDRICAL_SURFACE('',#1747,0.8);
#1588=CYLINDRICAL_SURFACE('',#1756,13.);
#1589=CYLINDRICAL_SURFACE('',#1777,17.);
#1590=CYLINDRICAL_SURFACE('',#1997,15.4290909106634);
#1591=ADVANCED_FACE('',(#157),#1580,.T.);
#1592=ADVANCED_FACE('',(#158),#111,.F.);
#1593=ADVANCED_FACE('',(#159),#100,.F.);
#1594=ADVANCED_FACE('',(#160),#1581,.F.);
#1595=ADVANCED_FACE('',(#161,#62),#112,.F.);
#1596=ADVANCED_FACE('',(#162),#101,.F.);
#1597=ADVANCED_FACE('',(#163,#63,#64),#113,.F.);
#1598=ADVANCED_FACE('',(#164),#1582,.F.);
#1599=ADVANCED_FACE('',(#165),#102,.F.);
#1600=ADVANCED_FACE('',(#166),#1583,.F.);
#1601=ADVANCED_FACE('',(#167),#103,.F.);
#1602=ADVANCED_FACE('',(#168,#65),#114,.F.);
#1603=ADVANCED_FACE('',(#169),#104,.F.);
#1604=ADVANCED_FACE('',(#170,#66,#67),#115,.F.);
#1605=ADVANCED_FACE('',(#171),#105,.F.);
#1606=ADVANCED_FACE('',(#172),#1584,.F.);
#1607=ADVANCED_FACE('',(#173),#116,.F.);
#1608=ADVANCED_FACE('',(#174),#1585,.F.);
#1609=ADVANCED_FACE('',(#175),#1586,.F.);
#1610=ADVANCED_FACE('',(#176),#1587,.F.);
#1611=ADVANCED_FACE('',(#177),#117,.T.);
#1612=ADVANCED_FACE('',(#178),#106,.T.);
#1613=ADVANCED_FACE('',(#179),#118,.T.);
#1614=ADVANCED_FACE('',(#180),#107,.T.);
#1615=ADVANCED_FACE('',(#181),#1588,.T.);
#1616=ADVANCED_FACE('',(#182),#119,.T.);
#1617=ADVANCED_FACE('',(#183),#108,.T.);
#1618=ADVANCED_FACE('',(#184),#120,.T.);
#1619=ADVANCED_FACE('',(#185),#109,.T.);
#1620=ADVANCED_FACE('',(#186),#121,.T.);
#1621=ADVANCED_FACE('',(#187,#68),#122,.T.);
#1622=ADVANCED_FACE('',(#188),#123,.F.);
#1623=ADVANCED_FACE('',(#189),#124,.F.);
#1624=ADVANCED_FACE('',(#190),#125,.F.);
#1625=ADVANCED_FACE('',(#191),#1589,.T.);
#1626=ADVANCED_FACE('',(#192,#69),#126,.T.);
#1627=ADVANCED_FACE('',(#193),#15,.F.);
#1628=ADVANCED_FACE('',(#194,#70),#127,.T.);
#1629=ADVANCED_FACE('',(#195),#16,.T.);
#1630=ADVANCED_FACE('',(#196,#71),#128,.T.);
#1631=ADVANCED_FACE('',(#197),#17,.F.);
#1632=ADVANCED_FACE('',(#198,#72),#129,.T.);
#1633=ADVANCED_FACE('',(#199),#18,.T.);
#1634=ADVANCED_FACE('',(#200,#73),#130,.T.);
#1635=ADVANCED_FACE('',(#201),#19,.F.);
#1636=ADVANCED_FACE('',(#202,#74),#131,.T.);
#1637=ADVANCED_FACE('',(#203),#20,.T.);
#1638=ADVANCED_FACE('',(#204,#75),#132,.T.);
#1639=ADVANCED_FACE('',(#205),#21,.F.);
#1640=ADVANCED_FACE('',(#206,#76),#133,.T.);
#1641=ADVANCED_FACE('',(#207),#22,.T.);
#1642=ADVANCED_FACE('',(#208,#77),#134,.T.);
#1643=ADVANCED_FACE('',(#209),#23,.F.);
#1644=ADVANCED_FACE('',(#210,#78),#135,.T.);
#1645=ADVANCED_FACE('',(#211),#24,.T.);
#1646=ADVANCED_FACE('',(#212,#79),#136,.T.);
#1647=ADVANCED_FACE('',(#213),#25,.F.);
#1648=ADVANCED_FACE('',(#214,#80),#137,.T.);
#1649=ADVANCED_FACE('',(#215),#26,.T.);
#1650=ADVANCED_FACE('',(#216,#81),#138,.T.);
#1651=ADVANCED_FACE('',(#217),#27,.F.);
#1652=ADVANCED_FACE('',(#218,#82),#139,.T.);
#1653=ADVANCED_FACE('',(#219),#28,.T.);
#1654=ADVANCED_FACE('',(#220,#83),#140,.T.);
#1655=ADVANCED_FACE('',(#221),#29,.F.);
#1656=ADVANCED_FACE('',(#222,#84),#141,.T.);
#1657=ADVANCED_FACE('',(#223),#30,.T.);
#1658=ADVANCED_FACE('',(#224,#85),#142,.T.);
#1659=ADVANCED_FACE('',(#225),#31,.F.);
#1660=ADVANCED_FACE('',(#226,#86),#143,.T.);
#1661=ADVANCED_FACE('',(#227),#32,.T.);
#1662=ADVANCED_FACE('',(#228,#87),#144,.T.);
#1663=ADVANCED_FACE('',(#229),#33,.F.);
#1664=ADVANCED_FACE('',(#230,#88),#145,.T.);
#1665=ADVANCED_FACE('',(#231),#34,.T.);
#1666=ADVANCED_FACE('',(#232,#89),#146,.T.);
#1667=ADVANCED_FACE('',(#233),#35,.F.);
#1668=ADVANCED_FACE('',(#234,#90),#147,.T.);
#1669=ADVANCED_FACE('',(#235),#36,.T.);
#1670=ADVANCED_FACE('',(#236,#91),#148,.T.);
#1671=ADVANCED_FACE('',(#237),#37,.F.);
#1672=ADVANCED_FACE('',(#238),#110,.T.);
#1673=ADVANCED_FACE('',(#239),#38,.T.);
#1674=ADVANCED_FACE('',(#240,#92),#149,.T.);
#1675=ADVANCED_FACE('',(#241),#39,.F.);
#1676=ADVANCED_FACE('',(#242,#93),#150,.T.);
#1677=ADVANCED_FACE('',(#243),#40,.T.);
#1678=ADVANCED_FACE('',(#244,#94),#151,.T.);
#1679=ADVANCED_FACE('',(#245),#41,.F.);
#1680=ADVANCED_FACE('',(#246,#95),#152,.T.);
#1681=ADVANCED_FACE('',(#247),#42,.T.);
#1682=ADVANCED_FACE('',(#248,#96),#153,.T.);
#1683=ADVANCED_FACE('',(#249),#43,.F.);
#1684=ADVANCED_FACE('',(#250,#97),#154,.T.);
#1685=ADVANCED_FACE('',(#251),#44,.T.);
#1686=ADVANCED_FACE('',(#252,#98),#155,.T.);
#1687=ADVANCED_FACE('',(#253),#45,.F.);
#1688=ADVANCED_FACE('',(#254),#1590,.T.);
#1689=ADVANCED_FACE('',(#255,#99),#156,.T.);
#1690=CLOSED_SHELL('',(#1591,#1592,#1593,#1594,#1595,#1596,#1597,#1598,
#1599,#1600,#1601,#1602,#1603,#1604,#1605,#1606,#1607,#1608,#1609,#1610,
#1611,#1612,#1613,#1614,#1615,#1616,#1617,#1618,#1619,#1620,#1621,#1622,
#1623,#1624,#1625,#1626,#1627,#1628,#1629,#1630,#1631,#1632,#1633,#1634,
#1635,#1636,#1637,#1638,#1639,#1640,#1641,#1642,#1643,#1644,#1645,#1646,
#1647,#1648,#1649,#1650,#1651,#1652,#1653,#1654,#1655,#1656,#1657,#1658,
#1659,#1660,#1661,#1662,#1663,#1664,#1665,#1666,#1667,#1668,#1669,#1670,
#1671,#1672,#1673,#1674,#1675,#1676,#1677,#1678,#1679,#1680,#1681,#1682,
#1683,#1684,#1685,#1686,#1687,#1688,#1689));
#1691=DERIVED_UNIT_ELEMENT(#1693,1.);
#1692=DERIVED_UNIT_ELEMENT(#3259,3.);
#1693=(
MASS_UNIT()
NAMED_UNIT(*)
SI_UNIT($,.GRAM.)
);
#1694=DERIVED_UNIT((#1691,#1692));
#1695=MEASURE_REPRESENTATION_ITEM('density measure',
POSITIVE_RATIO_MEASURE(8.08),#1694);
#1696=PROPERTY_DEFINITION_REPRESENTATION(#1701,#1698);
#1697=PROPERTY_DEFINITION_REPRESENTATION(#1702,#1699);
#1698=REPRESENTATION('material name',(#1700),#3256);
#1699=REPRESENTATION('density',(#1695),#3256);
#1700=DESCRIPTIVE_REPRESENTATION_ITEM('\X2\4E0D950894A2\X0\',
'\X2\4E0D950894A2\X0\');
#1701=PROPERTY_DEFINITION('material property','material name',#3266);
#1702=PROPERTY_DEFINITION('material property','density of part',#3266);
#1703=DATE_TIME_ROLE('creation_date');
#1704=APPLIED_DATE_AND_TIME_ASSIGNMENT(#1705,#1703,(#3266));
#1705=DATE_AND_TIME(#1706,#1707);
#1706=CALENDAR_DATE(2017,31,5);
#1707=LOCAL_TIME(7,32,53.,#1708);
#1708=COORDINATED_UNIVERSAL_TIME_OFFSET(0,0,.BEHIND.);
#1709=AXIS2_PLACEMENT_3D('placement',#2623,#2001,#2002);
#1710=AXIS2_PLACEMENT_3D('',#2624,#2003,#2004);
#1711=AXIS2_PLACEMENT_3D('',#2626,#2005,#2006);
#1712=AXIS2_PLACEMENT_3D('',#2629,#2008,#2009);
#1713=AXIS2_PLACEMENT_3D('',#2630,#2010,#2011);
#1714=AXIS2_PLACEMENT_3D('',#2631,#2012,#2013);
#1715=AXIS2_PLACEMENT_3D('',#2633,#2014,#2015);
#1716=AXIS2_PLACEMENT_3D('',#2636,#2017,#2018);
#1717=AXIS2_PLACEMENT_3D('',#2637,#2019,#2020);
#1718=AXIS2_PLACEMENT_3D('',#2640,#2021,#2022);
#1719=AXIS2_PLACEMENT_3D('',#2641,#2023,#2024);
#1720=AXIS2_PLACEMENT_3D('',#2643,#2026,#2027);
#1721=AXIS2_PLACEMENT_3D('',#2652,#2032,#2033);
#1722=AXIS2_PLACEMENT_3D('',#2654,#2034,#2035);
#1723=AXIS2_PLACEMENT_3D('',#2657,#2037,#2038);
#1724=AXIS2_PLACEMENT_3D('',#2658,#2039,#2040);
#1725=AXIS2_PLACEMENT_3D('',#2668,#2045,#2046);
#1726=AXIS2_PLACEMENT_3D('',#2669,#2047,#2048);
#1727=AXIS2_PLACEMENT_3D('',#2672,#2049,#2050);
#1728=AXIS2_PLACEMENT_3D('',#2673,#2051,#2052);
#1729=AXIS2_PLACEMENT_3D('',#2675,#2054,#2055);
#1730=AXIS2_PLACEMENT_3D('',#2678,#2057,#2058);
#1731=AXIS2_PLACEMENT_3D('',#2679,#2059,#2060);
#1732=AXIS2_PLACEMENT_3D('',#2682,#2061,#2062);
#1733=AXIS2_PLACEMENT_3D('',#2683,#2063,#2064);
#1734=AXIS2_PLACEMENT_3D('',#2685,#2066,#2067);
#1735=AXIS2_PLACEMENT_3D('',#2687,#2068,#2069);
#1736=AXIS2_PLACEMENT_3D('',#2689,#2071,#2072);
#1737=AXIS2_PLACEMENT_3D('',#2698,#2077,#2078);
#1738=AXIS2_PLACEMENT_3D('',#2700,#2079,#2080);
#1739=AXIS2_PLACEMENT_3D('',#2702,#2082,#2083);
#1740=AXIS2_PLACEMENT_3D('',#2712,#2088,#2089);
#1741=AXIS2_PLACEMENT_3D('',#2713,#2090,#2091);
#1742=AXIS2_PLACEMENT_3D('',#2715,#2093,#2094);
#1743=AXIS2_PLACEMENT_3D('',#2739,#2096,#2097);
#1744=AXIS2_PLACEMENT_3D('',#2740,#2098,#2099);
#1745=AXIS2_PLACEMENT_3D('',#2741,#2100,#2101);
#1746=AXIS2_PLACEMENT_3D('',#2765,#2103,#2104);
#1747=AXIS2_PLACEMENT_3D('',#2793,#2106,#2107);
#1748=AXIS2_PLACEMENT_3D('',#2821,#2109,#2110);
#1749=AXIS2_PLACEMENT_3D('',#2833,#2112,#2113);
#1750=AXIS2_PLACEMENT_3D('',#2835,#2114,#2115);
#1751=AXIS2_PLACEMENT_3D('',#2840,#2116,#2117);
#1752=AXIS2_PLACEMENT_3D('',#2841,#2118,#2119);
#1753=AXIS2_PLACEMENT_3D('',#2848,#2121,#2122);
#1754=AXIS2_PLACEMENT_3D('',#2849,#2123,#2124);
#1755=AXIS2_PLACEMENT_3D('',#2850,#2125,#2126);
#1756=AXIS2_PLACEMENT_3D('',#2851,#2127,#2128);
#1757=AXIS2_PLACEMENT_3D('',#2853,#2129,#2130);
#1758=AXIS2_PLACEMENT_3D('',#2857,#2132,#2133);
#1759=AXIS2_PLACEMENT_3D('',#2858,#2134,#2135);
#1760=AXIS2_PLACEMENT_3D('',#2859,#2136,#2137);
#1761=AXIS2_PLACEMENT_3D('',#2860,#2138,#2139);
#1762=AXIS2_PLACEMENT_3D('',#2861,#2140,#2141);
#1763=AXIS2_PLACEMENT_3D('',#2862,#2142,#2143);
#1764=AXIS2_PLACEMENT_3D('',#2863,#2144,#2145);
#1765=AXIS2_PLACEMENT_3D('',#2870,#2146,#2147);
#1766=AXIS2_PLACEMENT_3D('',#2875,#2148,#2149);
#1767=AXIS2_PLACEMENT_3D('',#2882,#2151,#2152);
#1768=AXIS2_PLACEMENT_3D('',#2883,#2153,#2154);
#1769=AXIS2_PLACEMENT_3D('',#2889,#2155,#2156);
#1770=AXIS2_PLACEMENT_3D('',#2890,#2157,#2158);
#1771=AXIS2_PLACEMENT_3D('',#2892,#2160,#2161);
#1772=AXIS2_PLACEMENT_3D('',#2893,#2162,#2163);
#1773=AXIS2_PLACEMENT_3D('',#2895,#2164,#2165);
#1774=AXIS2_PLACEMENT_3D('',#2896,#2166,#2167);
#1775=AXIS2_PLACEMENT_3D('',#2897,#2168,#2169);
#1776=AXIS2_PLACEMENT_3D('',#2898,#2170,#2171);
#1777=AXIS2_PLACEMENT_3D('',#2899,#2172,#2173);
#1778=AXIS2_PLACEMENT_3D('',#2902,#2174,#2175);
#1779=AXIS2_PLACEMENT_3D('',#2903,#2176,#2177);
#1780=AXIS2_PLACEMENT_3D('',#2905,#2179,#2180);
#1781=AXIS2_PLACEMENT_3D('',#2908,#2181,#2182);
#1782=AXIS2_PLACEMENT_3D('',#2909,#2183,#2184);
#1783=AXIS2_PLACEMENT_3D('',#2910,#2185,#2186);
#1784=AXIS2_PLACEMENT_3D('',#2912,#2187,#2188);
#1785=AXIS2_PLACEMENT_3D('',#2914,#2189,#2190);
#1786=AXIS2_PLACEMENT_3D('',#2915,#2191,#2192);
#1787=AXIS2_PLACEMENT_3D('',#2916,#2193,#2194);
#1788=AXIS2_PLACEMENT_3D('',#2919,#2195,#2196);
#1789=AXIS2_PLACEMENT_3D('',#2920,#2197,#2198);
#1790=AXIS2_PLACEMENT_3D('',#2921,#2199,#2200);
#1791=AXIS2_PLACEMENT_3D('',#2924,#2201,#2202);
#1792=AXIS2_PLACEMENT_3D('',#2925,#2203,#2204);
#1793=AXIS2_PLACEMENT_3D('',#2926,#2205,#2206);
#1794=AXIS2_PLACEMENT_3D('',#2927,#2207,#2208);
#1795=AXIS2_PLACEMENT_3D('',#2930,#2209,#2210);
#1796=AXIS2_PLACEMENT_3D('',#2931,#2211,#2212);
#1797=AXIS2_PLACEMENT_3D('',#2932,#2213,#2214);
#1798=AXIS2_PLACEMENT_3D('',#2934,#2215,#2216);
#1799=AXIS2_PLACEMENT_3D('',#2936,#2217,#2218);
#1800=AXIS2_PLACEMENT_3D('',#2937,#2219,#2220);
#1801=AXIS2_PLACEMENT_3D('',#2938,#2221,#2222);
#1802=AXIS2_PLACEMENT_3D('',#2941,#2223,#2224);
#1803=AXIS2_PLACEMENT_3D('',#2942,#2225,#2226);
#1804=AXIS2_PLACEMENT_3D('',#2943,#2227,#2228);
#1805=AXIS2_PLACEMENT_3D('',#2946,#2229,#2230);
#1806=AXIS2_PLACEMENT_3D('',#2947,#2231,#2232);
#1807=AXIS2_PLACEMENT_3D('',#2948,#2233,#2234);
#1808=AXIS2_PLACEMENT_3D('',#2949,#2235,#2236);
#1809=AXIS2_PLACEMENT_3D('',#2952,#2237,#2238);
#1810=AXIS2_PLACEMENT_3D('',#2953,#2239,#2240);
#1811=AXIS2_PLACEMENT_3D('',#2954,#2241,#2242);
#1812=AXIS2_PLACEMENT_3D('',#2956,#2243,#2244);
#1813=AXIS2_PLACEMENT_3D('',#2958,#2245,#2246);
#1814=AXIS2_PLACEMENT_3D('',#2959,#2247,#2248);
#1815=AXIS2_PLACEMENT_3D('',#2960,#2249,#2250);
#1816=AXIS2_PLACEMENT_3D('',#2963,#2251,#2252);
#1817=AXIS2_PLACEMENT_3D('',#2964,#2253,#2254);
#1818=AXIS2_PLACEMENT_3D('',#2965,#2255,#2256);
#1819=AXIS2_PLACEMENT_3D('',#2968,#2257,#2258);
#1820=AXIS2_PLACEMENT_3D('',#2969,#2259,#2260);
#1821=AXIS2_PLACEMENT_3D('',#2970,#2261,#2262);
#1822=AXIS2_PLACEMENT_3D('',#2971,#2263,#2264);
#1823=AXIS2_PLACEMENT_3D('',#2974,#2265,#2266);
#1824=AXIS2_PLACEMENT_3D('',#2975,#2267,#2268);
#1825=AXIS2_PLACEMENT_3D('',#2976,#2269,#2270);
#1826=AXIS2_PLACEMENT_3D('',#2978,#2271,#2272);
#1827=AXIS2_PLACEMENT_3D('',#2980,#2273,#2274);
#1828=AXIS2_PLACEMENT_3D('',#2981,#2275,#2276);
#1829=AXIS2_PLACEMENT_3D('',#2982,#2277,#2278);
#1830=AXIS2_PLACEMENT_3D('',#2985,#2279,#2280);
#1831=AXIS2_PLACEMENT_3D('',#2986,#2281,#2282);
#1832=AXIS2_PLACEMENT_3D('',#2987,#2283,#2284);
#1833=AXIS2_PLACEMENT_3D('',#2990,#2285,#2286);
#1834=AXIS2_PLACEMENT_3D('',#2991,#2287,#2288);
#1835=AXIS2_PLACEMENT_3D('',#2992,#2289,#2290);
#1836=AXIS2_PLACEMENT_3D('',#2993,#2291,#2292);
#1837=AXIS2_PLACEMENT_3D('',#2996,#2293,#2294);
#1838=AXIS2_PLACEMENT_3D('',#2997,#2295,#2296);
#1839=AXIS2_PLACEMENT_3D('',#2998,#2297,#2298);
#1840=AXIS2_PLACEMENT_3D('',#3000,#2299,#2300);
#1841=AXIS2_PLACEMENT_3D('',#3002,#2301,#2302);
#1842=AXIS2_PLACEMENT_3D('',#3003,#2303,#2304);
#1843=AXIS2_PLACEMENT_3D('',#3004,#2305,#2306);
#1844=AXIS2_PLACEMENT_3D('',#3007,#2307,#2308);
#1845=AXIS2_PLACEMENT_3D('',#3008,#2309,#2310);
#1846=AXIS2_PLACEMENT_3D('',#3009,#2311,#2312);
#1847=AXIS2_PLACEMENT_3D('',#3012,#2313,#2314);
#1848=AXIS2_PLACEMENT_3D('',#3013,#2315,#2316);
#1849=AXIS2_PLACEMENT_3D('',#3014,#2317,#2318);
#1850=AXIS2_PLACEMENT_3D('',#3015,#2319,#2320);
#1851=AXIS2_PLACEMENT_3D('',#3018,#2321,#2322);
#1852=AXIS2_PLACEMENT_3D('',#3019,#2323,#2324);
#1853=AXIS2_PLACEMENT_3D('',#3020,#2325,#2326);
#1854=AXIS2_PLACEMENT_3D('',#3022,#2327,#2328);
#1855=AXIS2_PLACEMENT_3D('',#3024,#2329,#2330);
#1856=AXIS2_PLACEMENT_3D('',#3025,#2331,#2332);
#1857=AXIS2_PLACEMENT_3D('',#3026,#2333,#2334);
#1858=AXIS2_PLACEMENT_3D('',#3029,#2335,#2336);
#1859=AXIS2_PLACEMENT_3D('',#3030,#2337,#2338);
#1860=AXIS2_PLACEMENT_3D('',#3031,#2339,#2340);
#1861=AXIS2_PLACEMENT_3D('',#3034,#2341,#2342);
#1862=AXIS2_PLACEMENT_3D('',#3035,#2343,#2344);
#1863=AXIS2_PLACEMENT_3D('',#3036,#2345,#2346);
#1864=AXIS2_PLACEMENT_3D('',#3037,#2347,#2348);
#1865=AXIS2_PLACEMENT_3D('',#3040,#2349,#2350);
#1866=AXIS2_PLACEMENT_3D('',#3041,#2351,#2352);
#1867=AXIS2_PLACEMENT_3D('',#3042,#2353,#2354);
#1868=AXIS2_PLACEMENT_3D('',#3044,#2355,#2356);
#1869=AXIS2_PLACEMENT_3D('',#3046,#2357,#2358);
#1870=AXIS2_PLACEMENT_3D('',#3047,#2359,#2360);
#1871=AXIS2_PLACEMENT_3D('',#3048,#2361,#2362);
#1872=AXIS2_PLACEMENT_3D('',#3051,#2363,#2364);
#1873=AXIS2_PLACEMENT_3D('',#3052,#2365,#2366);
#1874=AXIS2_PLACEMENT_3D('',#3053,#2367,#2368);
#1875=AXIS2_PLACEMENT_3D('',#3056,#2369,#2370);
#1876=AXIS2_PLACEMENT_3D('',#3057,#2371,#2372);
#1877=AXIS2_PLACEMENT_3D('',#3058,#2373,#2374);
#1878=AXIS2_PLACEMENT_3D('',#3059,#2375,#2376);
#1879=AXIS2_PLACEMENT_3D('',#3062,#2377,#2378);
#1880=AXIS2_PLACEMENT_3D('',#3063,#2379,#2380);
#1881=AXIS2_PLACEMENT_3D('',#3064,#2381,#2382);
#1882=AXIS2_PLACEMENT_3D('',#3066,#2383,#2384);
#1883=AXIS2_PLACEMENT_3D('',#3068,#2385,#2386);
#1884=AXIS2_PLACEMENT_3D('',#3069,#2387,#2388);
#1885=AXIS2_PLACEMENT_3D('',#3070,#2389,#2390);
#1886=AXIS2_PLACEMENT_3D('',#3073,#2391,#2392);
#1887=AXIS2_PLACEMENT_3D('',#3074,#2393,#2394);
#1888=AXIS2_PLACEMENT_3D('',#3075,#2395,#2396);
#1889=AXIS2_PLACEMENT_3D('',#3078,#2397,#2398);
#1890=AXIS2_PLACEMENT_3D('',#3079,#2399,#2400);
#1891=AXIS2_PLACEMENT_3D('',#3080,#2401,#2402);
#1892=AXIS2_PLACEMENT_3D('',#3081,#2403,#2404);
#1893=AXIS2_PLACEMENT_3D('',#3084,#2405,#2406);
#1894=AXIS2_PLACEMENT_3D('',#3085,#2407,#2408);
#1895=AXIS2_PLACEMENT_3D('',#3086,#2409,#2410);
#1896=AXIS2_PLACEMENT_3D('',#3088,#2411,#2412);
#1897=AXIS2_PLACEMENT_3D('',#3090,#2413,#2414);
#1898=AXIS2_PLACEMENT_3D('',#3091,#2415,#2416);
#1899=AXIS2_PLACEMENT_3D('',#3092,#2417,#2418);
#1900=AXIS2_PLACEMENT_3D('',#3095,#2419,#2420);
#1901=AXIS2_PLACEMENT_3D('',#3096,#2421,#2422);
#1902=AXIS2_PLACEMENT_3D('',#3097,#2423,#2424);
#1903=AXIS2_PLACEMENT_3D('',#3100,#2425,#2426);
#1904=AXIS2_PLACEMENT_3D('',#3101,#2427,#2428);
#1905=AXIS2_PLACEMENT_3D('',#3102,#2429,#2430);
#1906=AXIS2_PLACEMENT_3D('',#3103,#2431,#2432);
#1907=AXIS2_PLACEMENT_3D('',#3106,#2433,#2434);
#1908=AXIS2_PLACEMENT_3D('',#3107,#2435,#2436);
#1909=AXIS2_PLACEMENT_3D('',#3108,#2437,#2438);
#1910=AXIS2_PLACEMENT_3D('',#3110,#2439,#2440);
#1911=AXIS2_PLACEMENT_3D('',#3112,#2441,#2442);
#1912=AXIS2_PLACEMENT_3D('',#3113,#2443,#2444);
#1913=AXIS2_PLACEMENT_3D('',#3114,#2445,#2446);
#1914=AXIS2_PLACEMENT_3D('',#3117,#2447,#2448);
#1915=AXIS2_PLACEMENT_3D('',#3118,#2449,#2450);
#1916=AXIS2_PLACEMENT_3D('',#3119,#2451,#2452);
#1917=AXIS2_PLACEMENT_3D('',#3122,#2453,#2454);
#1918=AXIS2_PLACEMENT_3D('',#3123,#2455,#2456);
#1919=AXIS2_PLACEMENT_3D('',#3124,#2457,#2458);
#1920=AXIS2_PLACEMENT_3D('',#3125,#2459,#2460);
#1921=AXIS2_PLACEMENT_3D('',#3128,#2461,#2462);
#1922=AXIS2_PLACEMENT_3D('',#3129,#2463,#2464);
#1923=AXIS2_PLACEMENT_3D('',#3130,#2465,#2466);
#1924=AXIS2_PLACEMENT_3D('',#3132,#2467,#2468);
#1925=AXIS2_PLACEMENT_3D('',#3134,#2469,#2470);
#1926=AXIS2_PLACEMENT_3D('',#3135,#2471,#2472);
#1927=AXIS2_PLACEMENT_3D('',#3136,#2473,#2474);
#1928=AXIS2_PLACEMENT_3D('',#3139,#2475,#2476);
#1929=AXIS2_PLACEMENT_3D('',#3140,#2477,#2478);
#1930=AXIS2_PLACEMENT_3D('',#3141,#2479,#2480);
#1931=AXIS2_PLACEMENT_3D('',#3144,#2481,#2482);
#1932=AXIS2_PLACEMENT_3D('',#3145,#2483,#2484);
#1933=AXIS2_PLACEMENT_3D('',#3146,#2485,#2486);
#1934=AXIS2_PLACEMENT_3D('',#3147,#2487,#2488);
#1935=AXIS2_PLACEMENT_3D('',#3150,#2489,#2490);
#1936=AXIS2_PLACEMENT_3D('',#3151,#2491,#2492);
#1937=AXIS2_PLACEMENT_3D('',#3152,#2493,#2494);
#1938=AXIS2_PLACEMENT_3D('',#3154,#2495,#2496);
#1939=AXIS2_PLACEMENT_3D('',#3156,#2497,#2498);
#1940=AXIS2_PLACEMENT_3D('',#3157,#2499,#2500);
#1941=AXIS2_PLACEMENT_3D('',#3158,#2501,#2502);
#1942=AXIS2_PLACEMENT_3D('',#3161,#2503,#2504);
#1943=AXIS2_PLACEMENT_3D('',#3162,#2505,#2506);
#1944=AXIS2_PLACEMENT_3D('',#3164,#2508,#2509);
#1945=AXIS2_PLACEMENT_3D('',#3167,#2510,#2511);
#1946=AXIS2_PLACEMENT_3D('',#3168,#2512,#2513);
#1947=AXIS2_PLACEMENT_3D('',#3169,#2514,#2515);
#1948=AXIS2_PLACEMENT_3D('',#3170,#2516,#2517);
#1949=AXIS2_PLACEMENT_3D('',#3173,#2518,#2519);
#1950=AXIS2_PLACEMENT_3D('',#3174,#2520,#2521);
#1951=AXIS2_PLACEMENT_3D('',#3175,#2522,#2523);
#1952=AXIS2_PLACEMENT_3D('',#3177,#2524,#2525);
#1953=AXIS2_PLACEMENT_3D('',#3179,#2526,#2527);
#1954=AXIS2_PLACEMENT_3D('',#3180,#2528,#2529);
#1955=AXIS2_PLACEMENT_3D('',#3181,#2530,#2531);
#1956=AXIS2_PLACEMENT_3D('',#3184,#2532,#2533);
#1957=AXIS2_PLACEMENT_3D('',#3185,#2534,#2535);
#1958=AXIS2_PLACEMENT_3D('',#3186,#2536,#2537);
#1959=AXIS2_PLACEMENT_3D('',#3189,#2538,#2539);
#1960=AXIS2_PLACEMENT_3D('',#3190,#2540,#2541);
#1961=AXIS2_PLACEMENT_3D('',#3191,#2542,#2543);
#1962=AXIS2_PLACEMENT_3D('',#3192,#2544,#2545);
#1963=AXIS2_PLACEMENT_3D('',#3195,#2546,#2547);
#1964=AXIS2_PLACEMENT_3D('',#3196,#2548,#2549);
#1965=AXIS2_PLACEMENT_3D('',#3197,#2550,#2551);
#1966=AXIS2_PLACEMENT_3D('',#3199,#2552,#2553);
#1967=AXIS2_PLACEMENT_3D('',#3201,#2554,#2555);
#1968=AXIS2_PLACEMENT_3D('',#3202,#2556,#2557);
#1969=AXIS2_PLACEMENT_3D('',#3203,#2558,#2559);
#1970=AXIS2_PLACEMENT_3D('',#3206,#2560,#2561);
#1971=AXIS2_PLACEMENT_3D('',#3207,#2562,#2563);
#1972=AXIS2_PLACEMENT_3D('',#3208,#2564,#2565);
#1973=AXIS2_PLACEMENT_3D('',#3211,#2566,#2567);
#1974=AXIS2_PLACEMENT_3D('',#3212,#2568,#2569);
#1975=AXIS2_PLACEMENT_3D('',#3213,#2570,#2571);
#1976=AXIS2_PLACEMENT_3D('',#3214,#2572,#2573);
#1977=AXIS2_PLACEMENT_3D('',#3217,#2574,#2575);
#1978=AXIS2_PLACEMENT_3D('',#3218,#2576,#2577);
#1979=AXIS2_PLACEMENT_3D('',#3219,#2578,#2579);
#1980=AXIS2_PLACEMENT_3D('',#3221,#2580,#2581);
#1981=AXIS2_PLACEMENT_3D('',#3223,#2582,#2583);
#1982=AXIS2_PLACEMENT_3D('',#3224,#2584,#2585);
#1983=AXIS2_PLACEMENT_3D('',#3225,#2586,#2587);
#1984=AXIS2_PLACEMENT_3D('',#3228,#2588,#2589);
#1985=AXIS2_PLACEMENT_3D('',#3229,#2590,#2591);
#1986=AXIS2_PLACEMENT_3D('',#3230,#2592,#2593);
#1987=AXIS2_PLACEMENT_3D('',#3233,#2594,#2595);
#1988=AXIS2_PLACEMENT_3D('',#3234,#2596,#2597);
#1989=AXIS2_PLACEMENT_3D('',#3235,#2598,#2599);
#1990=AXIS2_PLACEMENT_3D('',#3236,#2600,#2601);
#1991=AXIS2_PLACEMENT_3D('',#3239,#2602,#2603);
#1992=AXIS2_PLACEMENT_3D('',#3240,#2604,#2605);
#1993=AXIS2_PLACEMENT_3D('',#3241,#2606,#2607);
#1994=AXIS2_PLACEMENT_3D('',#3243,#2608,#2609);
#1995=AXIS2_PLACEMENT_3D('',#3245,#2610,#2611);
#1996=AXIS2_PLACEMENT_3D('',#3246,#2612,#2613);
#1997=AXIS2_PLACEMENT_3D('',#3247,#2614,#2615);
#1998=AXIS2_PLACEMENT_3D('',#3250,#2616,#2617);
#1999=AXIS2_PLACEMENT_3D('',#3251,#2618,#2619);
#2000=AXIS2_PLACEMENT_3D('',#3253,#2621,#2622);
#2001=DIRECTION('axis',(0.,0.,1.));
#2002=DIRECTION('refdir',(1.,0.,0.));
#2003=DIRECTION('center_axis',(0.,-1.,0.));
#2004=DIRECTION('ref_axis',(-1.,0.,-4.19624860425158E-17));
#2005=DIRECTION('center_axis',(0.,-1.,0.));
#2006=DIRECTION('ref_axis',(-1.,0.,-4.19624860425158E-17));
#2007=DIRECTION('',(0.,1.,0.));
#2008=DIRECTION('center_axis',(0.,1.,0.));
#2009=DIRECTION('ref_axis',(-1.,0.,-4.19624860425158E-17));
#2010=DIRECTION('center_axis',(0.,1.,0.));
#2011=DIRECTION('ref_axis',(0.,0.,1.));
#2012=DIRECTION('center_axis',(0.,0.,-1.));
#2013=DIRECTION('ref_axis',(1.,0.,0.));
#2014=DIRECTION('center_axis',(0.,1.23054266524471E-16,-1.));
#2015=DIRECTION('ref_axis',(1.,0.,0.));
#2016=DIRECTION('',(0.707106781186569,-8.6595605623552E-17,0.707106781186526));
#2017=DIRECTION('center_axis',(0.,-1.23054266524471E-16,1.));
#2018=DIRECTION('ref_axis',(1.,0.,0.));
#2019=DIRECTION('center_axis',(0.,-7.9477414144663E-16,1.));
#2020=DIRECTION('ref_axis',(1.,0.,0.));
#2021=DIRECTION('center_axis',(0.,7.298040763457E-16,-1.));
#2022=DIRECTION('ref_axis',(-1.,0.,0.));
#2023=DIRECTION('center_axis',(0.,7.298040763457E-16,-1.));
#2024=DIRECTION('ref_axis',(-1.,0.,0.));
#2025=DIRECTION('',(0.,7.9477414144663E-16,-1.));
#2026=DIRECTION('center_axis',(0.,-1.23054266524471E-16,1.));
#2027=DIRECTION('ref_axis',(0.,-1.,-1.23054266524471E-16));
#2028=DIRECTION('',(1.,0.,0.));
#2029=DIRECTION('',(0.,-1.,0.));
#2030=DIRECTION('',(-1.,0.,0.));
#2031=DIRECTION('',(0.,1.,0.));
#2032=DIRECTION('center_axis',(0.,0.,-1.));
#2033=DIRECTION('ref_axis',(1.,0.,0.));
#2034=DIRECTION('center_axis',(0.,1.87005680340384E-16,-1.));
#2035=DIRECTION('ref_axis',(1.,0.,0.));
#2036=DIRECTION('',(0.707106781186572,-8.65956056235523E-17,0.707106781186523));
#2037=DIRECTION('center_axis',(0.,-1.87005680340384E-16,1.));
#2038=DIRECTION('ref_axis',(1.,0.,0.));
#2039=DIRECTION('center_axis',(0.,-1.87005680340384E-16,1.));
#2040=DIRECTION('ref_axis',(0.,-1.,-1.87005680340384E-16));
#2041=DIRECTION('',(-1.,0.,0.));
#2042=DIRECTION('',(0.,1.,0.));
#2043=DIRECTION('',(1.,0.,0.));
#2044=DIRECTION('',(0.,-1.,0.));
#2045=DIRECTION('center_axis',(0.,1.87005680340384E-16,-1.));
#2046=DIRECTION('ref_axis',(1.,0.,0.));
#2047=DIRECTION('center_axis',(0.,-7.9477414144663E-16,1.));
#2048=DIRECTION('ref_axis',(1.,0.,0.));
#2049=DIRECTION('center_axis',(0.,7.9477414144663E-16,-1.));
#2050=DIRECTION('ref_axis',(-1.,0.,0.));
#2051=DIRECTION('center_axis',(0.,7.9477414144663E-16,-1.));
#2052=DIRECTION('ref_axis',(-1.,0.,0.));
#2053=DIRECTION('',(0.,7.9477414144663E-16,-1.));
#2054=DIRECTION('center_axis',(0.,0.,-1.));
#2055=DIRECTION('ref_axis',(1.,0.,0.));
#2056=DIRECTION('',(0.70710678118657,-8.65956056235521E-17,0.707106781186525));
#2057=DIRECTION('center_axis',(0.,-1.87005680340384E-16,1.));
#2058=DIRECTION('ref_axis',(1.,0.,0.));
#2059=DIRECTION('center_axis',(0.,-7.9477414144663E-16,1.));
#2060=DIRECTION('ref_axis',(1.,0.,0.));
#2061=DIRECTION('center_axis',(0.,7.9477414144663E-16,-1.));
#2062=DIRECTION('ref_axis',(-1.,0.,0.));
#2063=DIRECTION('center_axis',(0.,7.9477414144663E-16,-1.));
#2064=DIRECTION('ref_axis',(-1.,0.,0.));
#2065=DIRECTION('',(0.,7.9477414144663E-16,-1.));
#2066=DIRECTION('center_axis',(0.,0.,1.));
#2067=DIRECTION('ref_axis',(-1.,0.,0.));
#2068=DIRECTION('center_axis',(0.,-7.298040763457E-16,1.));
#2069=DIRECTION('ref_axis',(-1.,0.,0.));
#2070=DIRECTION('',(-0.707106781186542,-8.65956056235487E-17,-0.707106781186553));
#2071=DIRECTION('center_axis',(0.,7.298040763457E-16,-1.));
#2072=DIRECTION('ref_axis',(0.,1.,7.298040763457E-16));
#2073=DIRECTION('',(-1.,0.,0.));
#2074=DIRECTION('',(0.,-1.,0.));
#2075=DIRECTION('',(1.,0.,0.));
#2076=DIRECTION('',(0.,1.,0.));
#2077=DIRECTION('center_axis',(0.,0.,1.));
#2078=DIRECTION('ref_axis',(-1.,0.,0.));
#2079=DIRECTION('center_axis',(0.,-7.9477414144663E-16,1.));
#2080=DIRECTION('ref_axis',(-1.,0.,0.));
#2081=DIRECTION('',(-0.707106781186538,-8.65956056235481E-17,-0.707106781186557));
#2082=DIRECTION('center_axis',(0.,7.9477414144663E-16,-1.));
#2083=DIRECTION('ref_axis',(0.,1.,7.9477414144663E-16));
#2084=DIRECTION('',(1.,0.,0.));
#2085=DIRECTION('',(0.,1.,0.));
#2086=DIRECTION('',(-1.,0.,0.));
#2087=DIRECTION('',(0.,-1.,0.));
#2088=DIRECTION('center_axis',(0.,-7.9477414144663E-16,1.));
#2089=DIRECTION('ref_axis',(-1.,0.,0.));
#2090=DIRECTION('center_axis',(0.,0.,1.));
#2091=DIRECTION('ref_axis',(-1.,0.,0.));
#2092=DIRECTION('',(-0.707106781186547,-8.65956056235493E-17,-0.707106781186548));
#2093=DIRECTION('center_axis',(-1.,0.,0.));
#2094=DIRECTION('ref_axis',(0.,0.707106781186548,-0.707106781186548));
#2095=DIRECTION('',(-1.,0.,0.));
#2096=DIRECTION('center_axis',(0.,1.,-8.38549521625864E-16));
#2097=DIRECTION('ref_axis',(0.,8.38549521625864E-16,1.));
#2098=DIRECTION('center_axis',(0.,1.,-8.38549521625864E-16));
#2099=DIRECTION('ref_axis',(0.,0.,1.));
#2100=DIRECTION('center_axis',(-1.,0.,0.));
#2101=DIRECTION('ref_axis',(0.,0.707106781186548,0.707106781186548));
#2102=DIRECTION('',(1.,0.,0.));
#2103=DIRECTION('center_axis',(1.,0.,0.));
#2104=DIRECTION('ref_axis',(0.,-0.70710678118654,0.707106781186555));
#2105=DIRECTION('',(-1.,0.,0.));
#2106=DIRECTION('center_axis',(-1.,0.,0.));
#2107=DIRECTION('ref_axis',(0.,-0.70710678118654,-0.707106781186555));
#2108=DIRECTION('',(1.,0.,0.));
#2109=DIRECTION('center_axis',(0.,0.707106781186543,-0.707106781186552));
#2110=DIRECTION('ref_axis',(-1.,0.,0.));
#2111=DIRECTION('',(1.,0.,0.));
#2112=DIRECTION('center_axis',(0.,-1.,0.));
#2113=DIRECTION('ref_axis',(0.,0.,1.));
#2114=DIRECTION('center_axis',(0.,-1.,0.));
#2115=DIRECTION('ref_axis',(0.,0.,1.));
#2116=DIRECTION('center_axis',(0.,1.,0.));
#2117=DIRECTION('ref_axis',(0.,0.,1.));
#2118=DIRECTION('center_axis',(0.,0.707106781186542,0.707106781186553));
#2119=DIRECTION('ref_axis',(1.,0.,0.));
#2120=DIRECTION('',(-1.,0.,0.));
#2121=DIRECTION('center_axis',(0.,-1.,0.));
#2122=DIRECTION('ref_axis',(0.,0.,1.));
#2123=DIRECTION('center_axis',(0.,1.,0.));
#2124=DIRECTION('ref_axis',(0.,0.,1.));
#2125=DIRECTION('center_axis',(0.,-1.,0.));
#2126=DIRECTION('ref_axis',(0.,0.,1.));
#2127=DIRECTION('center_axis',(0.,1.,0.));
#2128=DIRECTION('ref_axis',(0.,0.,1.));
#2129=DIRECTION('center_axis',(0.,-1.,0.));
#2130=DIRECTION('ref_axis',(0.,0.,1.));
#2131=DIRECTION('',(0.,-1.,0.));
#2132=DIRECTION('center_axis',(0.,1.,0.));
#2133=DIRECTION('ref_axis',(1.,0.,0.));
#2134=DIRECTION('center_axis',(0.,1.,0.));
#2135=DIRECTION('ref_axis',(1.,0.,0.));
#2136=DIRECTION('center_axis',(0.,-1.,0.));
#2137=DIRECTION('ref_axis',(0.,0.,1.));
#2138=DIRECTION('center_axis',(0.,-1.,0.));
#2139=DIRECTION('ref_axis',(0.,0.,1.));
#2140=DIRECTION('center_axis',(0.,1.,0.));
#2141=DIRECTION('ref_axis',(0.,0.,1.));
#2142=DIRECTION('center_axis',(0.,1.,0.));
#2143=DIRECTION('ref_axis',(0.,0.,1.));
#2144=DIRECTION('center_axis',(0.,-1.,0.));
#2145=DIRECTION('ref_axis',(0.,0.,1.));
#2146=DIRECTION('center_axis',(0.,1.,0.));
#2147=DIRECTION('ref_axis',(0.,0.,1.));
#2148=DIRECTION('center_axis',(0.,-0.707106781186548,-0.707106781186548));
#2149=DIRECTION('ref_axis',(-1.,0.,0.));
#2150=DIRECTION('',(-1.,0.,0.));
#2151=DIRECTION('center_axis',(0.,1.,0.));
#2152=DIRECTION('ref_axis',(0.,0.,1.));
#2153=DIRECTION('center_axis',(0.,-1.,0.));
#2154=DIRECTION('ref_axis',(0.,0.,1.));
#2155=DIRECTION('center_axis',(0.,1.,0.));
#2156=DIRECTION('ref_axis',(0.,0.,1.));
#2157=DIRECTION('center_axis',(0.,-0.707106781186547,0.707106781186548));
#2158=DIRECTION('ref_axis',(1.,0.,0.));
#2159=DIRECTION('',(1.,0.,0.));
#2160=DIRECTION('center_axis',(0.,-1.,0.));
#2161=DIRECTION('ref_axis',(0.,0.,-1.));
#2162=DIRECTION('center_axis',(0.,1.,4.19274760812931E-16));
#2163=DIRECTION('ref_axis',(0.,-4.19274760812931E-16,1.));
#2164=DIRECTION('center_axis',(0.,1.,4.19274760812931E-16));
#2165=DIRECTION('ref_axis',(0.,0.,1.));
#2166=DIRECTION('center_axis',(0.,1.,4.19274760812931E-16));
#2167=DIRECTION('ref_axis',(0.,0.,1.));
#2168=DIRECTION('center_axis',(0.,-1.,0.));
#2169=DIRECTION('ref_axis',(0.,0.,-1.));
#2170=DIRECTION('center_axis',(0.,-1.,0.));
#2171=DIRECTION('ref_axis',(0.,0.,-1.));
#2172=DIRECTION('center_axis',(0.,1.,0.));
#2173=DIRECTION('ref_axis',(0.,0.,1.));
#2174=DIRECTION('center_axis',(0.,1.,0.));
#2175=DIRECTION('ref_axis',(1.,0.,0.));
#2176=DIRECTION('center_axis',(0.,1.,0.));
#2177=DIRECTION('ref_axis',(1.,0.,0.));
#2178=DIRECTION('',(0.,-1.,0.));
#2179=DIRECTION('center_axis',(0.,1.,0.));
#2180=DIRECTION('ref_axis',(0.,0.,1.));
#2181=DIRECTION('center_axis',(0.,1.,0.));
#2182=DIRECTION('ref_axis',(1.,0.,0.));
#2183=DIRECTION('center_axis',(0.,1.,0.));
#2184=DIRECTION('ref_axis',(1.,0.,0.));
#2185=DIRECTION('center_axis',(0.,1.,0.));
#2186=DIRECTION('ref_axis',(0.,0.,1.));
#2187=DIRECTION('center_axis',(-1.,0.,1.22464679914735E-16));
#2188=DIRECTION('ref_axis',(-1.22464679914735E-16,0.,-1.));
#2189=DIRECTION('center_axis',(0.,1.,0.));
#2190=DIRECTION('ref_axis',(1.,0.,0.));
#2191=DIRECTION('center_axis',(0.,1.,0.));
#2192=DIRECTION('ref_axis',(1.,0.,0.));
#2193=DIRECTION('center_axis',(0.,-1.,0.));
#2194=DIRECTION('ref_axis',(0.,0.,-1.));
#2195=DIRECTION('center_axis',(0.,1.,0.));
#2196=DIRECTION('ref_axis',(1.,0.,0.));
#2197=DIRECTION('center_axis',(0.,1.,0.));
#2198=DIRECTION('ref_axis',(1.,0.,0.));
#2199=DIRECTION('center_axis',(0.,1.,0.));
#2200=DIRECTION('ref_axis',(0.,0.,1.));
#2201=DIRECTION('center_axis',(0.,1.,0.));
#2202=DIRECTION('ref_axis',(1.,0.,0.));
#2203=DIRECTION('center_axis',(0.,1.,0.));
#2204=DIRECTION('ref_axis',(1.,0.,0.));
#2205=DIRECTION('center_axis',(-1.,0.,1.22464679914735E-16));
#2206=DIRECTION('ref_axis',(-1.22464679914735E-16,0.,-1.));
#2207=DIRECTION('center_axis',(0.,1.,0.));
#2208=DIRECTION('ref_axis',(0.,0.,1.));
#2209=DIRECTION('center_axis',(0.,1.,0.));
#2210=DIRECTION('ref_axis',(1.,0.,0.));
#2211=DIRECTION('center_axis',(0.,1.,0.));
#2212=DIRECTION('ref_axis',(1.,0.,0.));
#2213=DIRECTION('center_axis',(0.,1.,0.));
#2214=DIRECTION('ref_axis',(0.,0.,1.));
#2215=DIRECTION('center_axis',(-1.,0.,1.22464679914735E-16));
#2216=DIRECTION('ref_axis',(-1.22464679914735E-16,0.,-1.));
#2217=DIRECTION('center_axis',(0.,1.,0.));
#2218=DIRECTION('ref_axis',(1.,0.,0.));
#2219=DIRECTION('center_axis',(0.,1.,0.));
#2220=DIRECTION('ref_axis',(1.,0.,0.));
#2221=DIRECTION('center_axis',(0.,-1.,0.));
#2222=DIRECTION('ref_axis',(0.,0.,-1.));
#2223=DIRECTION('center_axis',(0.,1.,0.));
#2224=DIRECTION('ref_axis',(1.,0.,0.));
#2225=DIRECTION('center_axis',(0.,1.,0.));
#2226=DIRECTION('ref_axis',(1.,0.,0.));
#2227=DIRECTION('center_axis',(0.,1.,0.));
#2228=DIRECTION('ref_axis',(0.,0.,1.));
#2229=DIRECTION('center_axis',(0.,1.,0.));
#2230=DIRECTION('ref_axis',(1.,0.,0.));
#2231=DIRECTION('center_axis',(0.,1.,0.));
#2232=DIRECTION('ref_axis',(1.,0.,0.));
#2233=DIRECTION('center_axis',(-1.,0.,1.22464679914735E-16));
#2234=DIRECTION('ref_axis',(-1.22464679914735E-16,0.,-1.));
#2235=DIRECTION('center_axis',(0.,1.,0.));
#2236=DIRECTION('ref_axis',(0.,0.,1.));
#2237=DIRECTION('center_axis',(0.,1.,0.));
#2238=DIRECTION('ref_axis',(1.,0.,0.));
#2239=DIRECTION('center_axis',(0.,1.,0.));
#2240=DIRECTION('ref_axis',(1.,0.,0.));
#2241=DIRECTION('center_axis',(0.,1.,0.));
#2242=DIRECTION('ref_axis',(0.,0.,1.));
#2243=DIRECTION('center_axis',(-1.,0.,1.22464679914735E-16));
#2244=DIRECTION('ref_axis',(-1.22464679914735E-16,0.,-1.));
#2245=DIRECTION('center_axis',(0.,1.,0.));
#2246=DIRECTION('ref_axis',(1.,0.,0.));
#2247=DIRECTION('center_axis',(0.,1.,0.));
#2248=DIRECTION('ref_axis',(1.,0.,0.));
#2249=DIRECTION('center_axis',(0.,-1.,0.));
#2250=DIRECTION('ref_axis',(0.,0.,-1.));
#2251=DIRECTION('center_axis',(0.,1.,0.));
#2252=DIRECTION('ref_axis',(1.,0.,0.));
#2253=DIRECTION('center_axis',(0.,1.,0.));
#2254=DIRECTION('ref_axis',(1.,0.,0.));
#2255=DIRECTION('center_axis',(0.,1.,0.));
#2256=DIRECTION('ref_axis',(0.,0.,1.));
#2257=DIRECTION('center_axis',(0.,1.,0.));
#2258=DIRECTION('ref_axis',(1.,0.,0.));
#2259=DIRECTION('center_axis',(0.,1.,0.));
#2260=DIRECTION('ref_axis',(1.,0.,0.));
#2261=DIRECTION('center_axis',(-1.,0.,1.22464679914735E-16));
#2262=DIRECTION('ref_axis',(-1.22464679914735E-16,0.,-1.));
#2263=DIRECTION('center_axis',(0.,1.,0.));
#2264=DIRECTION('ref_axis',(0.,0.,1.));
#2265=DIRECTION('center_axis',(0.,1.,0.));
#2266=DIRECTION('ref_axis',(1.,0.,0.));
#2267=DIRECTION('center_axis',(0.,1.,0.));
#2268=DIRECTION('ref_axis',(1.,0.,0.));
#2269=DIRECTION('center_axis',(0.,1.,0.));
#2270=DIRECTION('ref_axis',(0.,0.,1.));
#2271=DIRECTION('center_axis',(-1.,0.,1.22464679914735E-16));
#2272=DIRECTION('ref_axis',(-1.22464679914735E-16,0.,-1.));
#2273=DIRECTION('center_axis',(0.,1.,0.));
#2274=DIRECTION('ref_axis',(1.,0.,0.));
#2275=DIRECTION('center_axis',(0.,1.,0.));
#2276=DIRECTION('ref_axis',(1.,0.,0.));
#2277=DIRECTION('center_axis',(0.,-1.,0.));
#2278=DIRECTION('ref_axis',(0.,0.,-1.));
#2279=DIRECTION('center_axis',(0.,1.,0.));
#2280=DIRECTION('ref_axis',(1.,0.,0.));
#2281=DIRECTION('center_axis',(0.,1.,0.));
#2282=DIRECTION('ref_axis',(1.,0.,0.));
#2283=DIRECTION('center_axis',(0.,1.,0.));
#2284=DIRECTION('ref_axis',(0.,0.,1.));
#2285=DIRECTION('center_axis',(0.,1.,0.));
#2286=DIRECTION('ref_axis',(1.,0.,0.));
#2287=DIRECTION('center_axis',(0.,1.,0.));
#2288=DIRECTION('ref_axis',(1.,0.,0.));
#2289=DIRECTION('center_axis',(-1.,0.,1.22464679914735E-16));
#2290=DIRECTION('ref_axis',(-1.22464679914735E-16,0.,-1.));
#2291=DIRECTION('center_axis',(0.,1.,0.));
#2292=DIRECTION('ref_axis',(0.,0.,1.));
#2293=DIRECTION('center_axis',(0.,1.,0.));
#2294=DIRECTION('ref_axis',(1.,0.,0.));
#2295=DIRECTION('center_axis',(0.,1.,0.));
#2296=DIRECTION('ref_axis',(1.,0.,0.));
#2297=DIRECTION('center_axis',(0.,1.,0.));
#2298=DIRECTION('ref_axis',(0.,0.,1.));
#2299=DIRECTION('center_axis',(-1.,0.,1.22464679914735E-16));
#2300=DIRECTION('ref_axis',(-1.22464679914735E-16,0.,-1.));
#2301=DIRECTION('center_axis',(0.,1.,0.));
#2302=DIRECTION('ref_axis',(1.,0.,0.));
#2303=DIRECTION('center_axis',(0.,1.,0.));
#2304=DIRECTION('ref_axis',(1.,0.,0.));
#2305=DIRECTION('center_axis',(0.,-1.,0.));
#2306=DIRECTION('ref_axis',(0.,0.,-1.));
#2307=DIRECTION('center_axis',(0.,1.,0.));
#2308=DIRECTION('ref_axis',(1.,0.,0.));
#2309=DIRECTION('center_axis',(0.,1.,0.));
#2310=DIRECTION('ref_axis',(1.,0.,0.));
#2311=DIRECTION('center_axis',(0.,1.,0.));
#2312=DIRECTION('ref_axis',(0.,0.,1.));
#2313=DIRECTION('center_axis',(0.,1.,0.));
#2314=DIRECTION('ref_axis',(1.,0.,0.));
#2315=DIRECTION('center_axis',(0.,1.,0.));
#2316=DIRECTION('ref_axis',(1.,0.,0.));
#2317=DIRECTION('center_axis',(-1.,0.,1.22464679914735E-16));
#2318=DIRECTION('ref_axis',(-1.22464679914735E-16,0.,-1.));
#2319=DIRECTION('center_axis',(0.,1.,0.));
#2320=DIRECTION('ref_axis',(0.,0.,1.));
#2321=DIRECTION('center_axis',(0.,1.,0.));
#2322=DIRECTION('ref_axis',(1.,0.,0.));
#2323=DIRECTION('center_axis',(0.,1.,0.));
#2324=DIRECTION('ref_axis',(1.,0.,0.));
#2325=DIRECTION('center_axis',(0.,1.,0.));
#2326=DIRECTION('ref_axis',(0.,0.,1.));
#2327=DIRECTION('center_axis',(-1.,0.,1.22464679914735E-16));
#2328=DIRECTION('ref_axis',(-1.22464679914735E-16,0.,-1.));
#2329=DIRECTION('center_axis',(0.,1.,0.));
#2330=DIRECTION('ref_axis',(1.,0.,0.));
#2331=DIRECTION('center_axis',(0.,1.,0.));
#2332=DIRECTION('ref_axis',(1.,0.,0.));
#2333=DIRECTION('center_axis',(0.,-1.,0.));
#2334=DIRECTION('ref_axis',(0.,0.,-1.));
#2335=DIRECTION('center_axis',(0.,1.,0.));
#2336=DIRECTION('ref_axis',(1.,0.,0.));
#2337=DIRECTION('center_axis',(0.,1.,0.));
#2338=DIRECTION('ref_axis',(1.,0.,0.));
#2339=DIRECTION('center_axis',(0.,1.,0.));
#2340=DIRECTION('ref_axis',(0.,0.,1.));
#2341=DIRECTION('center_axis',(0.,1.,0.));
#2342=DIRECTION('ref_axis',(1.,0.,0.));
#2343=DIRECTION('center_axis',(0.,1.,0.));
#2344=DIRECTION('ref_axis',(1.,0.,0.));
#2345=DIRECTION('center_axis',(-1.,0.,1.22464679914735E-16));
#2346=DIRECTION('ref_axis',(-1.22464679914735E-16,0.,-1.));
#2347=DIRECTION('center_axis',(0.,1.,0.));
#2348=DIRECTION('ref_axis',(0.,0.,1.));
#2349=DIRECTION('center_axis',(0.,1.,0.));
#2350=DIRECTION('ref_axis',(1.,0.,0.));
#2351=DIRECTION('center_axis',(0.,1.,0.));
#2352=DIRECTION('ref_axis',(1.,0.,0.));
#2353=DIRECTION('center_axis',(0.,1.,0.));
#2354=DIRECTION('ref_axis',(0.,0.,1.));
#2355=DIRECTION('center_axis',(-1.,0.,1.22464679914735E-16));
#2356=DIRECTION('ref_axis',(-1.22464679914735E-16,0.,-1.));
#2357=DIRECTION('center_axis',(0.,1.,0.));
#2358=DIRECTION('ref_axis',(1.,0.,0.));
#2359=DIRECTION('center_axis',(0.,1.,0.));
#2360=DIRECTION('ref_axis',(1.,0.,0.));
#2361=DIRECTION('center_axis',(0.,-1.,0.));
#2362=DIRECTION('ref_axis',(0.,0.,-1.));
#2363=DIRECTION('center_axis',(0.,1.,0.));
#2364=DIRECTION('ref_axis',(1.,0.,0.));
#2365=DIRECTION('center_axis',(0.,1.,0.));
#2366=DIRECTION('ref_axis',(1.,0.,0.));
#2367=DIRECTION('center_axis',(0.,1.,0.));
#2368=DIRECTION('ref_axis',(0.,0.,1.));
#2369=DIRECTION('center_axis',(0.,1.,0.));
#2370=DIRECTION('ref_axis',(1.,0.,0.));
#2371=DIRECTION('center_axis',(0.,1.,0.));
#2372=DIRECTION('ref_axis',(1.,0.,0.));
#2373=DIRECTION('center_axis',(-1.,0.,1.22464679914735E-16));
#2374=DIRECTION('ref_axis',(-1.22464679914735E-16,0.,-1.));
#2375=DIRECTION('center_axis',(0.,1.,0.));
#2376=DIRECTION('ref_axis',(0.,0.,1.));
#2377=DIRECTION('center_axis',(0.,1.,0.));
#2378=DIRECTION('ref_axis',(1.,0.,0.));
#2379=DIRECTION('center_axis',(0.,1.,0.));
#2380=DIRECTION('ref_axis',(1.,0.,0.));
#2381=DIRECTION('center_axis',(0.,1.,0.));
#2382=DIRECTION('ref_axis',(0.,0.,1.));
#2383=DIRECTION('center_axis',(-1.,0.,1.22464679914735E-16));
#2384=DIRECTION('ref_axis',(-1.22464679914735E-16,0.,-1.));
#2385=DIRECTION('center_axis',(0.,1.,0.));
#2386=DIRECTION('ref_axis',(1.,0.,0.));
#2387=DIRECTION('center_axis',(0.,1.,0.));
#2388=DIRECTION('ref_axis',(1.,0.,0.));
#2389=DIRECTION('center_axis',(0.,-1.,0.));
#2390=DIRECTION('ref_axis',(0.,0.,-1.));
#2391=DIRECTION('center_axis',(0.,1.,0.));
#2392=DIRECTION('ref_axis',(1.,0.,0.));
#2393=DIRECTION('center_axis',(0.,1.,0.));
#2394=DIRECTION('ref_axis',(1.,0.,0.));
#2395=DIRECTION('center_axis',(0.,1.,0.));
#2396=DIRECTION('ref_axis',(0.,0.,1.));
#2397=DIRECTION('center_axis',(0.,1.,0.));
#2398=DIRECTION('ref_axis',(1.,0.,0.));
#2399=DIRECTION('center_axis',(0.,1.,0.));
#2400=DIRECTION('ref_axis',(1.,0.,0.));
#2401=DIRECTION('center_axis',(-1.,0.,1.22464679914735E-16));
#2402=DIRECTION('ref_axis',(-1.22464679914735E-16,0.,-1.));
#2403=DIRECTION('center_axis',(0.,1.,0.));
#2404=DIRECTION('ref_axis',(0.,0.,1.));
#2405=DIRECTION('center_axis',(0.,1.,0.));
#2406=DIRECTION('ref_axis',(1.,0.,0.));
#2407=DIRECTION('center_axis',(0.,1.,0.));
#2408=DIRECTION('ref_axis',(1.,0.,0.));
#2409=DIRECTION('center_axis',(0.,1.,0.));
#2410=DIRECTION('ref_axis',(0.,0.,1.));
#2411=DIRECTION('center_axis',(-1.,0.,1.22464679914735E-16));
#2412=DIRECTION('ref_axis',(-1.22464679914735E-16,0.,-1.));
#2413=DIRECTION('center_axis',(0.,1.,0.));
#2414=DIRECTION('ref_axis',(1.,0.,0.));
#2415=DIRECTION('center_axis',(0.,1.,0.));
#2416=DIRECTION('ref_axis',(1.,0.,0.));
#2417=DIRECTION('center_axis',(0.,-1.,0.));
#2418=DIRECTION('ref_axis',(0.,0.,-1.));
#2419=DIRECTION('center_axis',(0.,1.,0.));
#2420=DIRECTION('ref_axis',(1.,0.,0.));
#2421=DIRECTION('center_axis',(0.,1.,0.));
#2422=DIRECTION('ref_axis',(1.,0.,0.));
#2423=DIRECTION('center_axis',(0.,1.,0.));
#2424=DIRECTION('ref_axis',(0.,0.,1.));
#2425=DIRECTION('center_axis',(0.,1.,0.));
#2426=DIRECTION('ref_axis',(1.,0.,0.));
#2427=DIRECTION('center_axis',(0.,1.,0.));
#2428=DIRECTION('ref_axis',(1.,0.,0.));
#2429=DIRECTION('center_axis',(-1.,0.,1.22464679914735E-16));
#2430=DIRECTION('ref_axis',(-1.22464679914735E-16,0.,-1.));
#2431=DIRECTION('center_axis',(0.,1.,0.));
#2432=DIRECTION('ref_axis',(0.,0.,1.));
#2433=DIRECTION('center_axis',(0.,1.,0.));
#2434=DIRECTION('ref_axis',(1.,0.,0.));
#2435=DIRECTION('center_axis',(0.,1.,0.));
#2436=DIRECTION('ref_axis',(1.,0.,0.));
#2437=DIRECTION('center_axis',(0.,1.,0.));
#2438=DIRECTION('ref_axis',(0.,0.,1.));
#2439=DIRECTION('center_axis',(-1.,0.,1.22464679914735E-16));
#2440=DIRECTION('ref_axis',(-1.22464679914735E-16,0.,-1.));
#2441=DIRECTION('center_axis',(0.,1.,0.));
#2442=DIRECTION('ref_axis',(1.,0.,0.));
#2443=DIRECTION('center_axis',(0.,1.,0.));
#2444=DIRECTION('ref_axis',(1.,0.,0.));
#2445=DIRECTION('center_axis',(0.,-1.,0.));
#2446=DIRECTION('ref_axis',(0.,0.,-1.));
#2447=DIRECTION('center_axis',(0.,1.,0.));
#2448=DIRECTION('ref_axis',(1.,0.,0.));
#2449=DIRECTION('center_axis',(0.,1.,0.));
#2450=DIRECTION('ref_axis',(1.,0.,0.));
#2451=DIRECTION('center_axis',(0.,1.,0.));
#2452=DIRECTION('ref_axis',(0.,0.,1.));
#2453=DIRECTION('center_axis',(0.,1.,0.));
#2454=DIRECTION('ref_axis',(1.,0.,0.));
#2455=DIRECTION('center_axis',(0.,1.,0.));
#2456=DIRECTION('ref_axis',(1.,0.,0.));
#2457=DIRECTION('center_axis',(-1.,0.,1.22464679914735E-16));
#2458=DIRECTION('ref_axis',(-1.22464679914735E-16,0.,-1.));
#2459=DIRECTION('center_axis',(0.,1.,0.));
#2460=DIRECTION('ref_axis',(0.,0.,1.));
#2461=DIRECTION('center_axis',(0.,1.,0.));
#2462=DIRECTION('ref_axis',(1.,0.,0.));
#2463=DIRECTION('center_axis',(0.,1.,0.));
#2464=DIRECTION('ref_axis',(1.,0.,0.));
#2465=DIRECTION('center_axis',(0.,1.,0.));
#2466=DIRECTION('ref_axis',(0.,0.,1.));
#2467=DIRECTION('center_axis',(-1.,0.,1.22464679914735E-16));
#2468=DIRECTION('ref_axis',(-1.22464679914735E-16,0.,-1.));
#2469=DIRECTION('center_axis',(0.,1.,0.));
#2470=DIRECTION('ref_axis',(1.,0.,0.));
#2471=DIRECTION('center_axis',(0.,1.,0.));
#2472=DIRECTION('ref_axis',(1.,0.,0.));
#2473=DIRECTION('center_axis',(0.,-1.,0.));
#2474=DIRECTION('ref_axis',(0.,0.,-1.));
#2475=DIRECTION('center_axis',(0.,1.,0.));
#2476=DIRECTION('ref_axis',(1.,0.,0.));
#2477=DIRECTION('center_axis',(0.,1.,0.));
#2478=DIRECTION('ref_axis',(1.,0.,0.));
#2479=DIRECTION('center_axis',(0.,1.,0.));
#2480=DIRECTION('ref_axis',(0.,0.,1.));
#2481=DIRECTION('center_axis',(0.,1.,0.));
#2482=DIRECTION('ref_axis',(1.,0.,0.));
#2483=DIRECTION('center_axis',(0.,1.,0.));
#2484=DIRECTION('ref_axis',(1.,0.,0.));
#2485=DIRECTION('center_axis',(-1.,0.,1.22464679914735E-16));
#2486=DIRECTION('ref_axis',(-1.22464679914735E-16,0.,-1.));
#2487=DIRECTION('center_axis',(0.,1.,0.));
#2488=DIRECTION('ref_axis',(0.,0.,1.));
#2489=DIRECTION('center_axis',(0.,1.,0.));
#2490=DIRECTION('ref_axis',(1.,0.,0.));
#2491=DIRECTION('center_axis',(0.,1.,0.));
#2492=DIRECTION('ref_axis',(1.,0.,0.));
#2493=DIRECTION('center_axis',(0.,1.,0.));
#2494=DIRECTION('ref_axis',(0.,0.,1.));
#2495=DIRECTION('center_axis',(-1.,0.,1.22464679914735E-16));
#2496=DIRECTION('ref_axis',(-1.22464679914735E-16,0.,-1.));
#2497=DIRECTION('center_axis',(0.,1.,0.));
#2498=DIRECTION('ref_axis',(1.,0.,0.));
#2499=DIRECTION('center_axis',(0.,1.,0.));
#2500=DIRECTION('ref_axis',(1.,0.,0.));
#2501=DIRECTION('center_axis',(0.,1.,0.));
#2502=DIRECTION('ref_axis',(0.,0.,1.));
#2503=DIRECTION('center_axis',(0.,1.,0.));
#2504=DIRECTION('ref_axis',(1.,0.,0.));
#2505=DIRECTION('center_axis',(0.,1.,0.));
#2506=DIRECTION('ref_axis',(1.,0.,0.));
#2507=DIRECTION('',(1.22442913021447E-16,-0.0188533485807131,0.999822259827863));
#2508=DIRECTION('center_axis',(0.,1.,0.));
#2509=DIRECTION('ref_axis',(0.,0.,1.));
#2510=DIRECTION('center_axis',(0.,1.,0.));
#2511=DIRECTION('ref_axis',(1.,0.,0.));
#2512=DIRECTION('center_axis',(0.,1.,0.));
#2513=DIRECTION('ref_axis',(1.,0.,0.));
#2514=DIRECTION('center_axis',(-1.,0.,1.22464679914735E-16));
#2515=DIRECTION('ref_axis',(-1.22464679914735E-16,0.,-1.));
#2516=DIRECTION('center_axis',(0.,1.,0.));
#2517=DIRECTION('ref_axis',(0.,0.,1.));
#2518=DIRECTION('center_axis',(0.,1.,0.));
#2519=DIRECTION('ref_axis',(1.,0.,0.));
#2520=DIRECTION('center_axis',(0.,1.,0.));
#2521=DIRECTION('ref_axis',(1.,0.,0.));
#2522=DIRECTION('center_axis',(0.,1.,0.));
#2523=DIRECTION('ref_axis',(0.,0.,1.));
#2524=DIRECTION('center_axis',(-1.,0.,1.22464679914735E-16));
#2525=DIRECTION('ref_axis',(-1.22464679914735E-16,0.,-1.));
#2526=DIRECTION('center_axis',(0.,1.,0.));
#2527=DIRECTION('ref_axis',(1.,0.,0.));
#2528=DIRECTION('center_axis',(0.,1.,0.));
#2529=DIRECTION('ref_axis',(1.,0.,0.));
#2530=DIRECTION('center_axis',(0.,-1.,0.));
#2531=DIRECTION('ref_axis',(0.,0.,-1.));
#2532=DIRECTION('center_axis',(0.,1.,0.));
#2533=DIRECTION('ref_axis',(1.,0.,0.));
#2534=DIRECTION('center_axis',(0.,1.,0.));
#2535=DIRECTION('ref_axis',(1.,0.,0.));
#2536=DIRECTION('center_axis',(0.,1.,0.));
#2537=DIRECTION('ref_axis',(0.,0.,1.));
#2538=DIRECTION('center_axis',(0.,1.,0.));
#2539=DIRECTION('ref_axis',(1.,0.,0.));
#2540=DIRECTION('center_axis',(0.,1.,0.));
#2541=DIRECTION('ref_axis',(1.,0.,0.));
#2542=DIRECTION('center_axis',(-1.,0.,1.22464679914735E-16));
#2543=DIRECTION('ref_axis',(-1.22464679914735E-16,0.,-1.));
#2544=DIRECTION('center_axis',(0.,1.,0.));
#2545=DIRECTION('ref_axis',(0.,0.,1.));
#2546=DIRECTION('center_axis',(0.,1.,0.));
#2547=DIRECTION('ref_axis',(1.,0.,0.));
#2548=DIRECTION('center_axis',(0.,1.,0.));
#2549=DIRECTION('ref_axis',(1.,0.,0.));
#2550=DIRECTION('center_axis',(0.,1.,0.));
#2551=DIRECTION('ref_axis',(0.,0.,1.));
#2552=DIRECTION('center_axis',(-1.,0.,1.22464679914735E-16));
#2553=DIRECTION('ref_axis',(-1.22464679914735E-16,0.,-1.));
#2554=DIRECTION('center_axis',(0.,1.,0.));
#2555=DIRECTION('ref_axis',(1.,0.,0.));
#2556=DIRECTION('center_axis',(0.,1.,0.));
#2557=DIRECTION('ref_axis',(1.,0.,0.));
#2558=DIRECTION('center_axis',(0.,-1.,0.));
#2559=DIRECTION('ref_axis',(0.,0.,-1.));
#2560=DIRECTION('center_axis',(0.,1.,0.));
#2561=DIRECTION('ref_axis',(1.,0.,0.));
#2562=DIRECTION('center_axis',(0.,1.,0.));
#2563=DIRECTION('ref_axis',(1.,0.,0.));
#2564=DIRECTION('center_axis',(0.,1.,0.));
#2565=DIRECTION('ref_axis',(0.,0.,1.));
#2566=DIRECTION('center_axis',(0.,1.,0.));
#2567=DIRECTION('ref_axis',(1.,0.,0.));
#2568=DIRECTION('center_axis',(0.,1.,0.));
#2569=DIRECTION('ref_axis',(1.,0.,0.));
#2570=DIRECTION('center_axis',(-1.,0.,1.22464679914735E-16));
#2571=DIRECTION('ref_axis',(-1.22464679914735E-16,0.,-1.));
#2572=DIRECTION('center_axis',(0.,1.,0.));
#2573=DIRECTION('ref_axis',(0.,0.,1.));
#2574=DIRECTION('center_axis',(0.,1.,0.));
#2575=DIRECTION('ref_axis',(1.,0.,0.));
#2576=DIRECTION('center_axis',(0.,1.,0.));
#2577=DIRECTION('ref_axis',(1.,0.,0.));
#2578=DIRECTION('center_axis',(0.,1.,0.));
#2579=DIRECTION('ref_axis',(0.,0.,1.));
#2580=DIRECTION('center_axis',(-1.,0.,1.22464679914735E-16));
#2581=DIRECTION('ref_axis',(-1.22464679914735E-16,0.,-1.));
#2582=DIRECTION('center_axis',(0.,1.,0.));
#2583=DIRECTION('ref_axis',(1.,0.,0.));
#2584=DIRECTION('center_axis',(0.,1.,0.));
#2585=DIRECTION('ref_axis',(1.,0.,0.));
#2586=DIRECTION('center_axis',(0.,-1.,0.));
#2587=DIRECTION('ref_axis',(0.,0.,-1.));
#2588=DIRECTION('center_axis',(0.,1.,0.));
#2589=DIRECTION('ref_axis',(1.,0.,0.));
#2590=DIRECTION('center_axis',(0.,1.,0.));
#2591=DIRECTION('ref_axis',(1.,0.,0.));
#2592=DIRECTION('center_axis',(0.,1.,0.));
#2593=DIRECTION('ref_axis',(0.,0.,1.));
#2594=DIRECTION('center_axis',(0.,1.,0.));
#2595=DIRECTION('ref_axis',(1.,0.,0.));
#2596=DIRECTION('center_axis',(0.,1.,0.));
#2597=DIRECTION('ref_axis',(1.,0.,0.));
#2598=DIRECTION('center_axis',(-1.,0.,1.22464679914735E-16));
#2599=DIRECTION('ref_axis',(-1.22464679914735E-16,0.,-1.));
#2600=DIRECTION('center_axis',(0.,1.,0.));
#2601=DIRECTION('ref_axis',(0.,0.,1.));
#2602=DIRECTION('center_axis',(0.,1.,0.));
#2603=DIRECTION('ref_axis',(1.,0.,0.));
#2604=DIRECTION('center_axis',(0.,1.,0.));
#2605=DIRECTION('ref_axis',(1.,0.,0.));
#2606=DIRECTION('center_axis',(0.,1.,0.));
#2607=DIRECTION('ref_axis',(0.,0.,1.));
#2608=DIRECTION('center_axis',(-1.,0.,1.22464679914735E-16));
#2609=DIRECTION('ref_axis',(-1.22464679914735E-16,0.,-1.));
#2610=DIRECTION('center_axis',(0.,1.,0.));
#2611=DIRECTION('ref_axis',(1.,0.,0.));
#2612=DIRECTION('center_axis',(0.,1.,0.));
#2613=DIRECTION('ref_axis',(1.,0.,0.));
#2614=DIRECTION('center_axis',(0.,1.,0.));
#2615=DIRECTION('ref_axis',(0.,0.,1.));
#2616=DIRECTION('center_axis',(0.,1.,0.));
#2617=DIRECTION('ref_axis',(1.,0.,0.));
#2618=DIRECTION('center_axis',(0.,1.,0.));
#2619=DIRECTION('ref_axis',(1.,0.,0.));
#2620=DIRECTION('',(0.,-1.,0.));
#2621=DIRECTION('center_axis',(0.,1.,0.));
#2622=DIRECTION('ref_axis',(0.,0.,1.));
#2623=CARTESIAN_POINT('',(0.,0.,0.));
#2624=CARTESIAN_POINT('Origin',(-9.9,0.,0.));
#2625=CARTESIAN_POINT('',(-7.3,-20.,4.27510631488853E-16));
#2626=CARTESIAN_POINT('Origin',(-9.9,-20.,0.));
#2627=CARTESIAN_POINT('',(-7.3,0.,4.27510631488853E-16));
#2628=CARTESIAN_POINT('',(-7.3,0.,4.27510631488853E-16));
#2629=CARTESIAN_POINT('Origin',(-9.9,0.,0.));
#2630=CARTESIAN_POINT('Origin',(-9.9,-20.,3.14380790459413E-33));
#2631=CARTESIAN_POINT('Origin',(0.,113.,-9.74999999999989));
#2632=CARTESIAN_POINT('',(-4.75,113.,-9.99999999999987));
#2633=CARTESIAN_POINT('Origin',(0.,113.,-9.99999999999987));
#2634=CARTESIAN_POINT('',(-4.25,113.,-9.4999999999999));
#2635=CARTESIAN_POINT('',(-4.5,113.,-9.74999999999989));
#2636=CARTESIAN_POINT('Origin',(0.,113.,-9.4999999999999));
#2637=CARTESIAN_POINT('Origin',(0.,113.,-128.358519793135));
#2638=CARTESIAN_POINT('',(4.25,113.,9.49999999999998));
#2639=CARTESIAN_POINT('',(-4.25,113.,9.49999999999999));
#2640=CARTESIAN_POINT('Origin',(0.,113.,9.49999999999998));
#2641=CARTESIAN_POINT('Origin',(0.,113.,9.49999999999998));
#2642=CARTESIAN_POINT('',(-4.25,113.,-128.358519793135));
#2643=CARTESIAN_POINT('Origin',(0.,129.066668779121,-9.99999999999987));
#2644=CARTESIAN_POINT('',(-8.30662386291823,102.8,-9.99999999999987));
#2645=CARTESIAN_POINT('',(8.30662386291823,102.8,-9.99999999999987));
#2646=CARTESIAN_POINT('',(0.,102.8,-9.99999999999987));
#2647=CARTESIAN_POINT('',(-8.30662386291823,122.,-9.99999999999987));
#2648=CARTESIAN_POINT('',(-8.30662386291823,111.327272678625,-9.99999999999987));
#2649=CARTESIAN_POINT('',(8.30662386291823,122.,-9.99999999999987));
#2650=CARTESIAN_POINT('',(0.,122.,-9.99999999999987));
#2651=CARTESIAN_POINT('',(8.30662386291823,111.327272678625,-9.99999999999987));
#2652=CARTESIAN_POINT('Origin',(0.,31.,-9.75000000000001));
#2653=CARTESIAN_POINT('',(-4.75,31.,-9.99999999999999));
#2654=CARTESIAN_POINT('Origin',(0.,31.,-9.99999999999999));
#2655=CARTESIAN_POINT('',(-4.25,31.,-9.50000000000003));
#2656=CARTESIAN_POINT('',(-4.5,31.,-9.75000000000001));
#2657=CARTESIAN_POINT('Origin',(0.,31.,-9.50000000000003));
#2658=CARTESIAN_POINT('Origin',(0.,45.,-9.99999999999999));
#2659=CARTESIAN_POINT('',(13.7477270848675,44.2,-10.));
#2660=CARTESIAN_POINT('',(-13.7477270848675,44.2,-10.));
#2661=CARTESIAN_POINT('',(0.,44.2,-9.99999999999999));
#2662=CARTESIAN_POINT('',(13.7477270848675,1.,-10.));
#2663=CARTESIAN_POINT('',(13.7477270848675,23.5462590271595,-10.));
#2664=CARTESIAN_POINT('',(-13.7477270848675,0.999999999999996,-10.));
#2665=CARTESIAN_POINT('',(0.,0.999999999999997,-10.));
#2666=CARTESIAN_POINT('',(-13.7477270848675,23.5462590271595,-10.));
#2667=CARTESIAN_POINT('',(-4.75,13.,-10.));
#2668=CARTESIAN_POINT('Origin',(0.,13.,-10.));
#2669=CARTESIAN_POINT('Origin',(0.,31.0000000000001,-128.358519793135));
#2670=CARTESIAN_POINT('',(4.25,31.,9.50000000000001));
#2671=CARTESIAN_POINT('',(-4.25,31.,9.50000000000001));
#2672=CARTESIAN_POINT('Origin',(0.,31.,9.50000000000001));
#2673=CARTESIAN_POINT('Origin',(0.,31.,9.50000000000001));
#2674=CARTESIAN_POINT('',(-4.25,31.0000000000001,-128.358519793135));
#2675=CARTESIAN_POINT('Origin',(0.,13.,-9.75000000000001));
#2676=CARTESIAN_POINT('',(-4.25,13.,-9.50000000000003));
#2677=CARTESIAN_POINT('',(-4.5,13.,-9.75000000000001));
#2678=CARTESIAN_POINT('Origin',(0.,13.,-9.50000000000003));
#2679=CARTESIAN_POINT('Origin',(0.,13.0000000000001,-128.358519793135));
#2680=CARTESIAN_POINT('',(4.25,13.,9.50000000000001));
#2681=CARTESIAN_POINT('',(-4.25,13.,9.50000000000001));
#2682=CARTESIAN_POINT('Origin',(0.,13.,9.50000000000001));
#2683=CARTESIAN_POINT('Origin',(0.,13.,9.50000000000001));
#2684=CARTESIAN_POINT('',(-4.25,13.0000000000001,-128.358519793135));
#2685=CARTESIAN_POINT('Origin',(0.,113.,9.74999999999998));
#2686=CARTESIAN_POINT('',(4.75,113.,9.99999999999998));
#2687=CARTESIAN_POINT('Origin',(0.,113.,9.99999999999998));
#2688=CARTESIAN_POINT('',(4.5,113.,9.74999999999998));
#2689=CARTESIAN_POINT('Origin',(0.,102.,9.99999999999998));
#2690=CARTESIAN_POINT('',(8.3066238629181,102.8,9.99999999999998));
#2691=CARTESIAN_POINT('',(-8.3066238629181,102.8,9.99999999999998));
#2692=CARTESIAN_POINT('',(0.,102.8,9.99999999999998));
#2693=CARTESIAN_POINT('',(8.3066238629181,122.,9.99999999999998));
#2694=CARTESIAN_POINT('',(8.3066238629181,111.327272678625,9.99999999999998));
#2695=CARTESIAN_POINT('',(-8.3066238629181,122.,9.99999999999998));
#2696=CARTESIAN_POINT('',(0.,122.,9.99999999999999));
#2697=CARTESIAN_POINT('',(-8.3066238629181,111.327272678625,9.99999999999998));
#2698=CARTESIAN_POINT('Origin',(0.,31.,9.75000000000002));
#2699=CARTESIAN_POINT('',(4.75,31.,10.));
#2700=CARTESIAN_POINT('Origin',(0.,31.,10.));
#2701=CARTESIAN_POINT('',(4.5,31.,9.75000000000002));
#2702=CARTESIAN_POINT('Origin',(0.,-2.49472946936601,10.));
#2703=CARTESIAN_POINT('',(-13.7477270848675,44.2,10.));
#2704=CARTESIAN_POINT('',(13.7477270848675,44.2,10.));
#2705=CARTESIAN_POINT('',(0.,44.2,10.));
#2706=CARTESIAN_POINT('',(-13.7477270848675,1.,10.));
#2707=CARTESIAN_POINT('',(-13.7477270848675,23.5462590271595,10.));
#2708=CARTESIAN_POINT('',(13.7477270848675,1.,10.));
#2709=CARTESIAN_POINT('',(0.,1.,10.));
#2710=CARTESIAN_POINT('',(13.7477270848675,23.5462590271595,10.));
#2711=CARTESIAN_POINT('',(4.75,13.,10.));
#2712=CARTESIAN_POINT('Origin',(0.,13.,10.));
#2713=CARTESIAN_POINT('Origin',(0.,13.,9.75000000000001));
#2714=CARTESIAN_POINT('',(4.5,13.,9.75000000000001));
#2715=CARTESIAN_POINT('Origin',(0.,44.2,10.8));
#2716=CARTESIAN_POINT('',(13.128594745821,45.,10.8));
#2717=CARTESIAN_POINT('Ctrl Pts',(13.7477270848675,44.2,10.));
#2718=CARTESIAN_POINT('Ctrl Pts',(13.7477270848675,44.2990950938254,10.));
#2719=CARTESIAN_POINT('Ctrl Pts',(13.7335068806,44.4029637300899,10.0196277879833));
#2720=CARTESIAN_POINT('Ctrl Pts',(13.6786159041694,44.5903243901029,10.0944350644771));
#2721=CARTESIAN_POINT('Ctrl Pts',(13.63798176321,44.6738992377968,10.1494338561298));
#2722=CARTESIAN_POINT('Ctrl Pts',(13.5346949496659,44.8246269549662,10.2869593308839));
#2723=CARTESIAN_POINT('Ctrl Pts',(13.46055281538,44.8925728361069,10.384157599645));
#2724=CARTESIAN_POINT('Ctrl Pts',(13.2986872282635,44.980230584437,10.5906623587399));
#2725=CARTESIAN_POINT('Ctrl Pts',(13.2109272256617,45.,10.6999157627549));
#2726=CARTESIAN_POINT('Ctrl Pts',(13.128594745821,45.,10.8));
#2727=CARTESIAN_POINT('',(-13.128594745821,45.,10.8));
#2728=CARTESIAN_POINT('',(0.,45.,10.8));
#2729=CARTESIAN_POINT('Ctrl Pts',(-13.128594745821,45.,10.8));
#2730=CARTESIAN_POINT('Ctrl Pts',(-13.2109272256617,45.,10.6999157627549));
#2731=CARTESIAN_POINT('Ctrl Pts',(-13.2986872282635,44.980230584437,10.5906623587399));
#2732=CARTESIAN_POINT('Ctrl Pts',(-13.46055281538,44.8925728361069,10.384157599645));
#2733=CARTESIAN_POINT('Ctrl Pts',(-13.5346949496659,44.8246269549662,10.2869593308839));
#2734=CARTESIAN_POINT('Ctrl Pts',(-13.63798176321,44.6738992377968,10.1494338561298));
#2735=CARTESIAN_POINT('Ctrl Pts',(-13.6786159041694,44.5903243901029,10.0944350644771));
#2736=CARTESIAN_POINT('Ctrl Pts',(-13.7335068806,44.4029637300899,10.0196277879833));
#2737=CARTESIAN_POINT('Ctrl Pts',(-13.7477270848675,44.2990950938254,10.));
#2738=CARTESIAN_POINT('Ctrl Pts',(-13.7477270848675,44.2,10.));
#2739=CARTESIAN_POINT('Origin',(0.,45.,10.));
#2740=CARTESIAN_POINT('Origin',(0.,45.,0.));
#2741=CARTESIAN_POINT('Origin',(0.,44.2,-10.8));
#2742=CARTESIAN_POINT('',(13.1285947458211,45.,-10.8));
#2743=CARTESIAN_POINT('Ctrl Pts',(13.1285947458211,45.,-10.8));
#2744=CARTESIAN_POINT('Ctrl Pts',(13.2109272256618,45.,-10.6999157627549));
#2745=CARTESIAN_POINT('Ctrl Pts',(13.2986872282636,44.980230584437,-10.5906623587399));
#2746=CARTESIAN_POINT('Ctrl Pts',(13.4605528153801,44.8925728361069,-10.3841575996449));
#2747=CARTESIAN_POINT('Ctrl Pts',(13.5346949496659,44.8246269549662,-10.2869593308838));
#2748=CARTESIAN_POINT('Ctrl Pts',(13.6379817632101,44.6738992377969,-10.1494338561298));
#2749=CARTESIAN_POINT('Ctrl Pts',(13.6786159041694,44.5903243901029,-10.0944350644771));
#2750=CARTESIAN_POINT('Ctrl Pts',(13.7335068806,44.4029637300899,-10.0196277879833));
#2751=CARTESIAN_POINT('Ctrl Pts',(13.7477270848675,44.2990950938254,-9.99999999999999));
#2752=CARTESIAN_POINT('Ctrl Pts',(13.7477270848675,44.2,-9.99999999999999));
#2753=CARTESIAN_POINT('',(-13.1285947458211,45.,-10.8));
#2754=CARTESIAN_POINT('Ctrl Pts',(-13.7477270848675,44.2,-9.99999999999999));
#2755=CARTESIAN_POINT('Ctrl Pts',(-13.7477270848675,44.2990950938254,-9.99999999999999));
#2756=CARTESIAN_POINT('Ctrl Pts',(-13.7335068806,44.4029637300899,-10.0196277879833));
#2757=CARTESIAN_POINT('Ctrl Pts',(-13.6786159041694,44.5903243901029,-10.0944350644771));
#2758=CARTESIAN_POINT('Ctrl Pts',(-13.6379817632101,44.6738992377969,-10.1494338561298));
#2759=CARTESIAN_POINT('Ctrl Pts',(-13.5346949496659,44.8246269549662,-10.2869593308838));
#2760=CARTESIAN_POINT('Ctrl Pts',(-13.4605528153801,44.8925728361069,-10.3841575996449));
#2761=CARTESIAN_POINT('Ctrl Pts',(-13.2986872282636,44.980230584437,-10.5906623587399));
#2762=CARTESIAN_POINT('Ctrl Pts',(-13.2109272256618,45.,-10.6999157627549));
#2763=CARTESIAN_POINT('Ctrl Pts',(-13.1285947458211,45.,-10.8));
#2764=CARTESIAN_POINT('',(0.,45.,-10.8));
#2765=CARTESIAN_POINT('Origin',(0.,102.8,-10.7999999999999));
#2766=CARTESIAN_POINT('',(-7.23602100605041,102.,-10.7999999999999));
#2767=CARTESIAN_POINT('Ctrl Pts',(-7.23602100605041,102.,-10.7999999999999));
#2768=CARTESIAN_POINT('Ctrl Pts',(-7.38250216559969,102.,-10.7018573381953));
#2769=CARTESIAN_POINT('Ctrl Pts',(-7.54006383669001,102.018694518767,-10.5915500347113));
#2770=CARTESIAN_POINT('Ctrl Pts',(-7.8352349738899,102.111999196445,-10.3750945820456));
#2771=CARTESIAN_POINT('Ctrl Pts',(-7.97300836502672,102.186047568956,-10.2689282043536));
#2772=CARTESIAN_POINT('Ctrl Pts',(-8.14409610349074,102.351579270887,-10.1331026737538));
#2773=CARTESIAN_POINT('Ctrl Pts',(-8.20246780726679,102.427669037173,-10.0857469037411));
#2774=CARTESIAN_POINT('Ctrl Pts',(-8.26349829793321,102.55907766556,-10.035700671154));
#2775=CARTESIAN_POINT('Ctrl Pts',(-8.27958512138234,102.60573276876,-10.0224077919188));
#2776=CARTESIAN_POINT('Ctrl Pts',(-8.30114574671612,102.701754302954,-10.0045581346767));
#2777=CARTESIAN_POINT('Ctrl Pts',(-8.30662386291823,102.751119512961,-9.99999999999987));
#2778=CARTESIAN_POINT('Ctrl Pts',(-8.30662386291823,102.8,-9.99999999999987));
#2779=CARTESIAN_POINT('',(7.23602100605041,102.,-10.7999999999999));
#2780=CARTESIAN_POINT('Ctrl Pts',(8.30662386291823,102.8,-9.99999999999987));
#2781=CARTESIAN_POINT('Ctrl Pts',(8.30662386291823,102.751119512961,-9.99999999999987));
#2782=CARTESIAN_POINT('Ctrl Pts',(8.30114574671612,102.701754302954,-10.0045581346767));
#2783=CARTESIAN_POINT('Ctrl Pts',(8.27958512138235,102.60573276876,-10.0224077919188));
#2784=CARTESIAN_POINT('Ctrl Pts',(8.26349829793321,102.55907766556,-10.035700671154));
#2785=CARTESIAN_POINT('Ctrl Pts',(8.20246780726679,102.427669037173,-10.0857469037411));
#2786=CARTESIAN_POINT('Ctrl Pts',(8.14409610349074,102.351579270887,-10.1331026737538));
#2787=CARTESIAN_POINT('Ctrl Pts',(7.97300836502672,102.186047568956,-10.2689282043536));
#2788=CARTESIAN_POINT('Ctrl Pts',(7.8352349738899,102.111999196445,-10.3750945820456));
#2789=CARTESIAN_POINT('Ctrl Pts',(7.54006383669001,102.018694518767,-10.5915500347113));
#2790=CARTESIAN_POINT('Ctrl Pts',(7.38250216559969,102.,-10.7018573381953));
#2791=CARTESIAN_POINT('Ctrl Pts',(7.23602100605041,102.,-10.7999999999999));
#2792=CARTESIAN_POINT('',(0.,102.,-10.7999999999999));
#2793=CARTESIAN_POINT('Origin',(0.,102.8,10.8));
#2794=CARTESIAN_POINT('',(7.23602100605026,102.,10.8));
#2795=CARTESIAN_POINT('Ctrl Pts',(7.23602100605026,102.,10.8));
#2796=CARTESIAN_POINT('Ctrl Pts',(7.38250216559954,102.,10.7018573381954));
#2797=CARTESIAN_POINT('Ctrl Pts',(7.54006383668987,102.018694518767,10.5915500347114));
#2798=CARTESIAN_POINT('Ctrl Pts',(7.83523497388976,102.111999196445,10.3750945820457));
#2799=CARTESIAN_POINT('Ctrl Pts',(7.9730083650266,102.186047568956,10.2689282043537));
#2800=CARTESIAN_POINT('Ctrl Pts',(8.14409610349062,102.351579270887,10.1331026737539));
#2801=CARTESIAN_POINT('Ctrl Pts',(8.20246780726666,102.427669037172,10.0857469037412));
#2802=CARTESIAN_POINT('Ctrl Pts',(8.26349829793308,102.55907766556,10.0357006711541));
#2803=CARTESIAN_POINT('Ctrl Pts',(8.27958512138222,102.60573276876,10.0224077919189));
#2804=CARTESIAN_POINT('Ctrl Pts',(8.301145746716,102.701754302954,10.0045581346768));
#2805=CARTESIAN_POINT('Ctrl Pts',(8.30662386291811,102.751119512961,9.99999999999997));
#2806=CARTESIAN_POINT('Ctrl Pts',(8.30662386291811,102.8,9.99999999999997));
#2807=CARTESIAN_POINT('',(-7.23602100605026,102.,10.8));
#2808=CARTESIAN_POINT('Ctrl Pts',(-8.30662386291811,102.8,9.99999999999997));
#2809=CARTESIAN_POINT('Ctrl Pts',(-8.30662386291811,102.751119512961,9.99999999999997));
#2810=CARTESIAN_POINT('Ctrl Pts',(-8.301145746716,102.701754302954,10.0045581346768));
#2811=CARTESIAN_POINT('Ctrl Pts',(-8.27958512138222,102.60573276876,10.0224077919189));
#2812=CARTESIAN_POINT('Ctrl Pts',(-8.26349829793308,102.55907766556,10.0357006711541));
#2813=CARTESIAN_POINT('Ctrl Pts',(-8.20246780726666,102.427669037172,10.0857469037412));
#2814=CARTESIAN_POINT('Ctrl Pts',(-8.14409610349062,102.351579270887,10.1331026737539));
#2815=CARTESIAN_POINT('Ctrl Pts',(-7.9730083650266,102.186047568956,10.2689282043537));
#2816=CARTESIAN_POINT('Ctrl Pts',(-7.83523497388976,102.111999196445,10.3750945820457));
#2817=CARTESIAN_POINT('Ctrl Pts',(-7.54006383668987,102.018694518767,10.5915500347114));
#2818=CARTESIAN_POINT('Ctrl Pts',(-7.38250216559954,102.,10.7018573381954));
#2819=CARTESIAN_POINT('Ctrl Pts',(-7.23602100605026,102.,10.8));
#2820=CARTESIAN_POINT('',(0.,102.,10.8));
#2821=CARTESIAN_POINT('Origin',(0.,122.5,-9.49999999999987));
#2822=CARTESIAN_POINT('',(-7.93725393319392,123.,-8.99999999999987));
#2823=CARTESIAN_POINT('',(7.93725393319392,123.,-8.99999999999987));
#2824=CARTESIAN_POINT('',(0.,123.,-8.99999999999987));
#2825=CARTESIAN_POINT('Ctrl Pts',(7.93725393319391,123.,-8.99999999999987));
#2826=CARTESIAN_POINT('Ctrl Pts',(8.06298411256194,122.667349213097,-9.33265078690321));
#2827=CARTESIAN_POINT('Ctrl Pts',(8.18613562013173,122.333616837577,-9.66638316242275));
#2828=CARTESIAN_POINT('Ctrl Pts',(8.30662386291824,122.,-9.99999999999987));
#2829=CARTESIAN_POINT('Ctrl Pts',(-7.93725393319391,123.,-8.99999999999988));
#2830=CARTESIAN_POINT('Ctrl Pts',(-8.06298411256195,122.667349213097,-9.33265078690323));
#2831=CARTESIAN_POINT('Ctrl Pts',(-8.18613562013175,122.333616837577,-9.66638316242277));
#2832=CARTESIAN_POINT('Ctrl Pts',(-8.30662386291824,122.,-9.99999999999986));
#2833=CARTESIAN_POINT('Origin',(0.,122.5,0.));
#2834=CARTESIAN_POINT('',(7.93725393319378,123.,8.99999999999999));
#2835=CARTESIAN_POINT('Origin',(0.,123.,0.));
#2836=CARTESIAN_POINT('Ctrl Pts',(7.93725393319377,123.,9.));
#2837=CARTESIAN_POINT('Ctrl Pts',(8.06298411256155,122.667349213097,9.33265078690266));
#2838=CARTESIAN_POINT('Ctrl Pts',(8.18613562013105,122.333616837579,9.66638316242137));
#2839=CARTESIAN_POINT('Ctrl Pts',(8.3066238629181,122.,9.99999999999998));
#2840=CARTESIAN_POINT('Origin',(0.,122.,0.));
#2841=CARTESIAN_POINT('Origin',(0.,122.5,9.49999999999999));
#2842=CARTESIAN_POINT('',(-7.93725393319378,123.,8.99999999999999));
#2843=CARTESIAN_POINT('',(0.,123.,8.99999999999999));
#2844=CARTESIAN_POINT('Ctrl Pts',(-7.93725393319377,123.,8.99999999999999));
#2845=CARTESIAN_POINT('Ctrl Pts',(-8.06298411256149,122.667349213097,9.3326507869025));
#2846=CARTESIAN_POINT('Ctrl Pts',(-8.18613562013093,122.333616837579,9.66638316242103));
#2847=CARTESIAN_POINT('Ctrl Pts',(-8.3066238629181,122.,9.99999999999998));
#2848=CARTESIAN_POINT('Origin',(0.,122.5,0.));
#2849=CARTESIAN_POINT('Origin',(0.,122.,0.));
#2850=CARTESIAN_POINT('Origin',(0.,123.,0.));
#2851=CARTESIAN_POINT('Origin',(0.,111.327272678625,0.));
#2852=CARTESIAN_POINT('',(-1.59204083889156E-15,102.,-13.));
#2853=CARTESIAN_POINT('Origin',(0.,102.,0.));
#2854=CARTESIAN_POINT('',(-1.59204083889156E-15,99.6545453572506,-13.));
#2855=CARTESIAN_POINT('',(-1.59204083889156E-15,111.327272678625,-13.));
#2856=CARTESIAN_POINT('',(0.,99.6545453572506,13.));
#2857=CARTESIAN_POINT('Origin',(0.,99.6545453572506,0.));
#2858=CARTESIAN_POINT('Origin',(0.,99.6545453572506,0.));
#2859=CARTESIAN_POINT('Origin',(0.,102.,0.));
#2860=CARTESIAN_POINT('Origin',(0.,102.,0.));
#2861=CARTESIAN_POINT('Origin',(0.,123.,0.));
#2862=CARTESIAN_POINT('Origin',(0.,0.5,0.));
#2863=CARTESIAN_POINT('Origin',(0.,1.,0.));
#2864=CARTESIAN_POINT('',(-13.228756555323,0.,-9.));
#2865=CARTESIAN_POINT('Ctrl Pts',(-13.7477270848675,0.999999999999998,-10.));
#2866=CARTESIAN_POINT('Ctrl Pts',(-13.5776824249172,0.666038917537688,-9.66603891753769));
#2867=CARTESIAN_POINT('Ctrl Pts',(-13.4046671716381,0.332439816961374,-9.33243981696138));
#2868=CARTESIAN_POINT('Ctrl Pts',(-13.228756555323,1.31838984174237E-15,
-9.));
#2869=CARTESIAN_POINT('',(-13.228756555323,0.,9.));
#2870=CARTESIAN_POINT('Origin',(0.,0.,0.));
#2871=CARTESIAN_POINT('Ctrl Pts',(-13.7477270848675,1.00000000000001,10.));
#2872=CARTESIAN_POINT('Ctrl Pts',(-13.5776824249185,0.666038917540302,9.6660389175403));
#2873=CARTESIAN_POINT('Ctrl Pts',(-13.4046671716387,0.332439816962572,9.33243981696257));
#2874=CARTESIAN_POINT('Ctrl Pts',(-13.228756555323,-1.38777878078145E-16,
9.));
#2875=CARTESIAN_POINT('Origin',(0.,0.499999999999998,-9.5));
#2876=CARTESIAN_POINT('',(13.228756555323,0.,-9.));
#2877=CARTESIAN_POINT('Ctrl Pts',(13.7477270848675,0.999999999999997,-10.));
#2878=CARTESIAN_POINT('Ctrl Pts',(13.5776824249172,0.666038917537687,-9.66603891753769));
#2879=CARTESIAN_POINT('Ctrl Pts',(13.4046671716381,0.332439816961374,-9.33243981696138));
#2880=CARTESIAN_POINT('Ctrl Pts',(13.228756555323,-2.08166817117217E-16,
-9.));
#2881=CARTESIAN_POINT('',(0.,0.,-9.));
#2882=CARTESIAN_POINT('Origin',(0.,0.5,0.));
#2883=CARTESIAN_POINT('Origin',(0.,1.,0.));
#2884=CARTESIAN_POINT('',(13.228756555323,0.,9.));
#2885=CARTESIAN_POINT('Ctrl Pts',(13.7477270848675,1.00000000000001,10.));
#2886=CARTESIAN_POINT('Ctrl Pts',(13.5776824249186,0.666038917540516,9.66603891754052));
#2887=CARTESIAN_POINT('Ctrl Pts',(13.4046671716388,0.332439816962666,9.33243981696267));
#2888=CARTESIAN_POINT('Ctrl Pts',(13.228756555323,1.38777878078145E-16,
9.));
#2889=CARTESIAN_POINT('Origin',(0.,0.,0.));
#2890=CARTESIAN_POINT('Origin',(0.,0.5,9.5));
#2891=CARTESIAN_POINT('',(0.,0.,9.));
#2892=CARTESIAN_POINT('Origin',(0.,0.,17.));
#2893=CARTESIAN_POINT('Origin',(0.,45.,-31.1836843691244));
#2894=CARTESIAN_POINT('',(-2.0818995585505E-15,45.,-17.));
#2895=CARTESIAN_POINT('Origin',(0.,45.,0.));
#2896=CARTESIAN_POINT('Origin',(0.,45.,0.));
#2897=CARTESIAN_POINT('Origin',(0.,102.,-9.99999999999987));
#2898=CARTESIAN_POINT('Origin',(0.,102.,30.120457589153));
#2899=CARTESIAN_POINT('Origin',(0.,23.5462590271595,0.));
#2900=CARTESIAN_POINT('',(0.,47.0925180543189,17.));
#2901=CARTESIAN_POINT('',(-2.0818995585505E-15,47.0925180543189,-17.));
#2902=CARTESIAN_POINT('Origin',(0.,47.0925180543189,0.));
#2903=CARTESIAN_POINT('Origin',(0.,47.0925180543189,0.));
#2904=CARTESIAN_POINT('',(-2.0818995585505E-15,23.5462590271595,-17.));
#2905=CARTESIAN_POINT('Origin',(0.,47.0925180543216,16.4590442480617));
#2906=CARTESIAN_POINT('',(0.,47.0925180543216,16.4590442480617));
#2907=CARTESIAN_POINT('',(-2.01565158554135E-15,47.0925180543216,-16.4590442480617));
#2908=CARTESIAN_POINT('Origin',(0.,47.0925180543216,0.));
#2909=CARTESIAN_POINT('Origin',(0.,47.0925180543216,0.));
#2910=CARTESIAN_POINT('Origin',(0.,47.9267594050911,0.));
#2911=CARTESIAN_POINT('',(-2.01565158554135E-15,48.7610007558607,-16.4590442480617));
#2912=CARTESIAN_POINT('Origin',(-2.01565158554135E-15,47.9267594050911,
-16.4590442480617));
#2913=CARTESIAN_POINT('',(0.,48.7610007558607,16.4590442480617));
#2914=CARTESIAN_POINT('Origin',(0.,48.7610007558607,0.));
#2915=CARTESIAN_POINT('Origin',(0.,48.7610007558607,0.));
#2916=CARTESIAN_POINT('Origin',(0.,48.7610007558607,21.5657586438249));
#2917=CARTESIAN_POINT('',(0.,48.7610007558607,21.5657586438249));
#2918=CARTESIAN_POINT('',(-2.64104372943445E-15,48.7610007558607,-21.5657586438249));
#2919=CARTESIAN_POINT('Origin',(0.,48.7610007558607,0.));
#2920=CARTESIAN_POINT('Origin',(0.,48.7610007558607,0.));
#2921=CARTESIAN_POINT('Origin',(0.,49.5952421066331,0.));
#2922=CARTESIAN_POINT('',(0.,50.4294834574055,21.5657586438249));
#2923=CARTESIAN_POINT('',(-2.64104372943445E-15,50.4294834574055,-21.5657586438249));
#2924=CARTESIAN_POINT('Origin',(0.,50.4294834574055,0.));
#2925=CARTESIAN_POINT('Origin',(0.,50.4294834574055,0.));
#2926=CARTESIAN_POINT('Origin',(-2.64104372943445E-15,49.5952421066331,
-21.5657586438249));
#2927=CARTESIAN_POINT('Origin',(0.,50.4294834574055,16.4590442480617));
#2928=CARTESIAN_POINT('',(0.,50.4294834574055,16.4590442480617));
#2929=CARTESIAN_POINT('',(-2.01565158554135E-15,50.4294834574055,-16.4590442480617));
#2930=CARTESIAN_POINT('Origin',(0.,50.4294834574055,0.));
#2931=CARTESIAN_POINT('Origin',(0.,50.4294834574055,0.));
#2932=CARTESIAN_POINT('Origin',(0.,51.2637248081768,0.));
#2933=CARTESIAN_POINT('',(-2.01565158554135E-15,52.0979661589482,-16.4590442480617));
#2934=CARTESIAN_POINT('Origin',(-2.01565158554135E-15,51.2637248081768,
-16.4590442480617));
#2935=CARTESIAN_POINT('',(0.,52.0979661589482,16.4590442480617));
#2936=CARTESIAN_POINT('Origin',(0.,52.0979661589482,0.));
#2937=CARTESIAN_POINT('Origin',(0.,52.0979661589482,0.));
#2938=CARTESIAN_POINT('Origin',(0.,52.0979661589454,21.5657586438249));
#2939=CARTESIAN_POINT('',(0.,52.0979661589454,21.5657586438249));
#2940=CARTESIAN_POINT('',(-2.64104372943445E-15,52.0979661589454,-21.5657586438249));
#2941=CARTESIAN_POINT('Origin',(0.,52.0979661589454,0.));
#2942=CARTESIAN_POINT('Origin',(0.,52.0979661589454,0.));
#2943=CARTESIAN_POINT('Origin',(0.,52.9322075097178,0.));
#2944=CARTESIAN_POINT('',(0.,53.7664488604901,21.5657586438249));
#2945=CARTESIAN_POINT('',(-2.64104372943445E-15,53.7664488604901,-21.5657586438249));
#2946=CARTESIAN_POINT('Origin',(0.,53.7664488604901,0.));
#2947=CARTESIAN_POINT('Origin',(0.,53.7664488604901,0.));
#2948=CARTESIAN_POINT('Origin',(-2.64104372943445E-15,52.9322075097178,
-21.5657586438249));
#2949=CARTESIAN_POINT('Origin',(0.,53.7664488604901,16.4590442480617));
#2950=CARTESIAN_POINT('',(0.,53.7664488604901,16.4590442480617));
#2951=CARTESIAN_POINT('',(-2.01565158554135E-15,53.7664488604901,-16.4590442480617));
#2952=CARTESIAN_POINT('Origin',(0.,53.7664488604901,0.));
#2953=CARTESIAN_POINT('Origin',(0.,53.7664488604901,0.));
#2954=CARTESIAN_POINT('Origin',(0.,54.6006902112615,0.));
#2955=CARTESIAN_POINT('',(-2.01565158554135E-15,55.4349315620328,-16.4590442480617));
#2956=CARTESIAN_POINT('Origin',(-2.01565158554135E-15,54.6006902112615,
-16.4590442480617));
#2957=CARTESIAN_POINT('',(0.,55.4349315620328,16.4590442480617));
#2958=CARTESIAN_POINT('Origin',(0.,55.4349315620328,0.));
#2959=CARTESIAN_POINT('Origin',(0.,55.4349315620328,0.));
#2960=CARTESIAN_POINT('Origin',(0.,55.4349315620328,21.5657586438249));
#2961=CARTESIAN_POINT('',(0.,55.4349315620328,21.5657586438249));
#2962=CARTESIAN_POINT('',(-2.64104372943445E-15,55.4349315620328,-21.5657586438249));
#2963=CARTESIAN_POINT('Origin',(0.,55.4349315620328,0.));
#2964=CARTESIAN_POINT('Origin',(0.,55.4349315620328,0.));
#2965=CARTESIAN_POINT('Origin',(0.,56.2691729128042,0.));
#2966=CARTESIAN_POINT('',(0.,57.1034142635755,21.5657586438249));
#2967=CARTESIAN_POINT('',(-2.64104372943445E-15,57.1034142635755,-21.5657586438249));
#2968=CARTESIAN_POINT('Origin',(0.,57.1034142635755,0.));
#2969=CARTESIAN_POINT('Origin',(0.,57.1034142635755,0.));
#2970=CARTESIAN_POINT('Origin',(-2.64104372943445E-15,56.2691729128042,
-21.5657586438249));
#2971=CARTESIAN_POINT('Origin',(0.,57.1034142635755,16.4590442480617));
#2972=CARTESIAN_POINT('',(0.,57.1034142635755,16.4590442480617));
#2973=CARTESIAN_POINT('',(-2.01565158554135E-15,57.1034142635755,-16.4590442480617));
#2974=CARTESIAN_POINT('Origin',(0.,57.1034142635755,0.));
#2975=CARTESIAN_POINT('Origin',(0.,57.1034142635755,0.));
#2976=CARTESIAN_POINT('Origin',(0.,57.9376556143469,0.));
#2977=CARTESIAN_POINT('',(-2.01565158554135E-15,58.7718969651182,-16.4590442480617));
#2978=CARTESIAN_POINT('Origin',(-2.01565158554135E-15,57.9376556143469,
-16.4590442480617));
#2979=CARTESIAN_POINT('',(0.,58.7718969651182,16.4590442480617));
#2980=CARTESIAN_POINT('Origin',(0.,58.7718969651182,0.));
#2981=CARTESIAN_POINT('Origin',(0.,58.7718969651182,0.));
#2982=CARTESIAN_POINT('Origin',(0.,58.7718969651182,21.5657586438249));
#2983=CARTESIAN_POINT('',(0.,58.7718969651182,21.5657586438249));
#2984=CARTESIAN_POINT('',(-2.64104372943445E-15,58.7718969651182,-21.5657586438249));
#2985=CARTESIAN_POINT('Origin',(0.,58.7718969651182,0.));
#2986=CARTESIAN_POINT('Origin',(0.,58.7718969651182,0.));
#2987=CARTESIAN_POINT('Origin',(0.,59.6061383158878,0.));
#2988=CARTESIAN_POINT('',(0.,60.4403796666573,21.5657586438249));
#2989=CARTESIAN_POINT('',(-2.64104372943445E-15,60.4403796666573,-21.5657586438249));
#2990=CARTESIAN_POINT('Origin',(0.,60.4403796666573,0.));
#2991=CARTESIAN_POINT('Origin',(0.,60.4403796666573,0.));
#2992=CARTESIAN_POINT('Origin',(-2.64104372943445E-15,59.6061383158878,
-21.5657586438249));
#2993=CARTESIAN_POINT('Origin',(0.,60.4403796666602,16.4590442480617));
#2994=CARTESIAN_POINT('',(0.,60.4403796666602,16.4590442480617));
#2995=CARTESIAN_POINT('',(-2.01565158554135E-15,60.4403796666602,-16.4590442480617));
#2996=CARTESIAN_POINT('Origin',(0.,60.4403796666602,0.));
#2997=CARTESIAN_POINT('Origin',(0.,60.4403796666602,0.));
#2998=CARTESIAN_POINT('Origin',(0.,61.2746210174315,0.));
#2999=CARTESIAN_POINT('',(-2.01565158554135E-15,62.1088623682029,-16.4590442480617));
#3000=CARTESIAN_POINT('Origin',(-2.01565158554135E-15,61.2746210174315,
-16.4590442480617));
#3001=CARTESIAN_POINT('',(0.,62.1088623682029,16.4590442480617));
#3002=CARTESIAN_POINT('Origin',(0.,62.1088623682029,0.));
#3003=CARTESIAN_POINT('Origin',(0.,62.1088623682029,0.));
#3004=CARTESIAN_POINT('Origin',(0.,62.1088623682029,21.5657586438249));
#3005=CARTESIAN_POINT('',(0.,62.1088623682029,21.5657586438249));
#3006=CARTESIAN_POINT('',(-2.64104372943445E-15,62.1088623682029,-21.5657586438249));
#3007=CARTESIAN_POINT('Origin',(0.,62.1088623682029,0.));
#3008=CARTESIAN_POINT('Origin',(0.,62.1088623682029,0.));
#3009=CARTESIAN_POINT('Origin',(0.,62.9431037189742,0.));
#3010=CARTESIAN_POINT('',(0.,63.7773450697456,21.5657586438249));
#3011=CARTESIAN_POINT('',(-2.64104372943445E-15,63.7773450697456,-21.5657586438249));
#3012=CARTESIAN_POINT('Origin',(0.,63.7773450697456,0.));
#3013=CARTESIAN_POINT('Origin',(0.,63.7773450697456,0.));
#3014=CARTESIAN_POINT('Origin',(-2.64104372943445E-15,62.9431037189742,
-21.5657586438249));
#3015=CARTESIAN_POINT('Origin',(0.,63.7773450697456,16.4590442480617));
#3016=CARTESIAN_POINT('',(0.,63.7773450697456,16.4590442480617));
#3017=CARTESIAN_POINT('',(-2.01565158554135E-15,63.7773450697456,-16.4590442480617));
#3018=CARTESIAN_POINT('Origin',(0.,63.7773450697456,0.));
#3019=CARTESIAN_POINT('Origin',(0.,63.7773450697456,0.));
#3020=CARTESIAN_POINT('Origin',(0.,64.611586420517,0.));
#3021=CARTESIAN_POINT('',(-2.01565158554135E-15,65.4458277712883,-16.4590442480617));
#3022=CARTESIAN_POINT('Origin',(-2.01565158554135E-15,64.611586420517,-16.4590442480617));
#3023=CARTESIAN_POINT('',(0.,65.4458277712883,16.4590442480617));
#3024=CARTESIAN_POINT('Origin',(0.,65.4458277712883,0.));
#3025=CARTESIAN_POINT('Origin',(0.,65.4458277712883,0.));
#3026=CARTESIAN_POINT('Origin',(0.,65.4458277712883,21.5657586438249));
#3027=CARTESIAN_POINT('',(0.,65.4458277712883,21.5657586438249));
#3028=CARTESIAN_POINT('',(-2.64104372943445E-15,65.4458277712883,-21.5657586438249));
#3029=CARTESIAN_POINT('Origin',(0.,65.4458277712883,0.));
#3030=CARTESIAN_POINT('Origin',(0.,65.4458277712883,0.));
#3031=CARTESIAN_POINT('Origin',(0.,66.2800691220597,0.));
#3032=CARTESIAN_POINT('',(0.,67.114310472831,21.5657586438249));
#3033=CARTESIAN_POINT('',(-2.64104372943445E-15,67.114310472831,-21.5657586438249));
#3034=CARTESIAN_POINT('Origin',(0.,67.114310472831,0.));
#3035=CARTESIAN_POINT('Origin',(0.,67.114310472831,0.));
#3036=CARTESIAN_POINT('Origin',(-2.64104372943445E-15,66.2800691220597,
-21.5657586438249));
#3037=CARTESIAN_POINT('Origin',(0.,67.114310472831,16.4590442480617));
#3038=CARTESIAN_POINT('',(0.,67.114310472831,16.4590442480617));
#3039=CARTESIAN_POINT('',(-2.01565158554135E-15,67.114310472831,-16.4590442480617));
#3040=CARTESIAN_POINT('Origin',(0.,67.114310472831,0.));
#3041=CARTESIAN_POINT('Origin',(0.,67.114310472831,0.));
#3042=CARTESIAN_POINT('Origin',(0.,67.9485518236024,0.));
#3043=CARTESIAN_POINT('',(-2.01565158554135E-15,68.7827931743737,-16.4590442480617));
#3044=CARTESIAN_POINT('Origin',(-2.01565158554135E-15,67.9485518236024,
-16.4590442480617));
#3045=CARTESIAN_POINT('',(0.,68.7827931743737,16.4590442480617));
#3046=CARTESIAN_POINT('Origin',(0.,68.7827931743737,0.));
#3047=CARTESIAN_POINT('Origin',(0.,68.7827931743737,0.));
#3048=CARTESIAN_POINT('Origin',(0.,68.7827931743737,21.5657586438249));
#3049=CARTESIAN_POINT('',(0.,68.7827931743737,21.5657586438249));
#3050=CARTESIAN_POINT('',(-2.64104372943445E-15,68.7827931743737,-21.5657586438249));
#3051=CARTESIAN_POINT('Origin',(0.,68.7827931743737,0.));
#3052=CARTESIAN_POINT('Origin',(0.,68.7827931743737,0.));
#3053=CARTESIAN_POINT('Origin',(0.,69.6170345251451,0.));
#3054=CARTESIAN_POINT('',(0.,70.4512758759164,21.5657586438249));
#3055=CARTESIAN_POINT('',(-2.64104372943445E-15,70.4512758759164,-21.5657586438249));
#3056=CARTESIAN_POINT('Origin',(0.,70.4512758759164,0.));
#3057=CARTESIAN_POINT('Origin',(0.,70.4512758759164,0.));
#3058=CARTESIAN_POINT('Origin',(-2.64104372943445E-15,69.6170345251451,
-21.5657586438249));
#3059=CARTESIAN_POINT('Origin',(0.,70.4512758759164,16.4590442480617));
#3060=CARTESIAN_POINT('',(0.,70.4512758759164,16.4590442480617));
#3061=CARTESIAN_POINT('',(-2.01565158554135E-15,70.4512758759164,-16.4590442480617));
#3062=CARTESIAN_POINT('Origin',(0.,70.4512758759164,0.));
#3063=CARTESIAN_POINT('Origin',(0.,70.4512758759164,0.));
#3064=CARTESIAN_POINT('Origin',(0.,71.2855172266888,0.));
#3065=CARTESIAN_POINT('',(-2.01565158554135E-15,72.1197585774612,-16.4590442480617));
#3066=CARTESIAN_POINT('Origin',(-2.01565158554135E-15,71.2855172266888,
-16.4590442480617));
#3067=CARTESIAN_POINT('',(0.,72.1197585774612,16.4590442480617));
#3068=CARTESIAN_POINT('Origin',(0.,72.1197585774612,0.));
#3069=CARTESIAN_POINT('Origin',(0.,72.1197585774612,0.));
#3070=CARTESIAN_POINT('Origin',(0.,72.1197585774612,21.5657586438249));
#3071=CARTESIAN_POINT('',(0.,72.1197585774612,21.5657586438249));
#3072=CARTESIAN_POINT('',(-2.64104372943445E-15,72.1197585774612,-21.5657586438249));
#3073=CARTESIAN_POINT('Origin',(0.,72.1197585774612,0.));
#3074=CARTESIAN_POINT('Origin',(0.,72.1197585774612,0.));
#3075=CARTESIAN_POINT('Origin',(0.,72.9539999282308,0.));
#3076=CARTESIAN_POINT('',(0.,73.7882412790003,21.5657586438249));
#3077=CARTESIAN_POINT('',(-2.64104372943445E-15,73.7882412790003,-21.5657586438249));
#3078=CARTESIAN_POINT('Origin',(0.,73.7882412790003,0.));
#3079=CARTESIAN_POINT('Origin',(0.,73.7882412790003,0.));
#3080=CARTESIAN_POINT('Origin',(-2.64104372943445E-15,72.9539999282308,
-21.5657586438249));
#3081=CARTESIAN_POINT('Origin',(0.,73.7882412790032,16.4590442480617));
#3082=CARTESIAN_POINT('',(0.,73.7882412790032,16.4590442480617));
#3083=CARTESIAN_POINT('',(-2.01565158554135E-15,73.7882412790032,-16.4590442480617));
#3084=CARTESIAN_POINT('Origin',(0.,73.7882412790032,0.));
#3085=CARTESIAN_POINT('Origin',(0.,73.7882412790032,0.));
#3086=CARTESIAN_POINT('Origin',(0.,74.6224826297746,0.));
#3087=CARTESIAN_POINT('',(-2.01565158554135E-15,75.4567239805459,-16.4590442480617));
#3088=CARTESIAN_POINT('Origin',(-2.01565158554135E-15,74.6224826297746,
-16.4590442480617));
#3089=CARTESIAN_POINT('',(0.,75.4567239805459,16.4590442480617));
#3090=CARTESIAN_POINT('Origin',(0.,75.4567239805459,0.));
#3091=CARTESIAN_POINT('Origin',(0.,75.4567239805459,0.));
#3092=CARTESIAN_POINT('Origin',(0.,75.4567239805459,21.5657586438249));
#3093=CARTESIAN_POINT('',(0.,75.4567239805459,21.5657586438249));
#3094=CARTESIAN_POINT('',(-2.64104372943445E-15,75.4567239805459,-21.5657586438249));
#3095=CARTESIAN_POINT('Origin',(0.,75.4567239805459,0.));
#3096=CARTESIAN_POINT('Origin',(0.,75.4567239805459,0.));
#3097=CARTESIAN_POINT('Origin',(0.,76.2909653313183,0.));
#3098=CARTESIAN_POINT('',(0.,77.1252066820906,21.5657586438249));
#3099=CARTESIAN_POINT('',(-2.64104372943445E-15,77.1252066820906,-21.5657586438249));
#3100=CARTESIAN_POINT('Origin',(0.,77.1252066820906,0.));
#3101=CARTESIAN_POINT('Origin',(0.,77.1252066820906,0.));
#3102=CARTESIAN_POINT('Origin',(-2.64104372943445E-15,76.2909653313183,
-21.5657586438249));
#3103=CARTESIAN_POINT('Origin',(0.,77.1252066820893,16.4590442480617));
#3104=CARTESIAN_POINT('',(0.,77.1252066820893,16.4590442480617));
#3105=CARTESIAN_POINT('',(-2.01565158554135E-15,77.1252066820893,-16.4590442480617));
#3106=CARTESIAN_POINT('Origin',(0.,77.1252066820893,0.));
#3107=CARTESIAN_POINT('Origin',(0.,77.1252066820893,0.));
#3108=CARTESIAN_POINT('Origin',(0.,77.9594480328617,0.));
#3109=CARTESIAN_POINT('',(-2.01565158554135E-15,78.793689383634,-16.4590442480617));
#3110=CARTESIAN_POINT('Origin',(-2.01565158554135E-15,77.9594480328617,
-16.4590442480617));
#3111=CARTESIAN_POINT('',(0.,78.793689383634,16.4590442480617));
#3112=CARTESIAN_POINT('Origin',(0.,78.793689383634,0.));
#3113=CARTESIAN_POINT('Origin',(0.,78.793689383634,0.));
#3114=CARTESIAN_POINT('Origin',(0.,78.7936893836327,21.5657586438249));
#3115=CARTESIAN_POINT('',(0.,78.7936893836327,21.5657586438249));
#3116=CARTESIAN_POINT('',(-2.64104372943445E-15,78.7936893836327,-21.5657586438249));
#3117=CARTESIAN_POINT('Origin',(0.,78.7936893836327,0.));
#3118=CARTESIAN_POINT('Origin',(0.,78.7936893836327,0.));
#3119=CARTESIAN_POINT('Origin',(0.,79.6279307344041,0.));
#3120=CARTESIAN_POINT('',(0.,80.4621720851754,21.5657586438249));
#3121=CARTESIAN_POINT('',(-2.64104372943445E-15,80.4621720851754,-21.5657586438249));
#3122=CARTESIAN_POINT('Origin',(0.,80.4621720851754,0.));
#3123=CARTESIAN_POINT('Origin',(0.,80.4621720851754,0.));
#3124=CARTESIAN_POINT('Origin',(-2.64104372943445E-15,79.6279307344041,
-21.5657586438249));
#3125=CARTESIAN_POINT('Origin',(0.,80.4621720851754,16.4590442480617));
#3126=CARTESIAN_POINT('',(0.,80.4621720851754,16.4590442480617));
#3127=CARTESIAN_POINT('',(-2.01565158554135E-15,80.4621720851754,-16.4590442480617));
#3128=CARTESIAN_POINT('Origin',(0.,80.4621720851754,0.));
#3129=CARTESIAN_POINT('Origin',(0.,80.4621720851754,0.));
#3130=CARTESIAN_POINT('Origin',(0.,81.2964134359467,0.));
#3131=CARTESIAN_POINT('',(-2.01565158554135E-15,82.1306547867181,-16.4590442480617));
#3132=CARTESIAN_POINT('Origin',(-2.01565158554135E-15,81.2964134359467,
-16.4590442480617));
#3133=CARTESIAN_POINT('',(0.,82.1306547867181,16.4590442480617));
#3134=CARTESIAN_POINT('Origin',(0.,82.1306547867181,0.));
#3135=CARTESIAN_POINT('Origin',(0.,82.1306547867181,0.));
#3136=CARTESIAN_POINT('Origin',(0.,82.1306547867181,21.5657586438249));
#3137=CARTESIAN_POINT('',(0.,82.1306547867181,21.5657586438249));
#3138=CARTESIAN_POINT('',(-2.64104372943445E-15,82.1306547867181,-21.5657586438249));
#3139=CARTESIAN_POINT('Origin',(0.,82.1306547867181,0.));
#3140=CARTESIAN_POINT('Origin',(0.,82.1306547867181,0.));
#3141=CARTESIAN_POINT('Origin',(0.,82.9648961374894,0.));
#3142=CARTESIAN_POINT('',(0.,83.7991374882608,21.5657586438249));
#3143=CARTESIAN_POINT('',(-2.64104372943445E-15,83.7991374882608,-21.5657586438249));
#3144=CARTESIAN_POINT('Origin',(0.,83.7991374882608,0.));
#3145=CARTESIAN_POINT('Origin',(0.,83.7991374882608,0.));
#3146=CARTESIAN_POINT('Origin',(-2.64104372943445E-15,82.9648961374894,
-21.5657586438249));
#3147=CARTESIAN_POINT('Origin',(0.,83.7991374882608,16.4590442480617));
#3148=CARTESIAN_POINT('',(0.,83.7991374882608,16.4590442480617));
#3149=CARTESIAN_POINT('',(-2.01565158554135E-15,83.7991374882608,-16.4590442480617));
#3150=CARTESIAN_POINT('Origin',(0.,83.7991374882608,0.));
#3151=CARTESIAN_POINT('Origin',(0.,83.7991374882608,0.));
#3152=CARTESIAN_POINT('Origin',(0.,84.6333788390315,0.));
#3153=CARTESIAN_POINT('',(-2.0137254312984E-15,85.4674719116003,-16.4433160050754));
#3154=CARTESIAN_POINT('Origin',(-2.01565158554475E-15,84.6333788390315,
-16.4590442480896));
#3155=CARTESIAN_POINT('',(0.,85.4674719116003,16.4433160050754));
#3156=CARTESIAN_POINT('Origin',(0.,85.4674719116003,0.));
#3157=CARTESIAN_POINT('Origin',(0.,85.4674719116003,0.));
#3158=CARTESIAN_POINT('Origin',(0.,85.5157680940986,0.));
#3159=CARTESIAN_POINT('',(0.,85.564064276597,21.565758643825));
#3160=CARTESIAN_POINT('',(-2.64104372943446E-15,85.564064276597,-21.565758643825));
#3161=CARTESIAN_POINT('Origin',(0.,85.564064276597,0.));
#3162=CARTESIAN_POINT('Origin',(0.,85.564064276597,0.));
#3163=CARTESIAN_POINT('',(-2.32738458036643E-15,85.5157680940986,-19.0045373244502));
#3164=CARTESIAN_POINT('Origin',(0.,86.3983056273683,0.));
#3165=CARTESIAN_POINT('',(0.,87.2325469781397,21.565758643825));
#3166=CARTESIAN_POINT('',(-2.64104372943446E-15,87.2325469781397,-21.565758643825));
#3167=CARTESIAN_POINT('Origin',(0.,87.2325469781397,0.));
#3168=CARTESIAN_POINT('Origin',(0.,87.2325469781397,0.));
#3169=CARTESIAN_POINT('Origin',(-2.64104372943446E-15,86.3983056273683,
-21.565758643825));
#3170=CARTESIAN_POINT('Origin',(0.,87.2325469781397,16.4590442480619));
#3171=CARTESIAN_POINT('',(0.,87.2325469781397,16.4590442480619));
#3172=CARTESIAN_POINT('',(-2.01565158554137E-15,87.2325469781397,-16.4590442480619));
#3173=CARTESIAN_POINT('Origin',(0.,87.2325469781397,0.));
#3174=CARTESIAN_POINT('Origin',(0.,87.2325469781397,0.));
#3175=CARTESIAN_POINT('Origin',(0.,88.066788328911,0.));
#3176=CARTESIAN_POINT('',(-2.01565158554137E-15,88.9010296796824,-16.4590442480619));
#3177=CARTESIAN_POINT('Origin',(-2.01565158554137E-15,88.066788328911,-16.4590442480619));
#3178=CARTESIAN_POINT('',(0.,88.9010296796824,16.4590442480619));
#3179=CARTESIAN_POINT('Origin',(0.,88.9010296796824,0.));
#3180=CARTESIAN_POINT('Origin',(0.,88.9010296796824,0.));
#3181=CARTESIAN_POINT('Origin',(0.,88.9010296796824,21.5657586438251));
#3182=CARTESIAN_POINT('',(0.,88.9010296796824,21.5657586438251));
#3183=CARTESIAN_POINT('',(-2.64104372943447E-15,88.9010296796824,-21.5657586438251));
#3184=CARTESIAN_POINT('Origin',(0.,88.9010296796824,0.));
#3185=CARTESIAN_POINT('Origin',(0.,88.9010296796824,0.));
#3186=CARTESIAN_POINT('Origin',(0.,89.7352710304537,0.));
#3187=CARTESIAN_POINT('',(0.,90.5695123812251,21.5657586438251));
#3188=CARTESIAN_POINT('',(-2.64104372943447E-15,90.5695123812251,-21.5657586438251));
#3189=CARTESIAN_POINT('Origin',(0.,90.5695123812251,0.));
#3190=CARTESIAN_POINT('Origin',(0.,90.5695123812251,0.));
#3191=CARTESIAN_POINT('Origin',(-2.64104372943447E-15,89.7352710304537,
-21.5657586438251));
#3192=CARTESIAN_POINT('Origin',(0.,90.5695123812251,16.4590442480619));
#3193=CARTESIAN_POINT('',(0.,90.5695123812251,16.4590442480619));
#3194=CARTESIAN_POINT('',(-2.01565158554137E-15,90.5695123812251,-16.4590442480619));
#3195=CARTESIAN_POINT('Origin',(0.,90.5695123812251,0.));
#3196=CARTESIAN_POINT('Origin',(0.,90.5695123812251,0.));
#3197=CARTESIAN_POINT('Origin',(0.,91.4037537319964,0.));
#3198=CARTESIAN_POINT('',(-2.01565158554137E-15,92.2379950827678,-16.4590442480619));
#3199=CARTESIAN_POINT('Origin',(-2.01565158554137E-15,91.4037537319964,
-16.4590442480619));
#3200=CARTESIAN_POINT('',(0.,92.2379950827678,16.4590442480619));
#3201=CARTESIAN_POINT('Origin',(0.,92.2379950827678,0.));
#3202=CARTESIAN_POINT('Origin',(0.,92.2379950827678,0.));
#3203=CARTESIAN_POINT('Origin',(0.,92.2379950827678,21.5657586438251));
#3204=CARTESIAN_POINT('',(0.,92.2379950827678,21.5657586438251));
#3205=CARTESIAN_POINT('',(-2.64104372943447E-15,92.2379950827678,-21.5657586438251));
#3206=CARTESIAN_POINT('Origin',(0.,92.2379950827678,0.));
#3207=CARTESIAN_POINT('Origin',(0.,92.2379950827678,0.));
#3208=CARTESIAN_POINT('Origin',(0.,93.0722364335391,0.));
#3209=CARTESIAN_POINT('',(0.,93.9064777843105,21.5657586438251));
#3210=CARTESIAN_POINT('',(-2.64104372943447E-15,93.9064777843105,-21.5657586438251));
#3211=CARTESIAN_POINT('Origin',(0.,93.9064777843105,0.));
#3212=CARTESIAN_POINT('Origin',(0.,93.9064777843105,0.));
#3213=CARTESIAN_POINT('Origin',(-2.64104372943447E-15,93.0722364335391,
-21.5657586438251));
#3214=CARTESIAN_POINT('Origin',(0.,93.9064777843105,16.4590442480619));
#3215=CARTESIAN_POINT('',(0.,93.9064777843105,16.4590442480619));
#3216=CARTESIAN_POINT('',(-2.01565158554137E-15,93.9064777843105,-16.4590442480619));
#3217=CARTESIAN_POINT('Origin',(0.,93.9064777843105,0.));
#3218=CARTESIAN_POINT('Origin',(0.,93.9064777843105,0.));
#3219=CARTESIAN_POINT('Origin',(0.,94.7407191350818,0.));
#3220=CARTESIAN_POINT('',(-2.01565158554137E-15,95.5749604858532,-16.4590442480619));
#3221=CARTESIAN_POINT('Origin',(-2.01565158554137E-15,94.7407191350818,
-16.4590442480619));
#3222=CARTESIAN_POINT('',(0.,95.5749604858532,16.4590442480619));
#3223=CARTESIAN_POINT('Origin',(0.,95.5749604858532,0.));
#3224=CARTESIAN_POINT('Origin',(0.,95.5749604858532,0.));
#3225=CARTESIAN_POINT('Origin',(0.,95.5749604858532,21.5657586438251));
#3226=CARTESIAN_POINT('',(0.,95.5749604858532,21.5657586438251));
#3227=CARTESIAN_POINT('',(-2.64104372943447E-15,95.5749604858532,-21.5657586438251));
#3228=CARTESIAN_POINT('Origin',(0.,95.5749604858532,0.));
#3229=CARTESIAN_POINT('Origin',(0.,95.5749604858532,0.));
#3230=CARTESIAN_POINT('Origin',(0.,96.4092018366246,0.));
#3231=CARTESIAN_POINT('',(0.,97.2434431873959,21.5657586438251));
#3232=CARTESIAN_POINT('',(-2.64104372943447E-15,97.2434431873959,-21.5657586438251));
#3233=CARTESIAN_POINT('Origin',(0.,97.2434431873959,0.));
#3234=CARTESIAN_POINT('Origin',(0.,97.2434431873959,0.));
#3235=CARTESIAN_POINT('Origin',(-2.64104372943447E-15,96.4092018366246,
-21.5657586438251));
#3236=CARTESIAN_POINT('Origin',(0.,97.2434431873959,16.2633322614347));
#3237=CARTESIAN_POINT('',(0.,97.2434431873959,16.2633322614347));
#3238=CARTESIAN_POINT('',(-1.99168377974359E-15,97.2434431873959,-16.2633322614347));
#3239=CARTESIAN_POINT('Origin',(0.,97.2434431873959,0.));
#3240=CARTESIAN_POINT('Origin',(0.,97.2434431873959,0.));
#3241=CARTESIAN_POINT('Origin',(0.,98.0776845381672,0.));
#3242=CARTESIAN_POINT('',(-1.88951867974974E-15,98.0776845381672,-15.4290909106634));
#3243=CARTESIAN_POINT('Origin',(-1.99168377974359E-15,98.0776845381672,
-16.2633322614347));
#3244=CARTESIAN_POINT('',(0.,98.0776845381672,15.4290909106634));
#3245=CARTESIAN_POINT('Origin',(0.,98.0776845381672,0.));
#3246=CARTESIAN_POINT('Origin',(0.,98.0776845381672,0.));
#3247=CARTESIAN_POINT('Origin',(0.,98.8661149477089,0.));
#3248=CARTESIAN_POINT('',(0.,99.6545453572506,15.4290909106634));
#3249=CARTESIAN_POINT('',(-1.88951867974974E-15,99.6545453572506,-15.4290909106634));
#3250=CARTESIAN_POINT('Origin',(0.,99.6545453572506,0.));
#3251=CARTESIAN_POINT('Origin',(0.,99.6545453572506,0.));
#3252=CARTESIAN_POINT('',(-1.88951867974974E-15,98.8661149477089,-15.4290909106634));
#3253=CARTESIAN_POINT('Origin',(0.,99.6545453572506,13.));
#3254=UNCERTAINTY_MEASURE_WITH_UNIT(LENGTH_MEASURE(0.01),#3258,
'DISTANCE_ACCURACY_VALUE',
'Maximum model space distance between geometric entities at asserted c
onnectivities');
#3255=UNCERTAINTY_MEASURE_WITH_UNIT(LENGTH_MEASURE(0.01),#3258,
'DISTANCE_ACCURACY_VALUE',
'Maximum model space distance between geometric entities at asserted c
onnectivities');
#3256=(
GEOMETRIC_REPRESENTATION_CONTEXT(3)
GLOBAL_UNCERTAINTY_ASSIGNED_CONTEXT((#3254))
GLOBAL_UNIT_ASSIGNED_CONTEXT((#3258,#3260,#3261))
REPRESENTATION_CONTEXT('','3D')
);
#3257=(
GEOMETRIC_REPRESENTATION_CONTEXT(3)
GLOBAL_UNCERTAINTY_ASSIGNED_CONTEXT((#3255))
GLOBAL_UNIT_ASSIGNED_CONTEXT((#3258,#3260,#3261))
REPRESENTATION_CONTEXT('','3D')
);
#3258=(
LENGTH_UNIT()
NAMED_UNIT(*)
SI_UNIT(.MILLI.,.METRE.)
);
#3259=(
LENGTH_UNIT()
NAMED_UNIT(*)
SI_UNIT(.CENTI.,.METRE.)
);
#3260=(
NAMED_UNIT(*)
PLANE_ANGLE_UNIT()
SI_UNIT($,.RADIAN.)
);
#3261=(
NAMED_UNIT(*)
SI_UNIT($,.STERADIAN.)
SOLID_ANGLE_UNIT()
);
#3262=SHAPE_DEFINITION_REPRESENTATION(#3263,#3264);
#3263=PRODUCT_DEFINITION_SHAPE('',$,#3266);
#3264=SHAPE_REPRESENTATION('',(#1709),#3256);
#3265=PRODUCT_DEFINITION_CONTEXT('part definition',#3270,'design');
#3266=PRODUCT_DEFINITION('T701-200kg','T701\X2\59165F6256FE\X0\',#3267,
#3265);
#3267=PRODUCT_DEFINITION_FORMATION('',$,#3272);
#3268=PRODUCT_RELATED_PRODUCT_CATEGORY('T701\X2\59165F6256FE\X0\',
'T701\X2\59165F6256FE\X0\',(#3272));
#3269=APPLICATION_PROTOCOL_DEFINITION('international standard',
'automotive_design',2009,#3270);
#3270=APPLICATION_CONTEXT(
'Core Data for Automotive Mechanical Design Process');
#3271=PRODUCT_CONTEXT('part definition',#3270,'mechanical');
#3272=PRODUCT('T701-200kg','T701\X2\59165F6256FE\X0\','T701\X2\4F20611F5668\X0\',
(#3271));
#3273=PRESENTATION_STYLE_ASSIGNMENT((#3274));
#3274=SURFACE_STYLE_USAGE(.BOTH.,#3277);
#3275=SURFACE_STYLE_RENDERING_WITH_PROPERTIES($,#3281,(#3276));
#3276=SURFACE_STYLE_TRANSPARENT(0.);
#3277=SURFACE_SIDE_STYLE('',(#3278,#3275));
#3278=SURFACE_STYLE_FILL_AREA(#3279);
#3279=FILL_AREA_STYLE('',(#3280));
#3280=FILL_AREA_STYLE_COLOUR('',#3281);
#3281=COLOUR_RGB('',0.745098039215686,0.737254901960784,0.729411764705882);
ENDSEC;
END-ISO-10303-21;
