# WaveFront *.obj file (generated by Autodesk ATF)

mtllib f3d8d93e-1a7f-4a4c-9505-7ea4ef08b441.zip.mtl

g Body1

v -14.250000 -15.500000 -26.650000
v -14.292593 -15.823524 -26.650000
v -14.417468 -16.125000 -26.650000
v -14.616117 -16.383883 -26.650000
v -14.875000 -16.582532 -26.650000
v -15.176476 -16.707407 -26.650000
v -15.500000 -16.750000 -26.650000
v -15.823524 -16.707407 -26.650000
v -16.125000 -16.582532 -26.650000
v -16.383883 -16.383883 -26.650000
v -16.582532 -16.125000 -26.650000
v -16.707407 -15.823524 -26.650000
v -16.750000 -15.500000 -26.650000
v -16.707407 -15.176476 -26.650000
v -16.582532 -14.875000 -26.650000
v -16.383883 -14.616117 -26.650000
v -16.125000 -14.417468 -26.650000
v -15.823524 -14.292593 -26.650000
v -15.500000 -14.250000 -26.650000
v -15.176476 -14.292593 -26.650000
v -14.875000 -14.417468 -26.650000
v -14.616117 -14.616117 -26.650000
v -14.417468 -14.875000 -26.650000
v -14.292593 -15.176476 -26.650000
v -14.250000 -15.500000 -23.650000
v -14.292593 -15.176476 -23.650000
v -14.417468 -14.875000 -23.650000
v -14.616117 -14.616117 -23.650000
v -14.875000 -14.417468 -23.650000
v -15.176476 -14.292593 -23.650000
v -15.500000 -14.250000 -23.650000
v -15.823524 -14.292593 -23.650000
v -16.125000 -14.417468 -23.650000
v -16.383883 -14.616117 -23.650000
v -16.582532 -14.875000 -23.650000
v -16.707407 -15.176476 -23.650000
v -16.750000 -15.500000 -23.650000
v -16.707407 -15.823524 -23.650000
v -16.582532 -16.125000 -23.650000
v -16.383883 -16.383883 -23.650000
v -16.125000 -16.582532 -23.650000
v -15.823524 -16.707407 -23.650000
v -15.500000 -16.750000 -23.650000
v -15.176476 -16.707407 -23.650000
v -14.875000 -16.582532 -23.650000
v -14.616117 -16.383883 -23.650000
v -14.417468 -16.125000 -23.650000
v -14.292593 -15.823524 -23.650000
v 16.750000 15.500000 -26.650000
v 16.707407 15.176476 -26.650000
v 16.582532 14.875000 -26.650000
v 16.383883 14.616117 -26.650000
v 16.125000 14.417468 -26.650000
v 15.823524 14.292593 -26.650000
v 15.500000 14.250000 -26.650000
v 15.176476 14.292593 -26.650000
v 14.875000 14.417468 -26.650000
v 14.616117 14.616117 -26.650000
v 14.417468 14.875000 -26.650000
v 14.292593 15.176476 -26.650000
v 14.250000 15.500000 -26.650000
v 14.292593 15.823524 -26.650000
v 14.417468 16.125000 -26.650000
v 14.616117 16.383883 -26.650000
v 14.875000 16.582532 -26.650000
v 15.176476 16.707407 -26.650000
v 15.500000 16.750000 -26.650000
v 15.823524 16.707407 -26.650000
v 16.125000 16.582532 -26.650000
v 16.383883 16.383883 -26.650000
v 16.582532 16.125000 -26.650000
v 16.707407 15.823524 -26.650000
v 16.750000 15.500000 -23.650000
v 16.707407 15.823524 -23.650000
v 16.582532 16.125000 -23.650000
v 16.383883 16.383883 -23.650000
v 16.125000 16.582532 -23.650000
v 15.823524 16.707407 -23.650000
v 15.500000 16.750000 -23.650000
v 15.176476 16.707407 -23.650000
v 14.875000 16.582532 -23.650000
v 14.616117 16.383883 -23.650000
v 14.417468 16.125000 -23.650000
v 14.292593 15.823524 -23.650000
v 14.250000 15.500000 -23.650000
v 14.292593 15.176476 -23.650000
v 14.417468 14.875000 -23.650000
v 14.616117 14.616117 -23.650000
v 14.875000 14.417468 -23.650000
v 15.176476 14.292593 -23.650000
v 15.500000 14.250000 -23.650000
v 15.823524 14.292593 -23.650000
v 16.125000 14.417468 -23.650000
v 16.383883 14.616117 -23.650000
v 16.582532 14.875000 -23.650000
v 16.707407 15.176476 -23.650000
v 18.100219 0.000219 -43.650000
v 17.865829 2.903664 -43.650000
v 17.168729 5.731910 -43.650000
v 16.026973 8.411709 -43.650000
v 14.470133 10.873654 -43.650000
v 12.538530 13.053984 -43.650000
v 10.282191 14.896227 -43.650000
v 7.759555 16.352672 -43.650000
v 5.035955 17.385597 -43.650000
v 2.181933 17.968250 -43.650000
v -0.728594 18.085540 -43.650000
v -3.620246 17.734430 -43.650000
v -6.418129 16.924013 -43.650000
v -9.049781 15.675279 -43.650000
v -11.447042 14.020569 -43.650000
v -13.547825 12.002739 -43.650000
v -15.297721 9.674051 -43.650000
v -16.651409 7.094815 -43.650000
v -17.573828 4.331833 -43.650000
v -18.041088 1.456664 -43.650000
v -18.041088 -1.456226 -43.650000
v -17.573828 -4.331394 -43.650000
v -16.651409 -7.094376 -43.650000
v -15.297721 -9.673612 -43.650000
v -13.547825 -12.002301 -43.650000
v -11.447042 -14.020130 -43.650000
v -9.049781 -15.674840 -43.650000
v -6.418129 -16.923575 -43.650000
v -3.620246 -17.733991 -43.650000
v -0.728594 -18.085102 -43.650000
v 2.181933 -17.967811 -43.650000
v 5.035955 -17.385158 -43.650000
v 7.759555 -16.352234 -43.650000
v 10.282191 -14.895789 -43.650000
v 12.538530 -13.053545 -43.650000
v 14.470133 -10.873216 -43.650000
v 16.026973 -8.411270 -43.650000
v 17.168729 -5.731471 -43.650000
v 17.865829 -2.903225 -43.650000
v 16.082748 8.304573 -23.650000
v 17.187673 5.674849 -23.650000
v 17.865743 2.904195 -23.650000
v 18.100116 0.061418 -23.650000
v 17.884972 -2.782878 -23.650000
v 17.225654 -5.558054 -23.650000
v 16.138536 -8.195190 -23.650000
v 14.650618 -10.628789 -23.650000
v 12.798852 -12.798413 -23.650000
v 10.629228 -14.650179 -23.650000
v 8.195628 -16.138098 -23.650000
v 5.558493 -17.225215 -23.650000
v 2.783316 -17.884533 -23.650000
v -0.060980 -18.099677 -23.650000
v -2.903756 -17.865304 -23.650000
v -5.674411 -17.187235 -23.650000
v -8.304134 -16.082309 -23.650000
v -8.304134 -16.082309 -26.650000
v -10.678264 -14.614157 -26.650000
v -12.798413 -12.798413 -26.650000
v -14.614157 -10.678264 -26.650000
v -16.082309 -8.304134 -26.650000
v -16.082309 -8.304134 -23.650000
v -17.187235 -5.674411 -23.650000
v -17.865304 -2.903756 -23.650000
v -18.099677 -0.060980 -23.650000
v -17.884533 2.783316 -23.650000
v -17.225215 5.558493 -23.650000
v -16.138098 8.195628 -23.650000
v -14.650179 10.629228 -23.650000
v -12.798413 12.798852 -23.650000
v -10.628789 14.650618 -23.650000
v -8.195190 16.138536 -23.650000
v -5.558054 17.225654 -23.650000
v -2.782878 17.884972 -23.650000
v 0.061418 18.100116 -23.650000
v 2.904195 17.865743 -23.650000
v 5.674849 17.187673 -23.650000
v 8.304573 16.082748 -23.650000
v 8.304573 16.082748 -26.650000
v 10.678702 14.614596 -26.650000
v 12.798852 12.798852 -26.650000
v 14.614596 10.678702 -26.650000
v 16.082748 8.304573 -26.650000
v -10.643987 14.639579 -38.297942
v -10.654126 14.632208 -38.172591
v -10.684667 14.609915 -38.048565
v -10.734761 14.573144 -37.934724
v -10.799528 14.525214 -37.837851
v -10.877938 14.466578 -37.758446
v -10.969279 14.397445 -37.697430
v -11.067960 14.321707 -37.660336
v -11.166986 14.244640 -37.647942
v -11.265423 14.166903 -37.659990
v -11.362546 14.089136 -37.696832
v -11.451484 14.016936 -37.757792
v -11.527079 13.954839 -37.837330
v -11.588884 13.903550 -37.934365
v -11.636315 13.863880 -38.048383
v -11.665065 13.839703 -38.172541
v -11.674567 13.831682 -38.297941
v -11.665064 13.839703 -38.423350
v -11.636308 13.863885 -38.547519
v -11.588873 13.903559 -38.661540
v -11.527077 13.954840 -38.758555
v -11.451467 14.016949 -38.838105
v -11.362531 14.089148 -38.899059
v -11.265417 14.166907 -38.935894
v -11.166987 14.244639 -38.947941
v -11.067972 14.321698 -38.935549
v -10.969309 14.397422 -38.898469
v -10.877971 14.466553 -38.837464
v -10.799531 14.525211 -38.758036
v -10.734783 14.573127 -38.661200
v -10.684680 14.609906 -38.547356
v -10.654128 14.632207 -38.423307
v -11.789158 13.734140 -38.297942
v -11.798526 13.726099 -38.172945
v -11.826780 13.701755 -38.049138
v -11.873194 13.661550 -37.935335
v -11.933317 13.609066 -37.838326
v -12.006203 13.544800 -37.758717
v -12.091213 13.468971 -37.697489
v -12.183093 13.385903 -37.660292
v -12.275268 13.301438 -37.647942
v -12.366831 13.216334 -37.660178
v -12.456997 13.131395 -37.697293
v -12.539390 13.052731 -37.758503
v -12.609266 12.985244 -37.838157
v -12.666336 12.929578 -37.935219
v -12.710057 12.886603 -38.049080
v -12.736528 12.860446 -38.172929
v -12.745270 12.851775 -38.297942
v -12.736528 12.860446 -38.422954
v -12.710056 12.886603 -38.546804
v -12.666336 12.929578 -38.660665
v -12.609266 12.985244 -38.757727
v -12.539389 13.052731 -38.837380
v -12.456996 13.131395 -38.898590
v -12.366831 13.216334 -38.935705
v -12.275268 13.301438 -38.947941
v -12.183095 13.385901 -38.935591
v -12.091217 13.468967 -38.898396
v -12.006208 13.544796 -38.837171
v -11.933317 13.609066 -38.757558
v -11.873198 13.661548 -38.660554
v -11.826782 13.701753 -38.546751
v -11.798526 13.726098 -38.422940
v -12.851337 12.745709 -38.297942
v -12.860008 12.736966 -38.172929
v -12.886164 12.710495 -38.049080
v -12.929139 12.666774 -37.935219
v -12.984805 12.609705 -37.838157
v -13.052292 12.539828 -37.758503
v -13.130956 12.457435 -37.697293
v -13.215895 12.367269 -37.660178
v -13.300999 12.275707 -37.647942
v -13.385464 12.183532 -37.660292
v -13.468532 12.091651 -37.697489
v -13.544362 12.006642 -37.758717
v -13.608627 11.933756 -37.838326
v -13.661112 11.873633 -37.935335
v -13.701316 11.827219 -38.049138
v -13.725660 11.798965 -38.172945
v -13.733702 11.789597 -38.297942
v -13.725660 11.798965 -38.422940
v -13.701315 11.827221 -38.546751
v -13.661109 11.873636 -38.660554
v -13.608627 11.933756 -38.757558
v -13.544357 12.006646 -38.837171
v -13.468528 12.091656 -38.898396
v -13.385462 12.183533 -38.935591
v -13.300999 12.275707 -38.947941
v -13.215895 12.367269 -38.935705
v -13.130956 12.457435 -38.898590
v -13.052292 12.539828 -38.837380
v -12.984805 12.609705 -38.757727
v -12.929139 12.666774 -38.660665
v -12.886164 12.710495 -38.546804
v -12.860008 12.736966 -38.422954
v -13.831243 11.675006 -38.297942
v -13.839264 11.665504 -38.172541
v -13.863441 11.636753 -38.048383
v -13.903112 11.589322 -37.934365
v -13.954400 11.527518 -37.837330
v -14.016497 11.451923 -37.757793
v -14.088697 11.362985 -37.696832
v -14.166464 11.265862 -37.659990
v -14.244201 11.167425 -37.647942
v -14.321268 11.068399 -37.660336
v -14.397006 10.969718 -37.697430
v -14.466139 10.878377 -37.758445
v -14.524775 10.799967 -37.837851
v -14.572705 10.735200 -37.934724
v -14.609476 10.685106 -38.048565
v -14.631769 10.654565 -38.172591
v -14.639141 10.644426 -38.297941
v -14.631768 10.654566 -38.423307
v -14.609467 10.685118 -38.547355
v -14.572689 10.735221 -38.661200
v -14.524773 10.799970 -38.758036
v -14.466115 10.878409 -38.837464
v -14.396983 10.969748 -38.898468
v -14.321259 11.068411 -38.935549
v -14.244201 11.167425 -38.947941
v -14.166469 11.265855 -38.935894
v -14.088709 11.362970 -38.899059
v -14.016511 11.451906 -38.838105
v -13.954401 11.527516 -38.758555
v -13.903121 11.589311 -38.661540
v -13.863446 11.636747 -38.547520
v -13.839265 11.665503 -38.423350
v 18.741940 13.981373 -26.650000
v 19.013269 14.812004 -26.650000
v 19.075288 15.683624 -26.650000
v 18.924300 16.544303 -26.650000
v 18.569302 17.342766 -26.650000
v 18.031442 18.031442 -26.650000
v 17.342766 18.569302 -26.650000
v 16.544303 18.924300 -26.650000
v 15.683624 19.075288 -26.650000
v 14.812004 19.013269 -26.650000
v 13.981373 18.741940 -26.650000
v 13.981373 18.741940 -23.650000
v 14.812004 19.013269 -23.650000
v 15.683624 19.075288 -23.650000
v 16.544303 18.924300 -23.650000
v 17.342766 18.569302 -23.650000
v 18.031442 18.031442 -23.650000
v 18.569302 17.342766 -23.650000
v 18.924300 16.544303 -23.650000
v 19.075288 15.683624 -23.650000
v 19.013269 14.812004 -23.650000
v 18.741940 13.981373 -23.650000
v -18.154747 22.150339 -38.297942
v -18.170408 22.134678 -38.129709
v -18.216325 22.088762 -37.972942
v -18.289367 22.015720 -37.838322
v -18.384557 21.920530 -37.735025
v -18.495408 21.809678 -37.670090
v -18.614367 21.690720 -37.647942
v -18.733325 21.571762 -37.670090
v -18.844176 21.460910 -37.735025
v -18.939367 21.365720 -37.838322
v -19.012409 21.292678 -37.972942
v -19.058325 21.246762 -38.129709
v -19.073986 21.231100 -38.297942
v -19.058325 21.246762 -38.466174
v -19.012409 21.292678 -38.622942
v -18.939367 21.365720 -38.757561
v -18.844176 21.460910 -38.860858
v -18.733325 21.571762 -38.925793
v -18.614367 21.690720 -38.947942
v -18.495408 21.809678 -38.925793
v -18.384557 21.920530 -38.860858
v -18.289367 22.015720 -38.757561
v -18.216325 22.088762 -38.622942
v -18.170408 22.134678 -38.466174
v -19.180052 21.125034 -38.297942
v -19.195713 21.109373 -38.129709
v -19.241629 21.063457 -37.972942
v -19.314671 20.990415 -37.838322
v -19.409862 20.895225 -37.735025
v -19.520713 20.784373 -37.670090
v -19.639671 20.665415 -37.647942
v -19.758630 20.546457 -37.670090
v -19.869481 20.435605 -37.735025
v -19.964671 20.340415 -37.838322
v -20.037714 20.267373 -37.972942
v -20.083630 20.221457 -38.129709
v -20.099291 20.205796 -38.297942
v -20.083630 20.221457 -38.466174
v -20.037714 20.267373 -38.622942
v -19.964671 20.340415 -38.757561
v -19.869481 20.435605 -38.860858
v -19.758630 20.546457 -38.925793
v -19.639671 20.665415 -38.947942
v -19.520713 20.784373 -38.925793
v -19.409862 20.895225 -38.860858
v -19.314671 20.990415 -38.757561
v -19.241629 21.063457 -38.622942
v -19.195713 21.109373 -38.466174
v -20.205357 20.099730 -38.297942
v -20.221018 20.084068 -38.129709
v -20.266934 20.038152 -37.972942
v -20.339976 19.965110 -37.838322
v -20.435167 19.869920 -37.735025
v -20.546018 19.759068 -37.670090
v -20.664976 19.640110 -37.647942
v -20.783935 19.521152 -37.670090
v -20.894786 19.410300 -37.735025
v -20.989976 19.315110 -37.838322
v -21.063018 19.242068 -37.972942
v -21.108935 19.196152 -38.129709
v -21.124596 19.180491 -38.297942
v -21.108935 19.196152 -38.466174
v -21.063018 19.242068 -38.622942
v -20.989976 19.315110 -38.757561
v -20.894786 19.410300 -38.860858
v -20.783935 19.521152 -38.925793
v -20.664976 19.640110 -38.947942
v -20.546018 19.759068 -38.925793
v -20.435167 19.869920 -38.860858
v -20.339976 19.965110 -38.757561
v -20.266934 20.038152 -38.622942
v -20.221018 20.084068 -38.466174
v -21.230662 19.074425 -38.297942
v -21.246323 19.058764 -38.129709
v -21.292239 19.012847 -37.972942
v -21.365281 18.939805 -37.838322
v -21.460471 18.844615 -37.735025
v -21.571323 18.733764 -37.670090
v -21.690281 18.614805 -37.647942
v -21.809239 18.495847 -37.670090
v -21.920091 18.384996 -37.735025
v -22.015281 18.289805 -37.838322
v -22.088323 18.216763 -37.972942
v -22.134239 18.170847 -38.129709
v -22.149901 18.155186 -38.297942
v -22.134239 18.170847 -38.466174
v -22.088323 18.216763 -38.622942
v -22.015281 18.289805 -38.757561
v -21.920091 18.384996 -38.860858
v -21.809239 18.495847 -38.925793
v -21.690281 18.614805 -38.947942
v -21.571323 18.733764 -38.925793
v -21.460471 18.844615 -38.860858
v -21.365281 18.939805 -38.757561
v -21.292239 19.012847 -38.622942
v -21.246323 19.058764 -38.466174
v -18.741501 -13.980935 -23.650000
v -19.012831 -14.811565 -23.650000
v -19.074849 -15.683185 -23.650000
v -18.923861 -16.543865 -23.650000
v -18.568863 -17.342328 -23.650000
v -18.031004 -18.031004 -23.650000
v -17.342328 -18.568863 -23.650000
v -16.543865 -18.923861 -23.650000
v -15.683185 -19.074849 -23.650000
v -14.811565 -19.012831 -23.650000
v -13.980935 -18.741501 -23.650000
v -13.980935 -18.741501 -26.650000
v -18.741501 -13.980935 -26.650000
v -14.811565 -19.012831 -26.650000
v -15.683185 -19.074849 -26.650000
v -16.543865 -18.923861 -26.650000
v -17.342328 -18.568863 -26.650000
v -18.031004 -18.031004 -26.650000
v -18.568863 -17.342328 -26.650000
v -18.923861 -16.543865 -26.650000
v -19.074849 -15.683185 -26.650000
v -19.012831 -14.811565 -26.650000
vt 5.396577 -0.032725 0.000000
vt 5.696577 -0.032725 0.000000
vt 5.396577 0.000000 0.000000
vt 5.696577 0.000000 0.000000
vt 5.396577 0.032725 0.000000
vt 5.696577 0.032725 0.000000
vt 5.396577 0.065450 0.000000
vt 5.696577 0.065450 0.000000
vt 5.396577 0.098175 0.000000
vt 5.696577 0.098175 0.000000
vt 5.396577 0.130900 0.000000
vt 5.696577 0.130900 0.000000
vt 5.396577 0.163625 0.000000
vt 5.696577 0.163625 0.000000
vt 5.396577 0.196350 0.000000
vt 5.696577 0.196350 0.000000
vt 5.396577 0.229074 0.000000
vt 5.696577 0.229074 0.000000
vt 5.396577 0.261799 0.000000
vt 5.696577 0.261799 0.000000
vt 5.396577 0.294524 0.000000
vt 5.696577 0.294524 0.000000
vt 5.396577 0.327249 0.000000
vt 5.696577 0.327249 0.000000
vt 5.396577 0.359974 0.000000
vt 5.696577 0.359974 0.000000
vt 5.396577 0.392699 0.000000
vt 5.696577 0.392699 0.000000
vt 5.396577 -0.392699 0.000000
vt 5.696577 -0.392699 0.000000
vt 5.396577 -0.359974 0.000000
vt 5.696577 -0.359974 0.000000
vt 5.396577 -0.327249 0.000000
vt 5.696577 -0.327249 0.000000
vt 5.396577 -0.294524 0.000000
vt 5.696577 -0.294524 0.000000
vt 5.396577 -0.261799 0.000000
vt 5.696577 -0.261799 0.000000
vt 5.396577 -0.229074 0.000000
vt 5.696577 -0.229074 0.000000
vt 5.396577 -0.196350 0.000000
vt 5.696577 -0.196350 0.000000
vt 5.396577 -0.163625 0.000000
vt 5.696577 -0.163625 0.000000
vt 5.396577 -0.130900 0.000000
vt 5.696577 -0.130900 0.000000
vt 5.396577 -0.098175 0.000000
vt 5.696577 -0.098175 0.000000
vt 5.396577 -0.065450 0.000000
vt 5.696577 -0.065450 0.000000
vt 5.396577 -0.032725 0.000000
vt 5.696577 -0.032725 0.000000
vt 5.396577 0.000000 0.000000
vt 5.696577 0.000000 0.000000
vt 5.396577 0.032725 0.000000
vt 5.696577 0.032725 0.000000
vt 5.396577 0.065450 0.000000
vt 5.696577 0.065450 0.000000
vt 5.396577 0.098175 0.000000
vt 5.696577 0.098175 0.000000
vt 5.396577 0.130900 0.000000
vt 5.696577 0.130900 0.000000
vt 5.396577 0.163625 0.000000
vt 5.696577 0.163625 0.000000
vt 5.396577 0.196350 0.000000
vt 5.696577 0.196350 0.000000
vt 5.396577 0.229074 0.000000
vt 5.696577 0.229074 0.000000
vt 5.396577 0.261799 0.000000
vt 5.696577 0.261799 0.000000
vt 5.396577 0.294524 0.000000
vt 5.696577 0.294524 0.000000
vt 5.396577 0.327249 0.000000
vt 5.696577 0.327249 0.000000
vt 5.396577 0.359974 0.000000
vt 5.696577 0.359974 0.000000
vt 5.396577 0.392699 0.000000
vt 5.696577 0.392699 0.000000
vt 5.396577 -0.392699 0.000000
vt 5.696577 -0.392699 0.000000
vt 5.396577 -0.359974 0.000000
vt 5.696577 -0.359974 0.000000
vt 5.396577 -0.327249 0.000000
vt 5.696577 -0.327249 0.000000
vt 5.396577 -0.294524 0.000000
vt 5.696577 -0.294524 0.000000
vt 5.396577 -0.261799 0.000000
vt 5.696577 -0.261799 0.000000
vt 5.396577 -0.229074 0.000000
vt 5.696577 -0.229074 0.000000
vt 5.396577 -0.196350 0.000000
vt 5.696577 -0.196350 0.000000
vt 5.396577 -0.163625 0.000000
vt 5.696577 -0.163625 0.000000
vt 5.396577 -0.130900 0.000000
vt 5.696577 -0.130900 0.000000
vt 5.396577 -0.098175 0.000000
vt 5.696577 -0.098175 0.000000
vt 5.396577 -0.065450 0.000000
vt 5.696577 -0.065450 0.000000
vt -3.696577 0.291604 0.000000
vt -5.696577 0.006120 0.000000
vt -3.696577 0.000000 0.000000
vt -5.696577 -0.279418 0.000000
vt -3.696577 -0.291604 0.000000
vt -5.696577 -0.564956 0.000000
vt -3.696577 -0.583208 0.000000
vt -5.696577 -0.850494 0.000000
vt -3.696577 -0.874813 0.000000
vt -5.696577 -1.136033 0.000000
vt -3.696577 -1.166417 0.000000
vt -5.696577 -1.421571 0.000000
vt -3.696577 -1.458021 0.000000
vt -5.696577 -1.707109 0.000000
vt -3.696577 -1.749625 0.000000
vt -5.696577 -1.992647 0.000000
vt -3.696577 -2.041230 0.000000
vt -5.696577 -2.278185 0.000000
vt -3.696577 -2.332834 0.000000
vt -5.696577 -2.563723 0.000000
vt -3.696577 -2.624438 0.000000
vt -5.696577 -2.849261 0.000000
vt -3.696577 -2.916042 0.000000
vt -5.696577 -3.134799 0.000000
vt -3.696577 -3.207647 0.000000
vt -5.696577 -3.420338 0.000000
vt -3.696577 -3.499251 0.000000
vt -5.396577 -3.705876 0.000000
vt -3.696577 -3.790855 0.000000
vt -5.396577 -3.985294 0.000000
vt -3.696577 -4.082459 0.000000
vt -5.396577 -4.264712 0.000000
vt -3.696577 -4.374064 0.000000
vt -5.396577 -4.544130 0.000000
vt -3.696577 -4.665668 0.000000
vt -5.396577 -4.823548 0.000000
vt -3.696577 -4.957272 0.000000
vt -5.696577 -4.823548 0.000000
vt -5.696577 -5.109087 0.000000
vt -3.696577 0.583208 0.000000
vt -5.696577 0.577196 0.000000
vt -5.696577 0.291658 0.000000
vt -5.396577 0.862734 0.000000
vt -3.696577 0.874813 0.000000
vt -5.396577 1.142152 0.000000
vt -3.696577 1.166417 0.000000
vt -5.396577 1.421571 0.000000
vt -3.696577 1.458021 0.000000
vt -5.396577 1.700989 0.000000
vt -3.696577 1.749625 0.000000
vt -5.396577 1.980407 0.000000
vt -3.696577 2.041230 0.000000
vt -5.696577 1.980407 0.000000
vt -5.696577 2.265945 0.000000
vt -3.696577 2.332834 0.000000
vt -5.696577 2.551483 0.000000
vt -3.696577 2.624438 0.000000
vt -5.696577 2.837021 0.000000
vt -3.696577 2.916042 0.000000
vt -5.696577 3.122560 0.000000
vt -3.696577 3.207647 0.000000
vt -5.696577 3.408098 0.000000
vt -3.696577 3.499251 0.000000
vt -5.696577 3.693636 0.000000
vt -3.696577 3.790855 0.000000
vt -4.231783 3.981052 0.000000
vt -4.219246 3.982306 0.000000
vt -3.696577 4.082459 0.000000
vt -4.206841 3.986089 0.000000
vt -4.195457 3.992304 0.000000
vt -4.185773 4.000359 0.000000
vt -4.177830 4.010154 0.000000
vt -4.171730 4.021609 0.000000
vt -4.168022 4.034046 0.000000
vt -4.166783 4.046593 0.000000
vt -4.167987 4.059135 0.000000
vt -4.171671 4.071576 0.000000
vt -4.177766 4.083031 0.000000
vt -4.185721 4.092816 0.000000
vt -4.195423 4.100846 0.000000
vt -4.206825 4.107030 0.000000
vt -4.206902 4.132044 0.000000
vt -4.219242 4.110787 0.000000
vt -4.219283 4.128314 0.000000
vt -4.231783 4.127079 0.000000
vt -3.696577 4.374064 0.000000
vt -4.177839 4.228442 0.000000
vt -4.171718 4.217050 0.000000
vt -4.168006 4.204663 0.000000
vt -3.696577 4.665668 0.000000
vt -4.171730 4.507815 0.000000
vt -4.168022 4.495378 0.000000
vt -4.166783 4.482831 0.000000
vt -3.696577 4.957272 0.000000
vt -5.696577 4.835788 0.000000
vt -5.696577 4.550250 0.000000
vt -4.231783 4.548372 0.000000
vt -4.244318 4.547118 0.000000
vt -4.256720 4.543337 0.000000
vt -4.268105 4.537123 0.000000
vt -4.277792 4.529066 0.000000
vt -4.285732 4.519275 0.000000
vt -4.291834 4.507819 0.000000
vt -4.295543 4.495380 0.000000
vt -4.296783 4.482831 0.000000
vt -4.295578 4.470288 0.000000
vt -4.291894 4.457846 0.000000
vt -4.285798 4.446391 0.000000
vt -4.277844 4.436608 0.000000
vt -4.277744 4.383259 0.000000
vt -4.268140 4.428576 0.000000
vt -4.268043 4.391240 0.000000
vt -4.256739 4.422393 0.000000
vt -4.256663 4.397381 0.000000
vt -4.244323 4.418637 0.000000
vt -4.244282 4.401110 0.000000
vt -4.231783 4.402345 0.000000
vt -5.696577 5.121326 0.000000
vt -3.696577 5.248876 0.000000
vt -5.696577 5.406864 0.000000
vt -3.696577 5.540481 0.000000
vt -5.696577 5.692403 0.000000
vt -3.696577 5.832085 0.000000
vt -5.696577 -5.680163 0.000000
vt -3.696577 -5.540481 0.000000
vt -5.696577 -5.394625 0.000000
vt -3.696577 -5.248876 0.000000
vt -5.696577 0.862734 0.000000
vt -5.696577 -3.705876 0.000000
vt -5.696577 4.264712 0.000000
vt -4.285705 4.373542 0.000000
vt -4.291828 4.362150 0.000000
vt -4.295548 4.349764 0.000000
vt -4.296783 4.337262 0.000000
vt -4.295559 4.324761 0.000000
vt -4.291848 4.312374 0.000000
vt -4.285727 4.300982 0.000000
vt -4.277761 4.291268 0.000000
vt -4.268055 4.283295 0.000000
vt -4.256669 4.277165 0.000000
vt -4.244284 4.273443 0.000000
vt -4.231783 4.272212 0.000000
vt -4.231783 4.257212 0.000000
vt -4.219282 4.255981 0.000000
vt -5.696577 3.979174 0.000000
vt -4.277744 4.146165 0.000000
vt -4.285705 4.155882 0.000000
vt -4.291828 4.167274 0.000000
vt -4.244318 3.982306 0.000000
vt -4.256720 3.986087 0.000000
vt -4.268105 3.992301 0.000000
vt -4.277792 4.000358 0.000000
vt -4.285732 4.010149 0.000000
vt -4.291834 4.021605 0.000000
vt -4.295543 4.034044 0.000000
vt -4.296783 4.046593 0.000000
vt -4.295578 4.059136 0.000000
vt -4.291894 4.071578 0.000000
vt -4.285798 4.083033 0.000000
vt -4.277844 4.092816 0.000000
vt -4.268140 4.100848 0.000000
vt -4.268043 4.138184 0.000000
vt -4.256739 4.107031 0.000000
vt -4.256663 4.132044 0.000000
vt -4.244323 4.110788 0.000000
vt -4.244282 4.128314 0.000000
vt -4.231783 4.112031 0.000000
vt -4.295548 4.179660 0.000000
vt -4.296783 4.192162 0.000000
vt -4.295559 4.204663 0.000000
vt -4.291848 4.217050 0.000000
vt -4.285727 4.228442 0.000000
vt -4.277761 4.238156 0.000000
vt -4.268055 4.246129 0.000000
vt -4.256669 4.252259 0.000000
vt -4.244284 4.255981 0.000000
vt -4.219281 4.273443 0.000000
vt -4.206897 4.252259 0.000000
vt -4.206897 4.277165 0.000000
vt -4.195510 4.246129 0.000000
vt -4.195510 4.283295 0.000000
vt -4.185804 4.238156 0.000000
vt -4.166783 4.192162 0.000000
vt -4.168018 4.179660 0.000000
vt -4.171737 4.167274 0.000000
vt -4.177860 4.155883 0.000000
vt -4.185821 4.146165 0.000000
vt -4.195521 4.138185 0.000000
vt -4.219283 4.401110 0.000000
vt -4.219242 4.418637 0.000000
vt -4.231783 4.417393 0.000000
vt -4.206902 4.397380 0.000000
vt -4.206825 4.422394 0.000000
vt -4.195423 4.428578 0.000000
vt -4.185721 4.436608 0.000000
vt -4.177766 4.446393 0.000000
vt -4.171671 4.457848 0.000000
vt -4.167987 4.470289 0.000000
vt -4.195521 4.391239 0.000000
vt -4.185821 4.383259 0.000000
vt -4.177860 4.373541 0.000000
vt -4.171737 4.362150 0.000000
vt -4.168018 4.349764 0.000000
vt -4.166783 4.337262 0.000000
vt -4.168006 4.324761 0.000000
vt -4.171718 4.312374 0.000000
vt -4.177839 4.300982 0.000000
vt -4.185804 4.291268 0.000000
vt -4.219246 4.547118 0.000000
vt -4.206841 4.543335 0.000000
vt -4.195457 4.537120 0.000000
vt -4.185773 4.529065 0.000000
vt -4.177831 4.519271 0.000000
vt -5.696577 -0.156831 0.000000
vt -5.396577 -0.156831 0.000000
vt -5.696577 -0.069230 0.000000
vt -5.396577 -0.069230 0.000000
vt -5.696577 0.018370 0.000000
vt -5.396577 0.018370 0.000000
vt -5.696577 0.105971 0.000000
vt -5.396577 0.105971 0.000000
vt -5.696577 0.193572 0.000000
vt -5.396577 0.193572 0.000000
vt -5.696577 0.281173 0.000000
vt -5.396577 0.281173 0.000000
vt -5.696577 0.368773 0.000000
vt -5.396577 0.368773 0.000000
vt -5.696577 0.456374 0.000000
vt -5.396577 0.456374 0.000000
vt -5.696577 0.543975 0.000000
vt -5.396577 0.543975 0.000000
vt -5.696577 0.631575 0.000000
vt -5.396577 0.631575 0.000000
vt -5.696577 0.719176 0.000000
vt -5.396577 0.719176 0.000000
vt 0.000000 0.017017 0.000000
vt -1.061986 0.012618 0.000000
vt -0.000000 -0.000000 0.000000
vt -1.062182 -0.000000 0.000000
vt -1.061986 -0.012619 0.000000
vt -1.061403 0.025594 0.000000
vt 0.000000 0.034034 0.000000
vt -1.060461 0.038553 0.000000
vt -0.000000 0.051051 0.000000
vt -1.059270 0.051118 0.000000
vt -1.057872 0.063667 0.000000
vt 0.000000 0.068068 0.000000
vt -1.056302 0.076574 0.000000
vt 0.000000 0.085085 0.000000
vt -1.054679 0.089476 0.000000
vt -0.000000 0.102102 0.000000
vt -1.053127 0.102010 0.000000
vt -1.051663 0.114546 0.000000
vt -0.000000 0.119119 0.000000
vt -1.050294 0.127473 0.000000
vt -0.000000 0.136136 0.000000
vt -1.049111 0.140419 0.000000
vt 0.000000 0.153153 0.000000
vt -1.048156 0.153012 0.000000
vt -1.047413 0.165608 0.000000
vt -0.000000 0.170170 0.000000
vt -1.046864 0.178590 0.000000
vt -0.000000 0.187187 0.000000
vt -1.046541 0.191581 0.000000
vt 0.000000 0.204204 0.000000
vt -1.046436 0.204204 0.000000
vt -1.046436 -0.204204 0.000000
vt 0.000000 -0.204204 0.000000
vt -1.046541 -0.191580 0.000000
vt -0.000000 -0.187187 0.000000
vt -1.046864 -0.178588 0.000000
vt -0.000000 -0.170170 0.000000
vt -1.047413 -0.165605 0.000000
vt 0.000000 -0.153153 0.000000
vt -1.048156 -0.153012 0.000000
vt -1.049111 -0.140416 0.000000
vt -0.000000 -0.136136 0.000000
vt -1.050295 -0.127471 0.000000
vt -0.000000 -0.119119 0.000000
vt -1.051663 -0.114546 0.000000
vt 0.000000 -0.102102 0.000000
vt -1.053127 -0.102010 0.000000
vt -1.054679 -0.089477 0.000000
vt 0.000000 -0.085085 0.000000
vt -1.056301 -0.076578 0.000000
vt 0.000000 -0.068068 0.000000
vt -1.057872 -0.063672 0.000000
vt -0.000000 -0.051051 0.000000
vt -1.059270 -0.051118 0.000000
vt -1.060461 -0.038557 0.000000
vt 0.000000 -0.034034 0.000000
vt -1.061403 -0.025598 0.000000
vt 0.000000 -0.017017 0.000000
vt 0.000000 0.017017 0.000000
vt -1.045136 0.012581 0.000000
vt -0.000000 -0.000000 0.000000
vt -1.045230 -0.000000 0.000000
vt -1.045136 -0.012582 0.000000
vt -1.044860 0.025532 0.000000
vt 0.000000 0.034034 0.000000
vt -1.044421 0.038479 0.000000
vt -0.000000 0.051051 0.000000
vt -1.043881 0.051050 0.000000
vt -1.043271 0.063619 0.000000
vt 0.000000 0.068068 0.000000
vt -1.042622 0.076558 0.000000
vt -0.000000 0.085085 0.000000
vt -1.041999 0.089499 0.000000
vt -0.000000 0.102102 0.000000
vt -1.041454 0.102072 0.000000
vt -1.040997 0.114645 0.000000
vt -0.000000 0.119119 0.000000
vt -1.040627 0.127594 0.000000
vt -0.000000 0.136136 0.000000
vt -1.040364 0.140546 0.000000
vt 0.000000 0.153153 0.000000
vt -1.040195 0.153129 0.000000
vt -1.040096 0.165711 0.000000
vt -0.000000 0.170170 0.000000
vt -1.040043 0.178665 0.000000
vt -0.000000 0.187187 0.000000
vt -1.040021 0.191620 0.000000
vt -0.000000 0.204204 0.000000
vt -1.040016 0.204204 0.000000
vt -1.040016 -0.204204 0.000000
vt -0.000000 -0.204204 0.000000
vt -1.040021 -0.191620 0.000000
vt -0.000000 -0.187187 0.000000
vt -1.040043 -0.178665 0.000000
vt -0.000000 -0.170170 0.000000
vt -1.040096 -0.165711 0.000000
vt 0.000000 -0.153153 0.000000
vt -1.040195 -0.153129 0.000000
vt -1.040364 -0.140546 0.000000
vt -0.000000 -0.136136 0.000000
vt -1.040627 -0.127594 0.000000
vt -0.000000 -0.119119 0.000000
vt -1.040997 -0.114645 0.000000
vt 0.000000 -0.102102 0.000000
vt -1.041454 -0.102072 0.000000
vt -1.041999 -0.089499 0.000000
vt 0.000000 -0.085085 0.000000
vt -1.042622 -0.076559 0.000000
vt 0.000000 -0.068068 0.000000
vt -1.043271 -0.063619 0.000000
vt -0.000000 -0.051051 0.000000
vt -1.043881 -0.051050 0.000000
vt -1.044421 -0.038480 0.000000
vt 0.000000 -0.034034 0.000000
vt -1.044860 -0.025532 0.000000
vt 0.000000 -0.017017 0.000000
vt -0.000000 0.017017 0.000000
vt -1.040021 0.012583 0.000000
vt -0.000000 0.000000 0.000000
vt -1.040016 -0.000000 0.000000
vt -1.040021 -0.012583 0.000000
vt -1.040043 0.025538 0.000000
vt -0.000000 0.034034 0.000000
vt -1.040096 0.038493 0.000000
vt 0.000000 0.051051 0.000000
vt -1.040195 0.051074 0.000000
vt -1.040364 0.063657 0.000000
vt -0.000000 0.068068 0.000000
vt -1.040627 0.076609 0.000000
vt -0.000000 0.085085 0.000000
vt -1.040997 0.089559 0.000000
vt -0.000000 0.102102 0.000000
vt -1.041454 0.102132 0.000000
vt -1.041999 0.114704 0.000000
vt 0.000000 0.119119 0.000000
vt -1.042622 0.127645 0.000000
vt 0.000000 0.136136 0.000000
vt -1.043271 0.140585 0.000000
vt -0.000000 0.153153 0.000000
vt -1.043881 0.153153 0.000000
vt -1.044421 0.165725 0.000000
vt 0.000000 0.170170 0.000000
vt -1.044860 0.178672 0.000000
vt 0.000000 0.187187 0.000000
vt -1.045136 0.191622 0.000000
vt -0.000000 0.204204 0.000000
vt -1.045230 0.204204 0.000000
vt -1.045230 -0.204204 0.000000
vt -0.000000 -0.204204 0.000000
vt -1.045136 -0.191622 0.000000
vt 0.000000 -0.187187 0.000000
vt -1.044860 -0.178671 0.000000
vt 0.000000 -0.170170 0.000000
vt -1.044421 -0.165724 0.000000
vt -0.000000 -0.153153 0.000000
vt -1.043881 -0.153153 0.000000
vt -1.043271 -0.140584 0.000000
vt 0.000000 -0.136136 0.000000
vt -1.042622 -0.127645 0.000000
vt 0.000000 -0.119119 0.000000
vt -1.041999 -0.114704 0.000000
vt 0.000000 -0.102102 0.000000
vt -1.041454 -0.102132 0.000000
vt -1.040997 -0.089559 0.000000
vt -0.000000 -0.085085 0.000000
vt -1.040627 -0.076609 0.000000
vt -0.000000 -0.068068 0.000000
vt -1.040364 -0.063657 0.000000
vt 0.000000 -0.051051 0.000000
vt -1.040195 -0.051074 0.000000
vt -1.040096 -0.038493 0.000000
vt -0.000000 -0.034034 0.000000
vt -1.040043 -0.025538 0.000000
vt -0.000000 -0.017017 0.000000
vt -0.000000 0.017017 0.000000
vt -1.046541 0.012623 0.000000
vt 0.000000 0.000000 0.000000
vt -1.046436 -0.000000 0.000000
vt -1.046541 -0.012623 0.000000
vt -1.046864 0.025614 0.000000
vt -0.000000 0.034034 0.000000
vt -1.047413 0.038596 0.000000
vt 0.000000 0.051051 0.000000
vt -1.048156 0.051191 0.000000
vt -1.049111 0.063785 0.000000
vt -0.000000 0.068068 0.000000
vt -1.050294 0.076730 0.000000
vt -0.000000 0.085085 0.000000
vt -1.051663 0.089657 0.000000
vt -0.000000 0.102102 0.000000
vt -1.053127 0.102194 0.000000
vt -1.054679 0.114728 0.000000
vt 0.000000 0.119119 0.000000
vt -1.056302 0.127630 0.000000
vt 0.000000 0.136136 0.000000
vt -1.057872 0.140536 0.000000
vt -0.000000 0.153153 0.000000
vt -1.059270 0.153086 0.000000
vt -1.060461 0.165651 0.000000
vt 0.000000 0.170170 0.000000
vt -1.061403 0.178610 0.000000
vt -0.000000 0.187187 0.000000
vt -1.061986 0.191586 0.000000
vt -0.000000 0.204204 0.000000
vt -1.062182 0.204204 0.000000
vt -1.062182 -0.204204 0.000000
vt -0.000000 -0.204204 0.000000
vt -1.061986 -0.191585 0.000000
vt 0.000000 -0.187187 0.000000
vt -1.061403 -0.178606 0.000000
vt 0.000000 -0.170170 0.000000
vt -1.060461 -0.165646 0.000000
vt -0.000000 -0.153153 0.000000
vt -1.059270 -0.153085 0.000000
vt -1.057872 -0.140532 0.000000
vt 0.000000 -0.136136 0.000000
vt -1.056301 -0.127626 0.000000
vt 0.000000 -0.119119 0.000000
vt -1.054679 -0.114726 0.000000
vt 0.000000 -0.102102 0.000000
vt -1.053127 -0.102194 0.000000
vt -1.051663 -0.089658 0.000000
vt -0.000000 -0.085085 0.000000
vt -1.050295 -0.076732 0.000000
vt -0.000000 -0.068068 0.000000
vt -1.049111 -0.063787 0.000000
vt 0.000000 -0.051051 0.000000
vt -1.048156 -0.051192 0.000000
vt -1.047413 -0.038598 0.000000
vt -0.000000 -0.034034 0.000000
vt -1.046864 -0.025616 0.000000
vt -0.000000 -0.017017 0.000000
vt -0.719543 0.058275 0.000000
vt -0.120741 0.032352 0.000000
vt -0.151863 0.324194 0.000000
vt -0.108253 0.062500 0.000000
vt -0.088388 0.088388 0.000000
vt -0.982515 0.168767 0.000000
vt -2.369519 0.063854 0.000000
vt 0.058275 -0.719543 0.000000
vt -0.088388 -0.088388 0.000000
vt -0.062500 -0.108253 0.000000
vt -0.032352 -0.120741 0.000000
vt -0.000000 -0.125000 0.000000
vt 0.032352 -0.120741 0.000000
vt 0.324194 -0.151863 0.000000
vt 0.062500 -0.108253 0.000000
vt 0.088388 -0.088388 0.000000
vt 0.108253 -0.062500 0.000000
vt 0.120741 -0.032352 0.000000
vt 0.351327 -0.068800 0.000000
vt 0.125000 0.000000 0.000000
vt 0.357529 0.018362 0.000000
vt 0.120741 0.032352 0.000000
vt 0.342430 0.104430 0.000000
vt 0.108253 0.062500 0.000000
vt 0.306930 0.184277 0.000000
vt 0.088388 0.088388 0.000000
vt 0.253144 0.253144 0.000000
vt 0.184277 0.306930 0.000000
vt -2.105805 0.172565 0.000000
vt -1.259581 0.236574 0.000000
vt -1.828288 0.238497 0.000000
vt -1.543858 0.260012 0.000000
vt -2.612879 -0.084938 0.000000
vt -2.829841 -0.270115 0.000000
vt -3.015018 -0.487077 0.000000
vt -3.163810 -0.730437 0.000000
vt 0.168767 -0.982515 0.000000
vt -3.272522 -0.994151 0.000000
vt 0.236574 -1.259581 0.000000
vt -3.338453 -1.271668 0.000000
vt 0.260012 -1.543858 0.000000
vt -3.359968 -1.556098 0.000000
vt 0.238497 -1.828288 0.000000
vt -3.336530 -1.840376 0.000000
vt 0.172565 -2.105805 0.000000
vt -3.268723 -2.117441 0.000000
vt 0.063854 -2.369519 0.000000
vt -3.158231 -2.380413 0.000000
vt -0.084938 -2.612879 0.000000
vt -0.270115 -2.829841 0.000000
vt -0.487077 -3.015018 0.000000
vt -0.730437 -3.163810 0.000000
vt -2.380413 -3.158231 0.000000
vt -2.117441 -3.268723 0.000000
vt -3.424150 -2.948093 0.000000
vt -3.132352 -2.979259 0.000000
vt -3.100000 -2.975000 0.000000
vt -3.067648 -2.979259 0.000000
vt -3.451283 -3.031157 0.000000
vt -3.220741 -3.067648 0.000000
vt -3.208253 -3.037500 0.000000
vt -3.188388 -3.011612 0.000000
vt -3.225000 -3.100000 0.000000
vt -3.457485 -3.118318 0.000000
vt -3.220741 -3.132352 0.000000
vt -3.442386 -3.204386 0.000000
vt -3.208253 -3.162500 0.000000
vt -3.406886 -3.284233 0.000000
vt -3.188388 -3.188388 0.000000
vt -3.353100 -3.353100 0.000000
vt -3.284233 -3.406886 0.000000
vt -3.162500 -3.208253 0.000000
vt -3.204386 -3.442386 0.000000
vt -3.132352 -3.220741 0.000000
vt -3.118318 -3.457485 0.000000
vt -3.100000 -3.225000 0.000000
vt -3.031157 -3.451283 0.000000
vt -3.067648 -3.220741 0.000000
vt -2.948093 -3.424150 0.000000
vt -3.037500 -3.208253 0.000000
vt -3.011612 -3.188388 0.000000
vt -2.991747 -3.162500 0.000000
vt -2.979259 -3.132352 0.000000
vt -2.975000 -3.100000 0.000000
vt -2.979259 -3.067648 0.000000
vt -2.991747 -3.037500 0.000000
vt -3.011612 -3.011612 0.000000
vt -3.037500 -2.991747 0.000000
vt -0.994151 -3.272522 0.000000
vt -1.840376 -3.336530 0.000000
vt -1.271668 -3.338453 0.000000
vt -1.556098 -3.359968 0.000000
vt 0.062500 0.108253 0.000000
vt 0.104430 0.342430 0.000000
vt 0.032352 0.120741 0.000000
vt 0.018362 0.357529 0.000000
vt -0.000000 0.125000 0.000000
vt -0.068800 0.351327 0.000000
vt -0.032352 0.120741 0.000000
vt -0.062500 0.108253 0.000000
vt -3.162500 -2.991747 0.000000
vt -0.108253 -0.062500 0.000000
vt -0.120741 -0.032352 0.000000
vt -0.125000 0.000000 0.000000
vt -0.000000 5.396577 0.000000
vt 0.626876 5.396577 0.000000
vt -0.000000 5.696577 0.000000
vt 0.626876 5.696577 0.000000
vt -1.724413 -0.550000 0.000000
vt -1.788475 -0.278310 0.000000
vt -2.313857 -0.336623 0.000000
vt -2.129500 -0.108253 0.000000
vt -2.159648 -0.120741 0.000000
vt -1.810000 -0.000000 0.000000
vt -2.083747 -0.062500 0.000000
vt -2.103612 -0.088388 0.000000
vt -1.788475 0.278310 0.000000
vt -2.083747 0.062500 0.000000
vt -2.071259 0.032352 0.000000
vt -2.067000 0.000000 0.000000
vt -1.724413 0.550000 0.000000
vt -2.313857 0.336623 0.000000
vt -2.129500 0.108253 0.000000
vt -2.103612 0.088388 0.000000
vt -2.391777 0.297074 0.000000
vt -2.280388 0.088388 0.000000
vt -2.254500 0.108253 0.000000
vt -2.224352 0.120741 0.000000
vt -2.300253 0.062500 0.000000
vt -2.457795 0.239827 0.000000
vt -2.312741 0.032352 0.000000
vt -2.507978 0.168291 0.000000
vt -2.539336 0.086729 0.000000
vt -2.317000 0.000000 0.000000
vt -2.550000 0.000000 0.000000
vt -2.539336 -0.086729 0.000000
vt -2.312741 -0.032352 0.000000
vt -2.507978 -0.168291 0.000000
vt -2.457795 -0.239827 0.000000
vt -2.300253 -0.062500 0.000000
vt -2.391777 -0.297074 0.000000
vt -2.280388 -0.088388 0.000000
vt -2.254500 -0.108253 0.000000
vt -2.224352 -0.120741 0.000000
vt -2.192000 -0.125000 0.000000
vt -2.192000 0.125000 0.000000
vt -2.159648 0.120741 0.000000
vt -2.071259 -0.032352 0.000000
vt 0.000000 5.396577 0.000000
vt 0.626876 5.396577 0.000000
vt 0.000000 5.696577 0.000000
vt 0.626876 5.696577 0.000000
vt 1.724413 0.550000 0.000000
vt 1.788475 0.278310 0.000000
vt 2.313857 0.336623 0.000000
vt 2.129562 0.108253 0.000000
vt 2.159710 0.120741 0.000000
vt 1.810000 0.000000 0.000000
vt 2.083809 0.062500 0.000000
vt 2.103674 0.088388 0.000000
vt 1.788475 -0.278310 0.000000
vt 2.083809 -0.062500 0.000000
vt 2.071321 -0.032352 0.000000
vt 2.067062 0.000000 0.000000
vt 1.724413 -0.550000 0.000000
vt 2.313857 -0.336623 0.000000
vt 2.129562 -0.108253 0.000000
vt 2.103674 -0.088388 0.000000
vt 2.391777 -0.297074 0.000000
vt 2.280450 -0.088388 0.000000
vt 2.254562 -0.108253 0.000000
vt 2.224414 -0.120741 0.000000
vt 2.300315 -0.062500 0.000000
vt 2.457795 -0.239827 0.000000
vt 2.312803 -0.032352 0.000000
vt 2.507978 -0.168291 0.000000
vt 2.539336 -0.086729 0.000000
vt 2.317062 0.000000 0.000000
vt 2.550000 -0.000000 0.000000
vt 2.539336 0.086729 0.000000
vt 2.312803 0.032352 0.000000
vt 2.507978 0.168291 0.000000
vt 2.457795 0.239827 0.000000
vt 2.300315 0.062500 0.000000
vt 2.391777 0.297074 0.000000
vt 2.280450 0.088388 0.000000
vt 2.254562 0.108253 0.000000
vt 2.224414 0.120741 0.000000
vt 2.192062 0.125000 0.000000
vt 2.071321 0.032352 0.000000
vt 2.192062 -0.125000 0.000000
vt 2.159710 -0.120741 0.000000
vt -0.000000 5.396577 0.000000
vt 0.626876 5.396577 0.000000
vt 0.000000 5.696577 0.000000
vt 0.626876 5.696577 0.000000
vt -0.000000 5.396577 0.000000
vt 0.626876 5.396577 0.000000
vt -0.000000 5.696577 0.000000
vt 0.626876 5.696577 0.000000
vt -1.810000 0.000000 0.000000
vt -1.786561 -0.290344 0.000000
vt -1.786561 0.290344 0.000000
vt -1.716851 0.573169 0.000000
vt -1.716851 -0.573169 0.000000
vt -1.602675 0.841149 0.000000
vt -1.602675 -0.841149 0.000000
vt -1.446991 1.087343 0.000000
vt -1.253831 1.305376 0.000000
vt -1.028197 1.489601 0.000000
vt -0.775934 1.635245 0.000000
vt -0.503574 1.738538 0.000000
vt -0.218171 1.796803 0.000000
vt 0.072881 1.808532 0.000000
vt 0.362047 1.773421 0.000000
vt 0.641835 1.692379 0.000000
vt 0.905000 1.567506 0.000000
vt -1.446991 -1.087343 0.000000
vt 1.144726 1.402035 0.000000
vt 1.354804 1.200252 0.000000
vt 1.529794 0.967383 0.000000
vt 1.665163 0.709460 0.000000
vt 1.757405 0.433161 0.000000
vt 1.804131 0.145644 0.000000
vt 1.804131 -0.145644 0.000000
vt 1.757405 -0.433161 0.000000
vt 1.665163 -0.709460 0.000000
vt 1.529794 -0.967383 0.000000
vt 1.354804 -1.200252 0.000000
vt -1.253831 -1.305376 0.000000
vt 1.144726 -1.402035 0.000000
vt -1.028197 -1.489601 0.000000
vt 0.905000 -1.567506 0.000000
vt -0.775934 -1.635245 0.000000
vt 0.641835 -1.692379 0.000000
vt -0.503574 -1.738538 0.000000
vt 0.362047 -1.773421 0.000000
vt -0.218171 -1.796803 0.000000
vt 0.072881 -1.808532 0.000000
vt -5.696577 0.967859 0.000000
vt -5.396577 0.967859 0.000000
vt -5.696577 1.055460 0.000000
vt -5.396577 1.055460 0.000000
vt -5.696577 1.143061 0.000000
vt -5.396577 1.143061 0.000000
vt -5.696577 1.230661 0.000000
vt -5.396577 1.230661 0.000000
vt -5.696577 1.318262 0.000000
vt -5.396577 1.318262 0.000000
vt -5.696577 1.405863 0.000000
vt -5.396577 1.405863 0.000000
vt -5.696577 1.493463 0.000000
vt -5.396577 1.493463 0.000000
vt -5.696577 1.581064 0.000000
vt -5.396577 1.581064 0.000000
vt -5.696577 1.668665 0.000000
vt -5.396577 1.668665 0.000000
vt -5.696577 1.756266 0.000000
vt -5.396577 1.756266 0.000000
vt -5.696577 1.843866 0.000000
vt -5.396577 1.843866 0.000000
vt -0.062785 -0.016823 0.000000
vt 0.062785 -0.016823 0.000000
vt -0.065000 -0.000000 0.000000
vt 0.065000 0.000000 0.000000
vt -0.062785 0.016823 0.000000
vt 0.062785 0.016823 0.000000
vt -0.056292 0.032500 0.000000
vt 0.056292 0.032500 0.000000
vt -0.045962 0.045962 0.000000
vt 0.045962 0.045962 0.000000
vt -0.032500 0.056292 0.000000
vt 0.032500 0.056292 0.000000
vt -0.016823 0.062785 0.000000
vt 0.016823 0.062785 0.000000
vt 0.000000 0.065000 0.000000
vt 0.056292 -0.032500 0.000000
vt -0.056292 -0.032500 0.000000
vt 0.045962 -0.045962 0.000000
vt -0.045962 -0.045962 0.000000
vt 0.032500 -0.056292 0.000000
vt -0.032500 -0.056292 0.000000
vt 0.016823 -0.062785 0.000000
vt -0.016823 -0.062785 0.000000
vt -0.000000 -0.065000 0.000000
vt -0.062785 -0.016823 0.000000
vt 0.062785 -0.016823 0.000000
vt -0.065000 -0.000000 0.000000
vt 0.065000 -0.000000 0.000000
vt -0.062785 0.016823 0.000000
vt 0.062785 0.016823 0.000000
vt -0.056292 0.032500 0.000000
vt 0.056292 0.032500 0.000000
vt -0.045962 0.045962 0.000000
vt 0.045962 0.045962 0.000000
vt -0.032500 0.056292 0.000000
vt 0.032500 0.056292 0.000000
vt -0.016823 0.062785 0.000000
vt 0.016823 0.062785 0.000000
vt 0.000000 0.065000 0.000000
vt 0.056292 -0.032500 0.000000
vt -0.056292 -0.032500 0.000000
vt 0.045962 -0.045962 0.000000
vt -0.045962 -0.045962 0.000000
vt 0.032500 -0.056292 0.000000
vt -0.032500 -0.056292 0.000000
vt 0.016823 -0.062785 0.000000
vt -0.016823 -0.062785 0.000000
vt -0.000000 -0.065000 0.000000
vt -0.062785 -0.016823 0.000000
vt 0.062785 -0.016823 0.000000
vt -0.065000 -0.000000 0.000000
vt 0.065000 -0.000000 0.000000
vt -0.062785 0.016823 0.000000
vt 0.062785 0.016823 0.000000
vt -0.056292 0.032500 0.000000
vt 0.056292 0.032500 0.000000
vt -0.045962 0.045962 0.000000
vt 0.045962 0.045962 0.000000
vt -0.032500 0.056292 0.000000
vt 0.032500 0.056292 0.000000
vt -0.016823 0.062785 0.000000
vt 0.016823 0.062785 0.000000
vt 0.000000 0.065000 0.000000
vt 0.056292 -0.032500 0.000000
vt -0.056292 -0.032500 0.000000
vt 0.045962 -0.045962 0.000000
vt -0.045962 -0.045962 0.000000
vt 0.032500 -0.056292 0.000000
vt -0.032500 -0.056292 0.000000
vt 0.016823 -0.062785 0.000000
vt -0.016823 -0.062785 0.000000
vt -0.000000 -0.065000 0.000000
vt -0.062785 -0.016823 0.000000
vt 0.062785 -0.016823 0.000000
vt -0.065000 0.000000 0.000000
vt 0.065000 -0.000000 0.000000
vt -0.062785 0.016823 0.000000
vt 0.062785 0.016823 0.000000
vt -0.056292 0.032500 0.000000
vt 0.056292 0.032500 0.000000
vt -0.045962 0.045962 0.000000
vt 0.045962 0.045962 0.000000
vt -0.032500 0.056292 0.000000
vt 0.032500 0.056292 0.000000
vt -0.016823 0.062785 0.000000
vt 0.016823 0.062785 0.000000
vt 0.000000 0.065000 0.000000
vt 0.056292 -0.032500 0.000000
vt -0.056292 -0.032500 0.000000
vt 0.045962 -0.045962 0.000000
vt -0.045962 -0.045962 0.000000
vt 0.032500 -0.056292 0.000000
vt -0.032500 -0.056292 0.000000
vt 0.016823 -0.062785 0.000000
vt -0.016823 -0.062785 0.000000
vt -0.000000 -0.065000 0.000000
vn -0.096593 0.025882 0.000000
vn -0.096593 0.025882 0.000000
vn -0.100000 0.000000 0.000000
vn -0.100000 0.000000 0.000000
vn -0.096593 -0.025882 0.000000
vn -0.096593 -0.025882 0.000000
vn -0.086603 -0.050000 0.000000
vn -0.086603 -0.050000 0.000000
vn -0.070711 -0.070711 0.000000
vn -0.070711 -0.070711 0.000000
vn -0.050000 -0.086603 0.000000
vn -0.050000 -0.086603 0.000000
vn -0.025882 -0.096593 0.000000
vn -0.025882 -0.096593 0.000000
vn -0.000000 -0.100000 0.000000
vn -0.000000 -0.100000 0.000000
vn 0.025882 -0.096593 0.000000
vn 0.025882 -0.096593 0.000000
vn 0.050000 -0.086603 0.000000
vn 0.050000 -0.086603 0.000000
vn 0.070711 -0.070711 0.000000
vn 0.070711 -0.070711 0.000000
vn 0.086603 -0.050000 0.000000
vn 0.086603 -0.050000 0.000000
vn 0.096593 -0.025882 0.000000
vn 0.096593 -0.025882 0.000000
vn 0.100000 -0.000000 0.000000
vn 0.100000 -0.000000 0.000000
vn 0.096593 0.025882 0.000000
vn 0.096593 0.025882 0.000000
vn 0.086603 0.050000 0.000000
vn 0.086603 0.050000 0.000000
vn 0.070711 0.070711 0.000000
vn 0.070711 0.070711 0.000000
vn 0.050000 0.086603 0.000000
vn 0.050000 0.086603 0.000000
vn 0.025882 0.096593 0.000000
vn 0.025882 0.096593 0.000000
vn -0.000000 0.100000 0.000000
vn -0.000000 0.100000 0.000000
vn -0.025882 0.096593 0.000000
vn -0.025882 0.096593 0.000000
vn -0.050000 0.086603 0.000000
vn -0.050000 0.086603 0.000000
vn -0.070711 0.070711 0.000000
vn -0.070711 0.070711 0.000000
vn -0.086603 0.050000 0.000000
vn -0.086603 0.050000 0.000000
vn -0.096593 0.025882 0.000000
vn -0.096593 0.025882 0.000000
vn -0.100000 0.000000 0.000000
vn -0.100000 0.000000 0.000000
vn -0.096593 -0.025882 0.000000
vn -0.096593 -0.025882 0.000000
vn -0.086603 -0.050000 0.000000
vn -0.086603 -0.050000 0.000000
vn -0.070711 -0.070711 0.000000
vn -0.070711 -0.070711 0.000000
vn -0.050000 -0.086603 0.000000
vn -0.050000 -0.086603 0.000000
vn -0.025882 -0.096593 0.000000
vn -0.025882 -0.096593 0.000000
vn -0.000000 -0.100000 0.000000
vn -0.000000 -0.100000 0.000000
vn 0.025882 -0.096593 0.000000
vn 0.025882 -0.096593 0.000000
vn 0.050000 -0.086603 0.000000
vn 0.050000 -0.086603 0.000000
vn 0.070711 -0.070711 0.000000
vn 0.070711 -0.070711 0.000000
vn 0.086603 -0.050000 0.000000
vn 0.086603 -0.050000 0.000000
vn 0.096593 -0.025882 0.000000
vn 0.096593 -0.025882 0.000000
vn 0.100000 -0.000000 0.000000
vn 0.100000 -0.000000 0.000000
vn 0.096593 0.025882 0.000000
vn 0.096593 0.025882 0.000000
vn 0.086603 0.050000 0.000000
vn 0.086603 0.050000 0.000000
vn 0.070711 0.070711 0.000000
vn 0.070711 0.070711 0.000000
vn 0.050000 0.086603 0.000000
vn 0.050000 0.086603 0.000000
vn 0.025882 0.096593 0.000000
vn 0.025882 0.096593 0.000000
vn -0.000000 0.100000 0.000000
vn -0.000000 0.100000 0.000000
vn -0.025882 0.096593 0.000000
vn -0.025882 0.096593 0.000000
vn -0.050000 0.086603 0.000000
vn -0.050000 0.086603 0.000000
vn -0.070711 0.070711 0.000000
vn -0.070711 0.070711 0.000000
vn -0.086603 0.050000 0.000000
vn -0.086603 0.050000 0.000000
vn 0.098705 0.016041 0.000000
vn 0.099999 0.000338 0.000000
vn 0.100000 0.000000 0.000000
vn 0.098811 -0.015376 0.000000
vn 0.098705 -0.016041 0.000000
vn 0.095168 -0.030709 0.000000
vn 0.094854 -0.031667 0.000000
vn 0.089162 -0.045279 0.000000
vn 0.088546 -0.046472 0.000000
vn 0.080941 -0.058724 0.000000
vn 0.079944 -0.060074 0.000000
vn 0.070711 -0.070711 0.000000
vn 0.069272 -0.072120 0.000000
vn 0.058724 -0.080941 0.000000
vn 0.056806 -0.082298 0.000000
vn 0.045279 -0.089162 0.000000
vn 0.042869 -0.090345 0.000000
vn 0.030709 -0.095168 0.000000
vn 0.027822 -0.096052 0.000000
vn 0.015376 -0.098811 0.000000
vn 0.012054 -0.099271 0.000000
vn -0.000338 -0.099999 0.000000
vn -0.004027 -0.099919 0.000000
vn -0.016044 -0.098705 0.000000
vn -0.020003 -0.097979 0.000000
vn -0.031352 -0.094958 0.000000
vn -0.035460 -0.093502 0.000000
vn -0.045880 -0.088854 0.000000
vn -0.050000 -0.086603 0.000000
vn -0.058997 -0.080742 0.000000
vn -0.063245 -0.077460 0.000000
vn -0.070711 -0.070711 0.000000
vn -0.074851 -0.066312 0.000000
vn -0.080742 -0.058997 0.000000
vn -0.084519 -0.053447 0.000000
vn -0.088854 -0.045880 0.000000
vn -0.091998 -0.039197 0.000000
vn -0.088854 -0.045880 0.000000
vn -0.094958 -0.031352 0.000000
vn 0.094854 0.031667 0.000000
vn 0.094958 0.031352 0.000000
vn 0.098705 0.016044 0.000000
vn 0.088854 0.045880 0.000000
vn 0.088546 0.046472 0.000000
vn 0.080742 0.058997 0.000000
vn 0.079944 0.060074 0.000000
vn 0.070711 0.070711 0.000000
vn 0.069272 0.072120 0.000000
vn 0.058997 0.080742 0.000000
vn 0.056806 0.082298 0.000000
vn 0.045880 0.088854 0.000000
vn 0.042869 0.090345 0.000000
vn 0.045880 0.088854 0.000000
vn 0.031352 0.094958 0.000000
vn 0.027822 0.096052 0.000000
vn 0.016044 0.098705 0.000000
vn 0.012054 0.099271 0.000000
vn 0.000338 0.099999 0.000000
vn -0.004027 0.099919 -0.000000
vn -0.015376 0.098811 -0.000000
vn -0.020003 0.097979 -0.000000
vn -0.030709 0.095168 -0.000000
vn -0.035460 0.093502 -0.000000
vn -0.045279 0.089162 -0.000000
vn -0.050000 0.086603 -0.000000
vn -0.058808 0.080880 -0.000000
vn -0.058864 0.080840 -0.000000
vn -0.063245 0.077460 -0.000000
vn -0.059033 0.080716 -0.000000
vn -0.059309 0.080513 -0.000000
vn -0.059667 0.080249 -0.000000
vn -0.060101 0.079925 -0.000000
vn -0.060605 0.079543 -0.000000
vn -0.061150 0.079124 -0.000000
vn -0.061697 0.078698 -0.000000
vn -0.062241 0.078269 -0.000000
vn -0.062778 0.077839 -0.000000
vn -0.063269 0.077441 -0.000000
vn -0.063687 0.077097 -0.000000
vn -0.064028 0.076814 -0.000000
vn -0.064290 0.076595 -0.000000
vn -0.065343 0.075699 -0.000000
vn -0.064449 0.076461 -0.000000
vn -0.065186 0.075834 -0.000000
vn -0.065135 0.075878 -0.000000
vn -0.074851 0.066312 -0.000000
vn -0.069280 0.072113 -0.000000
vn -0.068824 0.072548 -0.000000
vn -0.068326 0.073017 -0.000000
vn -0.084519 0.053447 -0.000000
vn -0.079543 0.060605 -0.000000
vn -0.079124 0.061150 -0.000000
vn -0.078698 0.061697 -0.000000
vn -0.091998 0.039197 -0.000000
vn -0.089162 0.045279 -0.000000
vn -0.080941 0.058724 -0.000000
vn -0.080880 0.058808 -0.000000
vn -0.080840 0.058864 -0.000000
vn -0.080717 0.059033 -0.000000
vn -0.080513 0.059309 -0.000000
vn -0.080249 0.059667 -0.000000
vn -0.079925 0.060100 -0.000000
vn -0.079543 0.060605 -0.000000
vn -0.079124 0.061150 -0.000000
vn -0.078698 0.061697 -0.000000
vn -0.078269 0.062241 -0.000000
vn -0.077839 0.062778 -0.000000
vn -0.077440 0.063269 -0.000000
vn -0.077097 0.063687 -0.000000
vn -0.075187 0.065931 -0.000000
vn -0.076814 0.064028 -0.000000
vn -0.075477 0.065599 -0.000000
vn -0.076595 0.064290 -0.000000
vn -0.075699 0.065343 -0.000000
vn -0.076461 0.064449 -0.000000
vn -0.075834 0.065186 -0.000000
vn -0.075878 0.065135 -0.000000
vn -0.095168 0.030709 -0.000000
vn -0.097094 0.023932 -0.000000
vn -0.098811 0.015376 -0.000000
vn -0.099676 0.008047 -0.000000
vn -0.099999 -0.000338 0.000000
vn -0.099676 -0.008047 0.000000
vn -0.098705 -0.016044 0.000000
vn -0.097094 -0.023932 0.000000
vn 0.088854 0.045880 0.000000
vn -0.045880 -0.088854 0.000000
vn -0.070711 0.070711 -0.000000
vn -0.074832 0.066334 -0.000000
vn -0.074413 0.066803 -0.000000
vn -0.073954 0.067311 -0.000000
vn -0.073487 0.067820 -0.000000
vn -0.073017 0.068326 -0.000000
vn -0.072548 0.068824 -0.000000
vn -0.072113 0.069280 -0.000000
vn -0.071740 0.069666 -0.000000
vn -0.071433 0.069981 -0.000000
vn -0.071195 0.070223 -0.000000
vn -0.071051 0.070369 -0.000000
vn -0.071003 0.070417 -0.000000
vn -0.070417 0.071003 -0.000000
vn -0.070369 0.071051 -0.000000
vn -0.058724 0.080941 -0.000000
vn -0.065931 0.075187 -0.000000
vn -0.066334 0.074832 -0.000000
vn -0.066803 0.074413 -0.000000
vn -0.058864 0.080840 -0.000000
vn -0.059033 0.080717 -0.000000
vn -0.059309 0.080513 -0.000000
vn -0.059667 0.080249 -0.000000
vn -0.060100 0.079925 -0.000000
vn -0.060605 0.079543 -0.000000
vn -0.061150 0.079124 -0.000000
vn -0.061697 0.078698 -0.000000
vn -0.062241 0.078269 -0.000000
vn -0.062778 0.077839 -0.000000
vn -0.063269 0.077440 -0.000000
vn -0.063687 0.077097 -0.000000
vn -0.064028 0.076814 -0.000000
vn -0.065599 0.075477 -0.000000
vn -0.064290 0.076595 -0.000000
vn -0.065343 0.075699 -0.000000
vn -0.064449 0.076461 -0.000000
vn -0.065186 0.075834 -0.000000
vn -0.064502 0.076417 -0.000000
vn -0.067311 0.073954 -0.000000
vn -0.067820 0.073487 -0.000000
vn -0.068326 0.073017 -0.000000
vn -0.068824 0.072548 -0.000000
vn -0.069280 0.072113 -0.000000
vn -0.069666 0.071740 -0.000000
vn -0.069981 0.071433 -0.000000
vn -0.070223 0.071195 -0.000000
vn -0.070369 0.071051 -0.000000
vn -0.071051 0.070369 -0.000000
vn -0.070223 0.071195 -0.000000
vn -0.071195 0.070223 -0.000000
vn -0.069981 0.071433 -0.000000
vn -0.071433 0.069981 -0.000000
vn -0.069666 0.071740 -0.000000
vn -0.067820 0.073487 -0.000000
vn -0.067311 0.073954 -0.000000
vn -0.066804 0.074413 -0.000000
vn -0.066334 0.074832 -0.000000
vn -0.065931 0.075187 -0.000000
vn -0.065599 0.075477 -0.000000
vn -0.075834 0.065186 -0.000000
vn -0.076461 0.064449 -0.000000
vn -0.076417 0.064502 -0.000000
vn -0.075699 0.065343 -0.000000
vn -0.076595 0.064290 -0.000000
vn -0.076814 0.064028 -0.000000
vn -0.077097 0.063687 -0.000000
vn -0.077441 0.063269 -0.000000
vn -0.077839 0.062778 -0.000000
vn -0.078269 0.062241 -0.000000
vn -0.075477 0.065599 -0.000000
vn -0.075187 0.065931 -0.000000
vn -0.074832 0.066334 -0.000000
vn -0.074413 0.066804 -0.000000
vn -0.073954 0.067311 -0.000000
vn -0.073487 0.067820 -0.000000
vn -0.073017 0.068326 -0.000000
vn -0.072548 0.068824 -0.000000
vn -0.072113 0.069280 -0.000000
vn -0.071740 0.069666 -0.000000
vn -0.080840 0.058864 -0.000000
vn -0.080716 0.059033 -0.000000
vn -0.080513 0.059309 -0.000000
vn -0.080249 0.059667 -0.000000
vn -0.079925 0.060101 -0.000000
vn 0.090557 -0.042420 0.000000
vn 0.090557 -0.042420 0.000000
vn 0.098136 -0.019218 0.000000
vn 0.098136 -0.019218 0.000000
vn 0.099868 0.005129 0.000000
vn 0.099868 0.005129 0.000000
vn 0.095651 0.029170 0.000000
vn 0.095651 0.029170 0.000000
vn 0.085735 0.051474 0.000000
vn 0.085735 0.051474 0.000000
vn 0.070711 0.070711 0.000000
vn 0.070711 0.070711 0.000000
vn 0.051474 0.085735 0.000000
vn 0.051474 0.085735 0.000000
vn 0.029170 0.095651 0.000000
vn 0.029170 0.095651 0.000000
vn 0.005129 0.099868 0.000000
vn 0.005129 0.099868 0.000000
vn -0.019218 0.098136 -0.000000
vn -0.019218 0.098136 -0.000000
vn -0.042420 0.090557 -0.000000
vn -0.042420 0.090557 -0.000000
vn 0.068301 0.068301 0.025882
vn 0.069383 0.069383 0.019290
vn 0.070711 0.070711 -0.000000
vn 0.070711 0.070711 -0.000000
vn 0.069382 0.069382 -0.019292
vn 0.065300 0.065300 0.038366
vn 0.061237 0.061237 0.050000
vn 0.058634 0.058634 0.055895
vn 0.050000 0.050000 0.070711
vn 0.049949 0.049949 0.070783
vn 0.039417 0.039417 0.083021
vn 0.035355 0.035355 0.086603
vn 0.027062 0.027062 0.092386
vn 0.018301 0.018301 0.096593
vn 0.013649 0.013649 0.098119
vn -0.000000 0.000000 0.100000
vn 0.000100 0.000100 0.100000
vn -0.013455 -0.013455 0.098173
vn -0.018301 -0.018301 0.096593
vn -0.026905 -0.026905 0.092478
vn -0.035355 -0.035355 0.086603
vn -0.039311 -0.039311 0.083122
vn -0.050000 -0.050000 0.070711
vn -0.049892 -0.049892 0.070863
vn -0.058607 -0.058607 0.055950
vn -0.061237 -0.061237 0.050000
vn -0.065291 -0.065291 0.038394
vn -0.068301 -0.068301 0.025882
vn -0.069382 -0.069382 0.019298
vn -0.070711 -0.070711 0.000000
vn -0.070711 -0.070711 0.000000
vn -0.069381 -0.069381 -0.019299
vn -0.068301 -0.068301 -0.025882
vn -0.065291 -0.065291 -0.038397
vn -0.061237 -0.061237 -0.050000
vn -0.058606 -0.058606 -0.055953
vn -0.050000 -0.050000 -0.070711
vn -0.049892 -0.049892 -0.070864
vn -0.039308 -0.039308 -0.083125
vn -0.035355 -0.035355 -0.086603
vn -0.026903 -0.026903 -0.092480
vn -0.018301 -0.018301 -0.096593
vn -0.013455 -0.013455 -0.098173
vn 0.000000 -0.000000 -0.100000
vn 0.000100 0.000100 -0.100000
vn 0.013648 0.013648 -0.098120
vn 0.018301 0.018301 -0.096593
vn 0.027058 0.027058 -0.092389
vn 0.035355 0.035355 -0.086603
vn 0.039413 0.039413 -0.083026
vn 0.050000 0.050000 -0.070711
vn 0.049948 0.049948 -0.070784
vn 0.058631 0.058631 -0.055901
vn 0.061237 0.061237 -0.050000
vn 0.065298 0.065298 -0.038371
vn 0.068301 0.068301 -0.025882
vn 0.068301 0.068301 0.025882
vn 0.069390 0.069390 0.019235
vn 0.070711 0.070711 -0.000000
vn 0.070711 0.070711 -0.000000
vn 0.069390 0.069390 -0.019236
vn 0.065325 0.065325 0.038277
vn 0.061237 0.061237 0.050000
vn 0.058678 0.058678 0.055801
vn 0.050000 0.050000 0.070711
vn 0.050000 0.050000 0.070710
vn 0.039461 0.039461 0.082980
vn 0.035355 0.035355 0.086603
vn 0.027078 0.027078 0.092377
vn 0.018301 0.018301 0.096593
vn 0.013624 0.013624 0.098126
vn -0.000000 0.000000 0.100000
vn 0.000033 0.000033 0.100000
vn -0.013561 -0.013561 0.098144
vn -0.018301 -0.018301 0.096593
vn -0.027027 -0.027027 0.092407
vn -0.035355 -0.035355 0.086603
vn -0.039426 -0.039426 0.083013
vn -0.050000 -0.050000 0.070711
vn -0.049982 -0.049982 0.070736
vn -0.058670 -0.058670 0.055819
vn -0.061237 -0.061237 0.050000
vn -0.065323 -0.065323 0.038286
vn -0.068301 -0.068301 0.025882
vn -0.069390 -0.069390 0.019238
vn -0.070711 -0.070711 0.000000
vn -0.070711 -0.070711 0.000000
vn -0.069390 -0.069390 -0.019238
vn -0.068301 -0.068301 -0.025882
vn -0.065323 -0.065323 -0.038286
vn -0.061237 -0.061237 -0.050000
vn -0.058670 -0.058670 -0.055819
vn -0.050000 -0.050000 -0.070711
vn -0.049982 -0.049982 -0.070736
vn -0.039426 -0.039426 -0.083013
vn -0.035355 -0.035355 -0.086603
vn -0.027027 -0.027027 -0.092407
vn -0.018301 -0.018301 -0.096593
vn -0.013561 -0.013561 -0.098144
vn 0.000000 -0.000000 -0.100000
vn 0.000033 0.000033 -0.100000
vn 0.013624 0.013624 -0.098126
vn 0.018301 0.018301 -0.096593
vn 0.027077 0.027077 -0.092378
vn 0.035355 0.035355 -0.086603
vn 0.039460 0.039460 -0.082981
vn 0.050000 0.050000 -0.070711
vn 0.050000 0.050000 -0.070710
vn 0.058678 0.058678 -0.055802
vn 0.061237 0.061237 -0.050000
vn 0.065325 0.065325 -0.038278
vn 0.068301 0.068301 -0.025882
vn 0.068301 0.068301 0.025882
vn 0.069390 0.069390 0.019238
vn 0.070711 0.070711 -0.000000
vn 0.070711 0.070711 -0.000000
vn 0.069390 0.069390 -0.019238
vn 0.065323 0.065323 0.038286
vn 0.061237 0.061237 0.050000
vn 0.058670 0.058670 0.055819
vn 0.050000 0.050000 0.070711
vn 0.049982 0.049982 0.070736
vn 0.039426 0.039426 0.083013
vn 0.035355 0.035355 0.086603
vn 0.027027 0.027027 0.092407
vn 0.018301 0.018301 0.096593
vn 0.013561 0.013561 0.098144
vn -0.000000 0.000000 0.100000
vn -0.000033 -0.000033 0.100000
vn -0.013624 -0.013624 0.098126
vn -0.018301 -0.018301 0.096593
vn -0.027078 -0.027078 0.092377
vn -0.035355 -0.035355 0.086603
vn -0.039461 -0.039461 0.082980
vn -0.050000 -0.050000 0.070711
vn -0.050000 -0.050000 0.070710
vn -0.058678 -0.058678 0.055801
vn -0.061237 -0.061237 0.050000
vn -0.065325 -0.065325 0.038277
vn -0.068301 -0.068301 0.025882
vn -0.069390 -0.069390 0.019235
vn -0.070711 -0.070711 0.000000
vn -0.070711 -0.070711 0.000000
vn -0.069390 -0.069390 -0.019236
vn -0.068301 -0.068301 -0.025882
vn -0.065325 -0.065325 -0.038278
vn -0.061237 -0.061237 -0.050000
vn -0.058678 -0.058678 -0.055802
vn -0.050000 -0.050000 -0.070711
vn -0.050000 -0.050000 -0.070710
vn -0.039460 -0.039460 -0.082981
vn -0.035355 -0.035355 -0.086603
vn -0.027077 -0.027077 -0.092378
vn -0.018301 -0.018301 -0.096593
vn -0.013624 -0.013624 -0.098126
vn 0.000000 -0.000000 -0.100000
vn -0.000033 -0.000033 -0.100000
vn 0.013561 0.013561 -0.098144
vn 0.018301 0.018301 -0.096593
vn 0.027027 0.027027 -0.092407
vn 0.035355 0.035355 -0.086603
vn 0.039426 0.039426 -0.083013
vn 0.050000 0.050000 -0.070711
vn 0.049982 0.049982 -0.070736
vn 0.058670 0.058670 -0.055819
vn 0.061237 0.061237 -0.050000
vn 0.065323 0.065323 -0.038286
vn 0.068301 0.068301 -0.025882
vn 0.068301 0.068301 0.025882
vn 0.069382 0.069382 0.019298
vn 0.070711 0.070711 0.000000
vn 0.070711 0.070711 -0.000000
vn 0.069381 0.069381 -0.019299
vn 0.065291 0.065291 0.038394
vn 0.061237 0.061237 0.050000
vn 0.058607 0.058607 0.055950
vn 0.050000 0.050000 0.070711
vn 0.049892 0.049892 0.070863
vn 0.039311 0.039311 0.083122
vn 0.035355 0.035355 0.086603
vn 0.026905 0.026905 0.092478
vn 0.018301 0.018301 0.096593
vn 0.013455 0.013455 0.098173
vn -0.000000 0.000000 0.100000
vn -0.000100 -0.000100 0.100000
vn -0.013649 -0.013649 0.098119
vn -0.018301 -0.018301 0.096593
vn -0.027062 -0.027062 0.092386
vn -0.035355 -0.035355 0.086603
vn -0.039417 -0.039417 0.083022
vn -0.050000 -0.050000 0.070711
vn -0.049949 -0.049949 0.070783
vn -0.058633 -0.058633 0.055895
vn -0.061237 -0.061237 0.050000
vn -0.065300 -0.065300 0.038366
vn -0.068301 -0.068301 0.025882
vn -0.069383 -0.069383 0.019290
vn -0.070711 -0.070711 0.000000
vn -0.070711 -0.070711 0.000000
vn -0.069382 -0.069382 -0.019292
vn -0.068301 -0.068301 -0.025882
vn -0.065298 -0.065298 -0.038371
vn -0.061237 -0.061237 -0.050000
vn -0.058631 -0.058631 -0.055901
vn -0.050000 -0.050000 -0.070711
vn -0.049948 -0.049948 -0.070784
vn -0.039413 -0.039413 -0.083026
vn -0.035355 -0.035355 -0.086603
vn -0.027058 -0.027058 -0.092389
vn -0.018301 -0.018301 -0.096593
vn -0.013648 -0.013648 -0.098120
vn 0.000000 -0.000000 -0.100000
vn -0.000100 -0.000100 -0.100000
vn 0.013455 0.013455 -0.098173
vn 0.018301 0.018301 -0.096593
vn 0.026903 0.026903 -0.092480
vn 0.035355 0.035355 -0.086603
vn 0.039308 0.039308 -0.083125
vn 0.050000 0.050000 -0.070711
vn 0.049892 0.049892 -0.070864
vn 0.058606 0.058606 -0.055953
vn 0.061237 0.061237 -0.050000
vn 0.065291 0.065291 -0.038397
vn 0.068301 0.068301 -0.025882
vn 0.000000 0.000000 0.100000
vn 0.000000 0.000000 0.100000
vn 0.000000 0.000000 0.100000
vn 0.000000 0.000000 0.100000
vn 0.000000 0.000000 0.100000
vn 0.000000 0.000000 0.100000
vn 0.000000 0.000000 0.100000
vn 0.000000 0.000000 0.100000
vn 0.000000 0.000000 0.100000
vn 0.000000 0.000000 0.100000
vn 0.000000 0.000000 0.100000
vn 0.000000 0.000000 0.100000
vn 0.000000 0.000000 0.100000
vn 0.000000 0.000000 0.100000
vn 0.000000 0.000000 0.100000
vn 0.000000 0.000000 0.100000
vn 0.000000 0.000000 0.100000
vn 0.000000 0.000000 0.100000
vn 0.000000 0.000000 0.100000
vn 0.000000 0.000000 0.100000
vn 0.000000 0.000000 0.100000
vn 0.000000 0.000000 0.100000
vn 0.000000 0.000000 0.100000
vn 0.000000 0.000000 0.100000
vn 0.000000 0.000000 0.100000
vn 0.000000 0.000000 0.100000
vn 0.000000 0.000000 0.100000
vn 0.000000 0.000000 0.100000
vn 0.000000 0.000000 0.100000
vn 0.000000 0.000000 0.100000
vn 0.000000 0.000000 0.100000
vn 0.000000 0.000000 0.100000
vn 0.000000 0.000000 0.100000
vn 0.000000 0.000000 0.100000
vn 0.000000 0.000000 0.100000
vn 0.000000 0.000000 0.100000
vn 0.000000 0.000000 0.100000
vn 0.000000 0.000000 0.100000
vn 0.000000 0.000000 0.100000
vn 0.000000 0.000000 0.100000
vn 0.000000 0.000000 0.100000
vn 0.000000 0.000000 0.100000
vn 0.000000 0.000000 0.100000
vn 0.000000 0.000000 0.100000
vn 0.000000 0.000000 0.100000
vn 0.000000 0.000000 0.100000
vn 0.000000 0.000000 0.100000
vn 0.000000 0.000000 0.100000
vn 0.000000 0.000000 0.100000
vn 0.000000 0.000000 0.100000
vn 0.000000 0.000000 0.100000
vn 0.000000 0.000000 0.100000
vn 0.000000 0.000000 0.100000
vn 0.000000 0.000000 0.100000
vn 0.000000 0.000000 0.100000
vn 0.000000 0.000000 0.100000
vn 0.000000 0.000000 0.100000
vn 0.000000 0.000000 0.100000
vn 0.000000 0.000000 0.100000
vn 0.000000 0.000000 0.100000
vn 0.000000 0.000000 0.100000
vn 0.000000 0.000000 0.100000
vn 0.000000 0.000000 0.100000
vn 0.000000 0.000000 0.100000
vn 0.000000 0.000000 0.100000
vn 0.000000 0.000000 0.100000
vn 0.000000 0.000000 0.100000
vn 0.000000 0.000000 0.100000
vn 0.000000 0.000000 0.100000
vn 0.000000 0.000000 0.100000
vn 0.000000 0.000000 0.100000
vn 0.000000 0.000000 0.100000
vn 0.000000 0.000000 0.100000
vn 0.000000 0.000000 0.100000
vn 0.000000 0.000000 0.100000
vn 0.000000 0.000000 0.100000
vn 0.000000 0.000000 0.100000
vn 0.000000 0.000000 0.100000
vn 0.000000 0.000000 0.100000
vn 0.000000 0.000000 0.100000
vn 0.000000 0.000000 0.100000
vn 0.000000 0.000000 0.100000
vn 0.000000 0.000000 0.100000
vn 0.000000 0.000000 0.100000
vn 0.000000 0.000000 0.100000
vn 0.000000 0.000000 0.100000
vn 0.000000 0.000000 0.100000
vn 0.000000 0.000000 0.100000
vn 0.000000 0.000000 0.100000
vn 0.000000 0.000000 0.100000
vn 0.000000 0.000000 0.100000
vn 0.000000 0.000000 0.100000
vn 0.000000 0.000000 0.100000
vn 0.000000 0.000000 0.100000
vn 0.000000 0.000000 0.100000
vn 0.000000 0.000000 0.100000
vn 0.000000 0.000000 0.100000
vn 0.000000 0.000000 0.100000
vn 0.000000 0.000000 0.100000
vn 0.000000 0.000000 0.100000
vn 0.000000 0.000000 0.100000
vn 0.000000 0.000000 0.100000
vn 0.000000 0.000000 0.100000
vn 0.000000 0.000000 0.100000
vn 0.090557 -0.042420 0.000000
vn 0.090557 -0.042420 0.000000
vn -0.000000 -0.000000 -0.100000
vn -0.000000 -0.000000 -0.100000
vn -0.000000 -0.000000 -0.100000
vn -0.000000 -0.000000 -0.100000
vn -0.000000 -0.000000 -0.100000
vn -0.000000 -0.000000 -0.100000
vn -0.000000 -0.000000 -0.100000
vn -0.000000 -0.000000 -0.100000
vn -0.000000 -0.000000 -0.100000
vn -0.000000 -0.000000 -0.100000
vn -0.000000 -0.000000 -0.100000
vn -0.000000 -0.000000 -0.100000
vn -0.000000 -0.000000 -0.100000
vn -0.000000 -0.000000 -0.100000
vn -0.000000 -0.000000 -0.100000
vn -0.000000 -0.000000 -0.100000
vn -0.000000 -0.000000 -0.100000
vn -0.000000 -0.000000 -0.100000
vn -0.000000 -0.000000 -0.100000
vn -0.000000 -0.000000 -0.100000
vn -0.000000 -0.000000 -0.100000
vn -0.000000 -0.000000 -0.100000
vn -0.000000 -0.000000 -0.100000
vn -0.000000 -0.000000 -0.100000
vn -0.000000 -0.000000 -0.100000
vn -0.000000 -0.000000 -0.100000
vn -0.000000 -0.000000 -0.100000
vn -0.000000 -0.000000 -0.100000
vn -0.000000 -0.000000 -0.100000
vn -0.000000 -0.000000 -0.100000
vn -0.000000 -0.000000 -0.100000
vn -0.000000 -0.000000 -0.100000
vn -0.000000 -0.000000 -0.100000
vn -0.000000 -0.000000 -0.100000
vn -0.000000 -0.000000 -0.100000
vn -0.000000 -0.000000 -0.100000
vn -0.000000 -0.000000 -0.100000
vn -0.000000 -0.000000 -0.100000
vn -0.000000 -0.000000 -0.100000
vn -0.000000 -0.000000 -0.100000
vn 0.042420 -0.090557 0.000000
vn 0.042420 -0.090557 0.000000
vn 0.042420 -0.090557 0.000000
vn 0.042420 -0.090557 0.000000
vn -0.000000 -0.000000 -0.100000
vn -0.000000 -0.000000 -0.100000
vn -0.000000 -0.000000 -0.100000
vn -0.000000 -0.000000 -0.100000
vn -0.000000 -0.000000 -0.100000
vn -0.000000 -0.000000 -0.100000
vn -0.000000 -0.000000 -0.100000
vn -0.000000 -0.000000 -0.100000
vn -0.000000 -0.000000 -0.100000
vn -0.000000 -0.000000 -0.100000
vn -0.000000 -0.000000 -0.100000
vn -0.000000 -0.000000 -0.100000
vn -0.000000 -0.000000 -0.100000
vn -0.000000 -0.000000 -0.100000
vn -0.000000 -0.000000 -0.100000
vn -0.000000 -0.000000 -0.100000
vn -0.000000 -0.000000 -0.100000
vn -0.000000 -0.000000 -0.100000
vn -0.000000 -0.000000 -0.100000
vn -0.000000 -0.000000 -0.100000
vn -0.000000 -0.000000 -0.100000
vn -0.000000 -0.000000 -0.100000
vn -0.000000 -0.000000 -0.100000
vn -0.000000 -0.000000 -0.100000
vn -0.000000 -0.000000 -0.100000
vn -0.000000 -0.000000 -0.100000
vn -0.000000 -0.000000 -0.100000
vn -0.000000 -0.000000 -0.100000
vn -0.000000 -0.000000 -0.100000
vn -0.000000 -0.000000 -0.100000
vn -0.000000 -0.000000 -0.100000
vn -0.000000 -0.000000 -0.100000
vn -0.000000 -0.000000 -0.100000
vn -0.000000 -0.000000 -0.100000
vn -0.000000 -0.000000 -0.100000
vn -0.000000 -0.000000 -0.100000
vn -0.000000 -0.000000 -0.100000
vn -0.000000 -0.000000 -0.100000
vn -0.000000 -0.000000 -0.100000
vn -0.000000 -0.000000 -0.100000
vn -0.090557 0.042420 -0.000000
vn -0.090557 0.042420 -0.000000
vn -0.090557 0.042420 -0.000000
vn -0.090557 0.042420 -0.000000
vn -0.042420 0.090557 -0.000000
vn -0.042420 0.090557 -0.000000
vn -0.000000 -0.000000 -0.100000
vn -0.000000 -0.000000 -0.100000
vn -0.000000 -0.000000 -0.100000
vn -0.000000 -0.000000 -0.100000
vn -0.000000 -0.000000 -0.100000
vn -0.000000 -0.000000 -0.100000
vn -0.000000 -0.000000 -0.100000
vn -0.000000 -0.000000 -0.100000
vn -0.000000 -0.000000 -0.100000
vn -0.000000 -0.000000 -0.100000
vn -0.000000 -0.000000 -0.100000
vn -0.000000 -0.000000 -0.100000
vn -0.000000 -0.000000 -0.100000
vn -0.000000 -0.000000 -0.100000
vn -0.000000 -0.000000 -0.100000
vn -0.000000 -0.000000 -0.100000
vn -0.000000 -0.000000 -0.100000
vn -0.000000 -0.000000 -0.100000
vn -0.000000 -0.000000 -0.100000
vn -0.000000 -0.000000 -0.100000
vn -0.000000 -0.000000 -0.100000
vn -0.000000 -0.000000 -0.100000
vn -0.000000 -0.000000 -0.100000
vn -0.000000 -0.000000 -0.100000
vn -0.000000 -0.000000 -0.100000
vn -0.000000 -0.000000 -0.100000
vn -0.000000 -0.000000 -0.100000
vn -0.000000 -0.000000 -0.100000
vn -0.000000 -0.000000 -0.100000
vn -0.000000 -0.000000 -0.100000
vn -0.000000 -0.000000 -0.100000
vn -0.000000 -0.000000 -0.100000
vn -0.000000 -0.000000 -0.100000
vn -0.000000 -0.000000 -0.100000
vn -0.000000 -0.000000 -0.100000
vn -0.000000 -0.000000 -0.100000
vn -0.000000 -0.000000 -0.100000
vn -0.000000 -0.000000 -0.100000
vn -0.000000 -0.000000 -0.100000
vn -0.098136 0.019218 -0.000000
vn -0.098136 0.019218 -0.000000
vn -0.099868 -0.005129 0.000000
vn -0.099868 -0.005129 0.000000
vn -0.095651 -0.029170 0.000000
vn -0.095651 -0.029170 0.000000
vn -0.085735 -0.051474 0.000000
vn -0.085735 -0.051474 0.000000
vn -0.070711 -0.070711 0.000000
vn -0.070711 -0.070711 0.000000
vn -0.051474 -0.085735 0.000000
vn -0.051474 -0.085735 0.000000
vn -0.029170 -0.095651 0.000000
vn -0.029170 -0.095651 0.000000
vn -0.005129 -0.099868 0.000000
vn -0.005129 -0.099868 0.000000
vn 0.019218 -0.098136 0.000000
vn 0.019218 -0.098136 0.000000
vn -0.070711 0.070711 -0.000000
vn -0.070711 0.070711 -0.000000
vn -0.070711 0.070711 -0.000000
vn -0.070711 0.070711 -0.000000
vn -0.070711 0.070711 -0.000000
vn -0.070711 0.070711 -0.000000
vn -0.070711 0.070711 -0.000000
vn -0.070711 0.070711 -0.000000
vn -0.070711 0.070711 -0.000000
vn -0.070711 0.070711 -0.000000
vn -0.070711 0.070711 -0.000000
vn -0.070711 0.070711 -0.000000
vn -0.070711 0.070711 -0.000000
vn -0.070711 0.070711 -0.000000
vn -0.070711 0.070711 -0.000000
vn -0.070711 0.070711 -0.000000
vn -0.070711 0.070711 -0.000000
vn -0.070711 0.070711 -0.000000
vn -0.070711 0.070711 -0.000000
vn -0.070711 0.070711 -0.000000
vn -0.070711 0.070711 -0.000000
vn -0.070711 0.070711 -0.000000
vn -0.070711 0.070711 -0.000000
vn -0.070711 0.070711 -0.000000
vn -0.070711 0.070711 -0.000000
vn -0.070711 0.070711 -0.000000
vn -0.070711 0.070711 -0.000000
vn -0.070711 0.070711 -0.000000
vn -0.070711 0.070711 -0.000000
vn -0.070711 0.070711 -0.000000
vn -0.070711 0.070711 -0.000000
vn -0.070711 0.070711 -0.000000
vn -0.070711 0.070711 -0.000000
vn -0.070711 0.070711 -0.000000
vn -0.070711 0.070711 -0.000000
vn -0.070711 0.070711 -0.000000
vn -0.070711 0.070711 -0.000000
vn -0.070711 0.070711 -0.000000
vn -0.070711 0.070711 -0.000000
vn -0.070711 0.070711 -0.000000
vn -0.070711 0.070711 -0.000000
vn -0.070711 0.070711 -0.000000
vn -0.070711 0.070711 -0.000000
vn -0.070711 0.070711 -0.000000
vn -0.070711 0.070711 -0.000000
vn -0.070711 0.070711 -0.000000
vn -0.070711 0.070711 -0.000000
vn -0.070711 0.070711 -0.000000
vn -0.070711 0.070711 -0.000000
vn -0.070711 0.070711 -0.000000
vn -0.070711 0.070711 -0.000000
vn -0.070711 0.070711 -0.000000
vn -0.070711 0.070711 -0.000000
vn -0.070711 0.070711 -0.000000
vn -0.070711 0.070711 -0.000000
vn -0.070711 0.070711 -0.000000
vn -0.070711 0.070711 -0.000000
vn -0.070711 0.070711 -0.000000
vn -0.070711 0.070711 -0.000000
vn -0.070711 0.070711 -0.000000
vn -0.070711 0.070711 -0.000000
vn -0.070711 0.070711 -0.000000
vn -0.070711 0.070711 -0.000000
vn -0.070711 0.070711 -0.000000
vn -0.070711 0.070711 -0.000000
vn -0.070711 0.070711 -0.000000
vn -0.070711 0.070711 -0.000000
vn -0.070711 0.070711 -0.000000
vn -0.070711 0.070711 -0.000000
vn -0.070711 0.070711 -0.000000
vn -0.070711 0.070711 -0.000000
vn -0.070711 0.070711 -0.000000
vn -0.070711 0.070711 -0.000000
vn -0.070711 0.070711 -0.000000
vn -0.070711 0.070711 -0.000000
vn -0.070711 0.070711 -0.000000
vn -0.070711 0.070711 -0.000000
vn -0.070711 0.070711 -0.000000
vn -0.070711 0.070711 -0.000000
vn -0.070711 0.070711 -0.000000
vn -0.070711 0.070711 -0.000000
vn -0.070711 0.070711 -0.000000
vn -0.070711 0.070711 -0.000000
vn -0.070711 0.070711 -0.000000
vn -0.070711 0.070711 -0.000000
vn -0.070711 0.070711 -0.000000
vn -0.070711 0.070711 -0.000000
vn -0.070711 0.070711 -0.000000
vn -0.070711 0.070711 -0.000000
vn -0.070711 0.070711 -0.000000
vn -0.070711 0.070711 -0.000000
vn -0.070711 0.070711 -0.000000
vn -0.070711 0.070711 -0.000000
vn -0.070711 0.070711 -0.000000
vn -0.070711 0.070711 -0.000000
vn -0.070711 0.070711 -0.000000
usemtl Steel_-_Satin
f 2/1/1 48/2/2 1/3/3
f 1/3/3 48/2/2 25/4/4
f 1/3/3 25/4/4 24/5/5
f 24/5/5 25/4/4 26/6/6
f 24/5/5 26/6/6 23/7/7
f 23/7/7 26/6/6 27/8/8
f 23/7/7 27/8/8 22/9/9
f 22/9/9 27/8/8 28/10/10
f 22/9/9 28/10/10 21/11/11
f 21/11/11 28/10/10 29/12/12
f 21/11/11 29/12/12 20/13/13
f 20/13/13 29/12/12 30/14/14
f 20/13/13 30/14/14 19/15/15
f 19/15/15 30/14/14 31/16/16
f 19/15/15 31/16/16 18/17/17
f 18/17/17 31/16/16 32/18/18
f 18/17/17 32/18/18 17/19/19
f 17/19/19 32/18/18 33/20/20
f 17/19/19 33/20/20 16/21/21
f 16/21/21 33/20/20 34/22/22
f 16/21/21 34/22/22 15/23/23
f 15/23/23 34/22/22 35/24/24
f 15/23/23 35/24/24 14/25/25
f 14/25/25 35/24/24 36/26/26
f 14/25/25 36/26/26 13/27/27
f 13/27/27 36/26/26 37/28/28
f 13/29/27 37/30/28 12/31/29
f 12/31/29 37/30/28 38/32/30
f 12/31/29 38/32/30 11/33/31
f 11/33/31 38/32/30 39/34/32
f 11/33/31 39/34/32 10/35/33
f 10/35/33 39/34/32 40/36/34
f 10/35/33 40/36/34 9/37/35
f 9/37/35 40/36/34 41/38/36
f 9/37/35 41/38/36 8/39/37
f 8/39/37 41/38/36 42/40/38
f 8/39/37 42/40/38 7/41/39
f 7/41/39 42/40/38 43/42/40
f 7/41/39 43/42/40 6/43/41
f 6/43/41 43/42/40 44/44/42
f 6/43/41 44/44/42 5/45/43
f 5/45/43 44/44/42 45/46/44
f 5/45/43 45/46/44 4/47/45
f 4/47/45 45/46/44 46/48/46
f 4/47/45 46/48/46 3/49/47
f 3/49/47 46/48/46 47/50/48
f 3/49/47 47/50/48 2/1/1
f 2/1/1 47/50/48 48/2/2
f 50/51/49 96/52/50 49/53/51
f 49/53/51 96/52/50 73/54/52
f 49/53/51 73/54/52 72/55/53
f 72/55/53 73/54/52 74/56/54
f 72/55/53 74/56/54 71/57/55
f 71/57/55 74/56/54 75/58/56
f 71/57/55 75/58/56 70/59/57
f 70/59/57 75/58/56 76/60/58
f 70/59/57 76/60/58 69/61/59
f 69/61/59 76/60/58 77/62/60
f 69/61/59 77/62/60 68/63/61
f 68/63/61 77/62/60 78/64/62
f 68/63/61 78/64/62 67/65/63
f 67/65/63 78/64/62 79/66/64
f 67/65/63 79/66/64 66/67/65
f 66/67/65 79/66/64 80/68/66
f 66/67/65 80/68/66 65/69/67
f 65/69/67 80/68/66 81/70/68
f 65/69/67 81/70/68 64/71/69
f 64/71/69 81/70/68 82/72/70
f 64/71/69 82/72/70 63/73/71
f 63/73/71 82/72/70 83/74/72
f 63/73/71 83/74/72 62/75/73
f 62/75/73 83/74/72 84/76/74
f 62/75/73 84/76/74 61/77/75
f 61/77/75 84/76/74 85/78/76
f 61/79/75 85/80/76 60/81/77
f 60/81/77 85/80/76 86/82/78
f 60/81/77 86/82/78 59/83/79
f 59/83/79 86/82/78 87/84/80
f 59/83/79 87/84/80 58/85/81
f 58/85/81 87/84/80 88/86/82
f 58/85/81 88/86/82 57/87/83
f 57/87/83 88/86/82 89/88/84
f 57/87/83 89/88/84 56/89/85
f 56/89/85 89/88/84 90/90/86
f 56/89/85 90/90/86 55/91/87
f 55/91/87 90/90/86 91/92/88
f 55/91/87 91/92/88 54/93/89
f 54/93/89 91/92/88 92/94/90
f 54/93/89 92/94/90 53/95/91
f 53/95/91 92/94/90 93/96/92
f 53/95/91 93/96/92 52/97/93
f 52/97/93 93/96/92 94/98/94
f 52/97/93 94/98/94 51/99/95
f 51/99/95 94/98/94 95/100/96
f 51/99/95 95/100/96 50/51/49
f 50/51/49 95/100/96 96/52/50
f 98/101/97 139/102/98 97/103/99
f 97/103/99 139/102/98 140/104/100
f 97/103/99 140/104/100 135/105/101
f 135/105/101 140/104/100 141/106/102
f 135/105/101 141/106/102 134/107/103
f 134/107/103 141/106/102 142/108/104
f 134/107/103 142/108/104 133/109/105
f 133/109/105 142/108/104 143/110/106
f 133/109/105 143/110/106 132/111/107
f 132/111/107 143/110/106 144/112/108
f 132/111/107 144/112/108 131/113/109
f 131/113/109 144/112/108 145/114/110
f 131/113/109 145/114/110 130/115/111
f 130/115/111 145/114/110 146/116/112
f 130/115/111 146/116/112 129/117/113
f 129/117/113 146/116/112 147/118/114
f 129/117/113 147/118/114 128/119/115
f 128/119/115 147/118/114 148/120/116
f 128/119/115 148/120/116 127/121/117
f 127/121/117 148/120/116 149/122/118
f 127/121/117 149/122/118 126/123/119
f 126/123/119 149/122/118 150/124/120
f 126/123/119 150/124/120 125/125/121
f 125/125/121 150/124/120 151/126/122
f 125/125/121 151/126/122 124/127/123
f 124/127/123 151/126/122 153/128/124
f 124/127/123 153/128/124 123/129/125
f 123/129/125 153/128/124 154/130/126
f 123/129/125 154/130/126 122/131/127
f 122/131/127 154/130/126 155/132/128
f 122/131/127 155/132/128 121/133/129
f 121/133/129 155/132/128 156/134/130
f 121/133/129 156/134/130 120/135/131
f 120/135/131 156/134/130 157/136/132
f 120/135/131 157/136/132 119/137/133
f 119/137/133 157/136/132 158/138/134
f 119/137/133 158/138/134 159/139/135
f 99/140/136 137/141/137 98/101/97
f 98/101/97 137/141/137 138/142/138
f 98/101/97 138/142/138 139/102/98
f 137/141/137 99/140/136 179/143/139
f 179/143/139 99/140/136 100/144/140
f 179/143/139 100/144/140 178/145/141
f 178/145/141 100/144/140 101/146/142
f 178/145/141 101/146/142 177/147/143
f 177/147/143 101/146/142 102/148/144
f 177/147/143 102/148/144 176/149/145
f 176/149/145 102/148/144 103/150/146
f 176/149/145 103/150/146 175/151/147
f 175/151/147 103/150/146 104/152/148
f 175/151/147 104/152/148 174/153/149
f 174/153/149 104/152/148 173/154/150
f 173/154/150 104/152/148 105/155/151
f 173/154/150 105/155/151 172/156/152
f 172/156/152 105/155/151 106/157/153
f 172/156/152 106/157/153 171/158/154
f 171/158/154 106/157/153 107/159/155
f 171/158/154 107/159/155 170/160/156
f 170/160/156 107/159/155 108/161/157
f 170/160/156 108/161/157 169/162/158
f 169/162/158 108/161/157 109/163/159
f 169/162/158 109/163/159 168/164/160
f 168/164/160 109/163/159 110/165/161
f 168/164/160 110/165/161 180/166/162
f 180/166/162 110/165/161 211/167/163
f 211/167/163 110/165/161 111/168/164
f 211/167/163 111/168/164 210/169/165
f 210/169/165 111/168/164 209/170/166
f 209/170/166 111/168/164 208/171/167
f 208/171/167 111/168/164 207/172/168
f 207/172/168 111/168/164 206/173/169
f 206/173/169 111/168/164 205/174/170
f 205/174/170 111/168/164 204/175/171
f 204/175/171 111/168/164 203/176/172
f 203/176/172 111/168/164 202/177/173
f 202/177/173 111/168/164 201/178/174
f 201/178/174 111/168/164 200/179/175
f 200/179/175 111/168/164 199/180/176
f 199/180/176 111/168/164 198/181/177
f 198/181/177 111/168/164 242/182/178
f 198/181/177 242/182/178 197/183/179
f 197/183/179 242/182/178 243/184/180
f 197/183/179 243/184/180 212/185/181
f 112/186/182 233/187/183 111/168/164
f 111/168/164 233/187/183 234/188/184
f 111/168/164 234/188/184 235/189/185
f 113/190/186 298/191/187 112/186/182
f 112/186/182 298/191/187 299/192/188
f 112/186/182 299/192/188 300/193/189
f 114/194/190 164/195/191 113/190/186
f 113/190/186 164/195/191 165/196/192
f 113/190/186 165/196/192 292/197/193
f 292/197/193 165/196/192 291/198/194
f 291/198/194 165/196/192 290/199/195
f 290/199/195 165/196/192 289/200/196
f 289/200/196 165/196/192 288/201/197
f 288/201/197 165/196/192 287/202/198
f 287/202/198 165/196/192 286/203/199
f 286/203/199 165/196/192 285/204/200
f 285/204/200 165/196/192 284/205/201
f 284/205/201 165/196/192 283/206/202
f 283/206/202 165/196/192 282/207/203
f 282/207/203 165/196/192 281/208/204
f 281/208/204 165/196/192 280/209/205
f 280/209/205 165/196/192 256/210/206
f 280/209/205 256/210/206 279/211/207
f 279/211/207 256/210/206 257/212/208
f 279/211/207 257/212/208 278/213/209
f 278/213/209 257/212/208 258/214/210
f 278/213/209 258/214/210 277/215/211
f 277/215/211 258/214/210 259/216/212
f 277/215/211 259/216/212 260/217/213
f 164/195/191 114/194/190 163/218/214
f 163/218/214 114/194/190 115/219/215
f 163/218/214 115/219/215 162/220/216
f 162/220/216 115/219/215 116/221/217
f 162/220/216 116/221/217 161/222/218
f 161/222/218 116/221/217 117/223/219
f 161/224/218 117/225/219 160/226/220
f 160/226/220 117/225/219 118/227/221
f 160/226/220 118/227/221 159/139/135
f 159/139/135 118/227/221 119/137/133
f 136/228/222 137/141/137 179/143/139
f 151/126/122 152/229/223 153/128/124
f 165/196/192 166/230/224 256/210/206
f 256/210/206 166/230/224 255/231/225
f 255/231/225 166/230/224 254/232/226
f 254/232/226 166/230/224 253/233/227
f 253/233/227 166/230/224 252/234/228
f 252/234/228 166/230/224 251/235/229
f 251/235/229 166/230/224 250/236/230
f 250/236/230 166/230/224 249/237/231
f 249/237/231 166/230/224 248/238/232
f 248/238/232 166/230/224 247/239/233
f 247/239/233 166/230/224 246/240/234
f 246/240/234 166/230/224 245/241/235
f 245/241/235 166/230/224 244/242/236
f 244/242/236 166/230/224 228/243/237
f 244/242/236 228/243/237 229/244/238
f 167/245/239 216/246/240 166/230/224
f 166/230/224 216/246/240 217/247/241
f 166/230/224 217/247/241 218/248/242
f 168/164/160 180/166/162 167/245/239
f 167/245/239 180/166/162 181/249/243
f 167/245/239 181/249/243 182/250/244
f 182/250/244 183/251/245 167/245/239
f 167/245/239 183/251/245 184/252/246
f 167/245/239 184/252/246 185/253/247
f 185/253/247 186/254/248 167/245/239
f 167/245/239 186/254/248 187/255/249
f 167/245/239 187/255/249 188/256/250
f 188/256/250 189/257/251 167/245/239
f 167/245/239 189/257/251 190/258/252
f 167/245/239 190/258/252 191/259/253
f 191/259/253 192/260/254 167/245/239
f 167/245/239 192/260/254 216/246/240
f 192/260/254 193/261/255 216/246/240
f 216/246/240 193/261/255 215/262/256
f 215/262/256 193/261/255 194/263/257
f 215/262/256 194/263/257 214/264/258
f 214/264/258 194/263/257 195/265/259
f 214/264/258 195/265/259 213/266/260
f 213/266/260 195/265/259 212/185/181
f 212/185/181 195/265/259 196/267/261
f 212/185/181 196/267/261 197/183/179
f 218/248/242 219/268/262 166/230/224
f 166/230/224 219/268/262 220/269/263
f 166/230/224 220/269/263 221/270/264
f 221/270/264 222/271/265 166/230/224
f 166/230/224 222/271/265 223/272/266
f 166/230/224 223/272/266 224/273/267
f 224/273/267 225/274/268 166/230/224
f 166/230/224 225/274/268 226/275/269
f 166/230/224 226/275/269 227/276/270
f 227/276/270 228/243/237 166/230/224
f 244/242/236 229/244/238 275/277/271
f 275/277/271 229/244/238 230/278/272
f 275/277/271 230/278/272 274/279/273
f 274/279/273 230/278/272 231/280/274
f 274/279/273 231/280/274 273/281/275
f 273/281/275 231/280/274 232/282/276
f 273/281/275 232/282/276 112/186/182
f 112/186/182 232/282/276 233/187/183
f 235/189/185 236/283/277 111/168/164
f 111/168/164 236/283/277 237/284/278
f 111/168/164 237/284/278 238/285/279
f 238/285/279 239/286/280 111/168/164
f 111/168/164 239/286/280 240/287/281
f 111/168/164 240/287/281 241/288/282
f 241/288/282 242/182/178 111/168/164
f 261/289/283 307/290/284 260/217/213
f 260/217/213 307/290/284 276/291/285
f 260/217/213 276/291/285 277/215/211
f 261/289/283 262/292/286 307/290/284
f 307/290/284 262/292/286 306/293/287
f 306/293/287 262/292/286 112/186/182
f 306/293/287 112/186/182 305/294/288
f 305/294/288 112/186/182 304/295/289
f 304/295/289 112/186/182 303/296/290
f 303/296/290 112/186/182 302/297/291
f 302/297/291 112/186/182 301/298/292
f 301/298/292 112/186/182 300/193/189
f 262/292/286 263/299/293 112/186/182
f 112/186/182 263/299/293 264/300/294
f 112/186/182 264/300/294 265/301/295
f 265/301/295 266/302/296 112/186/182
f 112/186/182 266/302/296 267/303/297
f 112/186/182 267/303/297 268/304/298
f 268/304/298 269/305/299 112/186/182
f 112/186/182 269/305/299 270/306/300
f 112/186/182 270/306/300 271/307/301
f 271/307/301 272/308/302 112/186/182
f 112/186/182 272/308/302 273/281/275
f 292/197/193 293/309/303 113/190/186
f 113/190/186 293/309/303 294/310/304
f 113/190/186 294/310/304 295/311/305
f 295/311/305 296/312/306 113/190/186
f 113/190/186 296/312/306 297/313/307
f 113/190/186 297/313/307 298/191/187
f 329/314/308 308/315/309 328/316/310
f 328/316/310 308/315/309 309/317/311
f 328/316/310 309/317/311 327/318/312
f 327/318/312 309/317/311 310/319/313
f 327/318/312 310/319/313 326/320/314
f 326/320/314 310/319/313 311/321/315
f 326/320/314 311/321/315 325/322/316
f 325/322/316 311/321/315 312/323/317
f 325/322/316 312/323/317 324/324/318
f 324/324/318 312/323/317 313/325/319
f 324/324/318 313/325/319 323/326/320
f 323/326/320 313/325/319 314/327/321
f 323/326/320 314/327/321 322/328/322
f 322/328/322 314/327/321 315/329/323
f 322/328/322 315/329/323 321/330/324
f 321/330/324 315/329/323 316/331/325
f 321/330/324 316/331/325 320/332/326
f 320/332/326 316/331/325 317/333/327
f 320/332/326 317/333/327 319/334/328
f 319/334/328 317/333/327 318/335/329
f 331/336/330 181/337/331 330/338/332
f 330/338/332 181/337/331 180/339/333
f 330/338/332 180/339/333 211/340/334
f 181/337/331 331/336/330 182/341/335
f 182/341/335 331/336/330 332/342/336
f 182/341/335 332/342/336 183/343/337
f 183/343/337 332/342/336 333/344/338
f 183/343/337 333/344/338 184/345/339
f 184/345/339 333/344/338 185/346/340
f 185/346/340 333/344/338 334/347/341
f 185/346/340 334/347/341 186/348/342
f 186/348/342 334/347/341 335/349/343
f 186/348/342 335/349/343 187/350/344
f 187/350/344 335/349/343 336/351/345
f 187/350/344 336/351/345 188/352/346
f 188/352/346 336/351/345 189/353/347
f 189/353/347 336/351/345 337/354/348
f 189/353/347 337/354/348 190/355/349
f 190/355/349 337/354/348 338/356/350
f 190/355/349 338/356/350 191/357/351
f 191/357/351 338/356/350 339/358/352
f 191/357/351 339/358/352 192/359/353
f 192/359/353 339/358/352 193/360/354
f 193/360/354 339/358/352 340/361/355
f 193/360/354 340/361/355 194/362/356
f 194/362/356 340/361/355 341/363/357
f 194/362/356 341/363/357 195/364/358
f 195/364/358 341/363/357 342/365/359
f 195/364/358 342/365/359 196/366/360
f 196/367/360 342/368/359 197/369/361
f 197/369/361 342/368/359 343/370/362
f 197/369/361 343/370/362 198/371/363
f 198/371/363 343/370/362 344/372/364
f 198/371/363 344/372/364 199/373/365
f 199/373/365 344/372/364 345/374/366
f 199/373/365 345/374/366 200/375/367
f 200/375/367 345/374/366 201/376/368
f 201/376/368 345/374/366 346/377/369
f 201/376/368 346/377/369 202/378/370
f 202/378/370 346/377/369 347/379/371
f 202/378/370 347/379/371 203/380/372
f 203/380/372 347/379/371 348/381/373
f 203/380/372 348/381/373 204/382/374
f 204/382/374 348/381/373 205/383/375
f 205/383/375 348/381/373 349/384/376
f 205/383/375 349/384/376 206/385/377
f 206/385/377 349/384/376 350/386/378
f 206/385/377 350/386/378 207/387/379
f 207/387/379 350/386/378 351/388/380
f 207/387/379 351/388/380 208/389/381
f 208/389/381 351/388/380 209/390/382
f 209/390/382 351/388/380 352/391/383
f 209/390/382 352/391/383 210/392/384
f 210/392/384 352/391/383 353/393/385
f 210/392/384 353/393/385 211/340/334
f 211/340/334 353/393/385 330/338/332
f 355/394/386 213/395/387 354/396/388
f 354/396/388 213/395/387 212/397/389
f 354/396/388 212/397/389 243/398/390
f 213/395/387 355/394/386 214/399/391
f 214/399/391 355/394/386 356/400/392
f 214/399/391 356/400/392 215/401/393
f 215/401/393 356/400/392 357/402/394
f 215/401/393 357/402/394 216/403/395
f 216/403/395 357/402/394 217/404/396
f 217/404/396 357/402/394 358/405/397
f 217/404/396 358/405/397 218/406/398
f 218/406/398 358/405/397 359/407/399
f 218/406/398 359/407/399 219/408/400
f 219/408/400 359/407/399 360/409/401
f 219/408/400 360/409/401 220/410/402
f 220/410/402 360/409/401 221/411/403
f 221/411/403 360/409/401 361/412/404
f 221/411/403 361/412/404 222/413/405
f 222/413/405 361/412/404 362/414/406
f 222/413/405 362/414/406 223/415/407
f 223/415/407 362/414/406 363/416/408
f 223/415/407 363/416/408 224/417/409
f 224/417/409 363/416/408 225/418/410
f 225/418/410 363/416/408 364/419/411
f 225/418/410 364/419/411 226/420/412
f 226/420/412 364/419/411 365/421/413
f 226/420/412 365/421/413 227/422/414
f 227/422/414 365/421/413 366/423/415
f 227/422/414 366/423/415 228/424/416
f 228/425/416 366/426/415 229/427/417
f 229/427/417 366/426/415 367/428/418
f 229/427/417 367/428/418 230/429/419
f 230/429/419 367/428/418 368/430/420
f 230/429/419 368/430/420 231/431/421
f 231/431/421 368/430/420 369/432/422
f 231/431/421 369/432/422 232/433/423
f 232/433/423 369/432/422 233/434/424
f 233/434/424 369/432/422 370/435/425
f 233/434/424 370/435/425 234/436/426
f 234/436/426 370/435/425 371/437/427
f 234/436/426 371/437/427 235/438/428
f 235/438/428 371/437/427 372/439/429
f 235/438/428 372/439/429 236/440/430
f 236/440/430 372/439/429 237/441/431
f 237/441/431 372/439/429 373/442/432
f 237/441/431 373/442/432 238/443/433
f 238/443/433 373/442/432 374/444/434
f 238/443/433 374/444/434 239/445/435
f 239/445/435 374/444/434 375/446/436
f 239/445/435 375/446/436 240/447/437
f 240/447/437 375/446/436 241/448/438
f 241/448/438 375/446/436 376/449/439
f 241/448/438 376/449/439 242/450/440
f 242/450/440 376/449/439 377/451/441
f 242/450/440 377/451/441 243/398/390
f 243/398/390 377/451/441 354/396/388
f 379/452/442 245/453/443 378/454/444
f 378/454/444 245/453/443 244/455/445
f 378/454/444 244/455/445 275/456/446
f 245/453/443 379/452/442 246/457/447
f 246/457/447 379/452/442 380/458/448
f 246/457/447 380/458/448 247/459/449
f 247/459/449 380/458/448 381/460/450
f 247/459/449 381/460/450 248/461/451
f 248/461/451 381/460/450 249/462/452
f 249/462/452 381/460/450 382/463/453
f 249/462/452 382/463/453 250/464/454
f 250/464/454 382/463/453 383/465/455
f 250/464/454 383/465/455 251/466/456
f 251/466/456 383/465/455 384/467/457
f 251/466/456 384/467/457 252/468/458
f 252/468/458 384/467/457 253/469/459
f 253/469/459 384/467/457 385/470/460
f 253/469/459 385/470/460 254/471/461
f 254/471/461 385/470/460 386/472/462
f 254/471/461 386/472/462 255/473/463
f 255/473/463 386/472/462 387/474/464
f 255/473/463 387/474/464 256/475/465
f 256/475/465 387/474/464 257/476/466
f 257/476/466 387/474/464 388/477/467
f 257/476/466 388/477/467 258/478/468
f 258/478/468 388/477/467 389/479/469
f 258/478/468 389/479/469 259/480/470
f 259/480/470 389/479/469 390/481/471
f 259/480/470 390/481/471 260/482/472
f 260/483/472 390/484/471 261/485/473
f 261/485/473 390/484/471 391/486/474
f 261/485/473 391/486/474 262/487/475
f 262/487/475 391/486/474 392/488/476
f 262/487/475 392/488/476 263/489/477
f 263/489/477 392/488/476 393/490/478
f 263/489/477 393/490/478 264/491/479
f 264/491/479 393/490/478 265/492/480
f 265/492/480 393/490/478 394/493/481
f 265/492/480 394/493/481 266/494/482
f 266/494/482 394/493/481 395/495/483
f 266/494/482 395/495/483 267/496/484
f 267/496/484 395/495/483 396/497/485
f 267/496/484 396/497/485 268/498/486
f 268/498/486 396/497/485 269/499/487
f 269/499/487 396/497/485 397/500/488
f 269/499/487 397/500/488 270/501/489
f 270/501/489 397/500/488 398/502/490
f 270/501/489 398/502/490 271/503/491
f 271/503/491 398/502/490 399/504/492
f 271/503/491 399/504/492 272/505/493
f 272/505/493 399/504/492 273/506/494
f 273/506/494 399/504/492 400/507/495
f 273/506/494 400/507/495 274/508/496
f 274/508/496 400/507/495 401/509/497
f 274/508/496 401/509/497 275/456/446
f 275/456/446 401/509/497 378/454/444
f 403/510/498 277/511/499 402/512/500
f 402/512/500 277/511/499 276/513/501
f 402/512/500 276/513/501 307/514/502
f 277/511/499 403/510/498 278/515/503
f 278/515/503 403/510/498 404/516/504
f 278/515/503 404/516/504 279/517/505
f 279/517/505 404/516/504 405/518/506
f 279/517/505 405/518/506 280/519/507
f 280/519/507 405/518/506 281/520/508
f 281/520/508 405/518/506 406/521/509
f 281/520/508 406/521/509 282/522/510
f 282/522/510 406/521/509 407/523/511
f 282/522/510 407/523/511 283/524/512
f 283/524/512 407/523/511 408/525/513
f 283/524/512 408/525/513 284/526/514
f 284/526/514 408/525/513 285/527/515
f 285/527/515 408/525/513 409/528/516
f 285/527/515 409/528/516 286/529/517
f 286/529/517 409/528/516 410/530/518
f 286/529/517 410/530/518 287/531/519
f 287/531/519 410/530/518 411/532/520
f 287/531/519 411/532/520 288/533/521
f 288/533/521 411/532/520 289/534/522
f 289/534/522 411/532/520 412/535/523
f 289/534/522 412/535/523 290/536/524
f 290/536/524 412/535/523 413/537/525
f 290/536/524 413/537/525 291/538/526
f 291/538/526 413/537/525 414/539/527
f 291/538/526 414/539/527 292/540/528
f 292/541/528 414/542/527 293/543/529
f 293/543/529 414/542/527 415/544/530
f 293/543/529 415/544/530 294/545/531
f 294/545/531 415/544/530 416/546/532
f 294/545/531 416/546/532 295/547/533
f 295/547/533 416/546/532 417/548/534
f 295/547/533 417/548/534 296/549/535
f 296/549/535 417/548/534 297/550/536
f 297/550/536 417/548/534 418/551/537
f 297/550/536 418/551/537 298/552/538
f 298/552/538 418/551/537 419/553/539
f 298/552/538 419/553/539 299/554/540
f 299/554/540 419/553/539 420/555/541
f 299/554/540 420/555/541 300/556/542
f 300/556/542 420/555/541 301/557/543
f 301/557/543 420/555/541 421/558/544
f 301/557/543 421/558/544 302/559/545
f 302/559/545 421/558/544 422/560/546
f 302/559/545 422/560/546 303/561/547
f 303/561/547 422/560/546 423/562/548
f 303/561/547 423/562/548 304/563/549
f 304/563/549 423/562/548 305/564/550
f 305/564/550 423/562/548 424/565/551
f 305/564/550 424/565/551 306/566/552
f 306/566/552 424/565/551 425/567/553
f 306/566/552 425/567/553 307/514/502
f 307/514/502 425/567/553 402/512/500
f 174/568/554 84/569/555 319/570/556
f 319/570/556 84/569/555 83/571/557
f 319/570/556 83/571/557 82/572/558
f 173/573/559 168/574/560 174/568/554
f 174/568/554 168/574/560 136/575/561
f 174/568/554 136/575/561 88/576/562
f 88/576/562 136/575/561 89/577/563
f 89/577/563 136/575/561 90/578/564
f 90/578/564 136/575/561 91/579/565
f 91/579/565 136/575/561 92/580/566
f 92/580/566 136/575/561 329/581/567
f 92/580/566 329/581/567 93/582/568
f 93/582/568 329/581/567 94/583/569
f 94/583/569 329/581/567 95/584/570
f 95/584/570 329/581/567 96/585/571
f 96/585/571 329/581/567 328/586/572
f 96/585/571 328/586/572 73/587/573
f 73/587/573 328/586/572 327/588/574
f 73/587/573 327/588/574 74/589/575
f 74/589/575 327/588/574 326/590/576
f 74/589/575 326/590/576 75/591/577
f 75/591/577 326/590/576 325/592/578
f 75/591/577 325/592/578 76/593/579
f 76/593/579 325/592/578 324/594/580
f 76/593/579 324/594/580 323/595/581
f 168/574/560 173/573/559 169/596/582
f 169/596/582 173/573/559 172/597/583
f 169/596/582 172/597/583 170/598/584
f 170/598/584 172/597/583 171/599/585
f 168/574/560 167/600/586 136/575/561
f 136/575/561 167/600/586 166/601/587
f 136/575/561 166/601/587 165/602/588
f 165/602/588 164/603/589 136/575/561
f 136/575/561 164/603/589 137/604/590
f 137/604/590 164/603/589 163/605/591
f 137/604/590 163/605/591 138/606/592
f 138/606/592 163/605/591 162/607/593
f 138/606/592 162/607/593 139/608/594
f 139/608/594 162/607/593 161/609/595
f 139/608/594 161/609/595 140/610/596
f 140/610/596 161/609/595 160/611/597
f 140/610/596 160/611/597 141/612/598
f 141/612/598 160/611/597 159/613/599
f 141/612/598 159/613/599 142/614/600
f 142/614/600 159/613/599 158/615/601
f 142/614/600 158/615/601 143/616/602
f 143/616/602 158/615/601 144/617/603
f 144/617/603 158/615/601 145/618/604
f 145/618/604 158/615/601 146/619/605
f 146/619/605 158/615/601 152/620/606
f 146/619/605 152/620/606 151/621/607
f 426/622/608 32/623/609 158/615/601
f 158/615/601 32/623/609 31/624/610
f 158/615/601 31/624/610 30/625/611
f 427/626/612 36/627/613 426/622/608
f 426/622/608 36/627/613 35/628/614
f 426/622/608 35/628/614 34/629/615
f 36/627/613 427/626/612 37/630/616
f 37/630/616 427/626/612 428/631/617
f 37/630/616 428/631/617 38/632/618
f 38/632/618 428/631/617 429/633/619
f 38/632/618 429/633/619 39/634/620
f 39/634/620 429/633/619 430/635/621
f 39/634/620 430/635/621 40/636/622
f 40/636/622 430/635/621 431/637/623
f 40/636/622 431/637/623 432/638/624
f 40/636/622 432/638/624 41/639/625
f 41/639/625 432/638/624 433/640/626
f 41/639/625 433/640/626 42/641/627
f 42/641/627 433/640/626 434/642/628
f 42/641/627 434/642/628 43/643/629
f 43/643/629 434/642/628 435/644/630
f 43/643/629 435/644/630 44/645/631
f 44/645/631 435/644/630 436/646/632
f 44/645/631 436/646/632 45/647/633
f 45/647/633 436/646/632 46/648/634
f 46/648/634 436/646/632 47/649/635
f 47/649/635 436/646/632 48/650/636
f 48/650/636 436/646/632 152/620/606
f 48/650/636 152/620/606 25/651/637
f 25/651/637 152/620/606 26/652/638
f 26/652/638 152/620/606 27/653/639
f 27/653/639 152/620/606 28/654/640
f 28/654/640 152/620/606 158/615/601
f 28/654/640 158/615/601 29/655/641
f 29/655/641 158/615/601 30/625/611
f 146/619/605 151/621/607 147/656/642
f 147/656/642 151/621/607 150/657/643
f 147/656/642 150/657/643 148/658/644
f 148/658/644 150/657/643 149/659/645
f 76/593/579 323/595/581 77/660/646
f 77/660/646 323/595/581 322/661/647
f 77/660/646 322/661/647 78/662/648
f 78/662/648 322/661/647 321/663/649
f 78/662/648 321/663/649 79/664/650
f 79/664/650 321/663/649 320/665/651
f 79/664/650 320/665/651 80/666/652
f 80/666/652 320/665/651 319/570/556
f 80/666/652 319/570/556 81/667/653
f 81/667/653 319/570/556 82/572/558
f 34/629/615 33/668/654 426/622/608
f 426/622/608 33/668/654 32/623/609
f 88/576/562 87/669/655 174/568/554
f 174/568/554 87/669/655 86/670/656
f 174/568/554 86/670/656 85/671/657
f 85/671/657 84/569/555 174/568/554
f 179/672/658 308/673/309 136/674/659
f 136/674/659 308/673/309 329/675/308
f 179/676/660 178/677/661 308/678/662
f 308/678/662 178/677/661 54/679/663
f 308/678/662 54/679/663 53/680/664
f 177/681/665 56/682/666 178/677/661
f 178/677/661 56/682/666 55/683/667
f 178/677/661 55/683/667 54/679/663
f 176/684/668 60/685/669 177/681/665
f 177/681/665 60/685/669 59/686/670
f 177/681/665 59/686/670 58/687/671
f 175/688/672 318/689/673 176/684/668
f 176/684/668 318/689/673 62/690/674
f 176/684/668 62/690/674 61/691/675
f 317/692/676 67/693/677 318/689/673
f 318/689/673 67/693/677 66/694/678
f 318/689/673 66/694/678 65/695/679
f 67/693/677 317/692/676 68/696/680
f 68/696/680 317/692/676 316/697/681
f 68/696/680 316/697/681 69/698/682
f 69/698/682 316/697/681 315/699/683
f 69/698/682 315/699/683 314/700/684
f 69/698/682 314/700/684 70/701/685
f 70/701/685 314/700/684 313/702/686
f 70/701/685 313/702/686 312/703/687
f 70/701/685 312/703/687 71/704/688
f 71/704/688 312/703/687 311/705/689
f 71/704/688 311/705/689 310/706/690
f 71/704/688 310/706/690 72/707/691
f 72/707/691 310/706/690 309/708/692
f 72/707/691 309/708/692 49/709/693
f 49/709/693 309/708/692 308/678/662
f 49/709/693 308/678/662 50/710/694
f 50/710/694 308/678/662 51/711/695
f 51/711/695 308/678/662 52/712/696
f 52/712/696 308/678/662 53/680/664
f 65/695/679 64/713/697 318/689/673
f 318/689/673 64/713/697 63/714/698
f 318/689/673 63/714/698 62/690/674
f 61/691/675 60/685/669 176/684/668
f 58/687/671 57/715/699 177/681/665
f 177/681/665 57/715/699 56/682/666
f 437/716/700 153/717/701 436/718/702
f 436/718/702 153/717/701 152/719/703
f 157/720/704 156/721/705 438/722/706
f 438/722/706 156/721/705 18/723/707
f 438/722/706 18/723/707 17/724/708
f 155/725/709 20/726/710 156/721/705
f 156/721/705 20/726/710 19/727/711
f 156/721/705 19/727/711 18/723/707
f 154/728/712 24/729/713 155/725/709
f 155/725/709 24/729/713 23/730/714
f 155/725/709 23/730/714 22/731/715
f 153/732/716 437/733/717 154/728/712
f 154/728/712 437/733/717 2/734/718
f 154/728/712 2/734/718 1/735/719
f 439/736/720 7/737/721 437/733/717
f 437/733/717 7/737/721 6/738/722
f 437/733/717 6/738/722 5/739/723
f 7/737/721 439/736/720 8/740/724
f 8/740/724 439/736/720 440/741/725
f 8/740/724 440/741/725 9/742/726
f 9/742/726 440/741/725 441/743/727
f 9/742/726 441/743/727 442/744/728
f 9/742/726 442/744/728 10/745/729
f 10/745/729 442/744/728 443/746/730
f 10/745/729 443/746/730 444/747/731
f 10/745/729 444/747/731 11/748/732
f 11/748/732 444/747/731 445/749/733
f 11/748/732 445/749/733 446/750/734
f 11/748/732 446/750/734 12/751/735
f 12/751/735 446/750/734 447/752/736
f 12/751/735 447/752/736 13/753/737
f 13/753/737 447/752/736 438/722/706
f 13/753/737 438/722/706 14/754/738
f 14/754/738 438/722/706 15/755/739
f 15/755/739 438/722/706 16/756/740
f 16/756/740 438/722/706 17/724/708
f 1/735/719 24/729/713 154/728/712
f 22/731/715 21/757/741 155/725/709
f 155/725/709 21/757/741 20/726/710
f 5/739/723 4/758/742 437/733/717
f 437/733/717 4/758/742 3/759/743
f 437/733/717 3/759/743 2/734/718
f 157/760/744 438/761/745 158/762/746
f 158/762/746 438/761/745 426/763/747
f 318/764/329 175/765/748 319/766/328
f 319/766/328 175/765/748 174/767/749
f 97/768/750 135/769/751 98/770/752
f 98/770/752 135/769/751 99/771/753
f 99/771/753 135/769/751 134/772/754
f 99/771/753 134/772/754 100/773/755
f 100/773/755 134/772/754 133/774/756
f 100/773/755 133/774/756 101/775/757
f 101/775/757 133/774/756 102/776/758
f 102/776/758 133/774/756 103/777/759
f 103/777/759 133/774/756 104/778/760
f 104/778/760 133/774/756 105/779/761
f 105/779/761 133/774/756 106/780/762
f 106/780/762 133/774/756 107/781/763
f 107/781/763 133/774/756 108/782/764
f 108/782/764 133/774/756 109/783/765
f 109/783/765 133/774/756 110/784/766
f 110/784/766 133/774/756 132/785/767
f 110/784/766 132/785/767 111/786/768
f 111/786/768 132/785/767 112/787/769
f 112/787/769 132/785/767 113/788/770
f 113/788/770 132/785/767 114/789/771
f 114/789/771 132/785/767 115/790/772
f 115/790/772 132/785/767 116/791/773
f 116/791/773 132/785/767 117/792/774
f 117/792/774 132/785/767 118/793/775
f 118/793/775 132/785/767 119/794/776
f 119/794/776 132/785/767 120/795/777
f 120/795/777 132/785/767 121/796/778
f 121/796/778 132/785/767 131/797/779
f 121/796/778 131/797/779 122/798/780
f 122/798/780 131/797/779 130/799/781
f 122/798/780 130/799/781 123/800/782
f 123/800/782 130/799/781 129/801/783
f 123/800/782 129/801/783 124/802/784
f 124/802/784 129/801/783 128/803/785
f 124/802/784 128/803/785 125/804/786
f 125/804/786 128/803/785 127/805/787
f 125/804/786 127/805/787 126/806/788
f 426/807/747 438/808/745 427/809/789
f 427/809/789 438/808/745 447/810/790
f 427/809/789 447/810/790 428/811/791
f 428/811/791 447/810/790 446/812/792
f 428/811/791 446/812/792 429/813/793
f 429/813/793 446/812/792 445/814/794
f 429/813/793 445/814/794 430/815/795
f 430/815/795 445/814/794 444/816/796
f 430/815/795 444/816/796 431/817/797
f 431/817/797 444/816/796 443/818/798
f 431/817/797 443/818/798 432/819/799
f 432/819/799 443/818/798 442/820/800
f 432/819/799 442/820/800 433/821/801
f 433/821/801 442/820/800 441/822/802
f 433/821/801 441/822/802 434/823/803
f 434/823/803 441/822/802 440/824/804
f 434/823/803 440/824/804 435/825/805
f 435/825/805 440/824/804 439/826/806
f 435/825/805 439/826/806 436/827/702
f 436/827/702 439/826/806 437/828/700
f 353/829/807 343/830/808 330/831/809
f 330/831/809 343/830/808 342/832/810
f 330/831/809 342/832/810 331/833/811
f 331/833/811 342/832/810 341/834/812
f 331/833/811 341/834/812 332/835/813
f 332/835/813 341/834/812 340/836/814
f 332/835/813 340/836/814 333/837/815
f 333/837/815 340/836/814 339/838/816
f 333/837/815 339/838/816 334/839/817
f 334/839/817 339/838/816 338/840/818
f 334/839/817 338/840/818 335/841/819
f 335/841/819 338/840/818 337/842/820
f 335/841/819 337/842/820 336/843/821
f 343/830/808 353/829/807 344/844/822
f 344/844/822 353/829/807 352/845/823
f 344/844/822 352/845/823 345/846/824
f 345/846/824 352/845/823 351/847/825
f 345/846/824 351/847/825 346/848/826
f 346/848/826 351/847/825 350/849/827
f 346/848/826 350/849/827 347/850/828
f 347/850/828 350/849/827 349/851/829
f 347/850/828 349/851/829 348/852/830
f 377/853/831 367/854/832 354/855/833
f 354/855/833 367/854/832 366/856/834
f 354/855/833 366/856/834 355/857/835
f 355/857/835 366/856/834 365/858/836
f 355/857/835 365/858/836 356/859/837
f 356/859/837 365/858/836 364/860/838
f 356/859/837 364/860/838 357/861/839
f 357/861/839 364/860/838 363/862/840
f 357/861/839 363/862/840 358/863/841
f 358/863/841 363/862/840 362/864/842
f 358/863/841 362/864/842 359/865/843
f 359/865/843 362/864/842 361/866/844
f 359/865/843 361/866/844 360/867/845
f 367/854/832 377/853/831 368/868/846
f 368/868/846 377/853/831 376/869/847
f 368/868/846 376/869/847 369/870/848
f 369/870/848 376/869/847 375/871/849
f 369/870/848 375/871/849 370/872/850
f 370/872/850 375/871/849 374/873/851
f 370/872/850 374/873/851 371/874/852
f 371/874/852 374/873/851 373/875/853
f 371/874/852 373/875/853 372/876/854
f 401/877/855 391/878/856 378/879/857
f 378/879/857 391/878/856 390/880/858
f 378/879/857 390/880/858 379/881/859
f 379/881/859 390/880/858 389/882/860
f 379/881/859 389/882/860 380/883/861
f 380/883/861 389/882/860 388/884/862
f 380/883/861 388/884/862 381/885/863
f 381/885/863 388/884/862 387/886/864
f 381/885/863 387/886/864 382/887/865
f 382/887/865 387/886/864 386/888/866
f 382/887/865 386/888/866 383/889/867
f 383/889/867 386/888/866 385/890/868
f 383/889/867 385/890/868 384/891/869
f 391/878/856 401/877/855 392/892/870
f 392/892/870 401/877/855 400/893/871
f 392/892/870 400/893/871 393/894/872
f 393/894/872 400/893/871 399/895/873
f 393/894/872 399/895/873 394/896/874
f 394/896/874 399/895/873 398/897/875
f 394/896/874 398/897/875 395/898/876
f 395/898/876 398/897/875 397/899/877
f 395/898/876 397/899/877 396/900/878
f 425/901/879 415/902/880 402/903/881
f 402/903/881 415/902/880 414/904/882
f 402/903/881 414/904/882 403/905/883
f 403/905/883 414/904/882 413/906/884
f 403/905/883 413/906/884 404/907/885
f 404/907/885 413/906/884 412/908/886
f 404/907/885 412/908/886 405/909/887
f 405/909/887 412/908/886 411/910/888
f 405/909/887 411/910/888 406/911/889
f 406/911/889 411/910/888 410/912/890
f 406/911/889 410/912/890 407/913/891
f 407/913/891 410/912/890 409/914/892
f 407/913/891 409/914/892 408/915/893
f 415/902/880 425/901/879 416/916/894
f 416/916/894 425/901/879 424/917/895
f 416/916/894 424/917/895 417/918/896
f 417/918/896 424/917/895 423/919/897
f 417/918/896 423/919/897 418/920/898
f 418/920/898 423/919/897 422/921/899
f 418/920/898 422/921/899 419/922/900
f 419/922/900 422/921/899 421/923/901
f 419/922/900 421/923/901 420/924/902
g Body2

v -6.475000 10.552369 -23.650000
v -6.544000 10.028261 -23.650000
v -6.746299 9.539869 -23.650000
v -7.068109 9.120478 -23.650000
v -7.487500 8.798668 -23.650000
v -7.975891 8.596370 -23.650000
v -8.500000 8.527369 -23.650000
v -9.024109 8.596370 -23.650000
v -9.512500 8.798668 -23.650000
v -9.931891 9.120478 -23.650000
v -10.253701 9.539869 -23.650000
v -10.456000 10.028261 -23.650000
v -10.525000 10.552369 -23.650000
v -10.456000 11.076478 -23.650000
v -10.253701 11.564869 -23.650000
v -9.931891 11.984261 -23.650000
v -9.512500 12.306071 -23.650000
v -9.024109 12.508369 -23.650000
v -8.500000 12.577369 -23.650000
v -7.975891 12.508369 -23.650000
v -7.487500 12.306071 -23.650000
v -7.068109 11.984261 -23.650000
v -6.746299 11.564869 -23.650000
v -6.544000 11.076478 -23.650000
v -6.475000 10.552369 -21.650000
v -6.544000 11.076478 -21.650000
v -6.746299 11.564869 -21.650000
v -7.068109 11.984261 -21.650000
v -7.487500 12.306071 -21.650000
v -7.975891 12.508369 -21.650000
v -8.500000 12.577369 -21.650000
v -9.024109 12.508369 -21.650000
v -9.512500 12.306071 -21.650000
v -9.931891 11.984261 -21.650000
v -10.253701 11.564869 -21.650000
v -10.456000 11.076478 -21.650000
v -10.525000 10.552369 -21.650000
v -10.456000 10.028261 -21.650000
v -10.253701 9.539869 -21.650000
v -9.931891 9.120478 -21.650000
v -9.512500 8.798668 -21.650000
v -9.024109 8.596370 -21.650000
v -8.500000 8.527369 -21.650000
v -7.975891 8.596370 -21.650000
v -7.487500 8.798668 -21.650000
v -7.068109 9.120478 -21.650000
v -6.746299 9.539869 -21.650000
v -6.544000 10.028261 -21.650000
v 8.250000 0.000000 -23.650000
v 8.043155 -1.835798 -23.650000
v 7.432993 -3.579541 -23.650000
v 6.450110 -5.143791 -23.650000
v 5.143791 -6.450110 -23.650000
v 3.579541 -7.432993 -23.650000
v 1.835798 -8.043155 -23.650000
v -0.000000 -8.250000 -23.650000
v -1.835798 -8.043155 -23.650000
v -3.579541 -7.432993 -23.650000
v -5.143791 -6.450110 -23.650000
v -6.450110 -5.143791 -23.650000
v -7.432993 -3.579541 -23.650000
v -8.043155 -1.835798 -23.650000
v -8.250000 0.000000 -23.650000
v -8.043155 1.835798 -23.650000
v -7.432993 3.579541 -23.650000
v -6.450110 5.143791 -23.650000
v -5.143791 6.450110 -23.650000
v -3.579541 7.432993 -23.650000
v -1.835798 8.043155 -23.650000
v -0.000000 8.250000 -23.650000
v 1.835798 8.043155 -23.650000
v 3.579541 7.432993 -23.650000
v 5.143791 6.450110 -23.650000
v 6.450110 5.143791 -23.650000
v 7.432993 3.579541 -23.650000
v 8.043155 1.835798 -23.650000
v 8.250000 0.000000 -21.650000
v 8.043155 1.835798 -21.650000
v 7.432993 3.579541 -21.650000
v 6.450110 5.143791 -21.650000
v 5.143791 6.450110 -21.650000
v 3.579541 7.432993 -21.650000
v 1.835798 8.043155 -21.650000
v -0.000000 8.250000 -21.650000
v -1.835798 8.043155 -21.650000
v -3.579541 7.432993 -21.650000
v -5.143791 6.450110 -21.650000
v -6.450110 5.143791 -21.650000
v -7.432993 3.579541 -21.650000
v -8.043155 1.835798 -21.650000
v -8.250000 -0.000000 -21.650000
v -8.043155 -1.835798 -21.650000
v -7.432993 -3.579541 -21.650000
v -6.450110 -5.143791 -21.650000
v -5.143791 -6.450110 -21.650000
v -3.579541 -7.432993 -21.650000
v -1.835798 -8.043155 -21.650000
v 0.000000 -8.250000 -21.650000
v 1.835798 -8.043155 -21.650000
v 3.579541 -7.432993 -21.650000
v 5.143791 -6.450110 -21.650000
v 6.450110 -5.143791 -21.650000
v 7.432993 -3.579541 -21.650000
v 8.043155 -1.835798 -21.650000
v -17.000000 -15.500000 -21.650000
v -16.948889 -15.888229 -21.650000
v -16.799038 -16.250000 -21.650000
v -16.560660 -16.560660 -21.650000
v -16.250000 -16.799038 -21.650000
v -15.888229 -16.948889 -21.650000
v -15.500000 -17.000000 -21.650000
v -15.111771 -16.948889 -21.650000
v -14.750000 -16.799038 -21.650000
v -14.439340 -16.560660 -21.650000
v -14.200962 -16.250000 -21.650000
v -14.051111 -15.888229 -21.650000
v -14.000000 -15.500000 -21.650000
v -14.051111 -15.111771 -21.650000
v -14.200962 -14.750000 -21.650000
v -14.439340 -14.439340 -21.650000
v -14.750000 -14.200962 -21.650000
v -15.111771 -14.051111 -21.650000
v -15.500000 -14.000000 -21.650000
v -15.888229 -14.051111 -21.650000
v -16.250000 -14.200962 -21.650000
v -16.560660 -14.439340 -21.650000
v -16.799038 -14.750000 -21.650000
v -16.948889 -15.111771 -21.650000
v -17.000000 -15.500000 -23.650000
v -16.948889 -15.111771 -23.650000
v -16.799038 -14.750000 -23.650000
v -16.560660 -14.439340 -23.650000
v -16.250000 -14.200962 -23.650000
v -15.888229 -14.051111 -23.650000
v -15.500000 -14.000000 -23.650000
v -15.111771 -14.051111 -23.650000
v -14.750000 -14.200962 -23.650000
v -14.439340 -14.439340 -23.650000
v -14.200962 -14.750000 -23.650000
v -14.051111 -15.111771 -23.650000
v -14.000000 -15.500000 -23.650000
v -14.051111 -15.888229 -23.650000
v -14.200962 -16.250000 -23.650000
v -14.439340 -16.560660 -23.650000
v -14.750000 -16.799038 -23.650000
v -15.111771 -16.948889 -23.650000
v -15.500000 -17.000000 -23.650000
v -15.888229 -16.948889 -23.650000
v -16.250000 -16.799038 -23.650000
v -16.560660 -16.560660 -23.650000
v -16.799038 -16.250000 -23.650000
v -16.948889 -15.888229 -23.650000
v 14.000000 15.500000 -21.650000
v 14.051111 15.111771 -21.650000
v 14.200962 14.750000 -21.650000
v 14.439340 14.439340 -21.650000
v 14.750000 14.200962 -21.650000
v 15.111771 14.051111 -21.650000
v 15.500000 14.000000 -21.650000
v 15.888229 14.051111 -21.650000
v 16.250000 14.200962 -21.650000
v 16.560660 14.439340 -21.650000
v 16.799038 14.750000 -21.650000
v 16.948889 15.111771 -21.650000
v 17.000000 15.500000 -21.650000
v 16.948889 15.888229 -21.650000
v 16.799038 16.250000 -21.650000
v 16.560660 16.560660 -21.650000
v 16.250000 16.799038 -21.650000
v 15.888229 16.948889 -21.650000
v 15.500000 17.000000 -21.650000
v 15.111771 16.948889 -21.650000
v 14.750000 16.799038 -21.650000
v 14.439340 16.560660 -21.650000
v 14.200962 16.250000 -21.650000
v 14.051111 15.888229 -21.650000
v 14.000000 15.500000 -23.650000
v 14.051111 15.888229 -23.650000
v 14.200962 16.250000 -23.650000
v 14.439340 16.560660 -23.650000
v 14.750000 16.799038 -23.650000
v 15.111771 16.948889 -23.650000
v 15.500000 17.000000 -23.650000
v 15.888229 16.948889 -23.650000
v 16.250000 16.799038 -23.650000
v 16.560660 16.560660 -23.650000
v 16.799038 16.250000 -23.650000
v 16.948889 15.888229 -23.650000
v 17.000000 15.500000 -23.650000
v 16.948889 15.111771 -23.650000
v 16.799038 14.750000 -23.650000
v 16.560660 14.439340 -23.650000
v 16.250000 14.200962 -23.650000
v 15.888229 14.051111 -23.650000
v 15.500000 14.000000 -23.650000
v 15.111771 14.051111 -23.650000
v 14.750000 14.200962 -23.650000
v 14.439340 14.439340 -23.650000
v 14.200962 14.750000 -23.650000
v 14.051111 15.111771 -23.650000
v -16.180547 -8.441113 -21.650000
v -17.239700 -5.987925 -21.650000
v -17.929281 -3.406372 -21.650000
v -18.234509 -0.751796 -21.650000
v -18.148839 1.918896 -21.650000
v -17.674108 4.548452 -21.650000
v -16.820493 7.080502 -21.650000
v -15.606294 9.460766 -21.650000
v -14.057539 11.638217 -21.650000
v -12.207429 13.566178 -21.650000
v -10.095626 15.203317 -21.650000
v -7.767401 16.514539 -21.650000
v -5.272664 17.471735 -21.650000
v -2.664896 18.054385 -21.650000
v 0.000000 18.250000 -21.650000
v 0.000000 18.250000 -23.650000
v -2.664896 18.054385 -23.650000
v -5.272664 17.471735 -23.650000
v -7.767401 16.514539 -23.650000
v -10.095626 15.203317 -23.650000
v -12.207429 13.566178 -23.650000
v -14.057539 11.638217 -23.650000
v -15.606294 9.460766 -23.650000
v -16.820493 7.080502 -23.650000
v -17.674108 4.548452 -23.650000
v -18.148839 1.918896 -23.650000
v -18.234509 -0.751796 -23.650000
v -17.929281 -3.406372 -23.650000
v -17.239700 -5.987925 -23.650000
v -16.180547 -8.441113 -23.650000
v 12.879068 18.250000 -21.650000
v 12.879068 18.250000 -23.650000
v 13.978574 18.762708 -21.650000
v 13.978574 18.762708 -23.650000
v 14.836231 19.038278 -21.650000
v 15.735451 19.092292 -21.650000
v 16.619928 18.921368 -21.650000
v 17.434279 18.536209 -21.650000
v 18.127511 17.960932 -21.650000
v 18.656216 17.231560 -21.650000
v 18.987290 16.393762 -21.650000
v 19.100000 15.500000 -21.650000
v 19.100000 15.500000 -23.650000
v 18.987290 16.393762 -23.650000
v 18.656216 17.231560 -23.650000
v 18.127511 17.960932 -23.650000
v 17.434279 18.536209 -23.650000
v 16.619928 18.921368 -23.650000
v 15.735451 19.092292 -23.650000
v 14.836231 19.038278 -23.650000
v 19.100000 -11.100000 -21.650000
v 19.100000 -11.100000 -23.650000
v -18.762708 -13.978574 -21.650000
v -18.762708 -13.978574 -23.650000
v 18.899423 -12.880167 -21.650000
v 18.307751 -14.571070 -21.650000
v 17.354652 -16.087918 -21.650000
v 16.087918 -17.354652 -21.650000
v 14.571070 -18.307751 -21.650000
v 12.880167 -18.899423 -21.650000
v 11.100000 -19.100000 -21.650000
v 11.100000 -19.100000 -23.650000
v 12.880167 -18.899423 -23.650000
v 14.571070 -18.307751 -23.650000
v 16.087918 -17.354652 -23.650000
v 17.354652 -16.087918 -23.650000
v 18.307751 -14.571070 -23.650000
v 18.899423 -12.880167 -23.650000
v -15.500000 -19.100000 -21.650000
v -16.393762 -18.987290 -21.650000
v -17.231560 -18.656216 -21.650000
v -17.960932 -18.127511 -21.650000
v -18.536209 -17.434279 -21.650000
v -18.921368 -16.619928 -21.650000
v -19.092292 -15.735451 -21.650000
v -19.038278 -14.836231 -21.650000
v -19.038278 -14.836231 -23.650000
v -19.092292 -15.735451 -23.650000
v -18.921368 -16.619928 -23.650000
v -18.536209 -17.434279 -23.650000
v -17.960932 -18.127511 -23.650000
v -17.231560 -18.656216 -23.650000
v -16.393762 -18.987290 -23.650000
v -15.500000 -19.100000 -23.650000
vt 2.000000 -0.053014 0.000000
vt 2.200000 -0.053014 0.000000
vt 2.000000 0.000000 0.000000
vt 2.200000 0.000000 0.000000
vt 2.000000 0.053014 0.000000
vt 2.200000 0.053014 0.000000
vt 2.000000 0.106029 0.000000
vt 2.200000 0.106029 0.000000
vt 2.000000 0.159043 0.000000
vt 2.200000 0.159043 0.000000
vt 2.000000 0.212058 0.000000
vt 2.200000 0.212058 0.000000
vt 2.000000 0.265072 0.000000
vt 2.200000 0.265072 0.000000
vt 2.000000 0.318086 0.000000
vt 2.200000 0.318086 0.000000
vt 2.000000 0.371101 0.000000
vt 2.200000 0.371101 0.000000
vt 2.000000 0.424115 0.000000
vt 2.200000 0.424115 0.000000
vt 2.000000 0.477129 0.000000
vt 2.200000 0.477129 0.000000
vt 2.000000 0.530144 0.000000
vt 2.200000 0.530144 0.000000
vt 2.000000 0.583158 0.000000
vt 2.200000 0.583158 0.000000
vt 2.000000 0.636173 0.000000
vt 2.200000 0.636173 0.000000
vt 2.000000 -0.636173 0.000000
vt 2.200000 -0.636173 0.000000
vt 2.000000 -0.583158 0.000000
vt 2.200000 -0.583158 0.000000
vt 2.000000 -0.530144 0.000000
vt 2.200000 -0.530144 0.000000
vt 2.000000 -0.477129 0.000000
vt 2.200000 -0.477129 0.000000
vt 2.000000 -0.424115 0.000000
vt 2.200000 -0.424115 0.000000
vt 2.000000 -0.371101 0.000000
vt 2.200000 -0.371101 0.000000
vt 2.000000 -0.318086 0.000000
vt 2.200000 -0.318086 0.000000
vt 2.000000 -0.265072 0.000000
vt 2.200000 -0.265072 0.000000
vt 2.000000 -0.212058 0.000000
vt 2.200000 -0.212058 0.000000
vt 2.000000 -0.159043 0.000000
vt 2.200000 -0.159043 0.000000
vt 2.000000 -0.106029 0.000000
vt 2.200000 -0.106029 0.000000
vt 2.000000 -0.185130 0.000000
vt 2.200000 -0.185130 0.000000
vt 2.000000 0.000000 0.000000
vt 2.200000 0.000000 0.000000
vt 2.000000 0.185130 0.000000
vt 2.200000 0.185130 0.000000
vt 2.000000 0.370259 0.000000
vt 2.200000 0.370259 0.000000
vt 2.000000 0.555389 0.000000
vt 2.200000 0.555389 0.000000
vt 2.000000 0.740518 0.000000
vt 2.200000 0.740518 0.000000
vt 2.000000 0.925648 0.000000
vt 2.200000 0.925648 0.000000
vt 2.000000 1.110777 0.000000
vt 2.200000 1.110777 0.000000
vt 2.000000 1.295907 0.000000
vt 2.200000 1.295907 0.000000
vt 2.000000 1.481037 0.000000
vt 2.200000 1.481037 0.000000
vt 2.000000 1.666166 0.000000
vt 2.200000 1.666166 0.000000
vt 2.000000 1.851296 0.000000
vt 2.200000 1.851296 0.000000
vt 2.000000 2.036425 0.000000
vt 2.200000 2.036425 0.000000
vt 2.000000 2.221555 0.000000
vt 2.200000 2.221555 0.000000
vt 2.000000 2.406684 0.000000
vt 2.200000 2.406684 0.000000
vt 2.000000 2.591814 0.000000
vt 2.200000 2.591814 0.000000
vt 2.000000 -2.591814 0.000000
vt 2.200000 -2.591814 0.000000
vt 2.000000 -2.406684 0.000000
vt 2.200000 -2.406684 0.000000
vt 2.000000 -2.221555 0.000000
vt 2.200000 -2.221555 0.000000
vt 2.000000 -2.036425 0.000000
vt 2.200000 -2.036425 0.000000
vt 2.000000 -1.851296 0.000000
vt 2.200000 -1.851296 0.000000
vt 2.000000 -1.666166 0.000000
vt 2.200000 -1.666166 0.000000
vt 2.000000 -1.481037 0.000000
vt 2.200000 -1.481037 0.000000
vt 2.000000 -1.295907 0.000000
vt 2.200000 -1.295907 0.000000
vt 2.000000 -1.110777 0.000000
vt 2.200000 -1.110777 0.000000
vt 2.000000 -0.925648 0.000000
vt 2.200000 -0.925648 0.000000
vt 2.000000 -0.740518 0.000000
vt 2.200000 -0.740518 0.000000
vt 2.000000 -0.555389 0.000000
vt 2.200000 -0.555389 0.000000
vt 2.000000 -0.370259 0.000000
vt 2.200000 -0.370259 0.000000
vt 2.165002 -0.039270 0.000000
vt 2.365002 -0.039270 0.000000
vt 2.165002 0.000000 0.000000
vt 2.365002 0.000000 0.000000
vt 2.165002 0.039270 0.000000
vt 2.365002 0.039270 0.000000
vt 2.165002 0.078540 0.000000
vt 2.365002 0.078540 0.000000
vt 2.165002 0.117810 0.000000
vt 2.365002 0.117810 0.000000
vt 2.165002 0.157080 0.000000
vt 2.365002 0.157080 0.000000
vt 2.165002 0.196350 0.000000
vt 2.365002 0.196350 0.000000
vt 2.165002 0.235619 0.000000
vt 2.365002 0.235619 0.000000
vt 2.165002 0.274889 0.000000
vt 2.365002 0.274889 0.000000
vt 2.165002 0.314159 0.000000
vt 2.365002 0.314159 0.000000
vt 2.165002 0.353429 0.000000
vt 2.365002 0.353429 0.000000
vt 2.165002 0.392699 0.000000
vt 2.365002 0.392699 0.000000
vt 2.165002 0.431969 0.000000
vt 2.365002 0.431969 0.000000
vt 2.165002 0.471239 0.000000
vt 2.365002 0.471239 0.000000
vt 2.165002 -0.471239 0.000000
vt 2.365002 -0.471239 0.000000
vt 2.165002 -0.431969 0.000000
vt 2.365002 -0.431969 0.000000
vt 2.165002 -0.392699 0.000000
vt 2.365002 -0.392699 0.000000
vt 2.165002 -0.353429 0.000000
vt 2.365002 -0.353429 0.000000
vt 2.165002 -0.314159 0.000000
vt 2.365002 -0.314159 0.000000
vt 2.165002 -0.274889 0.000000
vt 2.365002 -0.274889 0.000000
vt 2.165002 -0.235619 0.000000
vt 2.365002 -0.235619 0.000000
vt 2.165002 -0.196350 0.000000
vt 2.365002 -0.196350 0.000000
vt 2.165002 -0.157080 0.000000
vt 2.365002 -0.157080 0.000000
vt 2.165002 -0.117810 0.000000
vt 2.365002 -0.117810 0.000000
vt 2.165002 -0.078540 0.000000
vt 2.365002 -0.078540 0.000000
vt 2.165002 -0.039270 0.000000
vt 2.365002 -0.039270 0.000000
vt 2.165002 0.000000 0.000000
vt 2.365002 0.000000 0.000000
vt 2.165002 0.039270 0.000000
vt 2.365002 0.039270 0.000000
vt 2.165002 0.078540 0.000000
vt 2.365002 0.078540 0.000000
vt 2.165002 0.117810 0.000000
vt 2.365002 0.117810 0.000000
vt 2.165002 0.157080 0.000000
vt 2.365002 0.157080 0.000000
vt 2.165002 0.196350 0.000000
vt 2.365002 0.196350 0.000000
vt 2.165002 0.235619 0.000000
vt 2.365002 0.235619 0.000000
vt 2.165002 0.274889 0.000000
vt 2.365002 0.274889 0.000000
vt 2.165002 0.314159 0.000000
vt 2.365002 0.314159 0.000000
vt 2.165002 0.353429 0.000000
vt 2.365002 0.353429 0.000000
vt 2.165002 0.392699 0.000000
vt 2.365002 0.392699 0.000000
vt 2.165002 0.431969 0.000000
vt 2.365002 0.431969 0.000000
vt 2.165002 0.471239 0.000000
vt 2.365002 0.471239 0.000000
vt 2.165002 -0.471239 0.000000
vt 2.365002 -0.471239 0.000000
vt 2.165002 -0.431969 0.000000
vt 2.365002 -0.431969 0.000000
vt 2.165002 -0.392699 0.000000
vt 2.365002 -0.392699 0.000000
vt 2.165002 -0.353429 0.000000
vt 2.365002 -0.353429 0.000000
vt 2.165002 -0.314159 0.000000
vt 2.365002 -0.314159 0.000000
vt 2.165002 -0.274889 0.000000
vt 2.365002 -0.274889 0.000000
vt 2.165002 -0.235619 0.000000
vt 2.365002 -0.235619 0.000000
vt 2.165002 -0.196350 0.000000
vt 2.365002 -0.196350 0.000000
vt 2.165002 -0.157080 0.000000
vt 2.365002 -0.157080 0.000000
vt 2.165002 -0.117810 0.000000
vt 2.365002 -0.117810 0.000000
vt 2.165002 -0.078540 0.000000
vt 2.365002 -0.078540 0.000000
vt -5.402296 -4.855868 0.000000
vt -5.602296 -4.855868 0.000000
vt -5.402296 -5.123314 0.000000
vt -5.602296 -5.123314 0.000000
vt -5.402296 -5.390760 0.000000
vt -5.602296 -5.390760 0.000000
vt -5.402296 -5.658206 0.000000
vt -5.602296 -5.658206 0.000000
vt -5.402296 -5.925652 0.000000
vt -5.602296 -5.925652 0.000000
vt -5.402296 -6.193097 0.000000
vt -5.602296 -6.193097 0.000000
vt -5.402296 -6.460543 0.000000
vt -5.602296 -6.460543 0.000000
vt -5.402296 -6.727989 0.000000
vt -5.602296 -6.727989 0.000000
vt -5.402296 -6.995435 0.000000
vt -5.602296 -6.995435 0.000000
vt -5.402296 -7.262881 0.000000
vt -5.602296 -7.262881 0.000000
vt -5.402296 -7.530327 0.000000
vt -5.602296 -7.530327 0.000000
vt -5.402296 -7.797772 0.000000
vt -5.602296 -7.797772 0.000000
vt -5.402296 -8.065218 0.000000
vt -5.602296 -8.065218 0.000000
vt -5.402296 -8.332664 0.000000
vt -5.602296 -8.332664 0.000000
vt -5.402296 -8.600110 0.000000
vt -5.602296 -8.600110 0.000000
vt 5.602296 0.000000 0.000000
vt 5.402296 0.000000 0.000000
vt 5.602296 -1.287907 0.000000
vt 5.402296 -1.287907 0.000000
vt 0.000000 5.602296 0.000000
vt -0.121317 5.602296 0.000000
vt 0.000000 5.402296 0.000000
vt -0.121317 5.402296 0.000000
vt -5.402296 0.722566 0.000000
vt -5.602296 0.722566 0.000000
vt -5.402296 0.632246 0.000000
vt -5.602296 0.632246 0.000000
vt -5.402296 0.541925 0.000000
vt -5.602296 0.541925 0.000000
vt -5.402296 0.451604 0.000000
vt -5.602296 0.451604 0.000000
vt -5.402296 0.361283 0.000000
vt -5.602296 0.361283 0.000000
vt -5.402296 0.270962 0.000000
vt -5.602296 0.270962 0.000000
vt -5.402296 0.180642 0.000000
vt -5.602296 0.180642 0.000000
vt -5.402296 0.090321 0.000000
vt -5.602296 0.090321 0.000000
vt -5.402296 0.000000 0.000000
vt -5.602296 0.000000 0.000000
vt 0.000000 5.602296 0.000000
vt -2.660000 5.602296 0.000000
vt 0.000000 5.402296 0.000000
vt -2.660000 5.402296 0.000000
vt 0.000000 5.602296 0.000000
vt -0.610991 5.602296 0.000000
vt 0.000000 5.402296 0.000000
vt -0.610991 5.402296 0.000000
vt -5.402296 0.000000 0.000000
vt -5.602296 0.000000 0.000000
vt -5.402296 -0.179520 0.000000
vt -5.602296 -0.179520 0.000000
vt -5.402296 -0.359039 0.000000
vt -5.602296 -0.359039 0.000000
vt -5.402296 -0.538559 0.000000
vt -5.602296 -0.538559 0.000000
vt -5.402296 -0.718078 0.000000
vt -5.602296 -0.718078 0.000000
vt -5.402296 -0.897598 0.000000
vt -5.602296 -0.897598 0.000000
vt -5.402296 -1.077117 0.000000
vt -5.602296 -1.077117 0.000000
vt -5.402296 -1.256637 0.000000
vt -5.602296 -1.256637 0.000000
vt -5.402296 -0.565487 0.000000
vt -5.602296 -0.565487 0.000000
vt -5.402296 -0.655807 0.000000
vt -5.602296 -0.655807 0.000000
vt -5.402296 -0.746128 0.000000
vt -5.602296 -0.746128 0.000000
vt -5.402296 -0.836449 0.000000
vt -5.602296 -0.836449 0.000000
vt -5.402296 -0.926770 0.000000
vt -5.602296 -0.926770 0.000000
vt -5.402296 -1.017091 0.000000
vt -5.602296 -1.017091 0.000000
vt -5.402296 -1.107411 0.000000
vt -5.602296 -1.107411 0.000000
vt -5.402296 -1.197732 0.000000
vt -5.602296 -1.197732 0.000000
vt -5.402296 -1.288053 0.000000
vt -5.602296 -1.288053 0.000000
vt -0.266490 1.805439 0.000000
vt -0.000000 0.825000 0.000000
vt 0.000000 1.825000 0.000000
vt 0.183580 0.804316 0.000000
vt 0.357954 0.743299 0.000000
vt -0.527266 1.747173 0.000000
vt -0.674630 1.156487 0.000000
vt -0.654400 1.107648 0.000000
vt -0.183580 0.804316 0.000000
vt -0.647500 1.055237 0.000000
vt -0.357954 0.743299 0.000000
vt -0.654400 1.002826 0.000000
vt -0.674630 0.953987 0.000000
vt -0.776740 1.651454 0.000000
vt -0.748750 1.230607 0.000000
vt -0.706811 1.198426 0.000000
vt -1.009563 1.520332 0.000000
vt -0.850000 1.257737 0.000000
vt -0.797589 1.250837 0.000000
vt -1.220743 1.356618 0.000000
vt -0.951250 1.230607 0.000000
vt -0.902411 1.250837 0.000000
vt -1.405754 1.163822 0.000000
vt -1.045600 1.107648 0.000000
vt -1.025370 1.156487 0.000000
vt -0.993189 1.198426 0.000000
vt -1.560629 0.946077 0.000000
vt -1.045600 1.002826 0.000000
vt -1.052500 1.055237 0.000000
vt -1.682049 0.708050 0.000000
vt -0.993189 0.912048 0.000000
vt -1.025370 0.953987 0.000000
vt -1.767411 0.454845 0.000000
vt -0.804316 0.183580 0.000000
vt -0.743299 0.357954 0.000000
vt -0.951250 0.879867 0.000000
vt -0.902411 0.859637 0.000000
vt -0.645011 0.514379 0.000000
vt -0.850000 0.852737 0.000000
vt -0.797589 0.859637 0.000000
vt -0.748750 0.879867 0.000000
vt -0.514379 0.645011 0.000000
vt -0.706811 0.912048 0.000000
vt -1.814884 0.191890 0.000000
vt -0.825000 -0.000000 0.000000
vt -1.823451 -0.075180 0.000000
vt -0.804316 -0.183580 0.000000
vt -1.792928 -0.340637 0.000000
vt -1.723970 -0.598792 0.000000
vt -0.743299 -0.357954 0.000000
vt -1.618055 -0.844111 0.000000
vt -0.645011 -0.514379 0.000000
vt -1.443934 -1.443934 0.000000
vt -0.514379 -0.645011 0.000000
vt -1.420096 -1.475000 0.000000
vt -1.405111 -1.511177 0.000000
vt -1.876271 -1.397857 0.000000
vt -1.625000 -1.420096 0.000000
vt -1.588823 -1.405111 0.000000
vt -1.550000 -1.400000 0.000000
vt -1.903828 -1.483623 0.000000
vt -1.694889 -1.511177 0.000000
vt -1.679904 -1.475000 0.000000
vt -1.656066 -1.443934 0.000000
vt -1.700000 -1.550000 0.000000
vt -1.909229 -1.573545 0.000000
vt -1.694889 -1.588823 0.000000
vt -1.892137 -1.661993 0.000000
vt -1.679904 -1.625000 0.000000
vt -1.853621 -1.743428 0.000000
vt -1.656066 -1.656066 0.000000
vt -1.796093 -1.812751 0.000000
vt -1.625000 -1.679904 0.000000
vt -1.723156 -1.865622 0.000000
vt -1.588823 -1.694889 0.000000
vt -1.639376 -1.898729 0.000000
vt -1.550000 -1.700000 0.000000
vt -1.550000 -1.910000 0.000000
vt -1.511177 -1.694889 0.000000
vt -1.475000 -1.679904 0.000000
vt -1.443934 -1.656066 0.000000
vt -1.420096 -1.625000 0.000000
vt 1.110000 -1.910000 0.000000
vt 0.000000 -0.825000 0.000000
vt 0.183580 -0.804316 0.000000
vt 0.357954 -0.743299 0.000000
vt 0.514379 -0.645011 0.000000
vt 1.288017 -1.889942 0.000000
vt 1.457107 -1.830775 0.000000
vt 1.608792 -1.735465 0.000000
vt 1.735465 -1.608792 0.000000
vt 0.645011 -0.514379 0.000000
vt 1.830775 -1.457107 0.000000
vt 1.889942 -1.288017 0.000000
vt 1.910000 -1.110000 0.000000
vt 0.743299 -0.357954 0.000000
vt 0.804316 -0.183580 0.000000
vt 0.825000 0.000000 0.000000
vt 1.625000 1.420096 0.000000
vt 1.588823 1.405111 0.000000
vt 1.910000 1.550000 0.000000
vt 1.656066 1.443934 0.000000
vt 1.679904 1.475000 0.000000
vt 1.694889 1.511177 0.000000
vt 1.700000 1.550000 0.000000
vt 1.898729 1.639376 0.000000
vt 1.694889 1.588823 0.000000
vt 1.865622 1.723156 0.000000
vt 1.679904 1.625000 0.000000
vt 1.812751 1.796093 0.000000
vt 1.656066 1.656066 0.000000
vt 1.743428 1.853621 0.000000
vt 1.625000 1.679904 0.000000
vt 1.661993 1.892137 0.000000
vt 1.588823 1.694889 0.000000
vt 1.573545 1.909229 0.000000
vt 1.550000 1.700000 0.000000
vt 1.483623 1.903828 0.000000
vt 1.511177 1.694889 0.000000
vt 1.397857 1.876271 0.000000
vt 1.475000 1.679904 0.000000
vt 1.443934 1.656066 0.000000
vt 1.287907 1.825000 0.000000
vt 1.420096 1.625000 0.000000
vt 1.405111 1.588823 0.000000
vt 1.400000 1.550000 0.000000
vt 1.405111 1.511177 0.000000
vt 0.514379 0.645011 0.000000
vt -1.511177 -1.405111 0.000000
vt -1.475000 -1.420096 0.000000
vt -0.357954 -0.743299 0.000000
vt -1.400000 -1.550000 0.000000
vt -0.183580 -0.804316 0.000000
vt -1.405111 -1.588823 0.000000
vt 0.804316 0.183580 0.000000
vt 1.550000 1.400000 0.000000
vt 0.743299 0.357954 0.000000
vt 1.511177 1.405111 0.000000
vt 0.645011 0.514379 0.000000
vt 1.475000 1.420096 0.000000
vt 1.443934 1.443934 0.000000
vt 1.420096 1.475000 0.000000
vt -5.602296 -2.660000 0.000000
vt -5.402296 -2.660000 0.000000
vt -5.602296 -0.000000 0.000000
vt -5.402296 -0.000000 0.000000
vt -0.236895 -0.500872 0.000000
vt -0.326271 -0.302143 0.000000
vt -0.326271 -0.512143 0.000000
vt -0.365094 -0.297031 0.000000
vt -0.401271 -0.282046 0.000000
vt -0.287448 -0.297031 0.000000
vt -0.153115 -0.467764 0.000000
vt -0.251271 -0.282046 0.000000
vt -0.080178 -0.414894 0.000000
vt -0.220205 -0.258209 0.000000
vt -0.022650 -0.345570 0.000000
vt -0.196367 -0.227143 0.000000
vt 0.015866 -0.264135 0.000000
vt -0.181382 -0.190965 0.000000
vt 0.032958 -0.175688 0.000000
vt -0.176271 -0.152143 0.000000
vt 0.027557 -0.085766 0.000000
vt -0.181382 -0.113320 0.000000
vt 0.000000 0.000000 0.000000
vt -0.196367 -0.077143 0.000000
vt -0.220205 -0.046077 0.000000
vt -0.251271 -0.022239 0.000000
vt -0.258216 0.553746 0.000000
vt -0.287448 -0.007254 0.000000
vt -0.326271 -0.002143 0.000000
vt -0.365094 -0.007254 0.000000
vt -0.401271 -0.022239 0.000000
vt -0.432337 -0.046077 0.000000
vt -1.231260 0.883478 0.000000
vt -1.361892 0.752846 0.000000
vt -1.132971 1.039903 0.000000
vt -0.152301 0.799065 0.000000
vt -1.071955 1.214278 0.000000
vt -0.083343 1.057220 0.000000
vt -0.052820 1.322678 0.000000
vt -1.051271 1.397857 0.000000
vt -0.061387 1.589747 0.000000
vt -1.071955 1.581437 0.000000
vt -0.108860 1.852703 0.000000
vt -0.194221 2.105908 0.000000
vt -0.315641 2.343934 0.000000
vt -0.883082 2.309905 0.000000
vt -0.925021 2.277724 0.000000
vt -1.132971 1.755812 0.000000
vt -0.973860 2.257494 0.000000
vt -1.231260 1.912237 0.000000
vt -1.026271 2.250594 0.000000
vt -1.078682 2.257494 0.000000
vt -0.470517 2.561679 0.000000
vt -0.830671 2.400684 0.000000
vt -0.850901 2.351844 0.000000
vt -0.655528 2.754475 0.000000
vt -0.830671 2.505505 0.000000
vt -0.823771 2.453094 0.000000
vt -0.866708 2.918189 0.000000
vt -0.925021 2.628465 0.000000
vt -0.883082 2.596283 0.000000
vt -0.850901 2.554344 0.000000
vt -1.099531 3.049311 0.000000
vt -1.026271 2.655594 0.000000
vt -0.973860 2.648694 0.000000
vt -1.349004 3.145031 0.000000
vt -1.127521 2.628465 0.000000
vt -1.078682 2.648694 0.000000
vt -1.609781 3.203296 0.000000
vt -1.201641 2.554344 0.000000
vt -1.169460 2.596283 0.000000
vt -1.876271 3.222857 0.000000
vt -1.876271 2.222857 0.000000
vt -1.692691 2.202173 0.000000
vt -1.221871 2.505505 0.000000
vt -1.228771 2.453094 0.000000
vt -1.518317 2.141157 0.000000
vt -1.221871 2.400684 0.000000
vt -1.201641 2.351844 0.000000
vt -1.361892 2.042868 0.000000
vt -1.169460 2.309905 0.000000
vt -1.127521 2.277724 0.000000
vt -3.164178 3.222857 0.000000
vt -2.234225 2.141157 0.000000
vt -2.059851 2.202173 0.000000
vt -3.274128 3.274128 0.000000
vt -3.320205 3.053923 0.000000
vt -3.296367 3.022857 0.000000
vt -3.281382 2.986680 0.000000
vt -3.359894 3.301685 0.000000
vt -3.387448 3.092746 0.000000
vt -3.351271 3.077761 0.000000
vt -3.426271 3.097857 0.000000
vt -3.449816 3.307087 0.000000
vt -3.465094 3.092746 0.000000
vt -3.538264 3.289994 0.000000
vt -3.501271 3.077761 0.000000
vt -3.619699 3.251478 0.000000
vt -3.532337 3.053923 0.000000
vt -3.689022 3.193951 0.000000
vt -3.556175 3.022857 0.000000
vt -3.741892 3.121013 0.000000
vt -3.571160 2.986680 0.000000
vt -3.775000 3.037234 0.000000
vt -3.576271 2.947857 0.000000
vt -3.786271 2.947857 0.000000
vt -3.571160 2.909035 0.000000
vt -3.556175 2.872857 0.000000
vt -3.532337 2.841791 0.000000
vt -3.501271 2.817954 0.000000
vt -3.786271 0.287857 0.000000
vt -2.701271 1.397857 0.000000
vt -2.680586 1.214278 0.000000
vt -2.619570 1.039903 0.000000
vt -2.521282 0.883478 0.000000
vt -3.766213 0.109841 0.000000
vt -3.707046 -0.059250 0.000000
vt -3.611736 -0.210934 0.000000
vt -2.390650 0.752846 0.000000
vt -3.485063 -0.337608 0.000000
vt -3.333378 -0.432918 0.000000
vt -3.164288 -0.492085 0.000000
vt -2.986271 -0.512143 0.000000
vt -2.234225 0.654558 0.000000
vt -2.059851 0.593542 0.000000
vt -1.876271 0.572857 0.000000
vt -0.456175 -0.227143 0.000000
vt -0.471160 -0.190965 0.000000
vt -0.432337 -0.258209 0.000000
vt -3.465094 2.802969 0.000000
vt -2.680586 1.581437 0.000000
vt -3.426271 2.797857 0.000000
vt -2.619570 1.755812 0.000000
vt -3.387448 2.802969 0.000000
vt -2.521282 1.912237 0.000000
vt -3.351271 2.817954 0.000000
vt -3.320205 2.841791 0.000000
vt -2.390650 2.042868 0.000000
vt -3.296367 2.872857 0.000000
vt -3.281382 2.909035 0.000000
vt -1.518317 0.654558 0.000000
vt -0.471160 -0.113320 0.000000
vt -0.456175 -0.077143 0.000000
vt -0.476271 -0.152143 0.000000
vt -1.692691 0.593542 0.000000
vt -3.276271 2.947857 0.000000
vn -0.096593 0.025882 0.000000
vn -0.096593 0.025882 0.000000
vn -0.100000 0.000000 0.000000
vn -0.100000 0.000000 0.000000
vn -0.096593 -0.025882 0.000000
vn -0.096593 -0.025882 0.000000
vn -0.086603 -0.050000 0.000000
vn -0.086603 -0.050000 0.000000
vn -0.070711 -0.070711 0.000000
vn -0.070711 -0.070711 0.000000
vn -0.050000 -0.086603 0.000000
vn -0.050000 -0.086603 0.000000
vn -0.025882 -0.096593 0.000000
vn -0.025882 -0.096593 0.000000
vn -0.000000 -0.100000 0.000000
vn -0.000000 -0.100000 0.000000
vn 0.025882 -0.096593 0.000000
vn 0.025882 -0.096593 0.000000
vn 0.050000 -0.086603 0.000000
vn 0.050000 -0.086603 0.000000
vn 0.070711 -0.070711 0.000000
vn 0.070711 -0.070711 0.000000
vn 0.086603 -0.050000 0.000000
vn 0.086603 -0.050000 0.000000
vn 0.096593 -0.025882 0.000000
vn 0.096593 -0.025882 0.000000
vn 0.100000 -0.000000 0.000000
vn 0.100000 -0.000000 0.000000
vn 0.096593 0.025882 0.000000
vn 0.096593 0.025882 0.000000
vn 0.086603 0.050000 0.000000
vn 0.086603 0.050000 0.000000
vn 0.070711 0.070711 0.000000
vn 0.070711 0.070711 0.000000
vn 0.050000 0.086603 0.000000
vn 0.050000 0.086603 0.000000
vn 0.025882 0.096593 0.000000
vn 0.025882 0.096593 0.000000
vn -0.000000 0.100000 0.000000
vn -0.000000 0.100000 0.000000
vn -0.025882 0.096593 0.000000
vn -0.025882 0.096593 0.000000
vn -0.050000 0.086603 0.000000
vn -0.050000 0.086603 0.000000
vn -0.070711 0.070711 0.000000
vn -0.070711 0.070711 0.000000
vn -0.086603 0.050000 0.000000
vn -0.086603 0.050000 0.000000
vn -0.097493 0.022252 0.000000
vn -0.097493 0.022252 0.000000
vn -0.100000 0.000000 0.000000
vn -0.100000 0.000000 0.000000
vn -0.097493 -0.022252 0.000000
vn -0.097493 -0.022252 0.000000
vn -0.090097 -0.043388 0.000000
vn -0.090097 -0.043388 0.000000
vn -0.078183 -0.062349 0.000000
vn -0.078183 -0.062349 0.000000
vn -0.062349 -0.078183 0.000000
vn -0.062349 -0.078183 0.000000
vn -0.043388 -0.090097 0.000000
vn -0.043388 -0.090097 0.000000
vn -0.022252 -0.097493 0.000000
vn -0.022252 -0.097493 0.000000
vn 0.000000 -0.100000 0.000000
vn 0.000000 -0.100000 0.000000
vn 0.022252 -0.097493 0.000000
vn 0.022252 -0.097493 0.000000
vn 0.043388 -0.090097 0.000000
vn 0.043388 -0.090097 0.000000
vn 0.062349 -0.078183 0.000000
vn 0.062349 -0.078183 0.000000
vn 0.078183 -0.062349 0.000000
vn 0.078183 -0.062349 0.000000
vn 0.090097 -0.043388 0.000000
vn 0.090097 -0.043388 0.000000
vn 0.097493 -0.022252 0.000000
vn 0.097493 -0.022252 0.000000
vn 0.100000 -0.000000 0.000000
vn 0.100000 -0.000000 0.000000
vn 0.097493 0.022252 0.000000
vn 0.097493 0.022252 0.000000
vn 0.090097 0.043388 0.000000
vn 0.090097 0.043388 0.000000
vn 0.078183 0.062349 0.000000
vn 0.078183 0.062349 0.000000
vn 0.062349 0.078183 0.000000
vn 0.062349 0.078183 0.000000
vn 0.043388 0.090097 0.000000
vn 0.043388 0.090097 0.000000
vn 0.022252 0.097493 0.000000
vn 0.022252 0.097493 0.000000
vn 0.000000 0.100000 0.000000
vn -0.000000 0.100000 0.000000
vn -0.022252 0.097493 0.000000
vn -0.022252 0.097493 0.000000
vn -0.043388 0.090097 0.000000
vn -0.043388 0.090097 0.000000
vn -0.062349 0.078183 0.000000
vn -0.062349 0.078183 0.000000
vn -0.078183 0.062349 0.000000
vn -0.078183 0.062349 0.000000
vn -0.090097 0.043388 0.000000
vn -0.090097 0.043388 0.000000
vn 0.096593 0.025882 0.000000
vn 0.096593 0.025882 0.000000
vn 0.100000 0.000000 0.000000
vn 0.100000 0.000000 0.000000
vn 0.096593 -0.025882 0.000000
vn 0.096593 -0.025882 0.000000
vn 0.086603 -0.050000 0.000000
vn 0.086603 -0.050000 0.000000
vn 0.070711 -0.070711 0.000000
vn 0.070711 -0.070711 0.000000
vn 0.050000 -0.086603 0.000000
vn 0.050000 -0.086603 0.000000
vn 0.025882 -0.096593 0.000000
vn 0.025882 -0.096593 0.000000
vn 0.000000 -0.100000 0.000000
vn 0.000000 -0.100000 0.000000
vn -0.025882 -0.096593 0.000000
vn -0.025882 -0.096593 0.000000
vn -0.050000 -0.086603 0.000000
vn -0.050000 -0.086603 0.000000
vn -0.070711 -0.070711 0.000000
vn -0.070711 -0.070711 0.000000
vn -0.086603 -0.050000 0.000000
vn -0.086603 -0.050000 0.000000
vn -0.096593 -0.025882 0.000000
vn -0.096593 -0.025882 0.000000
vn -0.100000 -0.000000 0.000000
vn -0.100000 -0.000000 0.000000
vn -0.096593 0.025882 -0.000000
vn -0.096593 0.025882 -0.000000
vn -0.086603 0.050000 -0.000000
vn -0.086603 0.050000 -0.000000
vn -0.070711 0.070711 -0.000000
vn -0.070711 0.070711 -0.000000
vn -0.050000 0.086603 -0.000000
vn -0.050000 0.086603 -0.000000
vn -0.025882 0.096593 -0.000000
vn -0.025882 0.096593 -0.000000
vn 0.000000 0.100000 0.000000
vn 0.000000 0.100000 0.000000
vn 0.025882 0.096593 0.000000
vn 0.025882 0.096593 0.000000
vn 0.050000 0.086603 0.000000
vn 0.050000 0.086603 0.000000
vn 0.070711 0.070711 0.000000
vn 0.070711 0.070711 0.000000
vn 0.086603 0.050000 0.000000
vn 0.086603 0.050000 0.000000
vn 0.096593 0.025882 0.000000
vn 0.096593 0.025882 0.000000
vn 0.100000 0.000000 0.000000
vn 0.100000 0.000000 0.000000
vn 0.096593 -0.025882 0.000000
vn 0.096593 -0.025882 0.000000
vn 0.086603 -0.050000 0.000000
vn 0.086603 -0.050000 0.000000
vn 0.070711 -0.070711 0.000000
vn 0.070711 -0.070711 0.000000
vn 0.050000 -0.086603 0.000000
vn 0.050000 -0.086603 0.000000
vn 0.025882 -0.096593 0.000000
vn 0.025882 -0.096593 0.000000
vn 0.000000 -0.100000 0.000000
vn 0.000000 -0.100000 0.000000
vn -0.025882 -0.096593 0.000000
vn -0.025882 -0.096593 0.000000
vn -0.050000 -0.086603 0.000000
vn -0.050000 -0.086603 0.000000
vn -0.070711 -0.070711 0.000000
vn -0.070711 -0.070711 0.000000
vn -0.086603 -0.050000 0.000000
vn -0.086603 -0.050000 0.000000
vn -0.096593 -0.025882 0.000000
vn -0.096593 -0.025882 0.000000
vn -0.100000 -0.000000 0.000000
vn -0.100000 -0.000000 0.000000
vn -0.096593 0.025882 -0.000000
vn -0.096593 0.025882 -0.000000
vn -0.086603 0.050000 -0.000000
vn -0.086603 0.050000 -0.000000
vn -0.070711 0.070711 -0.000000
vn -0.070711 0.070711 -0.000000
vn -0.050000 0.086603 -0.000000
vn -0.050000 0.086603 -0.000000
vn -0.025882 0.096593 -0.000000
vn -0.025882 0.096593 -0.000000
vn 0.000000 0.100000 0.000000
vn 0.000000 0.100000 0.000000
vn 0.025882 0.096593 0.000000
vn 0.025882 0.096593 0.000000
vn 0.050000 0.086603 0.000000
vn 0.050000 0.086603 0.000000
vn 0.070711 0.070711 0.000000
vn 0.070711 0.070711 0.000000
vn 0.086603 0.050000 0.000000
vn 0.086603 0.050000 0.000000
vn -0.088661 -0.046253 0.000000
vn -0.088661 -0.046253 0.000000
vn -0.094464 -0.032811 0.000000
vn -0.094464 -0.032811 0.000000
vn -0.098243 -0.018665 0.000000
vn -0.098243 -0.018665 0.000000
vn -0.099915 -0.004119 0.000000
vn -0.099915 -0.004119 0.000000
vn -0.099446 0.010514 -0.000000
vn -0.099446 0.010514 -0.000000
vn -0.096844 0.024923 -0.000000
vn -0.096844 0.024923 -0.000000
vn -0.092167 0.038797 -0.000000
vn -0.092167 0.038797 -0.000000
vn -0.085514 0.051840 -0.000000
vn -0.085514 0.051840 -0.000000
vn -0.077028 0.063771 -0.000000
vn -0.077028 0.063771 -0.000000
vn -0.066890 0.074335 -0.000000
vn -0.066890 0.074335 -0.000000
vn -0.055318 0.083306 -0.000000
vn -0.055318 0.083306 -0.000000
vn -0.042561 0.090491 -0.000000
vn -0.042561 0.090491 -0.000000
vn -0.028891 0.095736 -0.000000
vn -0.028891 0.095736 -0.000000
vn -0.014602 0.098928 -0.000000
vn -0.014602 0.098928 -0.000000
vn -0.000000 0.100000 -0.000000
vn -0.000000 0.100000 -0.000000
vn 0.000000 0.100000 0.000000
vn 0.000000 0.100000 0.000000
vn -0.042262 0.090631 0.000000
vn -0.042262 0.090631 0.000000
vn -0.042262 0.090631 0.000000
vn -0.042262 0.090631 0.000000
vn -0.018438 0.098285 -0.000000
vn -0.018438 0.098285 -0.000000
vn 0.006540 0.099786 0.000000
vn 0.006540 0.099786 0.000000
vn 0.031109 0.095038 0.000000
vn 0.031109 0.095038 0.000000
vn 0.053730 0.084339 0.000000
vn 0.053730 0.084339 0.000000
vn 0.072986 0.068359 0.000000
vn 0.072986 0.068359 0.000000
vn 0.087673 0.048099 0.000000
vn 0.087673 0.048099 0.000000
vn 0.096869 0.024827 0.000000
vn 0.096869 0.024827 0.000000
vn 0.100000 0.000000 0.000000
vn 0.100000 0.000000 0.000000
vn 0.100000 0.000000 0.000000
vn 0.100000 0.000000 0.000000
vn -0.090631 0.042262 0.000000
vn -0.090631 0.042262 0.000000
vn -0.090631 0.042262 0.000000
vn -0.090631 0.042262 0.000000
vn 0.097493 -0.022252 0.000000
vn 0.097493 -0.022252 0.000000
vn 0.090097 -0.043388 0.000000
vn 0.090097 -0.043388 0.000000
vn 0.078183 -0.062349 0.000000
vn 0.078183 -0.062349 0.000000
vn 0.062349 -0.078183 0.000000
vn 0.062349 -0.078183 0.000000
vn 0.043388 -0.090097 0.000000
vn 0.043388 -0.090097 0.000000
vn 0.022252 -0.097493 0.000000
vn 0.022252 -0.097493 0.000000
vn 0.000000 -0.100000 0.000000
vn 0.000000 -0.100000 0.000000
vn 0.000000 -0.100000 0.000000
vn 0.000000 -0.100000 0.000000
vn -0.024827 -0.096869 0.000000
vn -0.024827 -0.096869 0.000000
vn -0.048099 -0.087673 0.000000
vn -0.048099 -0.087673 0.000000
vn -0.068359 -0.072986 0.000000
vn -0.068359 -0.072986 0.000000
vn -0.084339 -0.053730 0.000000
vn -0.084339 -0.053730 0.000000
vn -0.095038 -0.031109 0.000000
vn -0.095038 -0.031109 0.000000
vn -0.099786 -0.006540 0.000000
vn -0.099786 -0.006540 0.000000
vn -0.098285 0.018438 -0.000000
vn -0.098285 0.018438 -0.000000
vn 0.000000 0.000000 0.100000
vn 0.000000 0.000000 0.100000
vn 0.000000 0.000000 0.100000
vn 0.000000 0.000000 0.100000
vn 0.000000 0.000000 0.100000
vn 0.000000 0.000000 0.100000
vn 0.000000 0.000000 0.100000
vn 0.000000 0.000000 0.100000
vn 0.000000 0.000000 0.100000
vn 0.000000 0.000000 0.100000
vn 0.000000 0.000000 0.100000
vn 0.000000 0.000000 0.100000
vn 0.000000 0.000000 0.100000
vn 0.000000 0.000000 0.100000
vn 0.000000 0.000000 0.100000
vn 0.000000 0.000000 0.100000
vn 0.000000 0.000000 0.100000
vn 0.000000 0.000000 0.100000
vn 0.000000 0.000000 0.100000
vn 0.000000 0.000000 0.100000
vn 0.000000 0.000000 0.100000
vn 0.000000 0.000000 0.100000
vn 0.000000 0.000000 0.100000
vn 0.000000 0.000000 0.100000
vn 0.000000 0.000000 0.100000
vn 0.000000 0.000000 0.100000
vn 0.000000 0.000000 0.100000
vn 0.000000 0.000000 0.100000
vn 0.000000 0.000000 0.100000
vn 0.000000 0.000000 0.100000
vn 0.000000 0.000000 0.100000
vn 0.000000 0.000000 0.100000
vn 0.000000 0.000000 0.100000
vn 0.000000 0.000000 0.100000
vn 0.000000 0.000000 0.100000
vn 0.000000 0.000000 0.100000
vn 0.000000 0.000000 0.100000
vn 0.000000 0.000000 0.100000
vn 0.000000 0.000000 0.100000
vn 0.000000 0.000000 0.100000
vn 0.000000 0.000000 0.100000
vn 0.000000 0.000000 0.100000
vn 0.000000 0.000000 0.100000
vn 0.000000 0.000000 0.100000
vn 0.000000 0.000000 0.100000
vn 0.000000 0.000000 0.100000
vn 0.000000 0.000000 0.100000
vn 0.000000 0.000000 0.100000
vn 0.000000 0.000000 0.100000
vn 0.000000 0.000000 0.100000
vn 0.000000 0.000000 0.100000
vn 0.000000 0.000000 0.100000
vn 0.000000 0.000000 0.100000
vn 0.000000 0.000000 0.100000
vn 0.000000 0.000000 0.100000
vn 0.000000 0.000000 0.100000
vn 0.000000 0.000000 0.100000
vn 0.000000 0.000000 0.100000
vn 0.000000 0.000000 0.100000
vn 0.000000 0.000000 0.100000
vn 0.000000 0.000000 0.100000
vn 0.000000 0.000000 0.100000
vn 0.000000 0.000000 0.100000
vn 0.000000 0.000000 0.100000
vn 0.000000 0.000000 0.100000
vn 0.000000 0.000000 0.100000
vn 0.000000 0.000000 0.100000
vn 0.000000 0.000000 0.100000
vn 0.000000 0.000000 0.100000
vn 0.000000 0.000000 0.100000
vn 0.000000 0.000000 0.100000
vn 0.000000 0.000000 0.100000
vn 0.000000 0.000000 0.100000
vn 0.000000 0.000000 0.100000
vn 0.000000 0.000000 0.100000
vn 0.000000 0.000000 0.100000
vn 0.000000 0.000000 0.100000
vn 0.000000 0.000000 0.100000
vn 0.000000 0.000000 0.100000
vn 0.000000 0.000000 0.100000
vn 0.000000 0.000000 0.100000
vn 0.000000 0.000000 0.100000
vn 0.000000 0.000000 0.100000
vn 0.000000 0.000000 0.100000
vn 0.000000 0.000000 0.100000
vn 0.000000 0.000000 0.100000
vn 0.000000 0.000000 0.100000
vn 0.000000 0.000000 0.100000
vn 0.000000 0.000000 0.100000
vn 0.000000 0.000000 0.100000
vn 0.000000 0.000000 0.100000
vn 0.000000 0.000000 0.100000
vn 0.000000 0.000000 0.100000
vn 0.000000 0.000000 0.100000
vn 0.000000 0.000000 0.100000
vn 0.000000 0.000000 0.100000
vn 0.000000 0.000000 0.100000
vn 0.000000 0.000000 0.100000
vn 0.000000 0.000000 0.100000
vn 0.000000 0.000000 0.100000
vn 0.000000 0.000000 0.100000
vn 0.000000 0.000000 0.100000
vn 0.000000 0.000000 0.100000
vn 0.000000 0.000000 0.100000
vn 0.000000 0.000000 0.100000
vn 0.000000 0.000000 0.100000
vn 0.000000 0.000000 0.100000
vn 0.000000 0.000000 0.100000
vn 0.000000 0.000000 0.100000
vn 0.000000 0.000000 0.100000
vn 0.000000 0.000000 0.100000
vn 0.000000 0.000000 0.100000
vn 0.000000 0.000000 0.100000
vn 0.000000 0.000000 0.100000
vn 0.000000 0.000000 0.100000
vn 0.000000 0.000000 0.100000
vn 0.000000 0.000000 0.100000
vn 0.000000 0.000000 0.100000
vn 0.000000 0.000000 0.100000
vn 0.000000 0.000000 0.100000
vn 0.000000 0.000000 0.100000
vn 0.000000 0.000000 0.100000
vn 0.000000 0.000000 0.100000
vn 0.000000 0.000000 0.100000
vn 0.000000 0.000000 0.100000
vn 0.000000 0.000000 0.100000
vn 0.000000 0.000000 0.100000
vn 0.000000 0.000000 0.100000
vn 0.000000 0.000000 0.100000
vn 0.000000 0.000000 0.100000
vn 0.000000 0.000000 0.100000
vn 0.000000 0.000000 0.100000
vn 0.000000 0.000000 0.100000
vn 0.000000 0.000000 0.100000
vn 0.000000 0.000000 0.100000
vn 0.000000 0.000000 0.100000
vn 0.000000 0.000000 0.100000
vn 0.000000 0.000000 0.100000
vn 0.000000 0.000000 0.100000
vn 0.000000 0.000000 0.100000
vn 0.000000 0.000000 0.100000
vn 0.000000 0.000000 0.100000
vn 0.000000 0.000000 -0.100000
vn 0.000000 0.000000 -0.100000
vn 0.000000 0.000000 -0.100000
vn 0.000000 0.000000 -0.100000
vn 0.000000 0.000000 -0.100000
vn 0.000000 0.000000 -0.100000
vn 0.000000 0.000000 -0.100000
vn 0.000000 0.000000 -0.100000
vn 0.000000 0.000000 -0.100000
vn 0.000000 0.000000 -0.100000
vn 0.000000 0.000000 -0.100000
vn 0.000000 0.000000 -0.100000
vn 0.000000 0.000000 -0.100000
vn 0.000000 0.000000 -0.100000
vn 0.000000 0.000000 -0.100000
vn 0.000000 0.000000 -0.100000
vn 0.000000 0.000000 -0.100000
vn 0.000000 0.000000 -0.100000
vn 0.000000 0.000000 -0.100000
vn 0.000000 0.000000 -0.100000
vn 0.000000 0.000000 -0.100000
vn 0.000000 0.000000 -0.100000
vn 0.000000 0.000000 -0.100000
vn 0.000000 0.000000 -0.100000
vn 0.000000 0.000000 -0.100000
vn 0.000000 0.000000 -0.100000
vn 0.000000 0.000000 -0.100000
vn 0.000000 0.000000 -0.100000
vn 0.000000 0.000000 -0.100000
vn 0.000000 0.000000 -0.100000
vn 0.000000 0.000000 -0.100000
vn 0.000000 0.000000 -0.100000
vn 0.000000 0.000000 -0.100000
vn 0.000000 0.000000 -0.100000
vn 0.000000 0.000000 -0.100000
vn 0.000000 0.000000 -0.100000
vn 0.000000 0.000000 -0.100000
vn 0.000000 0.000000 -0.100000
vn 0.000000 0.000000 -0.100000
vn 0.000000 0.000000 -0.100000
vn 0.000000 0.000000 -0.100000
vn 0.000000 0.000000 -0.100000
vn 0.000000 0.000000 -0.100000
vn 0.000000 0.000000 -0.100000
vn 0.000000 0.000000 -0.100000
vn 0.000000 0.000000 -0.100000
vn 0.000000 0.000000 -0.100000
vn 0.000000 0.000000 -0.100000
vn 0.000000 0.000000 -0.100000
vn 0.000000 0.000000 -0.100000
vn 0.000000 0.000000 -0.100000
vn 0.000000 0.000000 -0.100000
vn 0.000000 0.000000 -0.100000
vn 0.000000 0.000000 -0.100000
vn 0.000000 0.000000 -0.100000
vn 0.000000 0.000000 -0.100000
vn 0.000000 0.000000 -0.100000
vn 0.000000 0.000000 -0.100000
vn 0.000000 0.000000 -0.100000
vn 0.000000 0.000000 -0.100000
vn 0.000000 0.000000 -0.100000
vn 0.000000 0.000000 -0.100000
vn 0.000000 0.000000 -0.100000
vn 0.000000 0.000000 -0.100000
vn 0.000000 0.000000 -0.100000
vn 0.000000 0.000000 -0.100000
vn 0.000000 0.000000 -0.100000
vn 0.000000 0.000000 -0.100000
vn 0.000000 0.000000 -0.100000
vn 0.000000 0.000000 -0.100000
vn 0.000000 0.000000 -0.100000
vn 0.000000 0.000000 -0.100000
vn 0.000000 0.000000 -0.100000
vn 0.000000 0.000000 -0.100000
vn 0.000000 0.000000 -0.100000
vn 0.000000 0.000000 -0.100000
vn 0.000000 0.000000 -0.100000
vn 0.000000 0.000000 -0.100000
vn 0.000000 0.000000 -0.100000
vn 0.000000 0.000000 -0.100000
vn 0.000000 0.000000 -0.100000
vn 0.000000 0.000000 -0.100000
vn 0.000000 0.000000 -0.100000
vn 0.000000 0.000000 -0.100000
vn 0.000000 0.000000 -0.100000
vn 0.000000 0.000000 -0.100000
vn 0.000000 0.000000 -0.100000
vn 0.000000 0.000000 -0.100000
vn 0.000000 0.000000 -0.100000
vn 0.000000 0.000000 -0.100000
vn 0.000000 0.000000 -0.100000
vn 0.000000 0.000000 -0.100000
vn 0.000000 0.000000 -0.100000
vn 0.000000 0.000000 -0.100000
vn 0.000000 0.000000 -0.100000
vn 0.000000 0.000000 -0.100000
vn 0.000000 0.000000 -0.100000
vn 0.000000 0.000000 -0.100000
vn 0.000000 0.000000 -0.100000
vn 0.000000 0.000000 -0.100000
vn 0.000000 0.000000 -0.100000
vn 0.000000 0.000000 -0.100000
vn 0.000000 0.000000 -0.100000
vn 0.000000 0.000000 -0.100000
vn 0.000000 0.000000 -0.100000
vn 0.000000 0.000000 -0.100000
vn 0.000000 0.000000 -0.100000
vn 0.000000 0.000000 -0.100000
vn 0.000000 0.000000 -0.100000
vn 0.000000 0.000000 -0.100000
vn 0.000000 0.000000 -0.100000
vn 0.000000 0.000000 -0.100000
vn 0.000000 0.000000 -0.100000
vn 0.000000 0.000000 -0.100000
vn 0.000000 0.000000 -0.100000
vn 0.000000 0.000000 -0.100000
vn 0.000000 0.000000 -0.100000
vn 0.000000 0.000000 -0.100000
vn 0.000000 0.000000 -0.100000
vn 0.000000 0.000000 -0.100000
vn 0.000000 0.000000 -0.100000
vn 0.000000 0.000000 -0.100000
vn 0.000000 0.000000 -0.100000
vn 0.000000 0.000000 -0.100000
vn 0.000000 0.000000 -0.100000
vn 0.000000 0.000000 -0.100000
vn 0.000000 0.000000 -0.100000
vn 0.000000 0.000000 -0.100000
vn 0.000000 0.000000 -0.100000
vn 0.000000 0.000000 -0.100000
vn 0.000000 0.000000 -0.100000
vn 0.000000 0.000000 -0.100000
vn 0.000000 0.000000 -0.100000
vn 0.000000 0.000000 -0.100000
vn 0.000000 0.000000 -0.100000
vn 0.000000 0.000000 -0.100000
vn 0.000000 0.000000 -0.100000
vn 0.000000 0.000000 -0.100000
vn 0.000000 0.000000 -0.100000
vn 0.000000 0.000000 -0.100000
vn 0.000000 0.000000 -0.100000
vn 0.000000 0.000000 -0.100000
f 449/925/903 495/926/904 448/927/905
f 448/927/905 495/926/904 472/928/906
f 448/927/905 472/928/906 471/929/907
f 471/929/907 472/928/906 473/930/908
f 471/929/907 473/930/908 470/931/909
f 470/931/909 473/930/908 474/932/910
f 470/931/909 474/932/910 469/933/911
f 469/933/911 474/932/910 475/934/912
f 469/933/911 475/934/912 468/935/913
f 468/935/913 475/934/912 476/936/914
f 468/935/913 476/936/914 467/937/915
f 467/937/915 476/936/914 477/938/916
f 467/937/915 477/938/916 466/939/917
f 466/939/917 477/938/916 478/940/918
f 466/939/917 478/940/918 465/941/919
f 465/941/919 478/940/918 479/942/920
f 465/941/919 479/942/920 464/943/921
f 464/943/921 479/942/920 480/944/922
f 464/943/921 480/944/922 463/945/923
f 463/945/923 480/944/922 481/946/924
f 463/945/923 481/946/924 462/947/925
f 462/947/925 481/946/924 482/948/926
f 462/947/925 482/948/926 461/949/927
f 461/949/927 482/948/926 483/950/928
f 461/949/927 483/950/928 460/951/929
f 460/951/929 483/950/928 484/952/930
f 460/953/929 484/954/930 459/955/931
f 459/955/931 484/954/930 485/956/932
f 459/955/931 485/956/932 458/957/933
f 458/957/933 485/956/932 486/958/934
f 458/957/933 486/958/934 457/959/935
f 457/959/935 486/958/934 487/960/936
f 457/959/935 487/960/936 456/961/937
f 456/961/937 487/960/936 488/962/938
f 456/961/937 488/962/938 455/963/939
f 455/963/939 488/962/938 489/964/940
f 455/963/939 489/964/940 454/965/941
f 454/965/941 489/964/940 490/966/942
f 454/965/941 490/966/942 453/967/943
f 453/967/943 490/966/942 491/968/944
f 453/967/943 491/968/944 452/969/945
f 452/969/945 491/968/944 492/970/946
f 452/969/945 492/970/946 451/971/947
f 451/971/947 492/970/946 493/972/948
f 451/971/947 493/972/948 450/973/949
f 450/973/949 493/972/948 494/974/950
f 450/973/949 494/974/950 449/925/903
f 449/925/903 494/974/950 495/926/904
f 497/975/951 551/976/952 496/977/953
f 496/977/953 551/976/952 524/978/954
f 496/977/953 524/978/954 523/979/955
f 523/979/955 524/978/954 525/980/956
f 523/979/955 525/980/956 522/981/957
f 522/981/957 525/980/956 526/982/958
f 522/981/957 526/982/958 521/983/959
f 521/983/959 526/982/958 527/984/960
f 521/983/959 527/984/960 520/985/961
f 520/985/961 527/984/960 528/986/962
f 520/985/961 528/986/962 519/987/963
f 519/987/963 528/986/962 529/988/964
f 519/987/963 529/988/964 518/989/965
f 518/989/965 529/988/964 530/990/966
f 518/989/965 530/990/966 517/991/967
f 517/991/967 530/990/966 531/992/968
f 517/991/967 531/992/968 516/993/969
f 516/993/969 531/992/968 532/994/970
f 516/993/969 532/994/970 515/995/971
f 515/995/971 532/994/970 533/996/972
f 515/995/971 533/996/972 514/997/973
f 514/997/973 533/996/972 534/998/974
f 514/997/973 534/998/974 513/999/975
f 513/999/975 534/998/974 535/1000/976
f 513/999/975 535/1000/976 512/1001/977
f 512/1001/977 535/1000/976 536/1002/978
f 512/1001/977 536/1002/978 511/1003/979
f 511/1003/979 536/1002/978 537/1004/980
f 511/1003/979 537/1004/980 510/1005/981
f 510/1005/981 537/1004/980 538/1006/982
f 510/1007/981 538/1008/982 509/1009/983
f 509/1009/983 538/1008/982 539/1010/984
f 509/1009/983 539/1010/984 508/1011/985
f 508/1011/985 539/1010/984 540/1012/986
f 508/1011/985 540/1012/986 507/1013/987
f 507/1013/987 540/1012/986 541/1014/988
f 507/1013/987 541/1014/988 506/1015/989
f 506/1015/989 541/1014/988 542/1016/990
f 506/1015/989 542/1016/990 505/1017/991
f 505/1017/991 542/1016/990 543/1018/992
f 505/1017/991 543/1018/992 504/1019/993
f 504/1019/993 543/1018/992 544/1020/994
f 504/1019/993 544/1020/994 503/1021/995
f 503/1021/995 544/1020/994 545/1022/996
f 503/1021/995 545/1022/996 502/1023/997
f 502/1023/997 545/1022/996 546/1024/998
f 502/1023/997 546/1024/998 501/1025/999
f 501/1025/999 546/1024/998 547/1026/1000
f 501/1025/999 547/1026/1000 500/1027/1001
f 500/1027/1001 547/1026/1000 548/1028/1002
f 500/1027/1001 548/1028/1002 499/1029/1003
f 499/1029/1003 548/1028/1002 549/1030/1004
f 499/1029/1003 549/1030/1004 498/1031/1005
f 498/1031/1005 549/1030/1004 550/1032/1006
f 498/1031/1005 550/1032/1006 497/975/951
f 497/975/951 550/1032/1006 551/976/952
f 553/1033/1007 599/1034/1008 552/1035/1009
f 552/1035/1009 599/1034/1008 576/1036/1010
f 552/1035/1009 576/1036/1010 575/1037/1011
f 575/1037/1011 576/1036/1010 577/1038/1012
f 575/1037/1011 577/1038/1012 574/1039/1013
f 574/1039/1013 577/1038/1012 578/1040/1014
f 574/1039/1013 578/1040/1014 573/1041/1015
f 573/1041/1015 578/1040/1014 579/1042/1016
f 573/1041/1015 579/1042/1016 572/1043/1017
f 572/1043/1017 579/1042/1016 580/1044/1018
f 572/1043/1017 580/1044/1018 571/1045/1019
f 571/1045/1019 580/1044/1018 581/1046/1020
f 571/1045/1019 581/1046/1020 570/1047/1021
f 570/1047/1021 581/1046/1020 582/1048/1022
f 570/1047/1021 582/1048/1022 569/1049/1023
f 569/1049/1023 582/1048/1022 583/1050/1024
f 569/1049/1023 583/1050/1024 568/1051/1025
f 568/1051/1025 583/1050/1024 584/1052/1026
f 568/1051/1025 584/1052/1026 567/1053/1027
f 567/1053/1027 584/1052/1026 585/1054/1028
f 567/1053/1027 585/1054/1028 566/1055/1029
f 566/1055/1029 585/1054/1028 586/1056/1030
f 566/1055/1029 586/1056/1030 565/1057/1031
f 565/1057/1031 586/1056/1030 587/1058/1032
f 565/1057/1031 587/1058/1032 564/1059/1033
f 564/1059/1033 587/1058/1032 588/1060/1034
f 564/1061/1033 588/1062/1034 563/1063/1035
f 563/1063/1035 588/1062/1034 589/1064/1036
f 563/1063/1035 589/1064/1036 562/1065/1037
f 562/1065/1037 589/1064/1036 590/1066/1038
f 562/1065/1037 590/1066/1038 561/1067/1039
f 561/1067/1039 590/1066/1038 591/1068/1040
f 561/1067/1039 591/1068/1040 560/1069/1041
f 560/1069/1041 591/1068/1040 592/1070/1042
f 560/1069/1041 592/1070/1042 559/1071/1043
f 559/1071/1043 592/1070/1042 593/1072/1044
f 559/1071/1043 593/1072/1044 558/1073/1045
f 558/1073/1045 593/1072/1044 594/1074/1046
f 558/1073/1045 594/1074/1046 557/1075/1047
f 557/1075/1047 594/1074/1046 595/1076/1048
f 557/1075/1047 595/1076/1048 556/1077/1049
f 556/1077/1049 595/1076/1048 596/1078/1050
f 556/1077/1049 596/1078/1050 555/1079/1051
f 555/1079/1051 596/1078/1050 597/1080/1052
f 555/1079/1051 597/1080/1052 554/1081/1053
f 554/1081/1053 597/1080/1052 598/1082/1054
f 554/1081/1053 598/1082/1054 553/1033/1007
f 553/1033/1007 598/1082/1054 599/1034/1008
f 601/1083/1055 647/1084/1056 600/1085/1057
f 600/1085/1057 647/1084/1056 624/1086/1058
f 600/1085/1057 624/1086/1058 623/1087/1059
f 623/1087/1059 624/1086/1058 625/1088/1060
f 623/1087/1059 625/1088/1060 622/1089/1061
f 622/1089/1061 625/1088/1060 626/1090/1062
f 622/1089/1061 626/1090/1062 621/1091/1063
f 621/1091/1063 626/1090/1062 627/1092/1064
f 621/1091/1063 627/1092/1064 620/1093/1065
f 620/1093/1065 627/1092/1064 628/1094/1066
f 620/1093/1065 628/1094/1066 619/1095/1067
f 619/1095/1067 628/1094/1066 629/1096/1068
f 619/1095/1067 629/1096/1068 618/1097/1069
f 618/1097/1069 629/1096/1068 630/1098/1070
f 618/1097/1069 630/1098/1070 617/1099/1071
f 617/1099/1071 630/1098/1070 631/1100/1072
f 617/1099/1071 631/1100/1072 616/1101/1073
f 616/1101/1073 631/1100/1072 632/1102/1074
f 616/1101/1073 632/1102/1074 615/1103/1075
f 615/1103/1075 632/1102/1074 633/1104/1076
f 615/1103/1075 633/1104/1076 614/1105/1077
f 614/1105/1077 633/1104/1076 634/1106/1078
f 614/1105/1077 634/1106/1078 613/1107/1079
f 613/1107/1079 634/1106/1078 635/1108/1080
f 613/1107/1079 635/1108/1080 612/1109/1081
f 612/1109/1081 635/1108/1080 636/1110/1082
f 612/1111/1081 636/1112/1082 611/1113/1083
f 611/1113/1083 636/1112/1082 637/1114/1084
f 611/1113/1083 637/1114/1084 610/1115/1085
f 610/1115/1085 637/1114/1084 638/1116/1086
f 610/1115/1085 638/1116/1086 609/1117/1087
f 609/1117/1087 638/1116/1086 639/1118/1088
f 609/1117/1087 639/1118/1088 608/1119/1089
f 608/1119/1089 639/1118/1088 640/1120/1090
f 608/1119/1089 640/1120/1090 607/1121/1091
f 607/1121/1091 640/1120/1090 641/1122/1092
f 607/1121/1091 641/1122/1092 606/1123/1093
f 606/1123/1093 641/1122/1092 642/1124/1094
f 606/1123/1093 642/1124/1094 605/1125/1095
f 605/1125/1095 642/1124/1094 643/1126/1096
f 605/1125/1095 643/1126/1096 604/1127/1097
f 604/1127/1097 643/1126/1096 644/1128/1098
f 604/1127/1097 644/1128/1098 603/1129/1099
f 603/1129/1099 644/1128/1098 645/1130/1100
f 603/1129/1099 645/1130/1100 602/1131/1101
f 602/1131/1101 645/1130/1100 646/1132/1102
f 602/1131/1101 646/1132/1102 601/1083/1055
f 601/1083/1055 646/1132/1102 647/1084/1056
f 677/1133/1103 648/1134/1104 676/1135/1105
f 676/1135/1105 648/1134/1104 649/1136/1106
f 676/1135/1105 649/1136/1106 675/1137/1107
f 675/1137/1107 649/1136/1106 650/1138/1108
f 675/1137/1107 650/1138/1108 674/1139/1109
f 674/1139/1109 650/1138/1108 651/1140/1110
f 674/1139/1109 651/1140/1110 673/1141/1111
f 673/1141/1111 651/1140/1110 652/1142/1112
f 673/1141/1111 652/1142/1112 672/1143/1113
f 672/1143/1113 652/1142/1112 653/1144/1114
f 672/1143/1113 653/1144/1114 671/1145/1115
f 671/1145/1115 653/1144/1114 654/1146/1116
f 671/1145/1115 654/1146/1116 670/1147/1117
f 670/1147/1117 654/1146/1116 655/1148/1118
f 670/1147/1117 655/1148/1118 669/1149/1119
f 669/1149/1119 655/1148/1118 656/1150/1120
f 669/1149/1119 656/1150/1120 668/1151/1121
f 668/1151/1121 656/1150/1120 657/1152/1122
f 668/1151/1121 657/1152/1122 667/1153/1123
f 667/1153/1123 657/1152/1122 658/1154/1124
f 667/1153/1123 658/1154/1124 666/1155/1125
f 666/1155/1125 658/1154/1124 659/1156/1126
f 666/1155/1125 659/1156/1126 665/1157/1127
f 665/1157/1127 659/1156/1126 660/1158/1128
f 665/1157/1127 660/1158/1128 664/1159/1129
f 664/1159/1129 660/1158/1128 661/1160/1130
f 664/1159/1129 661/1160/1130 663/1161/1131
f 663/1161/1131 661/1160/1130 662/1162/1132
f 678/1163/1133 679/1164/1134 662/1165/1132
f 662/1165/1132 679/1164/1134 663/1166/1131
f 678/1167/1135 680/1168/1136 679/1169/1137
f 679/1169/1137 680/1168/1136 681/1170/1138
f 681/1171/1138 680/1172/1136 697/1173/1139
f 697/1173/1139 680/1172/1136 682/1174/1140
f 697/1173/1139 682/1174/1140 696/1175/1141
f 696/1175/1141 682/1174/1140 683/1176/1142
f 696/1175/1141 683/1176/1142 695/1177/1143
f 695/1177/1143 683/1176/1142 684/1178/1144
f 695/1177/1143 684/1178/1144 694/1179/1145
f 694/1179/1145 684/1178/1144 685/1180/1146
f 694/1179/1145 685/1180/1146 693/1181/1147
f 693/1181/1147 685/1180/1146 686/1182/1148
f 693/1181/1147 686/1182/1148 692/1183/1149
f 692/1183/1149 686/1182/1148 687/1184/1150
f 692/1183/1149 687/1184/1150 691/1185/1151
f 691/1185/1151 687/1184/1150 688/1186/1152
f 691/1185/1151 688/1186/1152 690/1187/1153
f 690/1187/1153 688/1186/1152 689/1188/1154
f 689/1189/1154 698/1190/1155 690/1191/1153
f 690/1191/1153 698/1190/1155 699/1192/1156
f 700/1193/1157 648/1194/1158 701/1195/1159
f 701/1195/1159 648/1194/1158 677/1196/1160
f 699/1197/1156 698/1198/1155 715/1199/1161
f 715/1199/1161 698/1198/1155 702/1200/1162
f 715/1199/1161 702/1200/1162 714/1201/1163
f 714/1201/1163 702/1200/1162 703/1202/1164
f 714/1201/1163 703/1202/1164 713/1203/1165
f 713/1203/1165 703/1202/1164 704/1204/1166
f 713/1203/1165 704/1204/1166 712/1205/1167
f 712/1205/1167 704/1204/1166 705/1206/1168
f 712/1205/1167 705/1206/1168 711/1207/1169
f 711/1207/1169 705/1206/1168 706/1208/1170
f 711/1207/1169 706/1208/1170 710/1209/1171
f 710/1209/1171 706/1208/1170 707/1210/1172
f 710/1209/1171 707/1210/1172 709/1211/1173
f 709/1211/1173 707/1210/1172 708/1212/1174
f 731/1213/1175 716/1214/1176 730/1215/1177
f 730/1215/1177 716/1214/1176 717/1216/1178
f 730/1215/1177 717/1216/1178 729/1217/1179
f 729/1217/1179 717/1216/1178 718/1218/1180
f 729/1217/1179 718/1218/1180 728/1219/1181
f 728/1219/1181 718/1218/1180 719/1220/1182
f 728/1219/1181 719/1220/1182 727/1221/1183
f 727/1221/1183 719/1220/1182 720/1222/1184
f 727/1221/1183 720/1222/1184 726/1223/1185
f 726/1223/1185 720/1222/1184 721/1224/1186
f 726/1223/1185 721/1224/1186 725/1225/1187
f 725/1225/1187 721/1224/1186 722/1226/1188
f 725/1225/1187 722/1226/1188 724/1227/1189
f 724/1227/1189 722/1226/1188 723/1228/1190
f 724/1227/1189 723/1228/1190 701/1229/1159
f 701/1229/1159 723/1228/1190 700/1230/1157
f 661/1231/1191 531/1232/1192 662/1233/1193
f 662/1233/1193 531/1232/1192 530/1234/1194
f 662/1233/1193 530/1234/1194 529/1235/1195
f 660/1236/1196 474/1237/1197 661/1231/1191
f 661/1231/1191 474/1237/1197 473/1238/1198
f 661/1231/1191 473/1238/1198 532/1239/1199
f 532/1239/1199 473/1238/1198 472/1240/1200
f 532/1239/1199 472/1240/1200 533/1241/1201
f 533/1241/1201 472/1240/1200 495/1242/1202
f 533/1241/1201 495/1242/1202 494/1243/1203
f 659/1244/1204 476/1245/1205 660/1236/1196
f 660/1236/1196 476/1245/1205 475/1246/1206
f 660/1236/1196 475/1246/1206 474/1237/1197
f 658/1247/1207 478/1248/1208 659/1244/1204
f 659/1244/1204 478/1248/1208 477/1249/1209
f 659/1244/1204 477/1249/1209 476/1245/1205
f 657/1250/1210 480/1251/1211 658/1247/1207
f 658/1247/1207 480/1251/1211 479/1252/1212
f 658/1247/1207 479/1252/1212 478/1248/1208
f 656/1253/1213 483/1254/1214 657/1250/1210
f 657/1250/1210 483/1254/1214 482/1255/1215
f 657/1250/1210 482/1255/1215 481/1256/1216
f 655/1257/1217 485/1258/1218 656/1253/1213
f 656/1253/1213 485/1258/1218 484/1259/1219
f 656/1253/1213 484/1259/1219 483/1254/1214
f 654/1260/1220 487/1261/1221 655/1257/1217
f 655/1257/1217 487/1261/1221 486/1262/1222
f 655/1257/1217 486/1262/1222 485/1258/1218
f 653/1263/1223 537/1264/1224 654/1260/1220
f 654/1260/1220 537/1264/1224 536/1265/1225
f 654/1260/1220 536/1265/1225 488/1266/1226
f 488/1266/1226 536/1265/1225 489/1267/1227
f 489/1267/1227 536/1265/1225 535/1268/1228
f 489/1267/1227 535/1268/1228 490/1269/1229
f 490/1269/1229 535/1268/1228 491/1270/1230
f 491/1270/1230 535/1268/1228 492/1271/1231
f 492/1271/1231 535/1268/1228 534/1272/1232
f 492/1271/1231 534/1272/1232 493/1273/1233
f 493/1273/1233 534/1272/1232 494/1243/1203
f 494/1243/1203 534/1272/1232 533/1241/1201
f 653/1263/1223 652/1274/1234 537/1264/1224
f 537/1264/1224 652/1274/1234 538/1275/1235
f 538/1275/1235 652/1274/1234 651/1276/1236
f 538/1275/1235 651/1276/1236 539/1277/1237
f 539/1277/1237 651/1276/1236 650/1278/1238
f 539/1277/1237 650/1278/1238 649/1279/1239
f 539/1277/1237 649/1279/1239 540/1280/1240
f 540/1280/1240 649/1279/1239 648/1281/1241
f 540/1280/1240 648/1281/1241 541/1282/1242
f 541/1282/1242 648/1281/1241 567/1283/1243
f 541/1282/1242 567/1283/1243 542/1284/1244
f 542/1284/1244 567/1283/1243 566/1285/1245
f 542/1284/1244 566/1285/1245 565/1286/1246
f 700/1287/1247 572/1288/1248 648/1281/1241
f 648/1281/1241 572/1288/1248 571/1289/1249
f 648/1281/1241 571/1289/1249 570/1290/1250
f 723/1291/1251 575/1292/1252 700/1287/1247
f 700/1287/1247 575/1292/1252 574/1293/1253
f 700/1287/1247 574/1293/1253 573/1294/1254
f 575/1292/1252 723/1291/1251 552/1295/1255
f 552/1295/1255 723/1291/1251 722/1296/1256
f 552/1295/1255 722/1296/1256 553/1297/1257
f 553/1297/1257 722/1296/1256 721/1298/1258
f 553/1297/1257 721/1298/1258 554/1299/1259
f 554/1299/1259 721/1298/1258 720/1300/1260
f 554/1299/1259 720/1300/1260 555/1301/1261
f 555/1301/1261 720/1300/1260 719/1302/1262
f 555/1301/1261 719/1302/1262 556/1303/1263
f 556/1303/1263 719/1302/1262 718/1304/1264
f 556/1303/1263 718/1304/1264 557/1305/1265
f 557/1305/1265 718/1304/1264 717/1306/1266
f 557/1305/1265 717/1306/1266 558/1307/1267
f 558/1307/1267 717/1306/1266 716/1308/1268
f 558/1307/1267 716/1308/1268 559/1309/1269
f 559/1309/1269 716/1308/1268 560/1310/1270
f 560/1310/1270 716/1308/1268 561/1311/1271
f 561/1311/1271 716/1308/1268 562/1312/1272
f 562/1312/1272 716/1308/1268 708/1313/1273
f 562/1312/1272 708/1313/1273 545/1314/1274
f 545/1314/1274 708/1313/1273 546/1315/1275
f 546/1315/1275 708/1313/1273 547/1316/1276
f 547/1316/1276 708/1313/1273 548/1317/1277
f 548/1317/1277 708/1313/1273 707/1318/1278
f 548/1317/1277 707/1318/1278 706/1319/1279
f 706/1319/1279 705/1320/1280 548/1317/1277
f 548/1317/1277 705/1320/1280 704/1321/1281
f 548/1317/1277 704/1321/1281 549/1322/1282
f 549/1322/1282 704/1321/1281 703/1323/1283
f 549/1322/1282 703/1323/1283 702/1324/1284
f 702/1324/1284 698/1325/1285 549/1322/1282
f 549/1322/1282 698/1325/1285 550/1326/1286
f 550/1326/1286 698/1325/1285 551/1327/1287
f 551/1327/1287 698/1325/1285 524/1328/1288
f 524/1328/1288 698/1325/1285 608/1329/1289
f 524/1328/1288 608/1329/1289 607/1330/1290
f 698/1325/1285 689/1331/1291 608/1329/1289
f 608/1329/1289 689/1331/1291 609/1332/1292
f 609/1332/1292 689/1331/1291 610/1333/1293
f 610/1333/1293 689/1331/1291 611/1334/1294
f 611/1334/1294 689/1331/1291 612/1335/1295
f 612/1335/1295 689/1331/1291 688/1336/1296
f 612/1335/1295 688/1336/1296 613/1337/1297
f 613/1337/1297 688/1336/1296 687/1338/1298
f 613/1337/1297 687/1338/1298 614/1339/1299
f 614/1339/1299 687/1338/1298 686/1340/1300
f 614/1339/1299 686/1340/1300 615/1341/1301
f 615/1341/1301 686/1340/1300 685/1342/1302
f 615/1341/1301 685/1342/1302 616/1343/1303
f 616/1343/1303 685/1342/1302 684/1344/1304
f 616/1343/1303 684/1344/1304 617/1345/1305
f 617/1345/1305 684/1344/1304 683/1346/1306
f 617/1345/1305 683/1346/1306 618/1347/1307
f 618/1347/1307 683/1346/1306 682/1348/1308
f 618/1347/1307 682/1348/1308 619/1349/1309
f 619/1349/1309 682/1348/1308 680/1350/1310
f 619/1349/1309 680/1350/1310 620/1351/1311
f 620/1351/1311 680/1350/1310 621/1352/1312
f 621/1352/1312 680/1350/1310 678/1353/1313
f 621/1352/1312 678/1353/1313 622/1354/1314
f 622/1354/1314 678/1353/1313 623/1355/1315
f 623/1355/1315 678/1353/1313 600/1356/1316
f 600/1356/1316 678/1353/1313 601/1357/1317
f 601/1357/1317 678/1353/1313 529/1235/1195
f 601/1357/1317 529/1235/1195 528/1358/1318
f 678/1353/1313 662/1233/1193 529/1235/1195
f 573/1294/1254 572/1288/1248 700/1287/1247
f 570/1290/1250 569/1359/1319 648/1281/1241
f 648/1281/1241 569/1359/1319 568/1360/1320
f 648/1281/1241 568/1360/1320 567/1283/1243
f 542/1284/1244 565/1286/1246 543/1361/1321
f 543/1361/1321 565/1286/1246 564/1362/1322
f 543/1361/1321 564/1362/1322 544/1363/1323
f 544/1363/1323 564/1362/1322 563/1364/1324
f 544/1363/1323 563/1364/1324 545/1314/1274
f 545/1314/1274 563/1364/1324 562/1312/1272
f 524/1328/1288 607/1330/1290 525/1365/1325
f 525/1365/1325 607/1330/1290 606/1366/1326
f 525/1365/1325 606/1366/1326 526/1367/1327
f 526/1367/1327 606/1366/1326 605/1368/1328
f 526/1367/1327 605/1368/1328 527/1369/1329
f 527/1369/1329 605/1368/1328 604/1370/1330
f 527/1369/1329 604/1370/1330 603/1371/1331
f 527/1369/1329 603/1371/1331 528/1358/1318
f 528/1358/1318 603/1371/1331 602/1372/1332
f 528/1358/1318 602/1372/1332 601/1357/1317
f 488/1266/1226 487/1261/1221 654/1260/1220
f 481/1256/1216 480/1251/1211 657/1250/1210
f 532/1239/1199 531/1232/1192 661/1231/1191
f 716/1373/1176 731/1374/1175 708/1375/1174
f 708/1375/1174 731/1374/1175 709/1376/1173
f 730/1377/1333 594/1378/1334 731/1379/1335
f 731/1379/1335 594/1378/1334 593/1380/1336
f 731/1379/1335 593/1380/1336 592/1381/1337
f 594/1378/1334 730/1377/1333 595/1382/1338
f 595/1382/1338 730/1377/1333 729/1383/1339
f 595/1382/1338 729/1383/1339 596/1384/1340
f 596/1384/1340 729/1383/1339 728/1385/1341
f 596/1384/1340 728/1385/1341 597/1386/1342
f 597/1386/1342 728/1385/1341 727/1387/1343
f 597/1386/1342 727/1387/1343 598/1388/1344
f 598/1388/1344 727/1387/1343 726/1389/1345
f 598/1388/1344 726/1389/1345 599/1390/1346
f 599/1390/1346 726/1389/1345 725/1391/1347
f 599/1390/1346 725/1391/1347 576/1392/1348
f 576/1392/1348 725/1391/1347 724/1393/1349
f 576/1392/1348 724/1393/1349 577/1394/1350
f 577/1394/1350 724/1393/1349 701/1395/1351
f 577/1394/1350 701/1395/1351 578/1396/1352
f 578/1396/1352 701/1395/1351 579/1397/1353
f 579/1397/1353 701/1395/1351 580/1398/1354
f 580/1398/1354 701/1395/1351 677/1399/1355
f 580/1398/1354 677/1399/1355 581/1400/1356
f 581/1400/1356 677/1399/1355 582/1401/1357
f 582/1401/1357 677/1399/1355 583/1402/1358
f 583/1402/1358 677/1399/1355 584/1403/1359
f 584/1403/1359 677/1399/1355 585/1404/1360
f 585/1404/1360 677/1399/1355 507/1405/1361
f 585/1404/1360 507/1405/1361 506/1406/1362
f 507/1405/1361 677/1399/1355 508/1407/1363
f 508/1407/1363 677/1399/1355 676/1408/1364
f 508/1407/1363 676/1408/1364 509/1409/1365
f 509/1409/1365 676/1408/1364 675/1410/1366
f 509/1409/1365 675/1410/1366 674/1411/1367
f 509/1409/1365 674/1411/1367 510/1412/1368
f 510/1412/1368 674/1411/1367 673/1413/1369
f 510/1412/1368 673/1413/1369 511/1414/1370
f 511/1414/1370 673/1413/1369 672/1415/1371
f 511/1414/1370 672/1415/1371 671/1416/1372
f 670/1417/1373 457/1418/1374 671/1416/1372
f 671/1416/1372 457/1418/1374 456/1419/1375
f 671/1416/1372 456/1419/1375 512/1420/1376
f 512/1420/1376 456/1419/1375 455/1421/1377
f 512/1420/1376 455/1421/1377 513/1422/1378
f 513/1422/1378 455/1421/1377 454/1423/1379
f 513/1422/1378 454/1423/1379 453/1424/1380
f 669/1425/1381 459/1426/1382 670/1417/1373
f 670/1417/1373 459/1426/1382 458/1427/1383
f 670/1417/1373 458/1427/1383 457/1418/1374
f 668/1428/1384 461/1429/1385 669/1425/1381
f 669/1425/1381 461/1429/1385 460/1430/1386
f 669/1425/1381 460/1430/1386 459/1426/1382
f 667/1431/1387 464/1432/1388 668/1428/1384
f 668/1428/1384 464/1432/1388 463/1433/1389
f 668/1428/1384 463/1433/1389 462/1434/1390
f 666/1435/1391 466/1436/1392 667/1431/1387
f 667/1431/1387 466/1436/1392 465/1437/1393
f 667/1431/1387 465/1437/1393 464/1432/1388
f 665/1438/1394 468/1439/1395 666/1435/1391
f 666/1435/1391 468/1439/1395 467/1440/1396
f 666/1435/1391 467/1440/1396 466/1436/1392
f 664/1441/1397 470/1442/1398 665/1438/1394
f 665/1438/1394 470/1442/1398 469/1443/1399
f 665/1438/1394 469/1443/1399 468/1439/1395
f 663/1444/1400 517/1445/1401 664/1441/1397
f 664/1441/1397 517/1445/1401 516/1446/1402
f 664/1441/1397 516/1446/1402 471/1447/1403
f 471/1447/1403 516/1446/1402 448/1448/1404
f 448/1448/1404 516/1446/1402 515/1449/1405
f 448/1448/1404 515/1449/1405 449/1450/1406
f 449/1450/1406 515/1449/1405 450/1451/1407
f 450/1451/1407 515/1449/1405 514/1452/1408
f 450/1451/1407 514/1452/1408 451/1453/1409
f 451/1453/1409 514/1452/1408 452/1454/1410
f 452/1454/1410 514/1452/1408 513/1422/1378
f 452/1454/1410 513/1422/1378 453/1424/1380
f 679/1455/1411 519/1456/1412 663/1444/1400
f 663/1444/1400 519/1456/1412 518/1457/1413
f 663/1444/1400 518/1457/1413 517/1445/1401
f 681/1458/1414 627/1459/1415 679/1455/1411
f 679/1455/1411 627/1459/1415 626/1460/1416
f 679/1455/1411 626/1460/1416 625/1461/1417
f 697/1462/1418 629/1463/1419 681/1458/1414
f 681/1458/1414 629/1463/1419 628/1464/1420
f 681/1458/1414 628/1464/1420 627/1459/1415
f 629/1463/1419 697/1462/1418 630/1465/1421
f 630/1465/1421 697/1462/1418 696/1466/1422
f 630/1465/1421 696/1466/1422 631/1467/1423
f 631/1467/1423 696/1466/1422 695/1468/1424
f 631/1467/1423 695/1468/1424 632/1469/1425
f 632/1469/1425 695/1468/1424 694/1470/1426
f 632/1469/1425 694/1470/1426 633/1471/1427
f 633/1471/1427 694/1470/1426 693/1472/1428
f 633/1471/1427 693/1472/1428 634/1473/1429
f 634/1473/1429 693/1472/1428 692/1474/1430
f 634/1473/1429 692/1474/1430 635/1475/1431
f 635/1475/1431 692/1474/1430 691/1476/1432
f 635/1475/1431 691/1476/1432 636/1477/1433
f 636/1477/1433 691/1476/1432 690/1478/1434
f 636/1477/1433 690/1478/1434 637/1479/1435
f 637/1479/1435 690/1478/1434 638/1480/1436
f 638/1480/1436 690/1478/1434 639/1481/1437
f 639/1481/1437 690/1478/1434 640/1482/1438
f 640/1482/1438 690/1478/1434 699/1483/1439
f 640/1482/1438 699/1483/1439 496/1484/1440
f 496/1484/1440 699/1483/1439 497/1485/1441
f 497/1485/1441 699/1483/1439 498/1486/1442
f 498/1486/1442 699/1483/1439 499/1487/1443
f 499/1487/1443 699/1483/1439 715/1488/1444
f 499/1487/1443 715/1488/1444 714/1489/1445
f 714/1489/1445 713/1490/1446 499/1487/1443
f 499/1487/1443 713/1490/1446 500/1491/1447
f 500/1491/1447 713/1490/1446 712/1492/1448
f 500/1491/1447 712/1492/1448 711/1493/1449
f 711/1493/1449 710/1494/1450 500/1491/1447
f 500/1491/1447 710/1494/1450 709/1495/1451
f 500/1491/1447 709/1495/1451 501/1496/1452
f 501/1496/1452 709/1495/1451 502/1497/1453
f 502/1497/1453 709/1495/1451 503/1498/1454
f 503/1498/1454 709/1495/1451 590/1499/1455
f 503/1498/1454 590/1499/1455 589/1500/1456
f 709/1495/1451 731/1379/1335 590/1499/1455
f 590/1499/1455 731/1379/1335 591/1501/1457
f 591/1501/1457 731/1379/1335 592/1381/1337
f 471/1447/1403 470/1442/1398 664/1441/1397
f 462/1434/1390 461/1429/1385 668/1428/1384
f 640/1482/1438 496/1484/1440 641/1502/1458
f 641/1502/1458 496/1484/1440 523/1503/1459
f 641/1502/1458 523/1503/1459 642/1504/1460
f 642/1504/1460 523/1503/1459 522/1505/1461
f 642/1504/1460 522/1505/1461 643/1506/1462
f 643/1506/1462 522/1505/1461 521/1507/1463
f 643/1506/1462 521/1507/1463 644/1508/1464
f 644/1508/1464 521/1507/1463 645/1509/1465
f 645/1509/1465 521/1507/1463 520/1510/1466
f 645/1509/1465 520/1510/1466 646/1511/1467
f 646/1511/1467 520/1510/1466 647/1512/1468
f 647/1512/1468 520/1510/1466 519/1456/1412
f 647/1512/1468 519/1456/1412 679/1455/1411
f 512/1420/1376 511/1414/1370 671/1416/1372
f 505/1513/1469 587/1514/1470 506/1406/1362
f 506/1406/1362 587/1514/1470 586/1515/1471
f 506/1406/1362 586/1515/1471 585/1404/1360
f 587/1514/1470 505/1513/1469 588/1516/1472
f 588/1516/1472 505/1513/1469 504/1517/1473
f 588/1516/1472 504/1517/1473 589/1500/1456
f 589/1500/1456 504/1517/1473 503/1498/1454
f 625/1461/1417 624/1518/1474 679/1455/1411
f 679/1455/1411 624/1518/1474 647/1512/1468
g Body3

v 0.000000 10.250000 -4.200000
v -0.517638 10.250000 -4.268148
v -1.000000 10.250000 -4.467949
v -1.414214 10.250000 -4.785786
v -1.732051 10.250000 -5.200000
v -1.931852 10.250000 -5.682362
v -2.000000 10.250000 -6.200000
v -1.931852 10.250000 -6.717638
v -1.732051 10.250000 -7.200000
v -1.414214 10.250000 -7.614214
v -1.000000 10.250000 -7.932051
v -0.517638 10.250000 -8.131852
v -0.000000 10.250000 -8.200000
v 0.517638 10.250000 -8.131852
v 1.000000 10.250000 -7.932051
v 1.414214 10.250000 -7.614214
v 1.732051 10.250000 -7.200000
v 1.931852 10.250000 -6.717638
v 2.000000 10.250000 -6.200000
v 1.931852 10.250000 -5.682362
v 1.732051 10.250000 -5.200000
v 1.414214 10.250000 -4.785786
v 1.000000 10.250000 -4.467949
v 0.517638 10.250000 -4.268148
v 0.000000 12.750000 -4.200000
v 0.517638 12.750000 -4.268148
v 1.000000 12.750000 -4.467949
v 1.414214 12.750000 -4.785786
v 1.732051 12.750000 -5.200000
v 1.931852 12.750000 -5.682362
v 2.000000 12.750000 -6.200000
v 1.931852 12.750000 -6.717638
v 1.732051 12.750000 -7.200000
v 1.414214 12.750000 -7.614214
v 1.000000 12.750000 -7.932051
v 0.517638 12.750000 -8.131852
v -0.000000 12.750000 -8.200000
v -0.517638 12.750000 -8.131852
v -1.000000 12.750000 -7.932051
v -1.414214 12.750000 -7.614214
v -1.732051 12.750000 -7.200000
v -1.931852 12.750000 -6.717638
v -2.000000 12.750000 -6.200000
v -1.931852 12.750000 -5.682362
v -1.732051 12.750000 -5.200000
v -1.414214 12.750000 -4.785786
v -1.000000 12.750000 -4.467949
v -0.517638 12.750000 -4.268148
v 18.500000 15.500000 -2.000000
v 18.397777 14.723543 -2.000000
v 18.098076 14.000000 -2.000000
v 17.621320 13.378680 -2.000000
v 17.000000 12.901924 -2.000000
v 16.276457 12.602223 -2.000000
v 15.500000 12.500000 -2.000000
v 14.723543 12.602223 -2.000000
v 14.000000 12.901924 -2.000000
v 13.378680 13.378680 -2.000000
v 12.901924 14.000000 -2.000000
v 12.602223 14.723543 -2.000000
v 12.500000 15.500000 -2.000000
v 12.602223 16.276457 -2.000000
v 12.901924 17.000000 -2.000000
v 13.378680 17.621320 -2.000000
v 14.000000 18.098076 -2.000000
v 14.723543 18.397777 -2.000000
v 15.500000 18.500000 -2.000000
v 16.276457 18.397777 -2.000000
v 17.000000 18.098076 -2.000000
v 17.621320 17.621320 -2.000000
v 18.098076 17.000000 -2.000000
v 18.397777 16.276457 -2.000000
v 18.500000 15.500000 0.000000
v 18.397777 16.276457 0.000000
v 18.098076 17.000000 0.000000
v 17.621320 17.621320 0.000000
v 17.000000 18.098076 0.000000
v 16.276457 18.397777 0.000000
v 15.500000 18.500000 0.000000
v 14.723543 18.397777 0.000000
v 14.000000 18.098076 0.000000
v 13.378680 17.621320 0.000000
v 12.901924 17.000000 0.000000
v 12.602223 16.276457 0.000000
v 12.500000 15.500000 0.000000
v 12.602223 14.723543 0.000000
v 12.901924 14.000000 0.000000
v 13.378680 13.378680 0.000000
v 14.000000 12.901924 0.000000
v 14.723543 12.602223 0.000000
v 15.500000 12.500000 0.000000
v 16.276457 12.602223 0.000000
v 17.000000 12.901924 0.000000
v 17.621320 13.378680 0.000000
v 18.098076 14.000000 0.000000
v 18.397777 14.723543 0.000000
v -12.499561 -15.499561 -2.000000
v -12.601784 -16.276018 -2.000000
v -12.901485 -16.999561 -2.000000
v -13.378241 -17.620882 -2.000000
v -13.999561 -18.097637 -2.000000
v -14.723104 -18.397339 -2.000000
v -15.499561 -18.499561 -2.000000
v -16.276018 -18.397339 -2.000000
v -16.999561 -18.097637 -2.000000
v -17.620882 -17.620882 -2.000000
v -18.097637 -16.999561 -2.000000
v -18.397339 -16.276018 -2.000000
v -18.499561 -15.499561 -2.000000
v -18.397339 -14.723104 -2.000000
v -18.097637 -13.999561 -2.000000
v -17.620882 -13.378241 -2.000000
v -16.999561 -12.901485 -2.000000
v -16.276018 -12.601784 -2.000000
v -15.499561 -12.499561 -2.000000
v -14.723104 -12.601784 -2.000000
v -13.999561 -12.901485 -2.000000
v -13.378241 -13.378241 -2.000000
v -12.901485 -13.999561 -2.000000
v -12.601784 -14.723104 -2.000000
v -12.499561 -15.499561 0.000000
v -12.601784 -14.723104 0.000000
v -12.901485 -13.999561 0.000000
v -13.378241 -13.378241 0.000000
v -13.999561 -12.901485 0.000000
v -14.723104 -12.601784 0.000000
v -15.499561 -12.499561 0.000000
v -16.276018 -12.601784 0.000000
v -16.999561 -12.901485 0.000000
v -17.620882 -13.378241 0.000000
v -18.097637 -13.999561 0.000000
v -18.397339 -14.723104 0.000000
v -18.499561 -15.499561 0.000000
v -18.397339 -16.276018 0.000000
v -18.097637 -16.999561 0.000000
v -17.620882 -17.620882 0.000000
v -16.999561 -18.097637 0.000000
v -16.276018 -18.397339 0.000000
v -15.499561 -18.499561 0.000000
v -14.723104 -18.397339 0.000000
v -13.999561 -18.097637 0.000000
v -13.378241 -17.620882 0.000000
v -12.901485 -16.999561 0.000000
v -12.601784 -16.276018 0.000000
v 17.793566 -8.833252 -13.700000
v 18.810074 -7.041218 -13.700000
v 19.437766 -5.078904 -13.700000
v 19.650000 -3.029604 -13.700000
v 19.437766 -0.980304 -13.700000
v 18.810074 0.982010 -13.700000
v 17.793566 2.774044 -13.700000
v 17.793566 2.774044 -8.700000
v 18.810074 0.982010 -8.700000
v 19.437766 -0.980304 -8.700000
v 19.650000 -3.029604 -8.700000
v 19.437766 -5.078904 -8.700000
v 18.810074 -7.041218 -8.700000
v 17.793566 -8.833252 -8.700000
v -0.650000 -3.029604 -6.959934
v -0.758753 -1.637587 -6.851868
v -0.885672 -0.983883 -6.664280
v -0.921436 -0.836076 -6.588323
v -0.957590 -0.696793 -6.488134
v -0.973484 -0.638385 -6.428698
v -0.987260 -0.588922 -6.359118
v -0.996664 -0.555788 -6.281620
v -0.999153 -0.547093 -6.241026
v -1.000000 -0.544146 -6.200000
v -0.999153 -0.547093 -6.158974
v -0.996664 -0.555788 -6.118380
v -0.987260 -0.588922 -6.040882
v -0.973484 -0.638385 -5.971302
v -0.957590 -0.696793 -5.911866
v -0.921436 -0.836076 -5.811677
v -0.885672 -0.983883 -5.735720
v -0.758753 -1.637587 -5.548132
v -0.650000 -3.029604 -5.440066
v -0.758753 -4.421621 -5.548132
v -0.885672 -5.075325 -5.735720
v -0.921436 -5.223132 -5.811677
v -0.957590 -5.362415 -5.911866
v -0.973484 -5.420822 -5.971302
v -0.987260 -5.470286 -6.040882
v -0.996664 -5.503420 -6.118380
v -0.999153 -5.512115 -6.158974
v -1.000000 -5.515062 -6.200000
v -0.999153 -5.512115 -6.241026
v -0.996664 -5.503420 -6.281620
v -0.987260 -5.470286 -6.359118
v -0.973484 -5.420822 -6.428698
v -0.957590 -5.362415 -6.488134
v -0.921436 -5.223132 -6.588323
v -0.885672 -5.075325 -6.664280
v -0.758753 -4.421621 -6.851868
v 17.210284 -7.912442 -8.700000
v 18.122497 -6.065521 -8.700000
v 18.590872 -4.059561 -8.700000
v 18.590872 -1.999646 -8.700000
v 18.122497 0.006313 -8.700000
v 17.210284 1.853234 -8.700000
v 17.210284 1.853234 -4.700000
v 18.122497 0.006313 -4.700000
v 18.590872 -1.999646 -4.700000
v 18.590872 -4.059561 -4.700000
v 18.122497 -6.065521 -4.700000
v 17.210284 -7.912442 -4.700000
v 8.068170 21.812993 -15.150000
v 8.125051 22.463141 -15.150000
v 8.011722 23.105857 -15.150000
v 7.735909 23.697341 -15.150000
v 7.316405 24.197286 -15.150000
v 6.781801 24.571619 -15.150000
v 6.168529 24.794832 -15.150000
v 5.518381 24.851713 -15.150000
v 4.875665 24.738385 -15.150000
v 4.284181 24.462571 -15.150000
v 3.784237 24.043068 -15.150000
v 3.409903 23.508464 -15.150000
v 3.186690 22.895191 -15.150000
v 3.186690 22.895191 -13.900000
v 3.409903 23.508464 -13.900000
v 3.784237 24.043068 -13.900000
v 4.284181 24.462571 -13.900000
v 4.875665 24.738385 -13.900000
v 5.518381 24.851713 -13.900000
v 6.168529 24.794832 -13.900000
v 6.781801 24.571619 -13.900000
v 7.316405 24.197286 -13.900000
v 7.735909 23.697341 -13.900000
v 8.011722 23.105857 -13.900000
v 8.125051 22.463141 -13.900000
v 8.068170 21.812993 -13.900000
v -9.500000 -14.100000 -10.025000
v -9.914110 -14.100000 -9.970481
v -10.300000 -14.100000 -9.810641
v -10.631371 -14.100000 -9.556371
v -10.885641 -14.100000 -9.225000
v -11.045481 -14.100000 -8.839110
v -11.100000 -14.100000 -8.425000
v -11.045481 -14.100000 -8.010890
v -10.885641 -14.100000 -7.625000
v -10.631371 -14.100000 -7.293629
v -10.300000 -14.100000 -7.039359
v -9.914110 -14.100000 -6.879519
v -9.500000 -14.100000 -6.825000
v -9.085890 -14.100000 -6.879519
v -8.700000 -14.100000 -7.039359
v -8.368629 -14.100000 -7.293629
v -8.114359 -14.100000 -7.625000
v -7.954519 -14.100000 -8.010890
v -7.900000 -14.100000 -8.425000
v -7.954519 -14.100000 -8.839110
v -8.114359 -14.100000 -9.225000
v -8.368629 -14.100000 -9.556371
v -8.700000 -14.100000 -9.810641
v -9.085890 -14.100000 -9.970481
v -9.500000 -19.100000 -10.025000
v -9.085890 -19.100000 -9.970481
v -8.700000 -19.100000 -9.810641
v -8.368629 -19.100000 -9.556371
v -8.114359 -19.100000 -9.225000
v -7.954519 -19.100000 -8.839110
v -7.900000 -19.100000 -8.425000
v -7.954519 -19.100000 -8.010890
v -8.114359 -19.100000 -7.625000
v -8.368629 -19.100000 -7.293629
v -8.700000 -19.100000 -7.039359
v -9.085890 -19.100000 -6.879519
v -9.500000 -19.100000 -6.825000
v -9.914110 -19.100000 -6.879519
v -10.300000 -19.100000 -7.039359
v -10.631371 -19.100000 -7.293629
v -10.885641 -19.100000 -7.625000
v -11.045481 -19.100000 -8.010890
v -11.100000 -19.100000 -8.425000
v -11.045481 -19.100000 -8.839110
v -10.885641 -19.100000 -9.225000
v -10.631371 -19.100000 -9.556371
v -10.300000 -19.100000 -9.810641
v -9.914110 -19.100000 -9.970481
v 9.500000 -14.100000 -10.025000
v 9.085890 -14.100000 -9.970481
v 8.700000 -14.100000 -9.810641
v 8.368629 -14.100000 -9.556371
v 8.114359 -14.100000 -9.225000
v 7.954519 -14.100000 -8.839110
v 7.900000 -14.100000 -8.425000
v 7.954519 -14.100000 -8.010890
v 8.114359 -14.100000 -7.625000
v 8.368629 -14.100000 -7.293629
v 8.700000 -14.100000 -7.039359
v 9.085890 -14.100000 -6.879519
v 9.500000 -14.100000 -6.825000
v 9.914110 -14.100000 -6.879519
v 10.300000 -14.100000 -7.039359
v 10.631371 -14.100000 -7.293629
v 10.885641 -14.100000 -7.625000
v 11.045481 -14.100000 -8.010890
v 11.100000 -14.100000 -8.425000
v 11.045481 -14.100000 -8.839110
v 10.885641 -14.100000 -9.225000
v 10.631371 -14.100000 -9.556371
v 10.300000 -14.100000 -9.810641
v 9.914110 -14.100000 -9.970481
v 11.100000 -19.100000 -8.425000
v 11.045481 -19.100000 -8.010890
v 10.885641 -19.100000 -7.625000
v 10.631371 -19.100000 -7.293629
v 10.300000 -19.100000 -7.039359
v 9.914110 -19.100000 -6.879519
v 9.500000 -19.100000 -6.825000
v 9.085890 -19.100000 -6.879519
v 8.700000 -19.100000 -7.039359
v 8.368629 -19.100000 -7.293629
v 8.114359 -19.100000 -7.625000
v 7.954519 -19.100000 -8.010890
v 7.900000 -19.100000 -8.425000
v 7.954519 -19.100000 -8.839110
v 8.114359 -19.100000 -9.225000
v 8.368629 -19.100000 -9.556371
v 8.700000 -19.100000 -9.810641
v 9.085890 -19.100000 -9.970481
v 9.500000 -19.100000 -10.025000
v 9.914110 -19.100000 -9.970481
v 10.300000 -19.100000 -9.810641
v 10.631371 -19.100000 -9.556371
v 10.885641 -19.100000 -9.225000
v 11.045481 -19.100000 -8.839110
v -9.500000 -9.100000 -20.025000
v -9.914110 -9.100000 -19.970481
v -10.300000 -9.100000 -19.810641
v -10.631371 -9.100000 -19.556371
v -10.885641 -9.100000 -19.225000
v -11.045481 -9.100000 -18.839110
v -11.100000 -9.100000 -18.425000
v -11.045481 -9.100000 -18.010890
v -10.885641 -9.100000 -17.625000
v -10.631371 -9.100000 -17.293629
v -10.300000 -9.100000 -17.039359
v -9.914110 -9.100000 -16.879519
v -9.500000 -9.100000 -16.825000
v -9.085890 -9.100000 -16.879519
v -8.700000 -9.100000 -17.039359
v -8.368629 -9.100000 -17.293629
v -8.114359 -9.100000 -17.625000
v -7.954519 -9.100000 -18.010890
v -7.900000 -9.100000 -18.425000
v -7.954519 -9.100000 -18.839110
v -8.114359 -9.100000 -19.225000
v -8.368629 -9.100000 -19.556371
v -8.700000 -9.100000 -19.810641
v -9.085890 -9.100000 -19.970481
v -9.500000 -19.100000 -20.025000
v -9.085890 -19.100000 -19.970481
v -8.700000 -19.100000 -19.810641
v -8.368629 -19.100000 -19.556371
v -8.114359 -19.100000 -19.225000
v -7.954519 -19.100000 -18.839110
v -7.900000 -19.100000 -18.425000
v -7.954519 -19.100000 -18.010890
v -8.114359 -19.100000 -17.625000
v -8.368629 -19.100000 -17.293629
v -8.700000 -19.100000 -17.039359
v -9.085890 -19.100000 -16.879519
v -9.500000 -19.100000 -16.825000
v -9.914110 -19.100000 -16.879519
v -10.300000 -19.100000 -17.039359
v -10.631371 -19.100000 -17.293629
v -10.885641 -19.100000 -17.625000
v -11.045481 -19.100000 -18.010890
v -11.100000 -19.100000 -18.425000
v -11.045481 -19.100000 -18.839110
v -10.885641 -19.100000 -19.225000
v -10.631371 -19.100000 -19.556371
v -10.300000 -19.100000 -19.810641
v -9.914110 -19.100000 -19.970481
v 9.989260 -9.100000 -19.948360
v 9.768923 -9.100000 -20.002238
v 9.543182 -9.100000 -20.024417
v 9.316573 -9.100000 -20.014451
v 9.093651 -9.100000 -19.972540
v 8.846075 -9.100000 -19.885268
v 8.616101 -9.100000 -19.758688
v 8.409921 -9.100000 -19.596207
v 8.233083 -9.100000 -19.402200
v 8.090348 -9.100000 -19.181889
v 7.985558 -9.100000 -18.941204
v 7.921534 -9.100000 -18.686623
v 7.900000 -9.100000 -18.425000
v 7.921534 -9.100000 -18.163377
v 7.985558 -9.100000 -17.908796
v 8.090348 -9.100000 -17.668111
v 8.233083 -9.100000 -17.447800
v 8.409921 -9.100000 -17.253793
v 8.616101 -9.100000 -17.091312
v 8.846075 -9.100000 -16.964732
v 9.093651 -9.100000 -16.877460
v 9.316573 -9.100000 -16.835549
v 9.543182 -9.100000 -16.825583
v 9.768923 -9.100000 -16.847762
v 9.989260 -9.100000 -16.901640
v 9.877682 -9.248305 -16.870220
v 9.831487 -9.325328 -16.859715
v 9.795680 -9.408663 -16.852560
v 9.785029 -9.455168 -16.850590
v 9.781804 -9.506558 -16.850012
v 9.787037 -9.556693 -16.850955
v 9.799219 -9.602174 -16.853231
v 9.836701 -9.684404 -16.860829
v 9.883914 -9.760935 -16.871747
v 10.123765 -10.056565 -16.951606
v 10.395357 -10.350233 -17.099599
v 10.655010 -10.620122 -17.317775
v 10.881715 -10.852692 -17.618794
v 10.973339 -10.946151 -17.801083
v 11.042533 -11.016587 -18.000111
v 11.085499 -11.060267 -18.210286
v 11.100000 -11.075000 -18.425000
v 11.085499 -11.060267 -18.639714
v 11.042533 -11.016587 -18.849889
v 10.973339 -10.946151 -19.048917
v 10.881715 -10.852692 -19.231206
v 10.655010 -10.620122 -19.532225
v 10.395357 -10.350233 -19.750401
v 10.123765 -10.056565 -19.898394
v 9.883914 -9.760935 -19.978253
v 9.836701 -9.684404 -19.989171
v 9.799219 -9.602174 -19.996769
v 9.787037 -9.556693 -19.999045
v 9.781804 -9.506558 -19.999988
v 9.785029 -9.455168 -19.999410
v 9.795680 -9.408663 -19.997440
v 9.831487 -9.325328 -19.990285
v 9.877682 -9.248305 -19.979780
v 11.100000 -19.100000 -18.425000
v 11.045481 -19.100000 -18.010890
v 10.885641 -19.100000 -17.625000
v 10.631371 -19.100000 -17.293629
v 10.300000 -19.100000 -17.039359
v 9.914110 -19.100000 -16.879519
v 9.500000 -19.100000 -16.825000
v 9.085890 -19.100000 -16.879519
v 8.700000 -19.100000 -17.039359
v 8.368629 -19.100000 -17.293629
v 8.114359 -19.100000 -17.625000
v 7.954519 -19.100000 -18.010890
v 7.900000 -19.100000 -18.425000
v 7.954519 -19.100000 -18.839110
v 8.114359 -19.100000 -19.225000
v 8.368629 -19.100000 -19.556371
v 8.700000 -19.100000 -19.810641
v 9.085890 -19.100000 -19.970481
v 9.500000 -19.100000 -20.025000
v 9.914110 -19.100000 -19.970481
v 10.300000 -19.100000 -19.810641
v 10.631371 -19.100000 -19.556371
v 10.885641 -19.100000 -19.225000
v 11.045481 -19.100000 -18.839110
v 9.100000 -9.783945 -19.974193
v 9.100000 -9.216055 -19.974193
v 9.178810 -9.345640 -19.992429
v 9.206849 -9.417263 -19.997915
v 9.215216 -9.456848 -19.999455
v 9.218264 -9.500000 -20.000000
v 9.215216 -9.543152 -19.999455
v 9.206849 -9.582737 -19.997915
v 9.178810 -9.654360 -19.992429
v 9.100000 -9.216055 -16.875807
v 9.100000 -9.783945 -16.875807
v 9.178810 -9.654360 -16.857571
v 9.206849 -9.582737 -16.852085
v 9.215216 -9.543152 -16.850545
v 9.218264 -9.500000 -16.850000
v 9.215216 -9.456848 -16.850545
v 9.206849 -9.417263 -16.852085
v 9.178810 -9.345640 -16.857571
v 0.000000 -16.100000 -8.200000
v -0.517638 -16.100000 -8.131852
v -1.000000 -16.100000 -7.932051
v -1.414214 -16.100000 -7.614214
v -1.732051 -16.100000 -7.200000
v -1.931852 -16.100000 -6.717638
v -2.000000 -16.100000 -6.200000
v -1.931852 -16.100000 -5.682362
v -1.732051 -16.100000 -5.200000
v -1.414214 -16.100000 -4.785786
v -1.000000 -16.100000 -4.467949
v -0.517638 -16.100000 -4.268148
v -0.000000 -16.100000 -4.200000
v 0.517638 -16.100000 -4.268148
v 1.000000 -16.100000 -4.467949
v 1.414214 -16.100000 -4.785786
v 1.732051 -16.100000 -5.200000
v 1.931852 -16.100000 -5.682362
v 2.000000 -16.100000 -6.200000
v 1.931852 -16.100000 -6.717638
v 1.732051 -16.100000 -7.200000
v 1.414214 -16.100000 -7.614214
v 1.000000 -16.100000 -7.932051
v 0.517638 -16.100000 -8.131852
v 0.000000 -19.100000 -8.200000
v 0.517638 -19.100000 -8.131852
v 1.000000 -19.100000 -7.932051
v 1.414214 -19.100000 -7.614214
v 1.732051 -19.100000 -7.200000
v 1.931852 -19.100000 -6.717638
v 2.000000 -19.100000 -6.200000
v 1.931852 -19.100000 -5.682362
v 1.732051 -19.100000 -5.200000
v 1.414214 -19.100000 -4.785786
v 1.000000 -19.100000 -4.467949
v 0.517638 -19.100000 -4.268148
v -0.000000 -19.100000 -4.200000
v -0.517638 -19.100000 -4.268148
v -1.000000 -19.100000 -4.467949
v -1.414214 -19.100000 -4.785786
v -1.732051 -19.100000 -5.200000
v -1.931852 -19.100000 -5.682362
v -2.000000 -19.100000 -6.200000
v -1.931852 -19.100000 -6.717638
v -1.732051 -19.100000 -7.200000
v -1.414214 -19.100000 -7.614214
v -1.000000 -19.100000 -7.932051
v -0.517638 -19.100000 -8.131852
v 0.000000 12.750000 -3.700000
v -0.647048 12.750000 -3.785185
v -1.250000 12.750000 -4.034936
v -1.767767 12.750000 -4.432233
v -2.165064 12.750000 -4.950000
v -2.414815 12.750000 -5.552952
v -2.500000 12.750000 -6.200000
v -2.414815 12.750000 -6.847048
v -2.165064 12.750000 -7.450000
v -1.767767 12.750000 -7.967767
v -1.250000 12.750000 -8.365064
v -0.647048 12.750000 -8.614815
v -0.000000 12.750000 -8.700000
v 0.647048 12.750000 -8.614815
v 1.250000 12.750000 -8.365064
v 1.767767 12.750000 -7.967767
v 2.165064 12.750000 -7.450000
v 2.414815 12.750000 -6.847048
v 2.500000 12.750000 -6.200000
v 2.414815 12.750000 -5.552952
v 2.165064 12.750000 -4.950000
v 1.767767 12.750000 -4.432233
v 1.250000 12.750000 -4.034936
v 0.647048 12.750000 -3.785185
v 0.000000 18.250000 -3.700000
v 0.647048 18.250000 -3.785185
v 1.250000 18.250000 -4.034936
v 1.767767 18.250000 -4.432233
v 2.165064 18.250000 -4.950000
v 2.414815 18.250000 -5.552952
v 2.500000 18.250000 -6.200000
v 2.414815 18.250000 -6.847048
v 2.165064 18.250000 -7.450000
v 1.767767 18.250000 -7.967767
v 1.250000 18.250000 -8.365064
v 0.647048 18.250000 -8.614815
v -0.000000 18.250000 -8.700000
v -0.647048 18.250000 -8.614815
v -1.250000 18.250000 -8.365064
v -1.767767 18.250000 -7.967767
v -2.165064 18.250000 -7.450000
v -2.414815 18.250000 -6.847048
v -2.500000 18.250000 -6.200000
v -2.414815 18.250000 -5.552952
v -2.165064 18.250000 -4.950000
v -1.767767 18.250000 -4.432233
v -1.250000 18.250000 -4.034936
v -0.647048 18.250000 -3.785185
v 9.500000 9.500000 -16.825000
v 9.100000 9.900000 -16.875807
v 9.100000 9.100000 -16.875807
v 9.855670 9.144330 -16.865032
v 10.193542 8.806458 -16.983126
v 10.496709 8.503291 -17.173373
v 10.750000 8.250000 -17.426251
v 10.451572 8.250000 -17.138722
v 10.089310 8.250000 -16.937481
v 9.687516 8.250000 -16.836026
v 9.273142 8.250000 -16.841164
v 8.873987 8.250000 -16.952551
v 8.516826 8.250000 -17.162713
v 8.225620 8.250000 -17.457553
v 8.019902 8.250000 -17.817292
v 7.913473 8.250000 -18.217797
v 7.913473 8.250000 -18.632203
v 8.019902 8.250000 -19.032708
v 8.225620 8.250000 -19.392447
v 8.516826 8.250000 -19.687287
v 8.873987 8.250000 -19.897449
v 9.273142 8.250000 -20.008836
v 9.687516 8.250000 -20.013974
v 10.089310 8.250000 -19.912519
v 10.451572 8.250000 -19.711278
v 10.750000 8.250000 -19.423749
v 10.496709 8.503291 -19.676627
v 10.193542 8.806458 -19.866874
v 9.855670 9.144330 -19.984968
v 9.500000 9.500000 -20.025000
v 9.100000 9.100000 -19.974193
v 9.100000 9.900000 -19.974193
v 9.812145 9.812145 -19.994256
v 10.112293 10.112293 -19.903207
v 10.388912 10.388912 -19.755351
v 10.631371 10.631371 -19.556371
v 10.830351 10.830351 -19.313912
v 10.978207 10.978207 -19.037293
v 11.069256 11.069256 -18.737145
v 11.092296 11.092296 -18.581827
v 11.100000 11.100000 -18.425000
v 11.092296 11.092296 -18.268173
v 11.069256 11.069256 -18.112855
v 10.978207 10.978207 -17.812707
v 10.830351 10.830351 -17.536088
v 10.631371 10.631371 -17.293629
v 10.388912 10.388912 -17.094649
v 10.112293 10.112293 -16.946793
v 9.812145 9.812145 -16.855744
v 9.500000 18.250000 -16.825000
v 9.914110 18.250000 -16.879519
v 10.300000 18.250000 -17.039359
v 10.631371 18.250000 -17.293629
v 10.885641 18.250000 -17.625000
v 11.045481 18.250000 -18.010890
v 11.100000 18.250000 -18.425000
v 11.045481 18.250000 -18.839110
v 10.885641 18.250000 -19.225000
v 10.631371 18.250000 -19.556371
v 10.300000 18.250000 -19.810641
v 9.914110 18.250000 -19.970481
v 9.500000 18.250000 -20.025000
v 9.085890 18.250000 -19.970481
v 8.700000 18.250000 -19.810641
v 8.368629 18.250000 -19.556371
v 8.114359 18.250000 -19.225000
v 7.954519 18.250000 -18.839110
v 7.900000 18.250000 -18.425000
v 7.954519 18.250000 -18.010890
v 8.114359 18.250000 -17.625000
v 8.368629 18.250000 -17.293629
v 8.700000 18.250000 -17.039359
v 9.085890 18.250000 -16.879519
v 9.100000 8.250000 -19.423749
v 9.100000 8.058881 -19.120110
v 9.100000 7.940226 -18.781518
v 9.100000 7.900000 -18.425000
v 9.100000 7.940226 -18.068482
v 9.100000 8.058881 -17.729890
v 9.100000 8.250000 -17.426251
v 19.100000 11.100000 -18.425000
v 19.100000 11.045481 -18.010890
v 19.100000 10.885641 -17.625000
v 19.100000 10.631371 -17.293629
v 19.100000 10.300000 -17.039359
v 19.100000 9.914110 -16.879519
v 19.100000 9.500000 -16.825000
v 19.100000 9.085890 -16.879519
v 19.100000 8.700000 -17.039359
v 19.100000 8.368629 -17.293629
v 19.100000 8.114359 -17.625000
v 19.100000 7.954519 -18.010890
v 19.100000 7.900000 -18.425000
v 19.100000 7.954519 -18.839110
v 19.100000 8.114359 -19.225000
v 19.100000 8.368629 -19.556371
v 19.100000 8.700000 -19.810641
v 19.100000 9.085890 -19.970481
v 19.100000 9.500000 -20.025000
v 19.100000 9.914110 -19.970481
v 19.100000 10.300000 -19.810641
v 19.100000 10.631371 -19.556371
v 19.100000 10.885641 -19.225000
v 19.100000 11.045481 -18.839110
v 9.100000 -9.100000 -16.901640
v 9.100000 -8.750865 -17.039568
v 9.100000 -8.444287 -17.256199
v 9.100000 -8.197682 -17.539227
v 9.100000 -8.025059 -17.872575
v 9.100000 -7.936224 -18.237304
v 9.100000 -7.936224 -18.612696
v 9.100000 -8.025059 -18.977425
v 9.100000 -8.197682 -19.310773
v 9.100000 -8.444287 -19.593801
v 9.100000 -8.750865 -19.810432
v 9.100000 -9.100000 -19.948360
v 19.100000 -7.925000 -18.425000
v 19.100000 -7.978667 -18.017360
v 19.100000 -8.136010 -17.637500
v 19.100000 -8.386307 -17.311307
v 19.100000 -8.712500 -17.061010
v 19.100000 -9.092360 -16.903667
v 19.100000 -9.500000 -16.850000
v 19.100000 -9.907640 -16.903667
v 19.100000 -10.287500 -17.061010
v 19.100000 -10.613693 -17.311307
v 19.100000 -10.863990 -17.637500
v 19.100000 -11.021333 -18.017360
v 19.100000 -11.075000 -18.425000
v 19.100000 -11.021333 -18.832640
v 19.100000 -10.863990 -19.212500
v 19.100000 -10.613693 -19.538693
v 19.100000 -10.287500 -19.788990
v 19.100000 -9.907640 -19.946333
v 19.100000 -9.500000 -20.000000
v 19.100000 -9.092360 -19.946333
v 19.100000 -8.712500 -19.788990
v 19.100000 -8.386307 -19.538693
v 19.100000 -8.136010 -19.212500
v 19.100000 -7.978667 -18.832640
v -17.000000 -15.500000 -2.000000
v -16.948889 -15.888229 -2.000000
v -16.799038 -16.250000 -2.000000
v -16.560660 -16.560660 -2.000000
v -16.250000 -16.799038 -2.000000
v -15.888229 -16.948889 -2.000000
v -15.500000 -17.000000 -2.000000
v -15.111771 -16.948889 -2.000000
v -14.750000 -16.799038 -2.000000
v -14.439340 -16.560660 -2.000000
v -14.200962 -16.250000 -2.000000
v -14.051111 -15.888229 -2.000000
v -14.000000 -15.500000 -2.000000
v -14.051111 -15.111771 -2.000000
v -14.200962 -14.750000 -2.000000
v -14.439340 -14.439340 -2.000000
v -14.750000 -14.200962 -2.000000
v -15.111771 -14.051111 -2.000000
v -15.500000 -14.000000 -2.000000
v -15.888229 -14.051111 -2.000000
v -16.250000 -14.200962 -2.000000
v -16.560660 -14.439340 -2.000000
v -16.799038 -14.750000 -2.000000
v -16.948889 -15.111771 -2.000000
v -17.000000 -15.500000 -21.650000
v -16.948889 -15.111771 -21.650000
v -16.799038 -14.750000 -21.650000
v -16.560660 -14.439340 -21.650000
v -16.250000 -14.200962 -21.650000
v -15.888229 -14.051111 -21.650000
v -15.500000 -14.000000 -21.650000
v -15.111771 -14.051111 -21.650000
v -14.750000 -14.200962 -21.650000
v -14.439340 -14.439340 -21.650000
v -14.200962 -14.750000 -21.650000
v -14.051111 -15.111771 -21.650000
v -14.000000 -15.500000 -21.650000
v -14.051111 -15.888229 -21.650000
v -14.200962 -16.250000 -21.650000
v -14.439340 -16.560660 -21.650000
v -14.750000 -16.799038 -21.650000
v -15.111771 -16.948889 -21.650000
v -15.500000 -17.000000 -21.650000
v -15.888229 -16.948889 -21.650000
v -16.250000 -16.799038 -21.650000
v -16.560660 -16.560660 -21.650000
v -16.799038 -16.250000 -21.650000
v -16.948889 -15.888229 -21.650000
v 14.000000 15.500000 -2.000000
v 14.051111 15.111771 -2.000000
v 14.200962 14.750000 -2.000000
v 14.439340 14.439340 -2.000000
v 14.750000 14.200962 -2.000000
v 15.111771 14.051111 -2.000000
v 15.500000 14.000000 -2.000000
v 15.888229 14.051111 -2.000000
v 16.250000 14.200962 -2.000000
v 16.560660 14.439340 -2.000000
v 16.799038 14.750000 -2.000000
v 16.948889 15.111771 -2.000000
v 17.000000 15.500000 -2.000000
v 16.948889 15.888229 -2.000000
v 16.799038 16.250000 -2.000000
v 16.560660 16.560660 -2.000000
v 16.250000 16.799038 -2.000000
v 15.888229 16.948889 -2.000000
v 15.500000 17.000000 -2.000000
v 15.111771 16.948889 -2.000000
v 14.750000 16.799038 -2.000000
v 14.439340 16.560660 -2.000000
v 14.200962 16.250000 -2.000000
v 14.051111 15.888229 -2.000000
v 14.000000 15.500000 -21.650000
v 14.051111 15.888229 -21.650000
v 14.200962 16.250000 -21.650000
v 14.439340 16.560660 -21.650000
v 14.750000 16.799038 -21.650000
v 15.111771 16.948889 -21.650000
v 15.500000 17.000000 -21.650000
v 15.888229 16.948889 -21.650000
v 16.250000 16.799038 -21.650000
v 16.560660 16.560660 -21.650000
v 16.799038 16.250000 -21.650000
v 16.948889 15.888229 -21.650000
v 17.000000 15.500000 -21.650000
v 16.948889 15.111771 -21.650000
v 16.799038 14.750000 -21.650000
v 16.560660 14.439340 -21.650000
v 16.250000 14.200962 -21.650000
v 15.888229 14.051111 -21.650000
v 15.500000 14.000000 -21.650000
v 15.111771 14.051111 -21.650000
v 14.750000 14.200962 -21.650000
v 14.439340 14.439340 -21.650000
v 14.200962 14.750000 -21.650000
v 14.051111 15.111771 -21.650000
v 0.000000 -16.100000 -5.200000
v -0.258819 -16.100000 -5.234074
v -0.500000 -16.100000 -5.333975
v -0.707107 -16.100000 -5.492893
v -0.866025 -16.100000 -5.700000
v -0.965926 -16.100000 -5.941181
v -1.000000 -16.100000 -6.200000
v -0.965926 -16.100000 -6.458819
v -0.866025 -16.100000 -6.700000
v -0.707107 -16.100000 -6.907107
v -0.500000 -16.100000 -7.066025
v -0.258819 -16.100000 -7.165926
v 0.000000 -16.100000 -7.200000
v 0.258819 -16.100000 -7.165926
v 0.500000 -16.100000 -7.066025
v 0.707107 -16.100000 -6.907107
v 0.866025 -16.100000 -6.700000
v 0.965926 -16.100000 -6.458819
v 1.000000 -16.100000 -6.200000
v 0.965926 -16.100000 -5.941181
v 0.866025 -16.100000 -5.700000
v 0.707107 -16.100000 -5.492893
v 0.500000 -16.100000 -5.333975
v 0.258819 -16.100000 -5.234074
v 1.000000 -5.515062 -6.200000
v 0.999106 -5.511950 -6.242166
v 0.996499 -5.502844 -6.283599
v 0.986731 -5.468410 -6.362357
v 0.972419 -5.416948 -6.433202
v 0.955687 -5.355299 -6.494376
v 0.921123 -5.221925 -6.590533
v 0.886281 -5.078109 -6.664984
v 0.760326 -4.434389 -6.849655
v 0.650000 -3.029604 -6.959934
v 0.760326 -1.624819 -6.849655
v 0.886281 -0.981099 -6.664984
v 0.921123 -0.837283 -6.590533
v 0.955687 -0.703909 -6.494376
v 0.972419 -0.642260 -6.433202
v 0.986731 -0.590798 -6.362357
v 0.996499 -0.556364 -6.283599
v 0.999106 -0.547258 -6.242166
v 1.000000 -0.544146 -6.200000
v 0.999106 -0.547258 -6.157834
v 0.996499 -0.556364 -6.116401
v 0.986731 -0.590798 -6.037643
v 0.972419 -0.642260 -5.966798
v 0.955687 -0.703909 -5.905624
v 0.921123 -0.837283 -5.809467
v 0.886281 -0.981099 -5.735016
v 0.760326 -1.624819 -5.550345
v 0.650000 -3.029604 -5.440066
v 0.760326 -4.434389 -5.550345
v 0.886281 -5.078109 -5.735016
v 0.921123 -5.221925 -5.809467
v 0.955687 -5.355299 -5.905624
v 0.972419 -5.416948 -5.966798
v 0.986731 -5.468410 -6.037643
v 0.996499 -5.502844 -6.116401
v 0.999106 -5.511950 -6.157834
v 0.000000 10.250000 -5.200000
v 0.258819 10.250000 -5.234074
v 0.500000 10.250000 -5.333975
v 0.707107 10.250000 -5.492893
v 0.866025 10.250000 -5.700000
v 0.965926 10.250000 -5.941181
v 1.000000 10.250000 -6.200000
v 0.965926 10.250000 -6.458819
v 0.866025 10.250000 -6.700000
v 0.707107 10.250000 -6.907107
v 0.500000 10.250000 -7.066025
v 0.258819 10.250000 -7.165926
v -0.000000 10.250000 -7.200000
v -0.258819 10.250000 -7.165926
v -0.500000 10.250000 -7.066025
v -0.707107 10.250000 -6.907107
v -0.866025 10.250000 -6.700000
v -0.965926 10.250000 -6.458819
v -1.000000 10.250000 -6.200000
v -0.965926 10.250000 -5.941181
v -0.866025 10.250000 -5.700000
v -0.707107 10.250000 -5.492893
v -0.500000 10.250000 -5.333975
v -0.258819 10.250000 -5.234074
v 0.000000 18.250000 -21.400000
v 0.000000 18.250000 -21.650000
v -2.868245 18.023198 -21.650000
v -5.665200 17.348430 -21.650000
v -8.321346 16.242466 -21.650000
v -10.770665 14.732796 -21.650000
v -12.952279 12.856942 -21.650000
v -14.811964 10.661529 -21.650000
v -16.303498 8.201124 -21.650000
v -17.389809 5.536880 -21.650000
v -18.043896 2.735017 -21.650000
v -18.249502 -0.134825 -21.650000
v -18.001517 -3.001316 -21.650000
v -17.306104 -5.793210 -21.650000
v -16.180547 -8.441113 -21.650000
v -16.180547 -8.441113 -13.700000
v -17.269493 -5.901451 -13.700000
v -17.962523 -3.226495 -13.700000
v -18.243750 -0.477569 -13.700000
v -18.106728 2.282305 -13.700000
v -18.106728 2.282305 -8.700000
v -18.196020 1.402628 -8.700000
v -18.242600 0.519658 -8.700000
v -18.246359 -0.364531 -8.700000
v -18.246359 -0.364531 -4.700000
v -17.975696 -3.152276 -4.700000
v -17.281643 -5.865774 -4.700000
v -16.180547 -8.441113 -4.700000
v -16.180547 -8.441113 -1.000000
v -17.306104 -5.793210 -1.000000
v -18.001517 -3.001316 -1.000000
v -18.249502 -0.134825 -1.000000
v -18.043896 2.735017 -1.000000
v -17.389809 5.536880 -1.000000
v -16.303498 8.201124 -1.000000
v -14.811964 10.661529 -1.000000
v -12.952279 12.856942 -1.000000
v -10.770665 14.732796 -1.000000
v -8.321346 16.242466 -1.000000
v -5.665200 17.348430 -1.000000
v -2.868245 18.023198 -1.000000
v 0.000000 18.250000 -1.000000
v 0.000000 18.250000 -2.900000
v -0.635424 18.238664 -2.962664
v -1.264145 18.206165 -3.151732
v -1.841538 18.156742 -3.462678
v -2.333485 18.100203 -3.866580
v -2.737367 18.043479 -4.358528
v -3.048286 17.993623 -4.935899
v -3.237339 17.960687 -5.564590
v -3.300000 17.949164 -6.200000
v -3.237339 17.960687 -6.835410
v -3.048286 17.993623 -7.464101
v -2.737367 18.043479 -8.041472
v -2.333485 18.100203 -8.533420
v -1.841538 18.156742 -8.937322
v -1.264145 18.206165 -9.248268
v -0.635424 18.238664 -9.437336
v 0.000000 18.250000 -9.500000
v 0.000000 18.250000 -13.900000
v -2.377622 18.094458 -13.900000
v -4.714716 17.630484 -13.900000
v -6.971445 16.865985 -13.900000
v -6.971445 16.865985 -15.150000
v -4.714716 17.630484 -15.150000
v -2.377622 18.094458 -15.150000
v 0.000000 18.250000 -15.150000
v 0.000000 18.250000 -18.400000
v -2.744450 18.042464 -18.400000
v -5.426482 17.424574 -18.400000
v -7.985095 16.410386 -18.400000
v -10.362097 15.022964 -18.400000
v -12.503427 13.293864 -18.400000
v -14.360382 11.262412 -18.400000
v -15.890729 8.974811 -18.400000
v -17.059661 6.483090 -18.400000
v -17.840594 3.843919 -18.400000
v -17.840594 3.843919 -21.400000
v -17.059661 6.483090 -21.400000
v -15.890729 8.974811 -21.400000
v -14.360382 11.262412 -21.400000
v -12.503427 13.293864 -21.400000
v -10.362097 15.022964 -21.400000
v -7.985095 16.410386 -21.400000
v -5.426482 17.424574 -21.400000
v -2.744450 18.042464 -21.400000
v -18.762708 -13.978574 -21.650000
v -18.762708 -13.978574 0.000000
v -14.475510 -4.784649 0.000000
v -14.475510 -4.784649 -1.000000
v -16.421573 -8.957993 -4.700000
v -16.421573 -8.957993 -8.700000
v -16.884151 -9.949996 -8.700000
v -16.884151 -9.949996 -13.700000
v 12.879068 18.250000 -1.000000
v 12.879068 18.250000 -21.650000
v 0.043798 18.250000 -21.400000
v 0.043798 18.250000 -18.400000
v 7.522429 18.250000 -15.150000
v 7.522429 18.250000 -13.900000
v -0.854103 18.250000 -9.387555
v -1.650000 18.250000 -9.057884
v -2.333452 18.250000 -8.533452
v -2.857884 18.250000 -7.850000
v -3.187555 18.250000 -7.054103
v -3.300000 18.250000 -6.200000
v -3.187555 18.250000 -5.345897
v -2.857884 18.250000 -4.550000
v -2.333452 18.250000 -3.866548
v -1.650000 18.250000 -3.342116
v -0.854103 18.250000 -3.012445
v -19.038278 -14.836231 -21.650000
v -19.092292 -15.735451 -21.650000
v -18.921368 -16.619928 -21.650000
v -18.536209 -17.434279 -21.650000
v -17.960932 -18.127511 -21.650000
v -17.231560 -18.656216 -21.650000
v -16.393762 -18.987290 -21.650000
v -15.500000 -19.100000 -21.650000
v -15.500000 -19.100000 0.000000
v -16.393762 -18.987290 0.000000
v -17.231560 -18.656216 0.000000
v -17.960932 -18.127511 0.000000
v -18.536209 -17.434279 0.000000
v -18.921368 -16.619928 0.000000
v -19.092292 -15.735451 0.000000
v -19.038278 -14.836231 0.000000
v 13.978574 18.762708 0.000000
v 13.978574 18.762708 -21.650000
v 4.844193 14.503276 -1.000000
v 4.844193 14.503276 0.000000
v 19.100000 15.500000 0.000000
v 19.100000 15.500000 -21.650000
v 18.987290 16.393762 -21.650000
v 18.656216 17.231560 -21.650000
v 18.127511 17.960932 -21.650000
v 17.434279 18.536209 -21.650000
v 16.619928 18.921368 -21.650000
v 15.735451 19.092292 -21.650000
v 14.836231 19.038278 -21.650000
v 14.836231 19.038278 0.000000
v 15.735451 19.092292 0.000000
v 16.619928 18.921368 0.000000
v 17.434279 18.536209 0.000000
v 18.127511 17.960932 0.000000
v 18.656216 17.231560 0.000000
v 18.987290 16.393762 0.000000
v 19.100000 -11.100000 -14.000000
v 19.100000 -11.100000 -21.650000
v 19.100000 5.040792 0.000000
v 19.100000 5.040792 -14.000000
v 11.100000 -19.100000 -21.650000
v 12.880167 -18.899423 -21.650000
v 14.571070 -18.307751 -21.650000
v 16.087918 -17.354652 -21.650000
v 17.354652 -16.087918 -21.650000
v 18.307751 -14.571070 -21.650000
v 18.899423 -12.880167 -21.650000
v 19.100000 -11.100000 0.000000
v 18.899423 -12.880167 0.000000
v 18.307751 -14.571070 0.000000
v 17.354652 -16.087918 0.000000
v 16.087918 -17.354652 0.000000
v 14.571070 -18.307751 0.000000
v 12.880167 -18.899423 0.000000
v 11.100000 -19.100000 0.000000
v 18.600000 -9.824196 0.000000
v 17.327264 -8.115876 0.000000
v 16.445262 -6.176729 0.000000
v 15.994022 -4.094759 0.000000
v 15.994022 -1.964449 0.000000
v 16.445262 0.117521 0.000000
v 17.327264 2.056668 0.000000
v 18.600000 3.764988 0.000000
v 18.871922 4.143856 0.000000
v 19.042087 4.578052 0.000000
v 1.326720 12.644766 0.000000
v -1.988744 10.446044 0.000000
v -5.069402 7.928859 0.000000
v -7.884782 5.118110 0.000000
v -10.407035 2.041600 0.000000
v -12.611212 -1.270240 0.000000
v 19.042087 -10.637260 0.000000
v 18.871922 -10.203064 0.000000
v 3.823259 -8.111776 0.000000
v 3.655329 -8.319169 0.000000
v 3.458074 -8.498903 0.000000
v 3.232746 -8.649265 0.000000
v 2.980602 -8.768540 0.000000
v 2.702896 -8.855017 0.000000
v 2.400883 -8.906981 0.000000
v 1.728951 -8.900520 0.000000
v 1.669308 -8.893015 0.000000
v 1.609793 -8.884549 0.000000
v 1.550421 -8.875140 0.000000
v 1.491203 -8.864802 0.000000
v 0.765833 -8.662880 0.000000
v 0.059700 -8.334310 0.000000
v -0.610824 -7.895313 0.000000
v -1.229364 -7.362108 0.000000
v -1.794883 -6.726660 0.000000
v -2.238381 -6.048216 0.000000
v -2.540473 -5.344846 0.000000
v -2.681776 -4.634621 0.000000
v -2.655442 -4.052869 0.000000
v -2.589580 -3.790744 0.000000
v -2.491084 -3.549345 0.000000
v -2.361822 -3.329842 0.000000
v -2.203667 -3.133404 0.000000
v -2.018489 -2.961200 0.000000
v -1.808158 -2.814401 0.000000
v -1.365465 -2.614267 0.000000
v -0.847715 -2.501181 0.000000
v -0.268601 -2.483692 0.000000
v 0.358188 -2.570349 0.000000
v 0.922686 -2.739749 0.000000
v 1.491226 -2.999506 0.000000
v 1.546617 -3.029604 0.000000
v 2.383258 -3.595970 0.000000
v 3.112612 -4.302472 0.000000
v 3.685348 -5.105132 0.000000
v 4.052131 -5.959975 0.000000
v 4.170357 -6.584462 0.000000
v 4.165054 -7.161044 0.000000
v 4.046072 -7.675042 0.000000
v 2.383852 -3.029604 0.000000
v 2.475763 -3.089501 0.000000
v 2.566680 -3.150896 0.000000
v 2.656578 -3.213773 0.000000
v 3.903437 -4.377291 0.000000
v 4.777010 -5.742305 0.000000
v 5.065251 -6.486125 0.000000
v 5.241173 -7.242340 0.000000
v 5.297915 -7.985002 0.000000
v 5.228616 -8.688161 0.000000
v 5.114345 -9.111364 0.000000
v 4.949659 -9.492978 0.000000
v 5.008450 -8.785492 0.000000
v 4.965927 -8.075851 0.000000
v 4.612003 -6.700098 0.000000
v 4.330440 -5.704475 0.000000
v 3.794355 -4.711243 0.000000
v 3.037210 -3.794816 0.000000
v 2.092465 -3.029604 0.000000
v 2.067993 -3.013861 0.000000
v 1.494138 -2.688050 0.000000
v 0.143603 -2.207347 0.000000
v -0.841311 -2.110583 0.000000
v 0.152324 -2.151699 0.000000
v 0.620517 -2.248637 0.000000
v 1.496905 -2.553728 0.000000
v 4.640912 -7.004480 0.000000
v 4.669323 -7.975907 0.000000
v 4.593500 -8.437886 0.000000
v 4.460069 -8.876481 0.000000
v 4.270836 -9.286022 0.000000
v 4.027607 -9.660838 0.000000
v 3.732190 -9.995259 0.000000
v 3.386392 -10.283614 0.000000
v 2.954385 -10.538801 0.000000
v 2.486033 -10.720212 0.000000
v 1.994058 -10.829267 0.000000
v 1.491204 -10.870805 0.000000
v 1.147502 -10.864052 0.000000
v 0.433924 -10.770261 0.000000
v -0.282997 -10.576577 0.000000
v -1.678506 -9.908257 0.000000
v -2.942295 -8.896549 0.000000
v -3.977637 -7.578907 0.000000
v -4.550953 -6.335355 0.000000
v -3.893133 -6.999303 0.000000
v -3.134042 -7.571172 0.000000
v -1.400251 -8.402559 0.000000
v 0.022670 -9.333706 0.000000
v 0.759442 -9.629106 0.000000
v 1.491203 -9.802470 0.000000
v 1.749687 -9.833717 0.000000
v 2.267472 -9.842407 0.000000
v 2.755978 -9.774318 0.000000
v 3.208221 -9.626805 0.000000
v 3.617220 -9.397225 0.000000
v 3.874417 -9.187546 0.000000
v 4.097667 -8.946244 0.000000
v 4.285481 -8.676358 0.000000
v 4.436370 -8.380924 0.000000
v 4.621421 -7.725569 0.000000
v 0.762935 -2.008263 0.000000
v 0.212519 -1.920132 0.000000
v -0.298440 -1.911282 0.000000
v -0.759208 -1.977846 0.000000
v -1.159048 -2.115958 0.000000
v -1.619797 -2.182564 0.000000
v -2.065691 -2.312702 0.000000
v -2.483748 -2.511819 0.000000
v -2.856199 -2.784431 0.000000
v -3.164036 -3.132340 0.000000
v -3.389791 -3.546968 0.000000
v -3.524419 -4.022796 0.000000
v -3.558878 -4.554306 0.000000
v -3.413103 -5.455734 0.000000
v -3.048238 -6.349079 0.000000
v -2.483891 -7.206293 0.000000
v -1.739668 -7.999328 0.000000
v -2.771189 -7.050575 0.000000
v -3.553568 -5.985205 0.000000
v -3.990549 -5.007199 0.000000
v -4.112729 -4.487525 0.000000
v -4.151258 -3.956097 0.000000
v -4.121962 -3.623719 0.000000
v -4.048515 -3.312447 0.000000
v -3.933801 -3.023802 0.000000
v -3.780705 -2.759302 0.000000
v -3.592109 -2.520469 0.000000
v -3.370897 -2.308822 0.000000
v -2.842159 -1.973163 0.000000
v -2.281664 -1.772122 0.000000
v -1.637493 -1.661244 0.000000
v -0.926287 -1.649772 0.000000
v -0.164693 -1.746945 0.000000
v 18.600000 -9.824196 -14.000000
v 17.327264 -8.115876 -14.000000
v 16.445262 -6.176729 -14.000000
v 15.994022 -4.094759 -14.000000
v 15.994022 -1.964449 -14.000000
v 16.445262 0.117521 -14.000000
v 17.327264 2.056668 -14.000000
v 18.600000 3.764988 -14.000000
v 17.588022 -8.533452 -8.700000
v 17.393508 -8.226380 -8.700000
v 16.401892 -6.042771 -4.700000
v 15.989132 -4.048079 -4.700000
v 15.989132 -2.011129 -4.700000
v 16.401892 -0.016437 -4.700000
v 17.393508 2.167172 -8.700000
v 17.588022 2.474244 -8.700000
v 16.777059 0.982010 -13.700000
v 16.149366 -0.980304 -13.700000
v 15.937133 -3.029604 -13.700000
v 16.149366 -5.078904 -13.700000
v 16.777059 -7.041218 -13.700000
v 1.326720 12.644766 -1.000000
v -1.988744 10.446044 -1.000000
v -5.069402 7.928859 -1.000000
v -7.884782 5.118110 -1.000000
v -10.407035 2.041600 -1.000000
v -12.611212 -1.270240 -1.000000
v 18.871922 4.143856 -14.000000
v 19.042087 4.578052 -14.000000
v 19.042087 -10.637260 -14.000000
v 18.871922 -10.203064 -14.000000
v 9.100000 9.634604 -16.830672
v 9.100000 9.365396 -16.830672
v 9.100000 9.365396 -20.019328
v 9.100000 9.634604 -20.019328
v 9.100000 -9.595111 -19.997126
v 9.100000 -9.404889 -19.997126
v 9.100000 -9.404889 -16.852874
v 9.100000 -9.595111 -16.852874
v 7.494662 19.226064 -13.900000
v 7.494662 19.226064 -15.150000
v 7.450143 18.900656 -13.900000
v 7.459483 18.572350 -13.900000
v 7.459483 18.572350 -15.150000
v 7.450143 18.900656 -15.150000
v -8.068170 21.812993 -13.900000
v -8.068170 21.812993 -15.150000
v -8.125051 22.463141 -13.900000
v -8.011722 23.105857 -13.900000
v -7.735909 23.697341 -13.900000
v -7.316405 24.197286 -13.900000
v -6.781801 24.571619 -13.900000
v -6.168529 24.794832 -13.900000
v -5.518381 24.851713 -13.900000
v -4.875665 24.738385 -13.900000
v -4.284181 24.462571 -13.900000
v -3.784237 24.043068 -13.900000
v -3.409903 23.508464 -13.900000
v -3.186690 22.895191 -13.900000
v -3.186690 22.895191 -15.150000
v -3.409903 23.508464 -15.150000
v -3.784237 24.043068 -15.150000
v -4.284181 24.462571 -15.150000
v -4.875665 24.738385 -15.150000
v -5.518381 24.851713 -15.150000
v -6.168529 24.794832 -15.150000
v -6.781801 24.571619 -15.150000
v -7.316405 24.197286 -15.150000
v -7.735909 23.697341 -15.150000
v -8.011722 23.105857 -15.150000
v -8.125051 22.463141 -15.150000
v -2.500000 19.797733 -13.900000
v -2.500000 19.797733 -15.150000
v -2.500000 22.970396 -13.900000
v -2.500000 22.970396 -15.150000
v -2.414815 23.617444 -13.900000
v -2.165064 24.220396 -13.900000
v -1.767767 24.738163 -13.900000
v -1.250000 25.135460 -13.900000
v -0.647048 25.385211 -13.900000
v -0.000000 25.470396 -13.900000
v 0.647048 25.385211 -13.900000
v 1.250000 25.135460 -13.900000
v 1.767767 24.738163 -13.900000
v 2.165064 24.220396 -13.900000
v 2.414815 23.617444 -13.900000
v 2.500000 22.970396 -13.900000
v 2.500000 22.970396 -15.150000
v 2.414815 23.617444 -15.150000
v 2.165064 24.220396 -15.150000
v 1.767767 24.738163 -15.150000
v 1.250000 25.135460 -15.150000
v 0.647048 25.385211 -15.150000
v -0.000000 25.470396 -15.150000
v -0.647048 25.385211 -15.150000
v -1.250000 25.135460 -15.150000
v -1.767767 24.738163 -15.150000
v -2.165064 24.220396 -15.150000
v -2.414815 23.617444 -15.150000
v 2.500000 19.797733 -13.900000
v 2.500000 19.797733 -15.150000
v -1.674959 19.808115 -21.400000
v -3.671458 20.989571 -21.400000
v -5.864452 21.746291 -21.400000
v -8.164698 22.047480 -21.400000
v -10.478589 21.880882 -21.400000
v -12.711962 21.253275 -21.400000
v -14.773932 20.190200 -21.400000
v -16.580587 18.734919 -21.400000
v -18.058407 16.946653 -21.400000
v -19.147252 14.898175 -21.400000
v -19.802813 12.672846 -21.400000
v -19.998411 10.361226 -21.400000
v -19.726088 8.057384 -21.400000
v -18.996924 5.855074 -21.400000
v -18.996924 5.855074 -18.400000
v -19.726088 8.057384 -18.400000
v -19.998411 10.361226 -18.400000
v -19.802813 12.672846 -18.400000
v -19.147252 14.898175 -18.400000
v -18.058407 16.946653 -18.400000
v -16.580587 18.734919 -18.400000
v -14.773932 20.190200 -18.400000
v -12.711962 21.253275 -18.400000
v -10.478589 21.880882 -18.400000
v -8.164698 22.047480 -18.400000
v -5.864452 21.746291 -18.400000
v -3.671458 20.989571 -18.400000
v -1.674959 19.808115 -18.400000
v -18.607970 -2.160829 -4.700000
v -18.598274 -3.993138 -4.700000
v -18.217671 -5.785508 -4.700000
v -17.481939 -7.463646 -4.700000
v -18.607970 -2.160829 -8.700000
v -18.598274 -3.993138 -8.700000
v -18.217671 -5.785508 -8.700000
v -17.481939 -7.463646 -8.700000
v -18.218988 -8.198641 -13.700000
v -19.138150 -6.197597 -13.700000
v -19.597065 -4.043896 -13.700000
v -19.573480 -1.841970 -13.700000
v -19.068539 0.301408 -13.700000
v -19.068539 0.301408 -8.700000
v -19.573480 -1.841970 -8.700000
v -19.597065 -4.043896 -8.700000
v -19.138150 -6.197597 -8.700000
v -18.218988 -8.198641 -8.700000
v 1.491203 -7.066572 0.000000
v 1.068990 -6.954507 0.000000
v 0.661718 -6.773307 0.000000
v 0.279623 -6.532777 0.000000
v -0.067059 -6.242724 0.000000
v -0.368093 -5.912951 0.000000
v -0.613243 -5.553265 0.000000
v -0.792273 -5.173471 0.000000
v -0.894946 -4.783373 0.000000
v -0.894946 -4.783373 -0.500000
v -0.792273 -5.173471 -0.500000
v -0.613243 -5.553265 -0.500000
v -0.368093 -5.912951 -0.500000
v -0.067059 -6.242724 -0.500000
v 0.279623 -6.532777 -0.500000
v 0.661718 -6.773307 -0.500000
v 1.068990 -6.954507 -0.500000
v 1.491203 -7.066572 -0.500000
v 1.507603 -7.069369 0.000000
v 1.507603 -7.069369 -0.500000
v 2.892342 -5.547263 0.000000
v 2.952209 -5.904841 0.000000
v 2.934830 -6.228187 0.000000
v 2.898842 -6.374902 0.000000
v 2.845547 -6.510515 0.000000
v 2.775612 -6.634177 0.000000
v 2.689704 -6.745039 0.000000
v 2.588493 -6.842254 0.000000
v 2.472645 -6.924972 0.000000
v 2.342829 -6.992347 0.000000
v 2.199713 -7.043529 0.000000
v 1.876251 -7.093924 0.000000
v 1.876251 -7.093924 -0.500000
v 2.199713 -7.043529 -0.500000
v 2.342829 -6.992347 -0.500000
v 2.472645 -6.924972 -0.500000
v 2.588493 -6.842254 -0.500000
v 2.689704 -6.745039 -0.500000
v 2.775612 -6.634177 -0.500000
v 2.845547 -6.510515 -0.500000
v 2.898842 -6.374902 -0.500000
v 2.934830 -6.228187 -0.500000
v 2.952209 -5.904841 -0.500000
v 2.892342 -5.547263 -0.500000
v 1.491203 -3.848376 0.000000
v 1.964990 -4.184220 0.000000
v 2.374009 -4.595249 0.000000
v 2.691909 -5.057564 0.000000
v 2.691909 -5.057564 -0.500000
v 2.374009 -4.595249 -0.500000
v 1.964990 -4.184220 -0.500000
v 1.491203 -3.848376 -0.500000
v 0.720556 -3.538710 0.000000
v 1.105970 -3.658908 0.000000
v 1.105970 -3.658908 -0.500000
v 0.720556 -3.538710 -0.500000
v 1.728951 -8.900520 -0.500000
v 1.669308 -8.893015 -0.500000
v 1.609793 -8.884549 -0.500000
v 1.550421 -8.875140 -0.500000
v 1.491203 -8.864802 -0.500000
v 0.765833 -8.662880 -0.500000
v 0.059700 -8.334310 -0.500000
v -0.610824 -7.895313 -0.500000
v -1.229364 -7.362108 -0.500000
v -1.794883 -6.726660 -0.500000
v -2.238381 -6.048216 -0.500000
v -2.540473 -5.344846 -0.500000
v -2.681776 -4.634621 -0.500000
v -2.655442 -4.052869 -0.500000
v -2.589580 -3.790744 -0.500000
v -2.491084 -3.549345 -0.500000
v -2.361822 -3.329842 -0.500000
v -2.203667 -3.133404 -0.500000
v -2.018489 -2.961200 -0.500000
v -1.808158 -2.814401 -0.500000
v -1.365465 -2.614267 -0.500000
v -0.847715 -2.501181 -0.500000
v -0.268601 -2.483692 -0.500000
v 0.358188 -2.570349 -0.500000
v 0.922686 -2.739749 -0.500000
v 1.491226 -2.999506 -0.500000
v 1.546617 -3.029604 -0.500000
v 2.383258 -3.595970 -0.500000
v 3.112612 -4.302472 -0.500000
v 3.685348 -5.105132 -0.500000
v 4.052131 -5.959975 -0.500000
v 4.170357 -6.584462 -0.500000
v 4.165054 -7.161044 -0.500000
v 4.046072 -7.675042 -0.500000
v 3.823259 -8.111776 -0.500000
v 3.655329 -8.319169 -0.500000
v 3.458074 -8.498903 -0.500000
v 3.232746 -8.649265 -0.500000
v 2.980602 -8.768540 -0.500000
v 2.702896 -8.855017 -0.500000
v 2.400883 -8.906981 -0.500000
v -0.907678 -4.457272 0.000000
v -0.885362 -4.308624 0.000000
v -0.845090 -4.170372 0.000000
v -0.787737 -4.043109 0.000000
v -0.714176 -3.927432 0.000000
v -0.625281 -3.823934 0.000000
v -0.521927 -3.733212 0.000000
v -0.275337 -3.592470 0.000000
v 0.018602 -3.509966 0.000000
v 0.352897 -3.490460 0.000000
v 0.352897 -3.490460 -0.500000
v 0.018602 -3.509966 -0.500000
v -0.275337 -3.592470 -0.500000
v -0.521927 -3.733212 -0.500000
v -0.625281 -3.823934 -0.500000
v -0.714176 -3.927432 -0.500000
v -0.787737 -4.043109 -0.500000
v -0.845090 -4.170372 -0.500000
v -0.885362 -4.308624 -0.500000
v -0.907678 -4.457272 -0.500000
v 2.656578 -3.213773 -0.500000
v 3.903437 -4.377291 -0.500000
v 4.777010 -5.742305 -0.500000
v 5.065251 -6.486125 -0.500000
v 5.241173 -7.242340 -0.500000
v 5.297915 -7.985002 -0.500000
v 5.228616 -8.688161 -0.500000
v 5.114345 -9.111364 -0.500000
v 4.949659 -9.492978 -0.500000
v 5.008450 -8.785492 -0.500000
v 4.965927 -8.075851 -0.500000
v 4.612003 -6.700098 -0.500000
v 4.330440 -5.704475 -0.500000
v 3.794355 -4.711243 -0.500000
v 3.037210 -3.794816 -0.500000
v 2.092465 -3.029604 -0.500000
v 2.067993 -3.013861 -0.500000
v 1.494138 -2.688050 -0.500000
v 0.143603 -2.207347 -0.500000
v -0.841311 -2.110583 -0.500000
v 0.152324 -2.151699 -0.500000
v 0.620517 -2.248637 -0.500000
v 1.496905 -2.553728 -0.500000
v 2.383852 -3.029604 -0.500000
v 2.475763 -3.089501 -0.500000
v 2.566680 -3.150896 -0.500000
v 3.386392 -10.283614 -0.500000
v 2.954385 -10.538801 -0.500000
v 2.486033 -10.720212 -0.500000
v 1.994058 -10.829267 -0.500000
v 1.491204 -10.870805 -0.500000
v 1.147502 -10.864052 -0.500000
v 0.433924 -10.770261 -0.500000
v -0.282997 -10.576577 -0.500000
v -1.678506 -9.908257 -0.500000
v -2.942295 -8.896549 -0.500000
v -3.977637 -7.578907 -0.500000
v -4.550953 -6.335355 -0.500000
v -3.893133 -6.999303 -0.500000
v -3.134042 -7.571172 -0.500000
v -1.400251 -8.402559 -0.500000
v 0.022670 -9.333706 -0.500000
v 0.759442 -9.629106 -0.500000
v 1.491203 -9.802470 -0.500000
v 1.749687 -9.833717 -0.500000
v 2.267472 -9.842407 -0.500000
v 2.755978 -9.774318 -0.500000
v 3.208221 -9.626805 -0.500000
v 3.617220 -9.397225 -0.500000
v 3.874417 -9.187546 -0.500000
v 4.097667 -8.946244 -0.500000
v 4.285481 -8.676358 -0.500000
v 4.436370 -8.380924 -0.500000
v 4.621421 -7.725569 -0.500000
v 4.640912 -7.004480 -0.500000
v 4.669323 -7.975907 -0.500000
v 4.593500 -8.437886 -0.500000
v 4.460069 -8.876481 -0.500000
v 4.270836 -9.286022 -0.500000
v 4.027607 -9.660838 -0.500000
v 3.732190 -9.995259 -0.500000
v 0.762935 -2.008263 -0.500000
v 0.212519 -1.920132 -0.500000
v -0.298440 -1.911282 -0.500000
v -0.759208 -1.977846 -0.500000
v -1.159048 -2.115958 -0.500000
v -1.619797 -2.182564 -0.500000
v -2.065691 -2.312702 -0.500000
v -2.483748 -2.511819 -0.500000
v -2.856199 -2.784431 -0.500000
v -3.164036 -3.132340 -0.500000
v -3.389791 -3.546968 -0.500000
v -3.524419 -4.022796 -0.500000
v -3.558878 -4.554306 -0.500000
v -3.413103 -5.455734 -0.500000
v -3.048238 -6.349079 -0.500000
v -2.483891 -7.206293 -0.500000
v -1.739668 -7.999328 -0.500000
v -2.771189 -7.050575 -0.500000
v -3.553568 -5.985205 -0.500000
v -3.990549 -5.007199 -0.500000
v -4.112729 -4.487525 -0.500000
v -4.151258 -3.956097 -0.500000
v -4.121962 -3.623719 -0.500000
v -4.048515 -3.312447 -0.500000
v -3.933801 -3.023802 -0.500000
v -3.780705 -2.759302 -0.500000
v -3.592109 -2.520469 -0.500000
v -3.370897 -2.308822 -0.500000
v -2.842159 -1.973163 -0.500000
v -2.281664 -1.772122 -0.500000
v -1.637493 -1.661244 -0.500000
v -0.926287 -1.649772 -0.500000
v -0.164693 -1.746945 -0.500000
vt 0.000000 -0.052360 0.000000
vt 0.250000 -0.052360 0.000000
vt 0.000000 0.000000 0.000000
vt 0.250000 0.000000 0.000000
vt 0.000000 0.052360 0.000000
vt 0.250000 0.052360 0.000000
vt 0.000000 0.104720 0.000000
vt 0.250000 0.104720 0.000000
vt 0.000000 0.157080 0.000000
vt 0.250000 0.157080 0.000000
vt 0.000000 0.209440 0.000000
vt 0.250000 0.209440 0.000000
vt 0.000000 0.261799 0.000000
vt 0.250000 0.261799 0.000000
vt 0.000000 0.314159 0.000000
vt 0.250000 0.314159 0.000000
vt 0.000000 0.366519 0.000000
vt 0.250000 0.366519 0.000000
vt 0.000000 0.418879 0.000000
vt 0.250000 0.418879 0.000000
vt 0.000000 0.471239 0.000000
vt 0.250000 0.471239 0.000000
vt 0.000000 0.523599 0.000000
vt 0.250000 0.523599 0.000000
vt 0.000000 0.575959 0.000000
vt 0.250000 0.575959 0.000000
vt 0.000000 0.628319 0.000000
vt 0.250000 0.628319 0.000000
vt 0.000000 -0.628319 0.000000
vt 0.250000 -0.628319 0.000000
vt 0.000000 -0.575959 0.000000
vt 0.250000 -0.575959 0.000000
vt 0.000000 -0.523599 0.000000
vt 0.250000 -0.523599 0.000000
vt 0.000000 -0.471239 0.000000
vt 0.250000 -0.471239 0.000000
vt 0.000000 -0.418879 0.000000
vt 0.250000 -0.418879 0.000000
vt 0.000000 -0.366519 0.000000
vt 0.250000 -0.366519 0.000000
vt 0.000000 -0.314159 0.000000
vt 0.250000 -0.314159 0.000000
vt 0.000000 -0.261799 0.000000
vt 0.250000 -0.261799 0.000000
vt 0.000000 -0.209440 0.000000
vt 0.250000 -0.209440 0.000000
vt 0.000000 -0.157080 0.000000
vt 0.250000 -0.157080 0.000000
vt 0.000000 -0.104720 0.000000
vt 0.250000 -0.104720 0.000000
vt 0.000000 -0.078540 0.000000
vt 0.200000 -0.078540 0.000000
vt 0.000000 0.000000 0.000000
vt 0.200000 0.000000 0.000000
vt 0.000000 0.078540 0.000000
vt 0.200000 0.078540 0.000000
vt 0.000000 0.157080 0.000000
vt 0.200000 0.157080 0.000000
vt 0.000000 0.235619 0.000000
vt 0.200000 0.235619 0.000000
vt 0.000000 0.314159 0.000000
vt 0.200000 0.314159 0.000000
vt 0.000000 0.392699 0.000000
vt 0.200000 0.392699 0.000000
vt 0.000000 0.471239 0.000000
vt 0.200000 0.471239 0.000000
vt 0.000000 0.549779 0.000000
vt 0.200000 0.549779 0.000000
vt 0.000000 0.628319 0.000000
vt 0.200000 0.628319 0.000000
vt 0.000000 0.706858 0.000000
vt 0.200000 0.706858 0.000000
vt 0.000000 0.785398 0.000000
vt 0.200000 0.785398 0.000000
vt 0.000000 0.863938 0.000000
vt 0.200000 0.863938 0.000000
vt 0.000000 0.942478 0.000000
vt 0.200000 0.942478 0.000000
vt 0.000000 -0.942478 0.000000
vt 0.200000 -0.942478 0.000000
vt 0.000000 -0.863938 0.000000
vt 0.200000 -0.863938 0.000000
vt 0.000000 -0.785398 0.000000
vt 0.200000 -0.785398 0.000000
vt 0.000000 -0.706858 0.000000
vt 0.200000 -0.706858 0.000000
vt 0.000000 -0.628319 0.000000
vt 0.200000 -0.628319 0.000000
vt 0.000000 -0.549779 0.000000
vt 0.200000 -0.549779 0.000000
vt 0.000000 -0.471239 0.000000
vt 0.200000 -0.471239 0.000000
vt 0.000000 -0.392699 0.000000
vt 0.200000 -0.392699 0.000000
vt 0.000000 -0.314159 0.000000
vt 0.200000 -0.314159 0.000000
vt 0.000000 -0.235619 0.000000
vt 0.200000 -0.235619 0.000000
vt 0.000000 -0.157080 0.000000
vt 0.200000 -0.157080 0.000000
vt 0.000000 -0.078540 0.000000
vt 0.200000 -0.078540 0.000000
vt 0.000000 0.000000 0.000000
vt 0.200000 0.000000 0.000000
vt 0.000000 0.078540 0.000000
vt 0.200000 0.078540 0.000000
vt 0.000000 0.157080 0.000000
vt 0.200000 0.157080 0.000000
vt 0.000000 0.235619 0.000000
vt 0.200000 0.235619 0.000000
vt 0.000000 0.314159 0.000000
vt 0.200000 0.314159 0.000000
vt 0.000000 0.392699 0.000000
vt 0.200000 0.392699 0.000000
vt 0.000000 0.471239 0.000000
vt 0.200000 0.471239 0.000000
vt 0.000000 0.549779 0.000000
vt 0.200000 0.549779 0.000000
vt 0.000000 0.628319 0.000000
vt 0.200000 0.628319 0.000000
vt 0.000000 0.706858 0.000000
vt 0.200000 0.706858 0.000000
vt 0.000000 0.785398 0.000000
vt 0.200000 0.785398 0.000000
vt 0.000000 0.863938 0.000000
vt 0.200000 0.863938 0.000000
vt 0.000000 0.942478 0.000000
vt 0.200000 0.942478 0.000000
vt 0.000000 -0.942478 0.000000
vt 0.200000 -0.942478 0.000000
vt 0.000000 -0.863938 0.000000
vt 0.200000 -0.863938 0.000000
vt 0.000000 -0.785398 0.000000
vt 0.200000 -0.785398 0.000000
vt 0.000000 -0.706858 0.000000
vt 0.200000 -0.706858 0.000000
vt 0.000000 -0.628319 0.000000
vt 0.200000 -0.628319 0.000000
vt 0.000000 -0.549779 0.000000
vt 0.200000 -0.549779 0.000000
vt 0.000000 -0.471239 0.000000
vt 0.200000 -0.471239 0.000000
vt 0.000000 -0.392699 0.000000
vt 0.200000 -0.392699 0.000000
vt 0.000000 -0.314159 0.000000
vt 0.200000 -0.314159 0.000000
vt 0.000000 -0.235619 0.000000
vt 0.200000 -0.235619 0.000000
vt 0.000000 -0.157080 0.000000
vt 0.200000 -0.157080 0.000000
vt -0.500000 -0.619177 0.000000
vt -0.000000 -0.619177 0.000000
vt -0.500000 -0.412784 0.000000
vt -0.000000 -0.412784 0.000000
vt -0.500000 -0.206392 0.000000
vt -0.000000 -0.206392 0.000000
vt -0.500000 0.000000 0.000000
vt -0.000000 0.000000 0.000000
vt -0.500000 0.206392 0.000000
vt -0.000000 0.206392 0.000000
vt -0.500000 0.412784 0.000000
vt -0.000000 0.412784 0.000000
vt -0.500000 0.619177 0.000000
vt -0.000000 0.619177 0.000000
vt -0.184813 0.139770 0.000000
vt -0.325993 -0.000000 0.000000
vt -0.174007 0.000000 0.000000
vt -0.315187 -0.139770 0.000000
vt -0.184813 -0.139770 0.000000
vt -0.203572 -0.206378 0.000000
vt -0.296428 -0.206378 0.000000
vt -0.211168 -0.221585 0.000000
vt -0.288832 -0.221585 0.000000
vt -0.221187 -0.235976 0.000000
vt -0.278813 -0.235976 0.000000
vt -0.227130 -0.242029 0.000000
vt -0.272870 -0.242029 0.000000
vt -0.234088 -0.247163 0.000000
vt -0.265912 -0.247163 0.000000
vt -0.241838 -0.250608 0.000000
vt -0.258162 -0.250608 0.000000
vt -0.245897 -0.251512 0.000000
vt -0.254103 -0.251512 0.000000
vt -0.250000 -0.251819 0.000000
vt -0.203572 0.206378 0.000000
vt -0.296428 0.206378 0.000000
vt -0.315187 0.139770 0.000000
vt -0.288832 0.221585 0.000000
vt -0.211168 0.221585 0.000000
vt -0.278813 0.235976 0.000000
vt -0.221187 0.235976 0.000000
vt -0.272870 0.242029 0.000000
vt -0.227130 0.242029 0.000000
vt -0.265912 0.247163 0.000000
vt -0.234088 0.247163 0.000000
vt -0.258162 0.250608 0.000000
vt -0.241838 0.250608 0.000000
vt -0.254103 0.251512 0.000000
vt -0.245897 0.251512 0.000000
vt -0.250000 0.251819 0.000000
vt -0.400000 -0.516109 0.000000
vt -0.000000 -0.516109 0.000000
vt -0.400000 -0.309666 0.000000
vt -0.000000 -0.309666 0.000000
vt -0.400000 -0.103222 0.000000
vt -0.000000 -0.103222 0.000000
vt -0.400000 0.103222 0.000000
vt -0.000000 0.103222 0.000000
vt -0.400000 0.309666 0.000000
vt -0.000000 0.309666 0.000000
vt -0.400000 0.516109 0.000000
vt -0.000000 0.516109 0.000000
vt -0.125000 -0.054542 0.000000
vt -0.000000 -0.054542 0.000000
vt -0.125000 0.010908 0.000000
vt -0.000000 0.010908 0.000000
vt -0.125000 0.076358 0.000000
vt -0.000000 0.076358 0.000000
vt -0.125000 0.141808 0.000000
vt -0.000000 0.141808 0.000000
vt -0.125000 0.207258 0.000000
vt -0.000000 0.207258 0.000000
vt -0.125000 0.272708 0.000000
vt -0.000000 0.272708 0.000000
vt -0.125000 0.338158 0.000000
vt -0.000000 0.338158 0.000000
vt -0.125000 0.403607 0.000000
vt -0.000000 0.403607 0.000000
vt -0.125000 0.469057 0.000000
vt -0.000000 0.469057 0.000000
vt -0.125000 0.534507 0.000000
vt -0.000000 0.534507 0.000000
vt -0.125000 0.599957 0.000000
vt -0.000000 0.599957 0.000000
vt -0.125000 0.665407 0.000000
vt -0.000000 0.665407 0.000000
vt -0.125000 0.730857 0.000000
vt -0.000000 0.730857 0.000000
vt 0.000000 -0.041888 0.000000
vt 0.500000 -0.041888 0.000000
vt 0.000000 0.000000 0.000000
vt 0.500000 0.000000 0.000000
vt 0.000000 0.041888 0.000000
vt 0.500000 0.041888 0.000000
vt 0.000000 0.083776 0.000000
vt 0.500000 0.083776 0.000000
vt 0.000000 0.125664 0.000000
vt 0.500000 0.125664 0.000000
vt 0.000000 0.167552 0.000000
vt 0.500000 0.167552 0.000000
vt 0.000000 0.209440 0.000000
vt 0.500000 0.209440 0.000000
vt -0.000000 0.251327 0.000000
vt 0.500000 0.251327 0.000000
vt 0.000000 0.293215 0.000000
vt 0.500000 0.293215 0.000000
vt -0.000000 0.335103 0.000000
vt 0.500000 0.335103 0.000000
vt -0.000000 0.376991 0.000000
vt 0.500000 0.376991 0.000000
vt 0.000000 0.418879 0.000000
vt 0.500000 0.418879 0.000000
vt 0.000000 0.460767 0.000000
vt 0.500000 0.460767 0.000000
vt -0.000000 0.502655 0.000000
vt 0.500000 0.502655 0.000000
vt -0.000000 -0.502655 0.000000
vt 0.500000 -0.502655 0.000000
vt 0.000000 -0.460767 0.000000
vt 0.500000 -0.460767 0.000000
vt 0.000000 -0.418879 0.000000
vt 0.500000 -0.418879 0.000000
vt 0.000000 -0.376991 0.000000
vt 0.500000 -0.376991 0.000000
vt 0.000000 -0.335103 0.000000
vt 0.500000 -0.335103 0.000000
vt 0.000000 -0.293215 0.000000
vt 0.500000 -0.293215 0.000000
vt 0.000000 -0.251327 0.000000
vt 0.500000 -0.251327 0.000000
vt 0.000000 -0.209440 0.000000
vt 0.500000 -0.209440 0.000000
vt 0.000000 -0.167552 0.000000
vt 0.500000 -0.167552 0.000000
vt 0.000000 -0.125664 0.000000
vt 0.500000 -0.125664 0.000000
vt 0.000000 -0.083776 0.000000
vt 0.500000 -0.083776 0.000000
vt 0.000000 -0.041888 0.000000
vt 0.500000 -0.041888 0.000000
vt 0.000000 0.000000 0.000000
vt 0.500000 0.000000 0.000000
vt 0.000000 0.041888 0.000000
vt 0.500000 0.041888 0.000000
vt 0.000000 0.083776 0.000000
vt 0.500000 0.083776 0.000000
vt 0.000000 0.125664 0.000000
vt 0.500000 0.125664 0.000000
vt 0.000000 0.167552 0.000000
vt 0.500000 0.167552 0.000000
vt 0.000000 0.209440 0.000000
vt 0.500000 0.209440 0.000000
vt -0.000000 0.251327 0.000000
vt 0.500000 0.251327 0.000000
vt 0.000000 0.293215 0.000000
vt 0.500000 0.293215 0.000000
vt -0.000000 0.335103 0.000000
vt 0.500000 0.335103 0.000000
vt 0.000000 0.376991 0.000000
vt 0.500000 0.376991 0.000000
vt -0.000000 0.418879 0.000000
vt 0.500000 0.418879 0.000000
vt 0.000000 0.460767 0.000000
vt 0.500000 0.460767 0.000000
vt -0.000000 0.502655 0.000000
vt 0.500000 0.502655 0.000000
vt -0.000000 -0.502655 0.000000
vt 0.500000 -0.502655 0.000000
vt 0.000000 -0.460767 0.000000
vt 0.500000 -0.460767 0.000000
vt 0.000000 -0.418879 0.000000
vt 0.500000 -0.418879 0.000000
vt 0.000000 -0.376991 0.000000
vt 0.500000 -0.376991 0.000000
vt 0.000000 -0.335103 0.000000
vt 0.500000 -0.335103 0.000000
vt 0.000000 -0.293215 0.000000
vt 0.500000 -0.293215 0.000000
vt 0.000000 -0.251327 0.000000
vt 0.500000 -0.251327 0.000000
vt 0.000000 -0.209440 0.000000
vt 0.500000 -0.209440 0.000000
vt 0.000000 -0.167552 0.000000
vt 0.500000 -0.167552 0.000000
vt 0.000000 -0.125664 0.000000
vt 0.500000 -0.125664 0.000000
vt 0.000000 -0.083776 0.000000
vt 0.500000 -0.083776 0.000000
vt 0.000000 -0.041888 0.000000
vt 1.000000 -0.041888 0.000000
vt 0.000000 0.000000 0.000000
vt 1.000000 0.000000 0.000000
vt 0.000000 0.041888 0.000000
vt 1.000000 0.041888 0.000000
vt 0.000000 0.083776 0.000000
vt 1.000000 0.083776 0.000000
vt 0.000000 0.125664 0.000000
vt 1.000000 0.125664 0.000000
vt 0.000000 0.167552 0.000000
vt 1.000000 0.167552 0.000000
vt 0.000000 0.209440 0.000000
vt 1.000000 0.209440 0.000000
vt -0.000000 0.251327 0.000000
vt 1.000000 0.251327 0.000000
vt 0.000000 0.293215 0.000000
vt 1.000000 0.293215 0.000000
vt 0.000000 0.335103 0.000000
vt 1.000000 0.335103 0.000000
vt -0.000000 0.376991 0.000000
vt 1.000000 0.376991 0.000000
vt -0.000000 0.418879 0.000000
vt 1.000000 0.418879 0.000000
vt -0.000000 0.460767 0.000000
vt 1.000000 0.460767 0.000000
vt 0.000000 0.502655 0.000000
vt 1.000000 0.502655 0.000000
vt 0.000000 -0.502655 0.000000
vt 1.000000 -0.502655 0.000000
vt 0.000000 -0.460767 0.000000
vt 1.000000 -0.460767 0.000000
vt 0.000000 -0.418879 0.000000
vt 1.000000 -0.418879 0.000000
vt 0.000000 -0.376991 0.000000
vt 1.000000 -0.376991 0.000000
vt 0.000000 -0.335103 0.000000
vt 1.000000 -0.335103 0.000000
vt 0.000000 -0.293215 0.000000
vt 1.000000 -0.293215 0.000000
vt 0.000000 -0.251327 0.000000
vt 1.000000 -0.251327 0.000000
vt 0.000000 -0.209440 0.000000
vt 1.000000 -0.209440 0.000000
vt 0.000000 -0.167552 0.000000
vt 1.000000 -0.167552 0.000000
vt 0.000000 -0.125664 0.000000
vt 1.000000 -0.125664 0.000000
vt 0.000000 -0.083776 0.000000
vt 1.000000 -0.083776 0.000000
vt 0.000000 0.049722 0.000000
vt 0.000000 0.027021 0.000000
vt 0.014830 0.038128 0.000000
vt 0.022533 0.033391 0.000000
vt 0.030866 0.029739 0.000000
vt 0.035517 0.028656 0.000000
vt 0.040656 0.028328 0.000000
vt 0.000000 0.004319 0.000000
vt 1.000000 0.000000 0.000000
vt 0.000000 -0.018383 0.000000
vt 1.000000 -0.041888 0.000000
vt 0.044315 -0.028631 0.000000
vt 0.048274 -0.029482 0.000000
vt 0.000000 -0.041085 0.000000
vt 0.031726 -0.029482 0.000000
vt 0.035685 -0.028631 0.000000
vt 0.040000 -0.028321 0.000000
vt 0.000000 -0.067365 0.000000
vt 0.068395 -0.040429 0.000000
vt 0.011605 -0.040429 0.000000
vt 1.000000 -0.083776 0.000000
vt 0.000000 -0.093646 0.000000
vt 1.000000 -0.125664 0.000000
vt 0.000000 -0.119926 0.000000
vt 0.000000 -0.146206 0.000000
vt 1.000000 -0.167552 0.000000
vt 0.000000 -0.172486 0.000000
vt 0.000000 -0.198767 0.000000
vt 1.000000 -0.209440 0.000000
vt 0.000000 -0.225047 0.000000
vt 1.000000 -0.251327 0.000000
vt 0.000000 -0.251327 0.000000
vt 0.000000 -0.277608 0.000000
vt 1.000000 -0.293215 0.000000
vt 0.000000 -0.303888 0.000000
vt 1.000000 -0.335103 0.000000
vt 0.000000 -0.330168 0.000000
vt 0.000000 -0.356449 0.000000
vt 1.000000 -0.376991 0.000000
vt 0.000000 -0.382729 0.000000
vt 0.000000 -0.409009 0.000000
vt 1.000000 -0.418879 0.000000
vt 0.000000 -0.435290 0.000000
vt 1.000000 -0.460767 0.000000
vt 0.000000 -0.461570 0.000000
vt 0.068395 -0.462226 0.000000
vt 0.011605 -0.462226 0.000000
vt 0.024564 -0.470316 0.000000
vt 0.000000 -0.484272 0.000000
vt 0.031726 -0.473173 0.000000
vt 0.035685 -0.474024 0.000000
vt 0.040000 -0.474334 0.000000
vt 0.044315 -0.474024 0.000000
vt 1.000000 -0.502655 0.000000
vt 0.000000 0.521038 0.000000
vt 0.000000 0.498336 0.000000
vt 1.000000 0.502655 0.000000
vt 0.000000 0.475634 0.000000
vt 1.000000 0.460767 0.000000
vt 0.040656 0.474327 0.000000
vt 0.045669 0.473795 0.000000
vt 0.000000 0.452932 0.000000
vt 0.014830 0.464527 0.000000
vt 0.022533 0.469264 0.000000
vt 0.030866 0.472916 0.000000
vt 0.035517 0.473999 0.000000
vt 0.050217 0.472556 0.000000
vt 0.058440 0.468731 0.000000
vt 0.066094 0.463885 0.000000
vt 0.095657 0.438579 0.000000
vt 1.000000 0.418879 0.000000
vt 0.125023 0.407596 0.000000
vt 1.000000 0.376991 0.000000
vt 0.152012 0.373612 0.000000
vt 1.000000 0.335103 0.000000
vt 0.175269 0.335837 0.000000
vt 0.184615 0.315419 0.000000
vt 1.000000 0.293215 0.000000
vt 0.191659 0.294333 0.000000
vt 0.196027 0.272864 0.000000
vt 1.000000 0.251327 0.000000
vt 0.197500 0.251327 0.000000
vt 0.196027 0.229791 0.000000
vt 1.000000 0.209440 0.000000
vt 0.191659 0.208322 0.000000
vt 0.184615 0.187235 0.000000
vt 1.000000 0.167552 0.000000
vt 0.175269 0.166818 0.000000
vt 0.152012 0.129043 0.000000
vt 1.000000 0.125664 0.000000
vt 0.125023 0.095059 0.000000
vt 1.000000 0.083776 0.000000
vt 0.095657 0.064076 0.000000
vt 1.000000 0.041888 0.000000
vt 0.066094 0.038770 0.000000
vt 0.058440 0.033924 0.000000
vt 0.050217 0.030099 0.000000
vt 0.045669 0.028860 0.000000
vt 0.024564 -0.032339 0.000000
vt 0.055436 -0.032339 0.000000
vt 0.055436 -0.470316 0.000000
vt 0.048274 -0.473173 0.000000
vt 0.000000 -0.052360 0.000000
vt 0.300000 -0.052360 0.000000
vt 0.000000 0.000000 0.000000
vt 0.300000 0.000000 0.000000
vt 0.000000 0.052360 0.000000
vt 0.300000 0.052360 0.000000
vt 0.000000 0.104720 0.000000
vt 0.300000 0.104720 0.000000
vt 0.000000 0.157080 0.000000
vt 0.300000 0.157080 0.000000
vt 0.000000 0.209440 0.000000
vt 0.300000 0.209440 0.000000
vt 0.000000 0.261799 0.000000
vt 0.300000 0.261799 0.000000
vt -0.000000 0.314159 0.000000
vt 0.300000 0.314159 0.000000
vt -0.000000 0.366519 0.000000
vt 0.300000 0.366519 0.000000
vt 0.000000 0.418879 0.000000
vt 0.300000 0.418879 0.000000
vt 0.000000 0.471239 0.000000
vt 0.300000 0.471239 0.000000
vt -0.000000 0.523599 0.000000
vt 0.300000 0.523599 0.000000
vt 0.000000 0.575959 0.000000
vt 0.300000 0.575959 0.000000
vt 0.000000 0.628319 0.000000
vt 0.300000 0.628319 0.000000
vt 0.000000 -0.628319 0.000000
vt 0.300000 -0.628319 0.000000
vt 0.000000 -0.575959 0.000000
vt 0.300000 -0.575959 0.000000
vt 0.000000 -0.523599 0.000000
vt 0.300000 -0.523599 0.000000
vt 0.000000 -0.471239 0.000000
vt 0.300000 -0.471239 0.000000
vt 0.000000 -0.418879 0.000000
vt 0.300000 -0.418879 0.000000
vt 0.000000 -0.366519 0.000000
vt 0.300000 -0.366519 0.000000
vt 0.000000 -0.314159 0.000000
vt 0.300000 -0.314159 0.000000
vt 0.000000 -0.261799 0.000000
vt 0.300000 -0.261799 0.000000
vt 0.000000 -0.209440 0.000000
vt 0.300000 -0.209440 0.000000
vt 0.000000 -0.157080 0.000000
vt 0.300000 -0.157080 0.000000
vt 0.000000 -0.104720 0.000000
vt 0.300000 -0.104720 0.000000
vt 0.000000 -0.065450 0.000000
vt 0.550000 -0.065450 0.000000
vt 0.000000 0.000000 0.000000
vt 0.550000 0.000000 0.000000
vt 0.000000 0.065450 0.000000
vt 0.550000 0.065450 0.000000
vt 0.000000 0.130900 0.000000
vt 0.550000 0.130900 0.000000
vt 0.000000 0.196350 0.000000
vt 0.550000 0.196350 0.000000
vt 0.000000 0.261799 0.000000
vt 0.550000 0.261799 0.000000
vt 0.000000 0.327249 0.000000
vt 0.550000 0.327249 0.000000
vt 0.000000 0.392699 0.000000
vt 0.550000 0.392699 0.000000
vt 0.000000 0.458149 0.000000
vt 0.550000 0.458149 0.000000
vt 0.000000 0.523599 0.000000
vt 0.550000 0.523599 0.000000
vt 0.000000 0.589049 0.000000
vt 0.550000 0.589049 0.000000
vt 0.000000 0.654498 0.000000
vt 0.550000 0.654498 0.000000
vt 0.000000 0.719948 0.000000
vt 0.550000 0.719948 0.000000
vt 0.000000 0.785398 0.000000
vt 0.550000 0.785398 0.000000
vt 0.000000 -0.785398 0.000000
vt 0.550000 -0.785398 0.000000
vt 0.000000 -0.719948 0.000000
vt 0.550000 -0.719948 0.000000
vt 0.000000 -0.654498 0.000000
vt 0.550000 -0.654498 0.000000
vt 0.000000 -0.589049 0.000000
vt 0.550000 -0.589049 0.000000
vt 0.000000 -0.523599 0.000000
vt 0.550000 -0.523599 0.000000
vt 0.000000 -0.458149 0.000000
vt 0.550000 -0.458149 0.000000
vt 0.000000 -0.392699 0.000000
vt 0.550000 -0.392699 0.000000
vt 0.000000 -0.327249 0.000000
vt 0.550000 -0.327249 0.000000
vt 0.000000 -0.261799 0.000000
vt 0.550000 -0.261799 0.000000
vt 0.000000 -0.196350 0.000000
vt 0.550000 -0.196350 0.000000
vt 0.000000 -0.130900 0.000000
vt 0.550000 -0.130900 0.000000
vt 0.156214 0.031416 0.000000
vt 0.125000 0.000000 0.000000
vt 1.000000 0.000000 0.000000
vt 0.165000 -0.040429 0.000000
vt 1.000000 -0.041888 0.000000
vt 0.085000 -0.040429 0.000000
vt 0.000000 -0.064320 0.000000
vt 0.000000 -0.022762 0.000000
vt 0.000000 0.018795 0.000000
vt 0.089433 0.035867 0.000000
vt 0.000000 0.060352 0.000000
vt 0.055646 0.071733 0.000000
vt 0.000000 0.101909 0.000000
vt 0.025329 0.107600 0.000000
vt 0.000000 0.143467 0.000000
vt 1.000000 -0.083776 0.000000
vt 0.000000 -0.105877 0.000000
vt 1.000000 -0.125664 0.000000
vt 0.000000 -0.147434 0.000000
vt 1.000000 -0.167552 0.000000
vt 0.000000 -0.188992 0.000000
vt 1.000000 -0.209440 0.000000
vt 0.000000 -0.230549 0.000000
vt 1.000000 -0.251327 0.000000
vt 0.000000 -0.272106 0.000000
vt 1.000000 -0.293215 0.000000
vt 0.000000 -0.313663 0.000000
vt 1.000000 -0.335103 0.000000
vt 0.000000 -0.355221 0.000000
vt 1.000000 -0.376991 0.000000
vt 0.000000 -0.396778 0.000000
vt 1.000000 -0.418879 0.000000
vt 0.000000 -0.438335 0.000000
vt 1.000000 -0.460767 0.000000
vt 0.085000 -0.462226 0.000000
vt 0.165000 -0.462226 0.000000
vt 0.000000 -0.479892 0.000000
vt 0.125000 -0.502655 0.000000
vt 0.125000 0.502655 0.000000
vt 0.000000 0.525417 0.000000
vt 0.000000 0.483860 0.000000
vt 0.089433 0.466788 0.000000
vt 0.000000 0.442303 0.000000
vt 0.055646 0.430922 0.000000
vt 0.000000 0.400746 0.000000
vt 0.025329 0.395055 0.000000
vt 0.000000 0.359188 0.000000
vt 1.000000 -0.502655 0.000000
vt 1.000000 0.502655 0.000000
vt 0.156214 0.471239 0.000000
vt 1.000000 0.460767 0.000000
vt 0.186229 0.439823 0.000000
vt 1.000000 0.418879 0.000000
vt 0.213891 0.408407 0.000000
vt 1.000000 0.376991 0.000000
vt 0.238137 0.376991 0.000000
vt 0.258035 0.345575 0.000000
vt 1.000000 0.335103 0.000000
vt 0.272821 0.314159 0.000000
vt 1.000000 0.293215 0.000000
vt 0.281926 0.282743 0.000000
vt 0.284230 0.267035 0.000000
vt 1.000000 0.251327 0.000000
vt 0.285000 0.251327 0.000000
vt 0.284230 0.235619 0.000000
vt 1.000000 0.209440 0.000000
vt 0.281926 0.219911 0.000000
vt 0.272821 0.188496 0.000000
vt 1.000000 0.167552 0.000000
vt 0.258035 0.157080 0.000000
vt 1.000000 0.125664 0.000000
vt 0.238137 0.125664 0.000000
vt 0.213891 0.094248 0.000000
vt 1.000000 0.083776 0.000000
vt 0.186229 0.062832 0.000000
vt 1.000000 0.041888 0.000000
vt 0.075567 0.287194 0.000000
vt 0.040000 0.251327 0.000000
vt 1.000000 0.251327 0.000000
vt 0.071214 0.219911 0.000000
vt 1.000000 0.209440 0.000000
vt 0.101229 0.188496 0.000000
vt 1.000000 0.167552 0.000000
vt 0.128891 0.157080 0.000000
vt 1.000000 0.125664 0.000000
vt 0.153137 0.125664 0.000000
vt 0.173035 0.094248 0.000000
vt 1.000000 0.083776 0.000000
vt 0.187821 0.062832 0.000000
vt 1.000000 0.041888 0.000000
vt 0.196926 0.031416 0.000000
vt 0.199230 0.015708 0.000000
vt 1.000000 0.000000 0.000000
vt 0.200000 -0.000000 0.000000
vt 0.199230 -0.015708 0.000000
vt 1.000000 -0.041888 0.000000
vt 0.196926 -0.031416 0.000000
vt 0.187821 -0.062832 0.000000
vt 1.000000 -0.083776 0.000000
vt 0.173035 -0.094248 0.000000
vt 1.000000 -0.125664 0.000000
vt 0.153137 -0.125664 0.000000
vt 0.128891 -0.157080 0.000000
vt 1.000000 -0.167552 0.000000
vt 0.101229 -0.188496 0.000000
vt 1.000000 -0.209440 0.000000
vt 0.071214 -0.219911 0.000000
vt 1.000000 -0.251327 0.000000
vt 0.040000 -0.251327 0.000000
vt 0.075567 -0.287194 0.000000
vt 1.000000 -0.293215 0.000000
vt 0.109354 -0.323061 0.000000
vt 1.000000 -0.335103 0.000000
vt 0.139671 -0.358927 0.000000
vt 1.000000 -0.376991 0.000000
vt 0.165000 -0.394794 0.000000
vt 1.000000 -0.418879 0.000000
vt -0.000000 -0.394794 0.000000
vt -0.000000 -0.430748 0.000000
vt 1.000000 -0.460767 0.000000
vt -0.000000 -0.466701 0.000000
vt 1.000000 -0.502655 0.000000
vt -0.000000 -0.502655 0.000000
vt 1.000000 0.502655 0.000000
vt -0.000000 0.502655 0.000000
vt -0.000000 0.466701 0.000000
vt 1.000000 0.460767 0.000000
vt -0.000000 0.430748 0.000000
vt 1.000000 0.418879 0.000000
vt 0.165000 0.394794 0.000000
vt 1.000000 0.376991 0.000000
vt 0.139671 0.358927 0.000000
vt 1.000000 0.335103 0.000000
vt 0.109354 0.323061 0.000000
vt 1.000000 0.293215 0.000000
vt -0.000000 0.394794 0.000000
vt 0.088926 0.206957 0.000000
vt 0.000000 0.206957 0.000000
vt 1.000000 0.206167 0.000000
vt 0.000000 0.169329 0.000000
vt 1.000000 0.164934 0.000000
vt 0.000000 0.131700 0.000000
vt 1.000000 0.123700 0.000000
vt 0.000000 0.094072 0.000000
vt 1.000000 0.082467 0.000000
vt 0.000000 0.056443 0.000000
vt 1.000000 0.041233 0.000000
vt 0.000000 0.018814 0.000000
vt 1.000000 0.000000 0.000000
vt 0.000000 -0.018814 0.000000
vt 1.000000 -0.041233 0.000000
vt 0.000000 -0.056443 0.000000
vt 1.000000 -0.082467 0.000000
vt 0.000000 -0.094072 0.000000
vt 1.000000 -0.123700 0.000000
vt 0.000000 -0.131700 0.000000
vt 1.000000 -0.164934 0.000000
vt 0.000000 -0.169329 0.000000
vt 1.000000 -0.206167 0.000000
vt 0.000000 -0.206957 0.000000
vt 0.088926 -0.206957 0.000000
vt 0.077768 -0.222123 0.000000
vt 0.073149 -0.229897 0.000000
vt 1.000000 -0.247400 0.000000
vt 0.069568 -0.238262 0.000000
vt 0.068503 -0.242917 0.000000
vt 0.068180 -0.248056 0.000000
vt 0.068704 -0.253071 0.000000
vt 0.069922 -0.257624 0.000000
vt 0.073670 -0.265883 0.000000
vt 1.000000 -0.288634 0.000000
vt 0.078391 -0.273615 0.000000
vt 0.102376 -0.304285 0.000000
vt 1.000000 -0.329867 0.000000
vt 0.129536 -0.337234 0.000000
vt 1.000000 -0.371101 0.000000
vt 0.155501 -0.372013 0.000000
vt 0.178171 -0.410149 0.000000
vt 1.000000 -0.412334 0.000000
vt 0.187334 -0.430650 0.000000
vt 1.000000 -0.453567 0.000000
vt 0.194253 -0.451778 0.000000
vt 0.198550 -0.473262 0.000000
vt 1.000000 -0.494801 0.000000
vt 0.200000 -0.494801 0.000000
vt 1.000000 0.494801 0.000000
vt 0.200000 0.494801 0.000000
vt 0.198550 0.473262 0.000000
vt 1.000000 0.453567 0.000000
vt 0.194253 0.451778 0.000000
vt 0.187334 0.430650 0.000000
vt 1.000000 0.412334 0.000000
vt 0.178171 0.410149 0.000000
vt 1.000000 0.371101 0.000000
vt 0.155501 0.372013 0.000000
vt 0.129536 0.337234 0.000000
vt 1.000000 0.329867 0.000000
vt 0.102376 0.304285 0.000000
vt 1.000000 0.288634 0.000000
vt 0.078391 0.273615 0.000000
vt 0.073670 0.265883 0.000000
vt 1.000000 0.247400 0.000000
vt 0.069922 0.257624 0.000000
vt 0.068704 0.253071 0.000000
vt 0.068180 0.248056 0.000000
vt 0.068503 0.242917 0.000000
vt 0.069568 0.238262 0.000000
vt 0.073149 0.229897 0.000000
vt 0.077768 0.222123 0.000000
vt 0.200003 -0.039270 0.000000
vt 2.165003 -0.039270 0.000000
vt 0.200003 0.000000 0.000000
vt 2.165003 0.000000 0.000000
vt 0.200003 0.039270 0.000000
vt 2.165003 0.039270 0.000000
vt 0.200003 0.078540 0.000000
vt 2.165003 0.078540 0.000000
vt 0.200003 0.117810 0.000000
vt 2.165003 0.117810 0.000000
vt 0.200003 0.157080 0.000000
vt 2.165003 0.157080 0.000000
vt 0.200003 0.196350 0.000000
vt 2.165003 0.196350 0.000000
vt 0.200003 0.235619 0.000000
vt 2.165003 0.235619 0.000000
vt 0.200003 0.274889 0.000000
vt 2.165003 0.274889 0.000000
vt 0.200003 0.314159 0.000000
vt 2.165003 0.314159 0.000000
vt 0.200003 0.353429 0.000000
vt 2.165003 0.353429 0.000000
vt 0.200003 0.392699 0.000000
vt 2.165003 0.392699 0.000000
vt 0.200003 0.431969 0.000000
vt 2.165003 0.431969 0.000000
vt 0.200003 0.471239 0.000000
vt 2.165003 0.471239 0.000000
vt 0.200003 -0.471239 0.000000
vt 2.165003 -0.471239 0.000000
vt 0.200003 -0.431969 0.000000
vt 2.165003 -0.431969 0.000000
vt 0.200003 -0.392699 0.000000
vt 2.165003 -0.392699 0.000000
vt 0.200003 -0.353429 0.000000
vt 2.165003 -0.353429 0.000000
vt 0.200003 -0.314159 0.000000
vt 2.165003 -0.314159 0.000000
vt 0.200003 -0.274889 0.000000
vt 2.165003 -0.274889 0.000000
vt 0.200003 -0.235619 0.000000
vt 2.165003 -0.235619 0.000000
vt 0.200003 -0.196350 0.000000
vt 2.165003 -0.196350 0.000000
vt 0.200003 -0.157080 0.000000
vt 2.165003 -0.157080 0.000000
vt 0.200003 -0.117810 0.000000
vt 2.165003 -0.117810 0.000000
vt 0.200003 -0.078540 0.000000
vt 2.165003 -0.078540 0.000000
vt 0.200003 -0.039270 0.000000
vt 2.165003 -0.039270 0.000000
vt 0.200003 0.000000 0.000000
vt 2.165003 0.000000 0.000000
vt 0.200003 0.039270 0.000000
vt 2.165003 0.039270 0.000000
vt 0.200003 0.078540 0.000000
vt 2.165003 0.078540 0.000000
vt 0.200003 0.117810 0.000000
vt 2.165003 0.117810 0.000000
vt 0.200003 0.157080 0.000000
vt 2.165003 0.157080 0.000000
vt 0.200003 0.196350 0.000000
vt 2.165003 0.196350 0.000000
vt 0.200003 0.235619 0.000000
vt 2.165003 0.235619 0.000000
vt 0.200003 0.274889 0.000000
vt 2.165003 0.274889 0.000000
vt 0.200003 0.314159 0.000000
vt 2.165003 0.314159 0.000000
vt 0.200003 0.353429 0.000000
vt 2.165003 0.353429 0.000000
vt 0.200003 0.392699 0.000000
vt 2.165003 0.392699 0.000000
vt 0.200003 0.431969 0.000000
vt 2.165003 0.431969 0.000000
vt 0.200003 0.471239 0.000000
vt 2.165003 0.471239 0.000000
vt 0.200003 -0.471239 0.000000
vt 2.165003 -0.471239 0.000000
vt 0.200003 -0.431969 0.000000
vt 2.165003 -0.431969 0.000000
vt 0.200003 -0.392699 0.000000
vt 2.165003 -0.392699 0.000000
vt 0.200003 -0.353429 0.000000
vt 2.165003 -0.353429 0.000000
vt 0.200003 -0.314159 0.000000
vt 2.165003 -0.314159 0.000000
vt 0.200003 -0.274889 0.000000
vt 2.165003 -0.274889 0.000000
vt 0.200003 -0.235619 0.000000
vt 2.165003 -0.235619 0.000000
vt 0.200003 -0.196350 0.000000
vt 2.165003 -0.196350 0.000000
vt 0.200003 -0.157080 0.000000
vt 2.165003 -0.157080 0.000000
vt 0.200003 -0.117810 0.000000
vt 2.165003 -0.117810 0.000000
vt 0.200003 -0.078540 0.000000
vt 2.165003 -0.078540 0.000000
vt 0.300000 -0.026180 0.000000
vt 2.935000 -0.026180 0.000000
vt 0.300000 0.000000 0.000000
vt 2.935000 0.000000 0.000000
vt 0.300000 0.026180 0.000000
vt 2.935000 0.026180 0.000000
vt 0.300000 0.052360 0.000000
vt 2.935000 0.052360 0.000000
vt 1.607040 0.070758 0.000000
vt 2.935000 0.078540 0.000000
vt 1.747518 0.086373 0.000000
vt 2.935000 0.104720 0.000000
vt 1.811890 0.108763 0.000000
vt 1.826272 0.116979 0.000000
vt 2.935000 0.130900 0.000000
vt 1.839609 0.127199 0.000000
vt 1.845774 0.133542 0.000000
vt 1.850920 0.140772 0.000000
vt 2.935000 0.157080 0.000000
vt 1.854364 0.148710 0.000000
vt 1.855274 0.152862 0.000000
vt 1.855585 0.157080 0.000000
vt 1.855274 0.161298 0.000000
vt 1.854364 0.165449 0.000000
vt 1.850920 0.173388 0.000000
vt 2.935000 0.183260 0.000000
vt 1.845774 0.180617 0.000000
vt 1.839609 0.186960 0.000000
vt 1.826272 0.197180 0.000000
vt 2.935000 0.209440 0.000000
vt 1.811890 0.205397 0.000000
vt 1.747518 0.227786 0.000000
vt 2.935000 0.235619 0.000000
vt 1.607040 0.243401 0.000000
vt 2.935000 0.261799 0.000000
vt 0.300000 0.261799 0.000000
vt 0.300000 0.287979 0.000000
vt 2.935000 0.287979 0.000000
vt 0.300000 0.314159 0.000000
vt 2.935000 0.314159 0.000000
vt 0.300000 -0.314159 0.000000
vt 2.935000 -0.314159 0.000000
vt 0.300000 -0.287979 0.000000
vt 2.935000 -0.287979 0.000000
vt 0.300000 -0.261799 0.000000
vt 2.935000 -0.261799 0.000000
vt 1.607040 -0.243401 0.000000
vt 2.935000 -0.235619 0.000000
vt 1.746241 -0.228057 0.000000
vt 2.935000 -0.209440 0.000000
vt 1.811612 -0.205363 0.000000
vt 1.826392 -0.196964 0.000000
vt 2.935000 -0.183260 0.000000
vt 1.840321 -0.186307 0.000000
vt 1.846161 -0.180154 0.000000
vt 1.851108 -0.173059 0.000000
vt 2.935000 -0.157080 0.000000
vt 1.854421 -0.165251 0.000000
vt 1.855291 -0.161183 0.000000
vt 1.855585 -0.157080 0.000000
vt 1.855291 -0.152976 0.000000
vt 1.854421 -0.148909 0.000000
vt 1.851108 -0.141100 0.000000
vt 2.935000 -0.130900 0.000000
vt 1.846161 -0.134005 0.000000
vt 1.840321 -0.127852 0.000000
vt 1.826392 -0.117195 0.000000
vt 2.935000 -0.104720 0.000000
vt 1.811612 -0.108797 0.000000
vt 1.746241 -0.086103 0.000000
vt 2.935000 -0.078540 0.000000
vt 1.607040 -0.070758 0.000000
vt 2.935000 -0.052360 0.000000
vt 0.300000 -0.052360 0.000000
vt 0.300000 -0.078540 0.000000
vt 1.467838 -0.086103 0.000000
vt 0.300000 -0.104720 0.000000
vt 1.402468 -0.108797 0.000000
vt 1.387687 -0.117195 0.000000
vt 0.300000 -0.130900 0.000000
vt 1.373758 -0.127852 0.000000
vt 1.367918 -0.134005 0.000000
vt 1.362971 -0.141100 0.000000
vt 0.300000 -0.157080 0.000000
vt 1.359658 -0.148909 0.000000
vt 1.358788 -0.152976 0.000000
vt 1.358494 -0.157080 0.000000
vt 1.358788 -0.161183 0.000000
vt 1.359658 -0.165251 0.000000
vt 1.362971 -0.173059 0.000000
vt 0.300000 -0.183260 0.000000
vt 1.367918 -0.180154 0.000000
vt 1.373758 -0.186307 0.000000
vt 1.387687 -0.196964 0.000000
vt 0.300000 -0.209440 0.000000
vt 1.402468 -0.205363 0.000000
vt 1.467838 -0.228057 0.000000
vt 0.300000 -0.235619 0.000000
vt 0.300000 0.235619 0.000000
vt 1.466561 0.227786 0.000000
vt 0.300000 0.209440 0.000000
vt 1.402189 0.205397 0.000000
vt 1.387808 0.197180 0.000000
vt 0.300000 0.183260 0.000000
vt 1.374470 0.186960 0.000000
vt 1.368305 0.180617 0.000000
vt 1.363159 0.173388 0.000000
vt 0.300000 0.157080 0.000000
vt 1.359716 0.165449 0.000000
vt 1.358805 0.161298 0.000000
vt 1.358494 0.157080 0.000000
vt 1.358805 0.152862 0.000000
vt 1.359716 0.148710 0.000000
vt 1.363159 0.140772 0.000000
vt 0.300000 0.130900 0.000000
vt 1.368305 0.133542 0.000000
vt 1.374470 0.127199 0.000000
vt 1.387808 0.116979 0.000000
vt 0.300000 0.104720 0.000000
vt 1.402189 0.108763 0.000000
vt 1.466561 0.086373 0.000000
vt 0.300000 0.078540 0.000000
vt -5.627296 2.866703 0.000000
vt -5.602296 2.866703 0.000000
vt -5.627296 3.142193 0.000000
vt -5.602296 3.154722 0.000000
vt -5.627296 3.417684 0.000000
vt -5.602296 3.442740 0.000000
vt -5.627296 3.693174 0.000000
vt -5.602296 3.730759 0.000000
vt -5.627296 3.968664 0.000000
vt -5.602296 4.018778 0.000000
vt -5.627296 4.244154 0.000000
vt -5.602296 4.306796 0.000000
vt -5.627296 4.519644 0.000000
vt -5.602296 4.594815 0.000000
vt -5.627296 4.795134 0.000000
vt -5.602296 4.882833 0.000000
vt -5.627296 5.070624 0.000000
vt -5.602296 5.170852 0.000000
vt -5.627296 5.346114 0.000000
vt -5.602296 5.458871 0.000000
vt -5.927296 5.346114 0.000000
vt -7.667296 5.458871 0.000000
vt -7.667296 5.170852 0.000000
vt -6.397296 5.504577 0.000000
vt -5.602296 5.746889 0.000000
vt -6.397296 5.781169 0.000000
vt -5.602296 6.034908 0.000000
vt -6.397296 6.057761 0.000000
vt -5.602296 6.322926 0.000000
vt -6.397296 6.334353 0.000000
vt -5.602296 6.610945 0.000000
vt -6.397296 6.610945 0.000000
vt -6.897296 5.504577 0.000000
vt -6.897296 5.593005 0.000000
vt -7.667296 5.746889 0.000000
vt -6.897296 5.681434 0.000000
vt -6.897296 5.769862 0.000000
vt -7.297296 5.769862 0.000000
vt -7.667296 6.034908 0.000000
vt -7.297296 6.050223 0.000000
vt -7.667296 6.322926 0.000000
vt -7.297296 6.330584 0.000000
vt -7.667296 6.610945 0.000000
vt -7.297296 6.610945 0.000000
vt -5.927296 5.070624 0.000000
vt -7.667296 4.882833 0.000000
vt -5.927296 4.795134 0.000000
vt -7.667296 4.594815 0.000000
vt -5.927296 4.519644 0.000000
vt -7.667296 4.306796 0.000000
vt -5.927296 4.244154 0.000000
vt -7.667296 4.018778 0.000000
vt -5.927296 3.968664 0.000000
vt -7.667296 3.730759 0.000000
vt -5.927296 3.693174 0.000000
vt -6.377296 3.582023 0.000000
vt -6.252296 3.582023 0.000000
vt -7.667296 3.442740 0.000000
vt -6.377296 3.343583 0.000000
vt -7.667296 3.154722 0.000000
vt -7.147296 3.198529 0.000000
vt -7.210837 3.192157 0.000000
vt -7.273706 3.172967 0.000000
vt -7.331443 3.141478 0.000000
vt -7.380638 3.100692 0.000000
vt -7.421028 3.051172 0.000000
vt -7.452123 2.993219 0.000000
vt -7.667296 2.866703 0.000000
vt -7.471029 2.930260 0.000000
vt -7.477296 2.866703 0.000000
vt -7.083755 3.192157 0.000000
vt -7.020886 3.172967 0.000000
vt -6.377296 3.105143 0.000000
vt -6.963149 3.141478 0.000000
vt -6.913954 3.100692 0.000000
vt -6.873564 3.051172 0.000000
vt -6.842469 2.993219 0.000000
vt -6.377296 2.866703 0.000000
vt -6.823562 2.930260 0.000000
vt -6.817296 2.866703 0.000000
vt -5.927296 3.417684 0.000000
vt -6.252296 3.343583 0.000000
vt -5.927296 3.142193 0.000000
vt -6.252296 3.105143 0.000000
vt -5.927296 2.866703 0.000000
vt -6.252296 2.866703 0.000000
vt -0.610991 6.397296 0.000000
vt -0.610991 5.602296 0.000000
vt -0.444504 6.397296 0.000000
vt 0.000000 5.602296 0.000000
vt -0.444504 6.897296 0.000000
vt 0.000000 7.767296 0.000000
vt -0.553960 7.297296 0.000000
vt -0.610991 7.667296 0.000000
vt -0.610991 7.297296 0.000000
vt -1.014437 7.767296 0.000000
vt -1.014437 7.667296 0.000000
vt -0.553960 6.897296 0.000000
vt 5.602296 0.000000 0.000000
vt 5.966207 -0.183359 0.000000
vt 7.667296 0.000000 0.000000
vt 6.004796 -0.199343 0.000000
vt 6.037933 -0.224770 0.000000
vt 5.602296 -1.287907 0.000000
vt 5.770248 -0.379318 0.000000
vt 5.764796 -0.337907 0.000000
vt 5.770248 -0.296496 0.000000
vt 5.627296 -1.287907 0.000000
vt 5.627296 -1.283527 0.000000
vt 5.844796 -0.476471 0.000000
vt 5.811659 -0.451044 0.000000
vt 5.883385 -0.492455 0.000000
vt 5.927296 -1.283527 0.000000
vt 5.924796 -0.497907 0.000000
vt 6.252296 -0.535664 0.000000
vt 5.966207 -0.492455 0.000000
vt 6.004796 -0.476471 0.000000
vt 6.037933 -0.451044 0.000000
vt 6.063360 -0.417907 0.000000
vt 6.079344 -0.379318 0.000000
vt 6.084796 -0.337907 0.000000
vt 6.377296 -0.535664 0.000000
vt 6.079344 -0.296496 0.000000
vt 6.063360 -0.257907 0.000000
vt 5.927296 -1.287907 0.000000
vt 6.252296 -1.287907 0.000000
vt 6.377296 -1.287907 0.000000
vt 6.970519 -1.111130 0.000000
vt 7.022296 -1.071400 0.000000
vt 7.082591 -1.046425 0.000000
vt 6.930789 -1.162907 0.000000
vt 6.817296 -1.287907 0.000000
vt 6.905814 -1.223202 0.000000
vt 6.897296 -1.287907 0.000000
vt 6.905814 -1.352612 0.000000
vt 6.828540 -1.373317 0.000000
vt 6.930789 -1.412907 0.000000
vt 6.861507 -1.452907 0.000000
vt 6.970519 -1.464684 0.000000
vt 6.913951 -1.521252 0.000000
vt 7.022296 -1.504413 0.000000
vt 6.982296 -1.573695 0.000000
vt 7.082591 -1.529388 0.000000
vt 7.061886 -1.606662 0.000000
vt 7.147296 -1.537907 0.000000
vt 7.147296 -1.617907 0.000000
vt 7.232706 -1.606662 0.000000
vt 7.212001 -1.529388 0.000000
vt 7.312296 -1.573695 0.000000
vt 7.272296 -1.504413 0.000000
vt 7.380641 -1.521252 0.000000
vt 7.324073 -1.464684 0.000000
vt 7.433084 -1.452907 0.000000
vt 7.363802 -1.412907 0.000000
vt 7.466051 -1.373317 0.000000
vt 7.388777 -1.352612 0.000000
vt 7.477296 -1.287907 0.000000
vt 7.397296 -1.287907 0.000000
vt 7.388777 -1.223202 0.000000
vt 7.667296 -1.287907 0.000000
vt 7.363802 -1.162907 0.000000
vt 7.324073 -1.111130 0.000000
vt 7.272296 -1.071400 0.000000
vt 7.212001 -1.046425 0.000000
vt 7.147296 -1.037907 0.000000
vt 5.786232 -0.417907 0.000000
vt 5.786232 -0.257907 0.000000
vt 5.811659 -0.224770 0.000000
vt 5.844796 -0.199343 0.000000
vt 5.883385 -0.183359 0.000000
vt 5.924796 -0.177907 0.000000
vt -7.767296 0.973894 0.000000
vt -5.602296 0.973894 0.000000
vt -7.767296 1.064215 0.000000
vt -5.602296 1.064215 0.000000
vt -7.767296 1.154535 0.000000
vt -5.602296 1.154535 0.000000
vt -7.767296 1.244856 0.000000
vt -5.602296 1.244856 0.000000
vt -7.767296 1.335177 0.000000
vt -5.602296 1.335177 0.000000
vt -7.767296 1.425498 0.000000
vt -5.602296 1.425498 0.000000
vt -7.767296 1.515818 0.000000
vt -5.602296 1.515818 0.000000
vt -7.767296 1.606139 0.000000
vt -5.602296 1.606139 0.000000
vt -7.767296 1.696460 0.000000
vt -5.602296 1.696460 0.000000
vt 0.886550 7.767296 0.000000
vt -0.121317 7.767296 0.000000
vt 0.000000 7.667296 0.000000
vt -0.121317 5.602296 0.000000
vt 0.000000 5.602296 0.000000
vt 0.886550 7.667296 0.000000
vt -7.767296 0.000000 0.000000
vt -5.602296 0.000000 0.000000
vt -7.767296 0.090321 0.000000
vt -5.602296 0.090321 0.000000
vt -7.767296 0.180642 0.000000
vt -5.602296 0.180642 0.000000
vt -7.767296 0.270962 0.000000
vt -5.602296 0.270962 0.000000
vt -7.767296 0.361283 0.000000
vt -5.602296 0.361283 0.000000
vt -7.767296 0.451604 0.000000
vt -5.602296 0.451604 0.000000
vt -7.767296 0.541925 0.000000
vt -5.602296 0.541925 0.000000
vt -7.767296 0.632246 0.000000
vt -5.602296 0.632246 0.000000
vt -7.767296 0.722566 0.000000
vt -5.602296 0.722566 0.000000
vt -2.660000 5.602296 0.000000
vt -2.657500 5.924796 0.000000
vt -2.660000 6.367296 0.000000
vt -2.652133 5.965560 0.000000
vt -2.636399 6.003546 0.000000
vt 0.000000 5.602296 0.000000
vt -0.641411 5.770248 0.000000
vt -0.680000 5.786232 0.000000
vt -2.421250 5.788397 0.000000
vt -0.713137 5.811659 0.000000
vt -2.388631 5.813426 0.000000
vt -0.738564 5.844796 0.000000
vt -2.363601 5.846046 0.000000
vt -0.754548 5.883385 0.000000
vt -2.347867 5.884032 0.000000
vt -0.760000 5.924796 0.000000
vt -2.342500 5.924796 0.000000
vt -1.045921 6.367296 0.000000
vt -2.347867 5.965560 0.000000
vt -2.363601 6.003546 0.000000
vt -2.388631 6.036165 0.000000
vt -2.421250 6.061195 0.000000
vt -2.459236 6.076929 0.000000
vt -2.500000 6.082296 0.000000
vt -2.540764 6.076929 0.000000
vt -2.578750 6.061195 0.000000
vt -2.611369 6.036165 0.000000
vt 0.000000 7.767296 0.000000
vt -0.461436 6.004796 0.000000
vt -0.445452 5.966207 0.000000
vt -0.440000 5.924796 0.000000
vt -1.045921 7.767296 0.000000
vt -0.558589 6.079344 0.000000
vt -0.520000 6.063360 0.000000
vt -2.459236 5.772662 0.000000
vt -2.500000 5.767296 0.000000
vt -2.540764 5.772662 0.000000
vt -2.578750 5.788397 0.000000
vt -2.611369 5.813426 0.000000
vt -2.636399 5.846046 0.000000
vt -2.652133 5.884032 0.000000
vt -0.445452 5.883385 0.000000
vt -0.461436 5.844796 0.000000
vt -0.486863 5.811659 0.000000
vt -0.520000 5.786232 0.000000
vt -0.558589 5.770248 0.000000
vt -0.600000 5.764796 0.000000
vt -0.754548 5.966207 0.000000
vt -0.738564 6.004796 0.000000
vt -0.713137 6.037933 0.000000
vt -0.680000 6.063360 0.000000
vt -0.641411 6.079344 0.000000
vt -0.600000 6.084796 0.000000
vt -0.486863 6.037933 0.000000
vt -5.602296 -1.256637 0.000000
vt -5.602296 -1.077117 0.000000
vt -5.924796 -1.256637 0.000000
vt -6.924796 -1.256637 0.000000
vt -7.767296 -1.077117 0.000000
vt -7.767296 -1.256637 0.000000
vt -7.767296 -0.897598 0.000000
vt -5.602296 -0.897598 0.000000
vt -7.767296 -0.718078 0.000000
vt -5.602296 -0.718078 0.000000
vt -7.767296 -0.538559 0.000000
vt -5.602296 -0.538559 0.000000
vt -7.767296 -0.359039 0.000000
vt -5.602296 -0.359039 0.000000
vt -7.767296 -0.179520 0.000000
vt -5.602296 -0.179520 0.000000
vt -6.367296 0.000000 0.000000
vt -5.602296 0.000000 0.000000
vt -7.767296 0.000000 0.000000
vt -5.602296 -2.660000 0.000000
vt -6.883385 -2.214548 0.000000
vt -7.767296 -2.660000 0.000000
vt -6.924796 -2.220000 0.000000
vt -6.966207 -2.214548 0.000000
vt -5.602296 -0.000000 0.000000
vt -5.770248 -2.018589 0.000000
vt -5.764796 -2.060000 0.000000
vt -5.770248 -2.101411 0.000000
vt -5.924796 -0.000000 0.000000
vt -5.883385 -0.005452 0.000000
vt -5.844796 -0.021436 0.000000
vt -5.811659 -0.046863 0.000000
vt -5.786232 -0.080000 0.000000
vt -5.770248 -0.118589 0.000000
vt -5.764796 -0.160000 0.000000
vt -5.770248 -0.201411 0.000000
vt -5.786232 -0.240000 0.000000
vt -5.786232 -1.980000 0.000000
vt -5.811659 -0.273137 0.000000
vt -5.811659 -1.946863 0.000000
vt -5.844796 -0.298564 0.000000
vt -5.844796 -1.921436 0.000000
vt -5.883385 -0.314548 0.000000
vt -5.883385 -1.905452 0.000000
vt -5.924796 -0.320000 0.000000
vt -5.924796 -1.900000 0.000000
vt -5.966207 -1.905452 0.000000
vt -5.966207 -0.314548 0.000000
vt -6.004796 -1.921436 0.000000
vt -6.004796 -0.298564 0.000000
vt -6.947296 -1.110000 0.000000
vt -6.954111 -1.058236 0.000000
vt -6.037933 -0.273137 0.000000
vt -6.811659 -0.273137 0.000000
vt -6.786232 -0.240000 0.000000
vt -6.063360 -0.240000 0.000000
vt -6.770248 -0.201411 0.000000
vt -6.079344 -0.201411 0.000000
vt -6.764796 -0.160000 0.000000
vt -6.084796 -0.160000 0.000000
vt -6.770248 -0.118589 0.000000
vt -6.079344 -0.118589 0.000000
vt -6.786232 -0.080000 0.000000
vt -6.063360 -0.080000 0.000000
vt -6.811659 -0.046863 0.000000
vt -6.037933 -0.046863 0.000000
vt -6.844796 -0.021436 0.000000
vt -6.004796 -0.021436 0.000000
vt -6.883385 -0.005452 0.000000
vt -5.966207 -0.005452 0.000000
vt -6.924796 -0.000000 0.000000
vt -6.974091 -1.010000 0.000000
vt -6.844796 -0.298564 0.000000
vt -7.005874 -0.968579 0.000000
vt -6.883385 -0.314548 0.000000
vt -6.924796 -0.320000 0.000000
vt -7.047296 -0.936795 0.000000
vt -6.966207 -0.314548 0.000000
vt -7.095532 -0.916815 0.000000
vt -7.004796 -0.298564 0.000000
vt -7.147296 -0.910000 0.000000
vt -7.037933 -0.273137 0.000000
vt -7.199060 -0.916815 0.000000
vt -7.063360 -0.240000 0.000000
vt -7.247296 -0.936795 0.000000
vt -7.079344 -0.201411 0.000000
vt -7.767296 -0.000000 0.000000
vt -7.084796 -0.160000 0.000000
vt -7.079344 -0.118589 0.000000
vt -7.063360 -0.080000 0.000000
vt -7.037933 -0.046863 0.000000
vt -7.004796 -0.021436 0.000000
vt -6.966207 -0.005452 0.000000
vt -7.347296 -1.110000 0.000000
vt -7.340481 -1.058236 0.000000
vt -7.320501 -1.010000 0.000000
vt -6.770248 -2.101411 0.000000
vt -6.079344 -2.101411 0.000000
vt -6.764796 -2.060000 0.000000
vt -6.084796 -2.060000 0.000000
vt -6.770248 -2.018589 0.000000
vt -6.079344 -2.018589 0.000000
vt -6.786232 -1.980000 0.000000
vt -6.063360 -1.980000 0.000000
vt -6.811659 -1.946863 0.000000
vt -6.037933 -1.946863 0.000000
vt -6.954111 -1.161764 0.000000
vt -6.063360 -2.140000 0.000000
vt -6.786232 -2.140000 0.000000
vt -6.037933 -2.173137 0.000000
vt -6.811659 -2.173137 0.000000
vt -6.004796 -2.198564 0.000000
vt -6.844796 -2.198564 0.000000
vt -7.004796 -2.198564 0.000000
vt -7.037933 -2.173137 0.000000
vt -7.063360 -2.140000 0.000000
vt -7.079344 -2.101411 0.000000
vt -7.084796 -2.060000 0.000000
vt -7.079344 -2.018589 0.000000
vt -7.063360 -1.980000 0.000000
vt -7.247296 -1.283205 0.000000
vt -7.288717 -1.251421 0.000000
vt -7.320501 -1.210000 0.000000
vt -7.340481 -1.161764 0.000000
vt -7.199060 -1.303185 0.000000
vt -7.037933 -1.946863 0.000000
vt -7.147296 -1.310000 0.000000
vt -7.004796 -1.921436 0.000000
vt -7.095532 -1.303185 0.000000
vt -6.966207 -1.905452 0.000000
vt -7.047296 -1.283205 0.000000
vt -6.924796 -1.900000 0.000000
vt -7.005874 -1.251421 0.000000
vt -6.883385 -1.905452 0.000000
vt -6.844796 -1.921436 0.000000
vt -6.974091 -1.210000 0.000000
vt -5.786232 -2.140000 0.000000
vt -5.811659 -2.173137 0.000000
vt -5.844796 -2.198564 0.000000
vt -5.883385 -2.214548 0.000000
vt -5.924796 -2.220000 0.000000
vt -5.966207 -2.214548 0.000000
vt -7.288717 -0.968579 0.000000
vt 3.282726 0.738412 0.000000
vt 3.439942 0.261983 0.000000
vt 3.410000 0.567580 0.000000
vt 3.460000 0.440000 0.000000
vt 3.454209 0.486274 0.000000
vt 3.194526 0.932327 0.000000
vt 2.072862 0.681184 0.000000
vt 2.061435 0.638864 0.000000
vt 3.007107 -0.280775 0.000000
vt 2.044966 0.600702 0.000000
vt 2.838017 -0.339942 0.000000
vt 2.660000 -0.360000 0.000000
vt 1.888639 0.521639 0.000000
vt 1.845438 0.496120 0.000000
vt 3.149402 1.140524 0.000000
vt 2.074117 0.825766 0.000000
vt 2.079791 0.751500 0.000000
vt 3.149402 1.353555 0.000000
vt 2.027701 0.975769 0.000000
vt 2.056525 0.901388 0.000000
vt 1.940344 1.112271 0.000000
vt 3.194526 1.561752 0.000000
vt 1.815658 1.228623 0.000000
vt 1.806668 1.234910 0.000000
vt 1.797576 1.241050 0.000000
vt 2.034419 3.000328 0.000000
vt 1.788385 1.247040 0.000000
vt 1.682672 2.814477 0.000000
vt 1.699690 1.294627 0.000000
vt 1.626293 1.349174 0.000000
vt 1.612052 1.325136 0.000000
vt 1.571252 1.357987 0.000000
vt 1.565232 1.334830 0.000000
vt 1.520156 1.358872 0.000000
vt 1.465869 1.338942 0.000000
vt 1.474079 1.352215 0.000000
vt 1.434095 1.338404 0.000000
vt 3.282726 1.755667 0.000000
vt 2.950000 2.840192 0.000000
vt 2.887868 2.887868 0.000000
vt 3.022354 2.810222 0.000000
vt 3.410000 1.926499 0.000000
vt 3.460000 2.054079 0.000000
vt 3.437192 1.964386 0.000000
vt 3.454209 2.007805 0.000000
vt 3.460000 3.100000 0.000000
vt 3.359808 2.950000 0.000000
vt 3.312132 2.887868 0.000000
vt 3.250000 2.840192 0.000000
vt 3.448729 3.189376 0.000000
vt 3.400000 3.100000 0.000000
vt 3.389778 3.022354 0.000000
vt 3.389778 3.177646 0.000000
vt 3.415622 3.273156 0.000000
vt 3.359808 3.250000 0.000000
vt 3.362751 3.346093 0.000000
vt 3.312132 3.312132 0.000000
vt 3.293428 3.403621 0.000000
vt 3.250000 3.359808 0.000000
vt 3.211993 3.442137 0.000000
vt 3.177646 3.389778 0.000000
vt 3.123545 3.459229 0.000000
vt 3.100000 3.400000 0.000000
vt 3.033623 3.453828 0.000000
vt 3.022354 3.389778 0.000000
vt 2.947857 3.426271 0.000000
vt 2.950000 3.359808 0.000000
vt 2.887868 3.312132 0.000000
vt 2.840192 3.250000 0.000000
vt 2.810222 3.177646 0.000000
vt 2.800000 3.100000 0.000000
vt 2.810222 3.022354 0.000000
vt 2.840192 2.950000 0.000000
vt 1.351126 2.594604 0.000000
vt 1.533531 1.375305 0.000000
vt 1.457371 1.385023 0.000000
vt 1.043060 2.342886 0.000000
vt 1.386251 1.383876 0.000000
vt 1.321834 1.372788 0.000000
vt 0.761522 2.061811 0.000000
vt 1.265784 1.352684 0.000000
vt 1.212910 1.319118 0.000000
vt 0.509296 1.754160 0.000000
vt 1.190789 1.297953 0.000000
vt 1.171930 1.274070 0.000000
vt 1.156620 1.247620 0.000000
vt 1.145149 1.218755 0.000000
vt 0.288879 1.422976 0.000000
vt 1.137804 1.187628 0.000000
vt 1.134874 1.154390 0.000000
vt 1.094905 0.916465 0.000000
vt 1.138727 1.101248 0.000000
vt 1.150945 1.049280 0.000000
vt 1.194643 0.951479 0.000000
vt 1.160687 0.850070 0.000000
vt 1.272881 0.844943 0.000000
vt 1.236596 0.792883 0.000000
vt 1.376033 0.750067 0.000000
vt 1.409975 0.709744 0.000000
vt 1.427064 0.813789 0.000000
vt 1.488918 0.760469 0.000000
vt 1.555970 0.716569 0.000000
vt 1.552267 0.616629 0.000000
vt 1.626583 0.683712 0.000000
vt 1.625944 0.587089 0.000000
vt 1.699120 0.663520 0.000000
vt 1.699120 0.569753 0.000000
vt 1.705042 0.662486 0.000000
vt 1.710979 0.661545 0.000000
vt 1.716931 0.660699 0.000000
vt 1.722895 0.659948 0.000000
vt 1.724969 0.566628 0.000000
vt 1.776747 0.565759 0.000000
vt 0.102449 1.071535 0.000000
vt 0.212176 0.212176 0.000000
vt 1.152236 0.792109 0.000000
vt 0.259851 0.150044 0.000000
vt 1.255770 0.660345 0.000000
vt 0.289822 0.077690 0.000000
vt 0.300044 0.000044 0.000000
vt -0.326271 0.152143 0.000000
vt -0.149956 0.259851 0.000000
vt -0.077602 0.289822 0.000000
vt 0.000044 0.300044 0.000000
vt -0.353828 0.066377 0.000000
vt -0.289734 0.077690 0.000000
vt -0.259764 0.150044 0.000000
vt -0.212088 0.212176 0.000000
vt -0.299956 0.000044 0.000000
vt -0.359229 -0.023545 0.000000
vt -0.289734 -0.077602 0.000000
vt -0.342137 -0.111993 0.000000
vt -0.259764 -0.149956 0.000000
vt -0.303621 -0.193428 0.000000
vt -0.212088 -0.212088 0.000000
vt -0.246093 -0.262751 0.000000
vt -0.149956 -0.259764 0.000000
vt -0.173156 -0.315622 0.000000
vt -0.077602 -0.289734 0.000000
vt -0.089376 -0.348729 0.000000
vt 0.000044 -0.299956 0.000000
vt 0.000000 -0.360000 0.000000
vt 0.077690 -0.289734 0.000000
vt 0.150044 -0.259764 0.000000
vt 0.212176 -0.212088 0.000000
vt 0.259851 -0.149956 0.000000
vt 1.593392 0.472974 0.000000
vt 1.521700 0.492342 0.000000
vt 3.158792 -0.185465 0.000000
vt 3.285465 -0.058792 0.000000
vt 3.380775 0.092893 0.000000
vt 3.437192 0.529694 0.000000
vt 1.915533 0.718083 0.000000
vt 1.978548 0.682364 0.000000
vt 1.932326 0.738822 0.000000
vt 1.993637 0.711908 0.000000
vt 1.954607 0.782496 0.000000
vt 2.012142 0.777443 0.000000
vt 1.966505 0.833896 0.000000
vt 2.014091 0.849552 0.000000
vt 2.011200 0.879990 0.000000
vt 2.046593 0.742415 0.000000
vt 2.016932 0.752409 0.000000
vt 2.009350 0.706211 0.000000
vt 1.959767 0.655376 0.000000
vt 1.895807 0.700110 0.000000
vt 1.937442 0.631245 0.000000
vt 1.873275 0.685074 0.000000
vt 1.911722 0.610277 0.000000
vt 1.848060 0.673146 0.000000
vt 1.870822 0.587320 0.000000
vt 1.820290 0.664498 0.000000
vt 1.825598 0.572568 0.000000
vt 1.790088 0.659302 0.000000
vt 1.301611 0.829371 0.000000
vt 1.370512 0.877334 0.000000
vt 1.326162 0.945178 0.000000
vt 1.245176 0.915092 0.000000
vt 1.295953 1.015515 0.000000
vt 1.208690 1.004427 0.000000
vt 1.281822 1.086538 0.000000
vt 1.194112 1.094569 0.000000
vt 1.284456 1.144713 0.000000
vt 1.197558 1.147720 0.000000
vt 1.211021 1.195303 0.000000
vt 1.291042 1.170926 0.000000
vt 1.233596 1.236766 0.000000
vt 1.300892 1.195066 0.000000
vt 1.313818 1.217016 0.000000
vt 1.264380 1.271557 0.000000
vt 1.329633 1.236660 0.000000
vt 1.301625 1.298818 0.000000
vt 1.348151 1.253880 0.000000
vt 1.343431 1.318730 0.000000
vt 1.369184 1.268560 0.000000
vt 1.388020 1.331744 0.000000
vt 1.413454 1.288573 0.000000
vt 1.465228 1.299882 0.000000
vt 1.523140 1.301631 0.000000
vt 1.564360 1.329265 0.000000
vt 1.585819 1.292965 0.000000
vt 1.642269 1.276025 0.000000
vt 1.699414 1.281195 0.000000
vt 1.699123 1.250049 0.000000
vt 1.704662 1.247040 0.000000
vt 1.788326 1.190403 0.000000
vt 1.759247 1.247040 0.000000
vt 1.756799 1.248614 0.000000
vt 1.853721 1.170518 0.000000
vt 1.861261 1.119753 0.000000
vt 1.929435 1.078876 0.000000
vt 1.918535 1.039487 0.000000
vt 1.983044 0.979553 0.000000
vt 1.955213 0.954003 0.000000
vt 1.967036 0.891554 0.000000
vt 2.050845 0.671451 0.000000
vt 1.996007 0.662352 0.000000
vt 1.977084 0.621398 0.000000
vt 1.952761 0.583916 0.000000
vt 1.923219 0.550474 0.000000
vt 1.798603 0.477979 0.000000
vt 1.749406 0.467073 0.000000
vt 1.699120 0.462919 0.000000
vt 1.664750 0.463595 0.000000
vt 0.289822 -0.077602 0.000000
vt 1.382149 0.559174 0.000000
vt 3.177646 2.810222 0.000000
vt 3.100000 2.800000 0.000000
vt 0.077690 0.289822 0.000000
vt 0.150044 0.259851 0.000000
vt 0.000000 2.394567 0.000000
vt 1.400000 2.394567 0.000000
vt 0.530000 2.522416 0.000000
vt 1.400000 2.608003 0.000000
vt 0.530000 2.558768 0.000000
vt 0.530000 2.595119 0.000000
vt 0.530000 2.631471 0.000000
vt 0.930000 2.631471 0.000000
vt 1.400000 2.821439 0.000000
vt 0.930000 2.835519 0.000000
vt 1.400000 3.034875 0.000000
vt 0.930000 3.039568 0.000000
vt 1.400000 3.248311 0.000000
vt 0.930000 3.243617 0.000000
vt 0.930000 -3.039568 0.000000
vt 1.400000 -3.034875 0.000000
vt 0.930000 -2.835519 0.000000
vt 1.400000 -2.821439 0.000000
vt 0.930000 -2.631471 0.000000
vt 1.400000 -2.608003 0.000000
vt 0.530000 -2.631471 0.000000
vt 0.530000 -2.595119 0.000000
vt 0.530000 -2.558768 0.000000
vt 0.530000 -2.522416 0.000000
vt 1.400000 -2.394567 0.000000
vt 0.000000 -2.394567 0.000000
vt 0.030000 -2.522416 0.000000
vt 0.000000 -2.608003 0.000000
vt 0.030000 -2.728808 0.000000
vt 0.000000 -2.821439 0.000000
vt 0.030000 -2.935200 0.000000
vt 0.000000 -3.034875 0.000000
vt 0.030000 -3.141593 0.000000
vt 0.030000 3.141593 0.000000
vt 0.000000 3.248311 0.000000
vt 0.000000 3.034875 0.000000
vt 0.030000 2.935200 0.000000
vt 0.000000 2.821439 0.000000
vt 0.030000 2.728808 0.000000
vt 0.000000 2.608003 0.000000
vt 0.030000 2.522416 0.000000
vt 0.040000 0.152336 0.000000
vt 0.040000 -0.152336 0.000000
vt 0.074913 0.138543 0.000000
vt 0.074913 -0.138543 0.000000
vt 0.105571 -0.116880 0.000000
vt 0.105571 0.116880 0.000000
vt 0.130232 -0.088577 0.000000
vt 0.130232 0.088577 0.000000
vt 0.147494 -0.055243 0.000000
vt 0.147494 0.055243 0.000000
vt 0.156378 -0.018770 0.000000
vt 0.156378 0.018770 0.000000
vt -0.125000 0.099875 0.000000
vt -0.144112 0.069511 0.000000
vt -0.125000 -0.099875 0.000000
vt -0.144112 -0.069511 0.000000
vt -0.155977 -0.035652 0.000000
vt -0.155977 0.035652 0.000000
vt -0.160000 0.000000 0.000000
vt -0.000000 10.814456 0.000000
vt -0.100000 10.814456 0.000000
vt -0.000000 10.416465 0.000000
vt -0.100000 10.416465 0.000000
vt -0.000000 10.018473 0.000000
vt -0.100000 10.018473 0.000000
vt -0.000000 9.620481 0.000000
vt -0.100000 9.620481 0.000000
vt -0.000000 9.222490 0.000000
vt -0.100000 9.222490 0.000000
vt -0.000000 8.824498 0.000000
vt -0.100000 8.824498 0.000000
vt -0.000000 8.426506 0.000000
vt -0.100000 8.426506 0.000000
vt -0.000000 8.028515 0.000000
vt -0.100000 8.028515 0.000000
vt -0.286824 1.802320 0.000000
vt 0.132672 1.264477 0.000000
vt 0.000000 1.825000 0.000000
vt 0.484419 1.450328 0.000000
vt 1.287907 1.825000 0.000000
vt -0.198874 1.044604 0.000000
vt -0.566520 1.734843 0.000000
vt -0.832135 1.624247 0.000000
vt -0.506940 0.792886 0.000000
vt -1.077066 1.473280 0.000000
vt -1.295228 1.285694 0.000000
vt -1.481196 1.066153 0.000000
vt -0.788478 0.511811 0.000000
vt -1.630350 0.820112 0.000000
vt -1.738981 0.553688 0.000000
vt -1.040704 0.204160 0.000000
vt -1.804390 0.273502 0.000000
vt -1.261121 -0.127024 0.000000
vt -1.824950 -0.013483 0.000000
vt -1.800152 -0.300132 0.000000
vt -1.447551 -0.478465 0.000000
vt -1.730610 -0.579321 0.000000
vt -1.618055 -0.844111 0.000000
vt -3.735200 -1.036726 0.000000
vt -3.734066 -0.972766 0.000000
vt -3.735200 -0.950332 0.000000
vt -3.730816 -0.906995 0.000000
vt -3.735200 -0.863938 0.000000
vt -3.725874 -0.841298 0.000000
vt -3.735200 -0.777544 0.000000
vt -3.720220 -0.777540 0.000000
vt -3.714548 -0.713782 0.000000
vt -3.735200 -0.691150 0.000000
vt -3.709562 -0.648088 0.000000
vt -3.735200 -0.604757 0.000000
vt -3.706269 -0.582321 0.000000
vt -3.735200 -0.518363 0.000000
vt -3.705116 -0.518363 0.000000
vt -3.706269 -0.454405 0.000000
vt -3.735200 -0.431969 0.000000
vt -3.709562 -0.388637 0.000000
vt -3.735200 -0.345575 0.000000
vt -3.714548 -0.322944 0.000000
vt -3.720220 -0.259186 0.000000
vt -3.735200 -0.259181 0.000000
vt -3.725874 -0.195427 0.000000
vt -3.735200 -0.172788 0.000000
vt -3.730816 -0.129730 0.000000
vt -3.735200 -0.086394 0.000000
vt -3.734066 -0.063959 0.000000
vt -3.735200 0.000000 0.000000
vt -0.000000 0.000000 0.000000
vt -1.400000 0.000000 0.000000
vt -0.000000 -0.046756 0.000000
vt -1.400000 -0.046756 0.000000
vt -0.000000 -0.093511 0.000000
vt -1.400000 -0.093511 0.000000
vt -0.000000 -0.140267 0.000000
vt -1.400000 -0.140267 0.000000
vt -0.000000 0.140267 0.000000
vt -1.400000 0.140267 0.000000
vt -0.000000 0.093511 0.000000
vt -1.400000 0.093511 0.000000
vt -0.000000 0.046756 0.000000
vt -1.400000 0.046756 0.000000
vt -0.000000 0.000000 0.000000
vt -1.400000 0.000000 0.000000
vt 1.910000 0.504079 0.000000
vt 1.904209 0.457805 0.000000
vt 1.910000 -1.110000 0.000000
vt 1.904209 -1.063726 0.000000
vt 1.887192 0.414386 0.000000
vt 1.887192 -1.020306 0.000000
vt 1.860000 0.376499 0.000000
vt 1.860000 -0.982420 0.000000
vt 1.732726 0.205667 0.000000
vt 1.732726 -0.811588 0.000000
vt 1.644526 -0.617673 0.000000
vt 1.644526 0.011752 0.000000
vt 1.599402 -0.409476 0.000000
vt 1.599402 -0.196445 0.000000
vt 0.099875 0.125000 0.000000
vt 0.099875 -0.040000 0.000000
vt 0.128628 0.095157 0.000000
vt 0.148752 0.058931 0.000000
vt 0.158897 0.018752 0.000000
vt 0.158384 -0.022686 0.000000
vt 0.147245 -0.062601 0.000000
vt 0.126229 -0.098317 0.000000
vt 0.096745 -0.127438 0.000000
vt 0.060771 -0.148010 0.000000
vt 0.020720 -0.158653 0.000000
vt -0.099875 -0.040000 0.000000
vt -0.020720 -0.158653 0.000000
vt -0.060771 -0.148010 0.000000
vt -0.096745 -0.127438 0.000000
vt -0.126229 -0.098317 0.000000
vt -0.147245 -0.062601 0.000000
vt -0.158384 -0.022686 0.000000
vt -0.158897 0.018752 0.000000
vt -0.148752 0.058931 0.000000
vt -0.128628 0.095157 0.000000
vt -0.099875 0.125000 0.000000
vt -0.040000 0.154919 0.000000
vt 0.040000 0.154919 0.000000
vt -0.013460 0.159433 0.000000
vt 0.013460 0.159433 0.000000
vt -0.000000 0.291756 0.000000
vt -0.000000 0.264804 0.000000
vt 0.040000 0.251327 0.000000
vt 0.000000 0.237851 0.000000
vt 0.000000 0.210899 0.000000
vt 0.040000 -0.154919 0.000000
vt -0.040000 -0.154919 0.000000
vt 0.013460 -0.159433 0.000000
vt -0.013460 -0.159433 0.000000
vt -0.000000 -0.291756 0.000000
vt 0.040000 -0.251327 0.000000
vt -0.000000 -0.264804 0.000000
vt 0.000000 -0.237851 0.000000
vt 0.000000 -0.210899 0.000000
vt 0.241481 0.064705 0.000000
vt 0.193185 0.051764 0.000000
vt 0.250000 0.000000 0.000000
vt 0.200000 0.000000 0.000000
vt 0.241481 -0.064705 0.000000
vt 0.193185 -0.051764 0.000000
vt 0.173205 -0.100000 0.000000
vt 0.173205 0.100000 0.000000
vt 0.216506 0.125000 0.000000
vt 0.141421 0.141421 0.000000
vt 0.176777 0.176777 0.000000
vt 0.100000 0.173205 0.000000
vt 0.125000 0.216506 0.000000
vt 0.051764 0.193185 0.000000
vt 0.064705 0.241481 0.000000
vt 0.000000 0.200000 0.000000
vt 0.000000 0.250000 0.000000
vt -0.064705 0.241481 0.000000
vt -0.051764 0.193185 0.000000
vt -0.125000 0.216506 0.000000
vt -0.100000 0.173205 0.000000
vt -0.176777 0.176777 0.000000
vt -0.141421 0.141421 0.000000
vt -0.216506 0.125000 0.000000
vt -0.173205 0.100000 0.000000
vt -0.241481 0.064705 0.000000
vt -0.193185 0.051764 0.000000
vt -0.250000 -0.000000 0.000000
vt -0.200000 -0.000000 0.000000
vt -0.193185 -0.051764 0.000000
vt -0.241481 -0.064705 0.000000
vt -0.173205 -0.100000 0.000000
vt -0.216506 -0.125000 0.000000
vt -0.141421 -0.141421 0.000000
vt -0.176777 -0.176777 0.000000
vt -0.100000 -0.173205 0.000000
vt -0.125000 -0.216506 0.000000
vt -0.051764 -0.193185 0.000000
vt -0.064705 -0.241481 0.000000
vt 0.000000 -0.200000 0.000000
vt 0.000000 -0.250000 0.000000
vt 0.064705 -0.241481 0.000000
vt 0.051764 -0.193185 0.000000
vt 0.125000 -0.216506 0.000000
vt 0.100000 -0.173205 0.000000
vt 0.176777 -0.176777 0.000000
vt 0.141421 -0.141421 0.000000
vt 0.216506 -0.125000 0.000000
vt 0.193185 0.051764 0.000000
vt 0.096593 0.025882 0.000000
vt 0.200000 0.000000 0.000000
vt 0.100000 0.000000 0.000000
vt 0.193185 -0.051764 0.000000
vt 0.096593 -0.025882 0.000000
vt 0.086603 -0.050000 0.000000
vt 0.086603 0.050000 0.000000
vt 0.173205 0.100000 0.000000
vt 0.070711 0.070711 0.000000
vt 0.141421 0.141421 0.000000
vt 0.050000 0.086603 0.000000
vt 0.100000 0.173205 0.000000
vt 0.025882 0.096593 0.000000
vt 0.051764 0.193185 0.000000
vt 0.000000 0.100000 0.000000
vt 0.000000 0.200000 0.000000
vt -0.051764 0.193185 0.000000
vt -0.025882 0.096593 0.000000
vt -0.100000 0.173205 0.000000
vt -0.050000 0.086603 0.000000
vt -0.141421 0.141421 0.000000
vt -0.070711 0.070711 0.000000
vt -0.173205 0.100000 0.000000
vt -0.086603 0.050000 0.000000
vt -0.193185 0.051764 0.000000
vt -0.096593 0.025882 0.000000
vt -0.200000 -0.000000 0.000000
vt -0.100000 0.000000 0.000000
vt -0.096593 -0.025882 0.000000
vt -0.193185 -0.051764 0.000000
vt -0.086603 -0.050000 0.000000
vt -0.173205 -0.100000 0.000000
vt -0.070711 -0.070711 0.000000
vt -0.141421 -0.141421 0.000000
vt -0.050000 -0.086603 0.000000
vt -0.100000 -0.173205 0.000000
vt -0.025882 -0.096593 0.000000
vt -0.051764 -0.193185 0.000000
vt 0.000000 -0.100000 0.000000
vt 0.000000 -0.200000 0.000000
vt 0.051764 -0.193185 0.000000
vt 0.025882 -0.096593 0.000000
vt 0.100000 -0.173205 0.000000
vt 0.050000 -0.086603 0.000000
vt 0.141421 -0.141421 0.000000
vt 0.070711 -0.070711 0.000000
vt 0.173205 -0.100000 0.000000
vt 0.152336 0.048926 0.000000
vt 0.152336 -0.040000 0.000000
vt 0.157724 0.026892 0.000000
vt 0.159942 0.004318 0.000000
vt 0.158945 -0.018343 0.000000
vt 0.154754 -0.040635 0.000000
vt 0.146027 -0.065393 0.000000
vt -0.152336 -0.040000 0.000000
vt -0.146027 -0.065393 0.000000
vt -0.154754 -0.040635 0.000000
vt -0.158945 -0.018343 0.000000
vt -0.159942 0.004318 0.000000
vt -0.157724 0.026892 0.000000
vt -0.152336 0.048926 0.000000
vt 0.133369 -0.088390 0.000000
vt -0.133369 -0.088390 0.000000
vt 0.117121 -0.109008 0.000000
vt -0.117121 -0.109008 0.000000
vt 0.097720 -0.126692 0.000000
vt -0.097720 -0.126692 0.000000
vt 0.075689 -0.140965 0.000000
vt -0.075689 -0.140965 0.000000
vt 0.051620 -0.151444 0.000000
vt -0.051620 -0.151444 0.000000
vt 0.026162 -0.157847 0.000000
vt -0.026162 -0.157847 0.000000
vt -0.000000 -0.160000 0.000000
vt 0.028395 -0.154919 0.000000
vt -0.028395 -0.154919 0.000000
vt 0.009511 -0.157213 0.000000
vt -0.009511 -0.157213 0.000000
vt 0.000000 -0.218850 0.000000
vt 0.000000 -0.237884 0.000000
vt 0.007881 -0.231940 0.000000
vt 0.010685 -0.239123 0.000000
vt -0.000000 -0.256917 0.000000
vt 0.011522 -0.243085 0.000000
vt 0.011826 -0.247400 0.000000
vt 0.011522 -0.251716 0.000000
vt 0.010685 -0.255678 0.000000
vt 0.007881 -0.262861 0.000000
vt -0.000000 -0.275951 0.000000
vt -0.028395 0.154919 0.000000
vt 0.028395 0.154919 0.000000
vt -0.009511 0.157213 0.000000
vt 0.009511 0.157213 0.000000
vt -0.000000 0.275951 0.000000
vt -0.000000 0.256917 0.000000
vt 0.007881 0.262861 0.000000
vt 0.010685 0.255678 0.000000
vt 0.000000 0.237884 0.000000
vt 0.011522 0.251716 0.000000
vt 0.011826 0.247400 0.000000
vt 0.011522 0.243085 0.000000
vt 0.010685 0.239123 0.000000
vt 0.007881 0.231940 0.000000
vt 0.000000 0.218850 0.000000
vt 0.154548 0.041411 0.000000
vt -0.154548 0.041411 0.000000
vt 0.160000 0.000000 0.000000
vt -0.160000 0.000000 0.000000
vt 0.154548 -0.041411 0.000000
vt -0.154548 -0.041411 0.000000
vt 0.138564 -0.080000 0.000000
vt -0.138564 -0.080000 0.000000
vt 0.113137 -0.113137 0.000000
vt -0.113137 -0.113137 0.000000
vt 0.080000 -0.138564 0.000000
vt -0.080000 -0.138564 0.000000
vt 0.041411 -0.154548 0.000000
vt -0.041411 -0.154548 0.000000
vt 0.000000 -0.160000 0.000000
vt -0.138564 0.080000 0.000000
vt 0.138564 0.080000 0.000000
vt -0.113137 0.113137 0.000000
vt 0.113137 0.113137 0.000000
vt -0.080000 0.138564 0.000000
vt 0.080000 0.138564 0.000000
vt -0.041411 0.154548 0.000000
vt 0.041411 0.154548 0.000000
vt 0.000000 0.160000 0.000000
vt 0.154548 0.041411 0.000000
vt -0.154548 0.041411 0.000000
vt 0.160000 0.000000 0.000000
vt -0.160000 0.000000 0.000000
vt 0.154548 -0.041411 0.000000
vt -0.154548 -0.041411 0.000000
vt 0.138564 -0.080000 0.000000
vt -0.138564 -0.080000 0.000000
vt 0.113137 -0.113137 0.000000
vt -0.113137 -0.113137 0.000000
vt 0.080000 -0.138564 0.000000
vt -0.080000 -0.138564 0.000000
vt 0.041411 -0.154548 0.000000
vt -0.041411 -0.154548 0.000000
vt 0.000000 -0.160000 0.000000
vt -0.138564 0.080000 0.000000
vt 0.138564 0.080000 0.000000
vt -0.113137 0.113137 0.000000
vt 0.113137 0.113137 0.000000
vt -0.080000 0.138564 0.000000
vt 0.080000 0.138564 0.000000
vt -0.041411 0.154548 0.000000
vt 0.041411 0.154548 0.000000
vt 0.000000 0.160000 0.000000
vt 0.154548 0.041411 0.000000
vt -0.154548 0.041411 0.000000
vt 0.160000 0.000000 0.000000
vt -0.160000 0.000000 0.000000
vt 0.154548 -0.041411 0.000000
vt -0.154548 -0.041411 0.000000
vt 0.138564 -0.080000 0.000000
vt -0.138564 -0.080000 0.000000
vt 0.113137 -0.113137 0.000000
vt -0.113137 -0.113137 0.000000
vt 0.080000 -0.138564 0.000000
vt -0.080000 -0.138564 0.000000
vt 0.041411 -0.154548 0.000000
vt -0.041411 -0.154548 0.000000
vt 0.000000 -0.160000 0.000000
vt -0.138564 0.080000 0.000000
vt 0.138564 0.080000 0.000000
vt -0.113137 0.113137 0.000000
vt 0.113137 0.113137 0.000000
vt -0.080000 0.138564 0.000000
vt 0.080000 0.138564 0.000000
vt -0.041411 0.154548 0.000000
vt 0.041411 0.154548 0.000000
vt 0.000000 0.160000 0.000000
vt 2.304221 0.125000 0.000000
vt 2.039247 0.125000 0.000000
vt 2.304221 0.000000 0.000000
vt 2.039247 0.000000 0.000000
vt 0.000000 0.584685 0.000000
vt 0.125000 0.584685 0.000000
vt 0.000000 0.617566 0.000000
vt 0.125000 0.617566 0.000000
vt 0.125000 0.650447 0.000000
vt 0.125000 0.683328 0.000000
vt 0.000000 0.683328 0.000000
vt 0.000000 0.650447 0.000000
vt -1.797509 0.125000 0.000000
vt -2.304221 0.125000 0.000000
vt -1.797509 0.000000 0.000000
vt -2.304221 0.000000 0.000000
vt -0.000000 -0.730857 0.000000
vt -0.125000 -0.730857 0.000000
vt -0.000000 -0.796306 0.000000
vt -0.125000 -0.796306 0.000000
vt -0.000000 -0.861756 0.000000
vt -0.125000 -0.861756 0.000000
vt -0.000000 -0.927206 0.000000
vt -0.125000 -0.927206 0.000000
vt -0.000000 -0.992656 0.000000
vt -0.125000 -0.992656 0.000000
vt -0.000000 -1.058106 0.000000
vt -0.125000 -1.058106 0.000000
vt -0.000000 -1.123556 0.000000
vt -0.125000 -1.123556 0.000000
vt -0.000000 -1.189006 0.000000
vt -0.125000 -1.189006 0.000000
vt -0.000000 -1.254455 0.000000
vt -0.125000 -1.254455 0.000000
vt -0.000000 -1.319905 0.000000
vt -0.125000 -1.319905 0.000000
vt -0.000000 -1.385355 0.000000
vt -0.125000 -1.385355 0.000000
vt -0.000000 -1.450805 0.000000
vt -0.125000 -1.450805 0.000000
vt -0.000000 -1.516255 0.000000
vt -0.125000 -1.516255 0.000000
vt 2.304221 0.125000 0.000000
vt 1.986955 0.125000 0.000000
vt 2.304221 0.000000 0.000000
vt 1.986955 0.000000 0.000000
vt -1.979773 0.125000 0.000000
vt -2.297040 0.125000 0.000000
vt -1.979773 0.000000 0.000000
vt -2.297040 0.000000 0.000000
vt -0.000000 -0.785398 0.000000
vt -0.125000 -0.785398 0.000000
vt -0.000000 -0.850848 0.000000
vt -0.125000 -0.850848 0.000000
vt -0.000000 -0.916298 0.000000
vt -0.125000 -0.916298 0.000000
vt -0.000000 -0.981748 0.000000
vt -0.125000 -0.981748 0.000000
vt -0.000000 -1.047198 0.000000
vt -0.125000 -1.047198 0.000000
vt -0.000000 -1.112647 0.000000
vt -0.125000 -1.112647 0.000000
vt -0.000000 -1.178097 0.000000
vt -0.125000 -1.178097 0.000000
vt -0.000000 -1.243547 0.000000
vt -0.125000 -1.243547 0.000000
vt -0.000000 -1.308997 0.000000
vt -0.125000 -1.308997 0.000000
vt -0.000000 -1.374447 0.000000
vt -0.125000 -1.374447 0.000000
vt -0.000000 -1.439897 0.000000
vt -0.125000 -1.439897 0.000000
vt -0.000000 -1.505346 0.000000
vt -0.125000 -1.505346 0.000000
vt -0.000000 -1.570796 0.000000
vt -0.125000 -1.570796 0.000000
vt 2.297040 0.125000 0.000000
vt 1.979773 0.125000 0.000000
vt 2.297040 0.000000 0.000000
vt 1.979773 0.000000 0.000000
vt -1.986955 0.125000 0.000000
vt -2.304221 0.125000 0.000000
vt -1.986955 0.000000 0.000000
vt -2.304221 0.000000 0.000000
vt -0.749466 1.922606 0.000000
vt -0.250000 1.979773 0.000000
vt -0.806817 2.181299 0.000000
vt -0.318669 2.289519 0.000000
vt -0.812505 2.246314 0.000000
vt -0.801172 2.310586 0.000000
vt -0.340990 2.350846 0.000000
vt -0.773591 2.369734 0.000000
vt -0.378424 2.404307 0.000000
vt -0.731641 2.419729 0.000000
vt -0.428418 2.446257 0.000000
vt -0.678180 2.457162 0.000000
vt -0.487567 2.473838 0.000000
vt -0.616853 2.479483 0.000000
vt -0.551838 2.485171 0.000000
vt -0.745014 1.890066 0.000000
vt -0.745948 1.857235 0.000000
vt -0.752243 1.825000 0.000000
vt -0.000000 1.825000 0.000000
vt 0.250000 1.979773 0.000000
vt -0.250000 2.297040 0.000000
vt 0.250000 2.297040 0.000000
vt -0.241481 2.361744 0.000000
vt 0.241481 2.361744 0.000000
vt -0.216506 2.422040 0.000000
vt 0.216506 2.422040 0.000000
vt -0.176777 2.473816 0.000000
vt 0.176777 2.473816 0.000000
vt -0.125000 2.513546 0.000000
vt 0.125000 2.513546 0.000000
vt -0.064705 2.538521 0.000000
vt 0.064705 2.538521 0.000000
vt 0.000000 2.547040 0.000000
vt 0.237762 1.809446 0.000000
vt 0.471472 1.763048 0.000000
vt 0.806817 2.181299 0.000000
vt 0.697144 1.686599 0.000000
vt 0.318669 2.289519 0.000000
vt 0.812505 2.246314 0.000000
vt 0.801172 2.310586 0.000000
vt 0.340990 2.350846 0.000000
vt 0.773591 2.369734 0.000000
vt 0.378424 2.404307 0.000000
vt 0.731641 2.419729 0.000000
vt 0.428418 2.446257 0.000000
vt 0.678180 2.457162 0.000000
vt 0.487567 2.473838 0.000000
vt 0.616853 2.479483 0.000000
vt 0.551838 2.485171 0.000000
vt 0.745014 1.890066 0.000000
vt 0.749466 1.922606 0.000000
vt 0.250000 1.979773 0.000000
vt 0.806817 2.181299 0.000000
vt 0.318669 2.289519 0.000000
vt 0.812505 2.246314 0.000000
vt 0.801172 2.310586 0.000000
vt 0.340990 2.350846 0.000000
vt 0.773591 2.369734 0.000000
vt 0.378424 2.404307 0.000000
vt 0.731641 2.419729 0.000000
vt 0.428418 2.446257 0.000000
vt 0.678180 2.457162 0.000000
vt 0.487567 2.473838 0.000000
vt 0.616853 2.479483 0.000000
vt 0.551838 2.485171 0.000000
vt 0.250000 2.297040 0.000000
vt -0.250000 2.297040 0.000000
vt -0.250000 1.979773 0.000000
vt 0.000000 1.825000 0.000000
vt -0.237762 1.809446 0.000000
vt -0.471472 1.763048 0.000000
vt -0.806817 2.181299 0.000000
vt -0.697144 1.686599 0.000000
vt -0.241481 2.361744 0.000000
vt 0.241481 2.361744 0.000000
vt -0.216506 2.422040 0.000000
vt 0.216506 2.422040 0.000000
vt -0.176777 2.473816 0.000000
vt 0.176777 2.473816 0.000000
vt -0.125000 2.513546 0.000000
vt 0.125000 2.513546 0.000000
vt -0.064705 2.538521 0.000000
vt 0.064705 2.538521 0.000000
vt -0.000000 2.547040 0.000000
vt -0.318669 2.289519 0.000000
vt -0.812505 2.246314 0.000000
vt -0.801172 2.310586 0.000000
vt -0.340990 2.350846 0.000000
vt -0.773591 2.369734 0.000000
vt -0.378424 2.404307 0.000000
vt -0.731641 2.419729 0.000000
vt -0.428418 2.446257 0.000000
vt -0.678180 2.457162 0.000000
vt -0.487567 2.473838 0.000000
vt -0.616853 2.479483 0.000000
vt -0.551838 2.485171 0.000000
vt 0.752243 1.825000 0.000000
vt 0.745948 1.857235 0.000000
vt -0.300000 0.843348 0.000000
vt -0.000000 0.843348 0.000000
vt -0.300000 1.075731 0.000000
vt -0.000000 1.075731 0.000000
vt -0.300000 1.308114 0.000000
vt -0.000000 1.308114 0.000000
vt -0.300000 1.540498 0.000000
vt -0.000000 1.540498 0.000000
vt -0.300000 1.772881 0.000000
vt -0.000000 1.772881 0.000000
vt -0.300000 2.005264 0.000000
vt -0.000000 2.005264 0.000000
vt -0.300000 2.237647 0.000000
vt -0.000000 2.237647 0.000000
vt -0.300000 2.470031 0.000000
vt -0.000000 2.470031 0.000000
vt -0.300000 2.702414 0.000000
vt -0.000000 2.702414 0.000000
vt -0.300000 2.934797 0.000000
vt -0.000000 2.934797 0.000000
vt -0.300000 3.167180 0.000000
vt -0.000000 3.167180 0.000000
vt -0.300000 3.399564 0.000000
vt -0.000000 3.399564 0.000000
vt -0.300000 3.631947 0.000000
vt -0.000000 3.631947 0.000000
vt -0.300000 3.864330 0.000000
vt -0.000000 3.864330 0.000000
vt -0.300000 4.096713 0.000000
vt -0.000000 4.096713 0.000000
vt -0.300000 4.329097 0.000000
vt -0.000000 4.329097 0.000000
vt -0.854380 0.769763 0.000000
vt -0.850000 0.769763 0.000000
vt -0.682504 0.925575 0.000000
vt -0.575555 0.749009 0.000000
vt -0.482854 1.043720 0.000000
vt -0.307352 0.687221 0.000000
vt -0.263555 1.119392 0.000000
vt -0.033530 1.149511 0.000000
vt -0.051491 0.585802 0.000000
vt 0.197859 1.132851 0.000000
vt 0.421196 1.070091 0.000000
vt 0.186210 0.447059 0.000000
vt 0.627393 0.963783 0.000000
vt 0.808059 0.818255 0.000000
vt 0.400343 0.274149 0.000000
vt 0.955841 0.639428 0.000000
vt 1.064725 0.434581 0.000000
vt 0.586038 0.071004 0.000000
vt 1.130281 0.212048 0.000000
vt 1.149841 -0.019114 0.000000
vt 0.739073 -0.157756 0.000000
vt 1.122609 -0.249499 0.000000
vt 0.855966 -0.406928 0.000000
vt 1.049692 -0.469729 0.000000
vt 0.934059 -0.670845 0.000000
vt 0.854380 0.769763 0.000000
vt 0.682504 0.925575 0.000000
vt 0.850000 0.769763 0.000000
vt 0.575555 0.749009 0.000000
vt 0.482854 1.043720 0.000000
vt 0.307352 0.687221 0.000000
vt 0.263555 1.119392 0.000000
vt 0.033530 1.149511 0.000000
vt 0.051491 0.585802 0.000000
vt -0.197859 1.132851 0.000000
vt -0.421196 1.070091 0.000000
vt -0.186210 0.447059 0.000000
vt -0.627393 0.963783 0.000000
vt -0.808059 0.818255 0.000000
vt -0.400343 0.274149 0.000000
vt -0.955841 0.639428 0.000000
vt -1.064725 0.434581 0.000000
vt -0.586038 0.071004 0.000000
vt -1.130281 0.212048 0.000000
vt -1.149841 -0.019114 0.000000
vt -0.739073 -0.157756 0.000000
vt -1.122609 -0.249499 0.000000
vt -0.855966 -0.406928 0.000000
vt -1.049692 -0.469729 0.000000
vt -0.934059 -0.670845 0.000000
vt 0.756028 0.488284 0.000000
vt 0.675189 0.301317 0.000000
vt 0.847250 0.303592 0.000000
vt 0.675189 -0.301317 0.000000
vt 0.847250 -0.303592 0.000000
vt 0.756028 -0.488284 0.000000
vt 0.633913 0.101848 0.000000
vt 0.633913 -0.101848 0.000000
vt 0.894087 -0.102996 0.000000
vt 0.894087 0.102996 0.000000
vt -0.250000 -2.575615 0.000000
vt -0.254217 -2.575939 0.000000
vt -0.245783 -2.575939 0.000000
vt -0.241640 -2.576886 0.000000
vt -0.258360 -2.576886 0.000000
vt -0.233764 -2.580465 0.000000
vt -0.266236 -2.580465 0.000000
vt -0.226680 -2.585806 0.000000
vt -0.273320 -2.585806 0.000000
vt -0.220562 -2.592194 0.000000
vt -0.279438 -2.592194 0.000000
vt -0.210947 -2.605973 0.000000
vt -0.289053 -2.605973 0.000000
vt -0.203502 -2.620770 0.000000
vt -0.296498 -2.620770 0.000000
vt -0.185035 -2.686378 0.000000
vt -0.314965 -2.686378 0.000000
vt -0.325993 -2.827433 0.000000
vt -0.174007 -2.827433 0.000000
vt -0.314965 -2.968489 0.000000
vt -0.185035 -2.968489 0.000000
vt -0.203502 -3.034096 0.000000
vt -0.296498 -3.034096 0.000000
vt -0.210947 -3.048894 0.000000
vt -0.289053 -3.048894 0.000000
vt -0.220562 -3.062672 0.000000
vt -0.279438 -3.062672 0.000000
vt -0.226680 -3.069060 0.000000
vt -0.273320 -3.069060 0.000000
vt -0.233764 -3.074402 0.000000
vt -0.266236 -3.074402 0.000000
vt -0.241640 -3.077981 0.000000
vt -0.258360 -3.077981 0.000000
vt -0.245783 -3.078928 0.000000
vt -0.254217 -3.078928 0.000000
vt -0.250000 -3.079252 0.000000
vt -0.653055 -0.541151 0.000000
vt -0.763164 -0.283617 0.000000
vt -0.677157 -0.592839 0.000000
vt -0.783194 -0.443404 0.000000
vt -0.856767 -0.275590 0.000000
vt -0.832570 -0.012267 0.000000
vt -0.894827 -0.096353 0.000000
vt -0.895797 0.086877 0.000000
vt -0.859636 0.266507 0.000000
vt -0.000000 -2.180241 0.000000
vt -0.400000 -2.180241 0.000000
vt -0.000000 -2.363792 0.000000
vt -0.400000 -2.363792 0.000000
vt -0.000000 -2.547344 0.000000
vt -0.400000 -2.547344 0.000000
vt -0.000000 -2.730895 0.000000
vt -0.400000 -2.730895 0.000000
vt -0.000000 -2.914446 0.000000
vt -0.400000 -2.914446 0.000000
vt -0.000000 -3.097998 0.000000
vt -0.400000 -3.097998 0.000000
vt 1.810673 0.228231 0.000000
vt 1.824375 -0.047757 0.000000
vt 1.906854 0.030141 0.000000
vt 1.957348 -0.184197 0.000000
vt 1.796252 -0.322650 0.000000
vt 1.959706 -0.404390 0.000000
vt 1.913815 -0.619760 0.000000
vt 1.821899 -0.819864 0.000000
vt 1.726949 -0.590145 0.000000
vt 1.688415 -0.995000 0.000000
vt 1.618055 -0.844111 0.000000
vt -1.810673 0.228231 0.000000
vt -1.906854 0.030141 0.000000
vt -1.819602 0.140263 0.000000
vt -1.824260 0.051966 0.000000
vt -1.824636 -0.036453 0.000000
vt -1.860797 -0.216083 0.000000
vt -1.957348 -0.184197 0.000000
vt -1.959706 -0.404390 0.000000
vt -1.859827 -0.399314 0.000000
vt -1.913815 -0.619760 0.000000
vt -1.821767 -0.578551 0.000000
vt -1.821899 -0.819864 0.000000
vt -1.748194 -0.746365 0.000000
vt -1.688415 -0.995000 0.000000
vt -1.642157 -0.895799 0.000000
vt -0.000000 -2.380019 0.000000
vt -0.500000 -2.380019 0.000000
vt -0.000000 -2.600672 0.000000
vt -0.500000 -2.600672 0.000000
vt -0.000000 -2.821324 0.000000
vt -0.500000 -2.821324 0.000000
vt -0.000000 -3.041977 0.000000
vt -0.500000 -3.041977 0.000000
vt -0.000000 -3.262629 0.000000
vt -0.500000 -3.262629 0.000000
vt -0.000000 -3.483282 0.000000
vt -0.500000 -3.483282 0.000000
vt -0.000000 -3.703935 0.000000
vt -0.500000 -3.703935 0.000000
vt -1.779357 0.277404 0.000000
vt -1.881007 0.098201 0.000000
vt -1.677706 0.098201 0.000000
vt -1.677706 -0.704122 0.000000
vt -1.614937 -0.507890 0.000000
vt -1.881007 -0.704122 0.000000
vt -1.943777 -0.098030 0.000000
vt -1.943777 -0.507890 0.000000
vt -1.965000 -0.302960 0.000000
vt -1.779357 -0.883325 0.000000
vt -1.593713 -0.302960 0.000000
vt -1.614937 -0.098030 0.000000
vt 1.721028 -0.791244 0.000000
vt 1.739351 -0.822638 0.000000
vt 1.812250 -0.606552 0.000000
vt 1.758802 -0.853345 0.000000
vt 1.779357 -0.883325 0.000000
vt 1.881007 -0.704122 0.000000
vt 1.859087 -0.405956 0.000000
vt 1.943777 -0.507890 0.000000
vt 1.965000 -0.302960 0.000000
vt 1.859087 -0.199965 0.000000
vt 1.943777 -0.098030 0.000000
vt 1.881007 0.098201 0.000000
vt 1.812250 0.000631 0.000000
vt 1.779357 0.277404 0.000000
vt 1.758802 0.247424 0.000000
vt 1.739351 0.216717 0.000000
vt 1.721028 0.185323 0.000000
vt 1.447174 0.050000 0.000000
vt 1.402113 0.050000 0.000000
vt 1.447174 0.000000 0.000000
vt 1.402113 0.000000 0.000000
vt 1.357051 0.050000 0.000000
vt 1.357051 0.000000 0.000000
vt 1.311989 0.050000 0.000000
vt 1.311989 0.000000 0.000000
vt 1.266928 0.050000 0.000000
vt 1.266928 0.000000 0.000000
vt 1.221866 0.050000 0.000000
vt 1.221866 0.000000 0.000000
vt 1.176804 0.050000 0.000000
vt 1.176804 0.000000 0.000000
vt 1.131742 0.050000 0.000000
vt 1.131742 0.000000 0.000000
vt 1.086681 0.050000 0.000000
vt 1.086681 0.000000 0.000000
vt 0.050000 0.000832 0.000000
vt -0.000000 0.000832 0.000000
vt 0.050000 -0.000832 0.000000
vt -0.000000 -0.000832 0.000000
vt 0.224158 0.050000 0.000000
vt 0.196138 0.050000 0.000000
vt 0.224158 0.000000 0.000000
vt 0.196138 0.000000 0.000000
vt 0.168118 0.050000 0.000000
vt 0.168118 0.000000 0.000000
vt 0.154109 0.050000 0.000000
vt 0.154109 0.000000 0.000000
vt 0.140099 0.050000 0.000000
vt 0.140099 0.000000 0.000000
vt 0.126089 0.050000 0.000000
vt 0.126089 0.000000 0.000000
vt 0.112079 0.050000 0.000000
vt 0.112079 0.000000 0.000000
vt 0.098069 0.050000 0.000000
vt 0.098069 0.000000 0.000000
vt 0.084059 0.050000 0.000000
vt 0.084059 0.000000 0.000000
vt 0.070049 0.050000 0.000000
vt 0.070049 0.000000 0.000000
vt 0.056039 0.050000 0.000000
vt 0.056039 0.000000 0.000000
vt 0.028020 0.050000 0.000000
vt 0.028020 0.000000 0.000000
vt 0.000000 0.050000 0.000000
vt 0.000000 0.000000 0.000000
vt 0.544900 0.050000 0.000000
vt 0.487498 0.050000 0.000000
vt 0.544900 0.000000 0.000000
vt 0.487498 0.000000 0.000000
vt 0.430096 0.050000 0.000000
vt 0.430096 0.000000 0.000000
vt 0.372694 0.050000 0.000000
vt 0.372694 0.000000 0.000000
vt 0.315292 0.050000 0.000000
vt 0.315292 0.000000 0.000000
vt 0.614619 0.050000 0.000000
vt 0.573415 0.050000 0.000000
vt 0.614619 0.000000 0.000000
vt 0.573415 0.000000 0.000000
vt 0.531104 0.050000 0.000000
vt 0.531104 0.000000 0.000000
vt 1.276953 0.050000 0.000000
vt 1.270964 0.050000 0.000000
vt 1.276953 0.000000 0.000000
vt 1.270964 0.000000 0.000000
vt 1.264959 0.050000 0.000000
vt 1.264959 0.000000 0.000000
vt 1.258941 0.050000 0.000000
vt 1.258941 0.000000 0.000000
vt 1.252909 0.050000 0.000000
vt 1.252909 0.000000 0.000000
vt 1.344266 0.050000 0.000000
vt 1.265086 0.050000 0.000000
vt 1.344266 0.000000 0.000000
vt 1.265086 0.000000 0.000000
vt 1.185907 0.050000 0.000000
vt 1.185907 0.000000 0.000000
vt 1.106727 0.050000 0.000000
vt 1.106727 0.000000 0.000000
vt 1.027548 0.050000 0.000000
vt 1.027548 0.000000 0.000000
vt 1.578485 0.050000 0.000000
vt 1.499561 0.050000 0.000000
vt 1.578485 0.000000 0.000000
vt 1.499561 0.000000 0.000000
vt 1.420637 0.050000 0.000000
vt 1.420637 0.000000 0.000000
vt 1.341712 0.050000 0.000000
vt 1.341712 0.000000 0.000000
vt 1.262788 0.050000 0.000000
vt 1.262788 0.000000 0.000000
vt 1.235344 0.050000 0.000000
vt 1.209608 0.050000 0.000000
vt 1.235344 0.000000 0.000000
vt 1.209608 0.000000 0.000000
vt 1.183871 0.050000 0.000000
vt 1.183871 0.000000 0.000000
vt 1.158135 0.050000 0.000000
vt 1.158135 0.000000 0.000000
vt 1.132399 0.050000 0.000000
vt 1.132399 0.000000 0.000000
vt 1.106662 0.050000 0.000000
vt 1.106662 0.000000 0.000000
vt 1.080926 0.050000 0.000000
vt 1.080926 0.000000 0.000000
vt 1.029453 0.050000 0.000000
vt 1.029453 0.000000 0.000000
vt 1.109499 0.050000 0.000000
vt 1.054024 0.050000 0.000000
vt 1.109499 0.000000 0.000000
vt 1.054024 0.000000 0.000000
vt 0.998549 0.050000 0.000000
vt 0.998549 0.000000 0.000000
vt 0.943074 0.050000 0.000000
vt 0.943074 0.000000 0.000000
vt 0.887599 0.050000 0.000000
vt 0.887599 0.000000 0.000000
vt 0.513911 0.050000 0.000000
vt 0.452352 0.050000 0.000000
vt 0.513911 0.000000 0.000000
vt 0.452352 0.000000 0.000000
vt 0.392235 0.050000 0.000000
vt 0.392235 0.000000 0.000000
vt 0.404934 0.050000 0.000000
vt 0.398629 0.050000 0.000000
vt 0.404934 0.000000 0.000000
vt 0.398629 0.000000 0.000000
vt 0.403014 0.050000 0.000000
vt 0.302260 0.050000 0.000000
vt 0.403014 0.000000 0.000000
vt 0.302260 0.000000 0.000000
vt 0.201507 0.050000 0.000000
vt 0.201507 0.000000 0.000000
vt 0.100753 0.050000 0.000000
vt 0.100753 0.000000 0.000000
vt 0.000000 0.050000 0.000000
vt 0.000000 0.000000 0.000000
vt 0.441142 0.050000 0.000000
vt 0.385999 0.050000 0.000000
vt 0.441142 0.000000 0.000000
vt 0.385999 0.000000 0.000000
vt 0.330857 0.050000 0.000000
vt 0.330857 0.000000 0.000000
vt 0.275714 0.050000 0.000000
vt 0.275714 0.000000 0.000000
vt 0.220571 0.050000 0.000000
vt 0.220571 0.000000 0.000000
vt 0.682804 0.050000 0.000000
vt 0.625904 0.050000 0.000000
vt 0.682804 0.000000 0.000000
vt 0.625904 0.000000 0.000000
vt 0.597453 0.050000 0.000000
vt 0.597453 0.000000 0.000000
vt 0.569003 0.050000 0.000000
vt 0.569003 0.000000 0.000000
vt 0.540553 0.050000 0.000000
vt 0.540553 0.000000 0.000000
vt 0.512103 0.050000 0.000000
vt 0.512103 0.000000 0.000000
vt 0.483653 0.050000 0.000000
vt 0.483653 0.000000 0.000000
vt 0.455203 0.050000 0.000000
vt 0.455203 0.000000 0.000000
vt 0.221950 0.050000 0.000000
vt 0.194206 0.050000 0.000000
vt 0.221950 0.000000 0.000000
vt 0.194206 0.000000 0.000000
vt 0.180334 0.050000 0.000000
vt 0.180334 0.000000 0.000000
vt 0.166462 0.050000 0.000000
vt 0.166462 0.000000 0.000000
vt 0.152591 0.050000 0.000000
vt 0.152591 0.000000 0.000000
vt 0.138719 0.050000 0.000000
vt 0.138719 0.000000 0.000000
vt 0.124847 0.050000 0.000000
vt 0.124847 0.000000 0.000000
vt 0.110975 0.050000 0.000000
vt 0.110975 0.000000 0.000000
vt 0.083231 0.050000 0.000000
vt 0.083231 0.000000 0.000000
vt 0.055487 0.050000 0.000000
vt 0.055487 0.000000 0.000000
vt 0.027744 0.050000 0.000000
vt 0.027744 0.000000 0.000000
vt 0.000000 0.050000 0.000000
vt 0.000000 0.000000 0.000000
vt 0.155042 -0.887514 0.000000
vt 0.187625 -0.709392 0.000000
vt 0.149120 -0.886480 0.000000
vt 0.150760 -0.706937 0.000000
vt 0.076583 -0.866288 0.000000
vt 0.149120 -0.706657 0.000000
vt 0.106899 -0.695451 0.000000
vt 0.160979 -0.888455 0.000000
vt 0.166931 -0.889301 0.000000
vt 0.172895 -0.890052 0.000000
vt 0.240088 -0.890698 0.000000
vt 0.219971 -0.704353 0.000000
vt 0.270290 -0.885502 0.000000
vt 0.298060 -0.876854 0.000000
vt 0.234283 -0.699235 0.000000
vt 0.323275 -0.864926 0.000000
vt 0.345807 -0.849890 0.000000
vt 0.247265 -0.692497 0.000000
vt 0.365533 -0.831917 0.000000
vt 0.382326 -0.811178 0.000000
vt 0.258849 -0.684225 0.000000
vt 0.404607 -0.767504 0.000000
vt 0.268970 -0.674504 0.000000
vt 0.416505 -0.716104 0.000000
vt 0.277561 -0.663418 0.000000
vt 0.284555 -0.651051 0.000000
vt 0.417036 -0.658446 0.000000
vt 0.289884 -0.637490 0.000000
vt 0.293483 -0.622819 0.000000
vt 0.405213 -0.595997 0.000000
vt 0.295221 -0.590484 0.000000
vt 0.368535 -0.510513 0.000000
vt 0.289234 -0.554726 0.000000
vt 0.269191 -0.505756 0.000000
vt 0.311261 -0.430247 0.000000
vt 0.237401 -0.459525 0.000000
vt 0.238326 -0.359597 0.000000
vt 0.196499 -0.418422 0.000000
vt 0.149120 -0.384838 0.000000
vt 0.154662 -0.302960 0.000000
vt 0.110597 -0.365891 0.000000
vt 0.149123 -0.299951 0.000000
vt 0.072056 -0.353871 0.000000
vt 0.092269 -0.273975 0.000000
vt 0.035290 -0.349046 0.000000
vt 0.035819 -0.257035 0.000000
vt 0.001860 -0.350997 0.000000
vt -0.026860 -0.248369 0.000000
vt -0.027534 -0.359247 0.000000
vt -0.084772 -0.250118 0.000000
vt -0.052193 -0.373321 0.000000
vt -0.136546 -0.261427 0.000000
vt -0.062528 -0.382393 0.000000
vt -0.180816 -0.281440 0.000000
vt -0.071418 -0.392743 0.000000
vt -0.201849 -0.296120 0.000000
vt -0.078774 -0.404311 0.000000
vt -0.220367 -0.313340 0.000000
vt -0.236182 -0.332984 0.000000
vt -0.084509 -0.417037 0.000000
vt -0.249108 -0.354934 0.000000
vt -0.258958 -0.379074 0.000000
vt -0.088536 -0.430862 0.000000
vt -0.265544 -0.405287 0.000000
vt -0.090768 -0.445727 0.000000
vt -0.268178 -0.463462 0.000000
vt -0.089495 -0.478337 0.000000
vt -0.254047 -0.534485 0.000000
vt -0.079227 -0.517347 0.000000
vt -0.223838 -0.604822 0.000000
vt -0.061324 -0.555327 0.000000
vt -0.179488 -0.672666 0.000000
vt -0.036809 -0.591295 0.000000
vt -0.122936 -0.736211 0.000000
vt -0.006706 -0.624272 0.000000
vt 0.027962 -0.653278 0.000000
vt -0.061082 -0.789531 0.000000
vt 0.066172 -0.677331 0.000000
vt 0.005970 -0.833431 0.000000
vt 0.672265 0.050000 0.000000
vt 0.504199 0.050000 0.000000
vt 0.672265 0.000000 0.000000
vt 0.504199 0.000000 0.000000
vt 0.336133 0.050000 0.000000
vt 0.336133 0.000000 0.000000
vt 0.915428 0.050000 0.000000
vt 0.839142 0.050000 0.000000
vt 0.915428 0.000000 0.000000
vt 0.839142 0.000000 0.000000
vt 0.762857 0.050000 0.000000
vt 0.762857 0.000000 0.000000
vt 0.686571 0.050000 0.000000
vt 0.686571 0.000000 0.000000
vt 0.610285 0.050000 0.000000
vt 0.610285 0.000000 0.000000
vt 0.341197 0.050000 0.000000
vt 0.298244 0.050000 0.000000
vt 0.341197 0.000000 0.000000
vt 0.298244 0.000000 0.000000
vt 0.255898 0.050000 0.000000
vt 0.255898 0.000000 0.000000
vt 1.427778 0.050000 0.000000
vt 1.288039 0.050000 0.000000
vt 1.427778 0.000000 0.000000
vt 1.288039 0.000000 0.000000
vt 1.216094 0.050000 0.000000
vt 1.216094 0.000000 0.000000
vt 1.142222 0.050000 0.000000
vt 1.142222 0.000000 0.000000
vt 2.816446 0.050000 0.000000
vt 2.699787 0.050000 0.000000
vt 2.816446 0.000000 0.000000
vt 2.699787 0.000000 0.000000
vt 2.583129 0.050000 0.000000
vt 2.583129 0.000000 0.000000
vt 2.466470 0.050000 0.000000
vt 2.466470 0.000000 0.000000
vt 2.349812 0.050000 0.000000
vt 2.349812 0.000000 0.000000
vt 330.507181 0.050000 0.000000
vt 330.504271 0.050000 0.000000
vt 330.507181 0.000000 0.000000
vt 330.504271 0.000000 0.000000
vt 0.883371 0.050000 0.000000
vt 0.817331 0.050000 0.000000
vt 0.883371 0.000000 0.000000
vt 0.817331 0.000000 0.000000
vt 0.760549 0.050000 0.000000
vt 0.616501 0.050000 0.000000
vt 0.760549 0.000000 0.000000
vt 0.616501 0.000000 0.000000
vt 0.297873 0.050000 0.000000
vt 0.198582 0.050000 0.000000
vt 0.297873 0.000000 0.000000
vt 0.198582 0.000000 0.000000
vt 0.295489 0.050000 0.000000
vt 0.249815 0.050000 0.000000
vt 0.295489 0.000000 0.000000
vt 0.249815 0.000000 0.000000
vt 0.147745 0.050000 0.000000
vt 0.147745 0.000000 0.000000
vt 0.216069 0.050000 0.000000
vt 0.123106 0.050000 0.000000
vt 0.216069 0.000000 0.000000
vt 0.123106 0.000000 0.000000
vt 0.132488 0.050000 0.000000
vt 0.031674 0.050000 0.000000
vt 0.132488 0.000000 0.000000
vt 0.031674 0.000000 0.000000
vt 0.032913 0.050000 0.000000
vt 0.022004 0.050000 0.000000
vt 0.032913 0.000000 0.000000
vt 0.022004 0.000000 0.000000
vt 0.011033 0.050000 0.000000
vt 0.011033 0.000000 0.000000
vt 0.000000 0.050000 0.000000
vt 0.000000 0.000000 0.000000
vt 0.000000 0.000000 0.000000
vt 0.042700 -0.132718 0.000000
vt 0.087357 -0.136501 0.000000
vt 0.070857 -0.232281 0.000000
vt 0.116181 -0.210883 0.000000
vt 0.133774 -0.286505 0.000000
vt 0.106249 -0.369856 0.000000
vt 0.139448 -0.360771 0.000000
vt 0.132518 -0.431087 0.000000
vt 0.110501 -0.440820 0.000000
vt 0.121091 -0.473407 0.000000
vt 0.104622 -0.511569 0.000000
vt -0.124686 0.116352 0.000000
vt -0.086623 0.058248 0.000000
vt -0.010908 -0.033395 0.000000
vt -0.181097 0.134769 0.000000
vt -0.133676 0.122639 0.000000
vt -0.142767 0.128779 0.000000
vt -0.151958 0.134769 0.000000
vt -0.183544 0.136343 0.000000
vt -0.240653 0.182356 0.000000
vt -0.240930 0.168924 0.000000
vt -0.328292 0.212865 0.000000
vt -0.375983 0.216994 0.000000
vt -0.375111 0.222559 0.000000
vt -0.474475 0.226671 0.000000
vt 0.463322 0.050000 0.000000
vt 0.414958 0.050000 0.000000
vt 0.463322 0.000000 0.000000
vt 0.414958 0.000000 0.000000
vt 0.365171 0.050000 0.000000
vt 0.365171 0.000000 0.000000
vt 0.314518 0.050000 0.000000
vt 0.314518 0.000000 0.000000
vt 0.263652 0.050000 0.000000
vt 0.263652 0.000000 0.000000
vt 0.283364 0.050000 0.000000
vt 0.248981 0.050000 0.000000
vt 0.283364 0.000000 0.000000
vt 0.248981 0.000000 0.000000
vt 1.907695 0.050000 0.000000
vt 1.748721 0.050000 0.000000
vt 1.907695 0.000000 0.000000
vt 1.748721 0.000000 0.000000
vt 1.589746 0.050000 0.000000
vt 1.589746 0.000000 0.000000
vt 1.430771 0.050000 0.000000
vt 1.430771 0.000000 0.000000
vt 1.351284 0.050000 0.000000
vt 1.351284 0.000000 0.000000
vt 1.271797 0.050000 0.000000
vt 1.271797 0.000000 0.000000
vt 0.548661 0.050000 0.000000
vt 0.411495 0.050000 0.000000
vt 0.548661 0.000000 0.000000
vt 0.411495 0.000000 0.000000
vt 1.915361 0.050000 0.000000
vt 1.723825 0.050000 0.000000
vt 1.915361 0.000000 0.000000
vt 1.723825 0.000000 0.000000
vt 1.628057 0.050000 0.000000
vt 1.628057 0.000000 0.000000
vt 1.532289 0.050000 0.000000
vt 1.532289 0.000000 0.000000
vt 2.131240 0.050000 0.000000
vt 2.049756 0.050000 0.000000
vt 2.131240 0.000000 0.000000
vt 2.049756 0.000000 0.000000
vt 1.968271 0.050000 0.000000
vt 1.968271 0.000000 0.000000
vt 1.805303 0.050000 0.000000
vt 1.805303 0.000000 0.000000
vt 1.606046 0.050000 0.000000
vt 1.580006 0.050000 0.000000
vt 1.606046 0.000000 0.000000
vt 1.580006 0.000000 0.000000
vt 1.354085 0.050000 0.000000
vt 1.305725 0.050000 0.000000
vt 1.354085 0.000000 0.000000
vt 1.305725 0.000000 0.000000
vt 1.257365 0.050000 0.000000
vt 1.257365 0.000000 0.000000
vt 1.209005 0.050000 0.000000
vt 1.209005 0.000000 0.000000
vt 1.160645 0.050000 0.000000
vt 1.160645 0.000000 0.000000
vt 2.139701 0.050000 0.000000
vt 2.072836 0.050000 0.000000
vt 2.139701 0.000000 0.000000
vt 2.072836 0.000000 0.000000
vt 2.005970 0.050000 0.000000
vt 2.005970 0.000000 0.000000
vt 1.972537 0.050000 0.000000
vt 1.972537 0.000000 0.000000
vt 1.939104 0.050000 0.000000
vt 1.939104 0.000000 0.000000
vt 1.905672 0.050000 0.000000
vt 1.905672 0.000000 0.000000
vt 1.872239 0.050000 0.000000
vt 1.872239 0.000000 0.000000
vt 0.363766 0.050000 0.000000
vt 0.318295 0.050000 0.000000
vt 0.363766 0.000000 0.000000
vt 0.318295 0.000000 0.000000
vt 0.272824 0.050000 0.000000
vt 0.272824 0.000000 0.000000
vt 0.227354 0.050000 0.000000
vt 0.227354 0.000000 0.000000
vt 0.181883 0.050000 0.000000
vt 0.181883 0.000000 0.000000
vt 0.136412 0.050000 0.000000
vt 0.136412 0.000000 0.000000
vt 0.090941 0.050000 0.000000
vt 0.090941 0.000000 0.000000
vt 0.000000 0.050000 0.000000
vt 0.000000 0.000000 0.000000
vt 0.114750 -1.086405 0.000000
vt 0.149120 -1.087081 0.000000
vt 0.174969 -0.983372 0.000000
vt 0.199406 -1.082927 0.000000
vt 0.248603 -1.072021 0.000000
vt 0.226747 -0.984241 0.000000
vt 0.295438 -1.053880 0.000000
vt 0.338639 -1.028361 0.000000
vt 0.275598 -0.977432 0.000000
vt 0.373219 -0.999526 0.000000
vt 0.320822 -0.962680 0.000000
vt 0.402761 -0.966084 0.000000
vt 0.361722 -0.939723 0.000000
vt 0.427084 -0.928602 0.000000
vt 0.387442 -0.918755 0.000000
vt 0.409767 -0.894624 0.000000
vt 0.446007 -0.887648 0.000000
vt 0.428548 -0.867636 0.000000
vt 0.459350 -0.843789 0.000000
vt 0.443637 -0.838092 0.000000
vt 0.466932 -0.797591 0.000000
vt 0.462142 -0.772557 0.000000
vt 0.464091 -0.700448 0.000000
vt 0.149120 -0.980247 0.000000
vt 0.043392 -1.077026 0.000000
vt 0.075944 -0.962911 0.000000
vt -0.028300 -1.057658 0.000000
vt 0.002267 -0.933371 0.000000
vt -0.167851 -0.990826 0.000000
vt -0.140025 -0.840256 0.000000
vt -0.294230 -0.889655 0.000000
vt -0.313404 -0.757117 0.000000
vt -0.397764 -0.757891 0.000000
vt -0.389313 -0.699930 0.000000
vt -0.455095 -0.633535 0.000000
vt -0.390843 0.050000 0.000000
vt -0.439698 0.050000 0.000000
vt -0.390843 0.000000 0.000000
vt -0.439698 0.000000 0.000000
vt -0.488554 0.050000 0.000000
vt -0.488554 0.000000 0.000000
vt -0.537409 0.050000 0.000000
vt -0.537409 0.000000 0.000000
vt -0.586265 0.050000 0.000000
vt -0.586265 0.000000 0.000000
vt -0.184934 0.050000 0.000000
vt -0.234646 0.050000 0.000000
vt -0.184934 0.000000 0.000000
vt -0.234646 0.000000 0.000000
vt -0.282022 0.050000 0.000000
vt -0.282022 0.000000 0.000000
vt -0.327046 0.050000 0.000000
vt -0.327046 0.000000 0.000000
vt -0.369868 0.050000 0.000000
vt -0.369868 0.000000 0.000000
vt -0.000000 0.050000 0.000000
vt -0.048172 0.050000 0.000000
vt -0.000000 0.000000 0.000000
vt -0.048172 0.000000 0.000000
vt -0.096345 0.050000 0.000000
vt -0.096345 0.000000 0.000000
vt -0.144517 0.050000 0.000000
vt -0.144517 0.000000 0.000000
vt -0.192690 0.050000 0.000000
vt -0.192690 0.000000 0.000000
vt -1.594551 0.050000 0.000000
vt -1.694211 0.050000 0.000000
vt -1.594551 0.000000 0.000000
vt -1.694211 0.000000 0.000000
vt -1.793870 0.050000 0.000000
vt -1.793870 0.000000 0.000000
vt -1.893530 0.050000 0.000000
vt -1.893530 0.000000 0.000000
vt -1.993189 0.050000 0.000000
vt -1.993189 0.000000 0.000000
vt -1.365907 0.050000 0.000000
vt -1.502544 0.050000 0.000000
vt -1.365907 0.000000 0.000000
vt -1.502544 0.000000 0.000000
vt -1.639088 0.050000 0.000000
vt -1.639088 0.000000 0.000000
vt -1.278193 0.050000 0.000000
vt -1.334950 0.050000 0.000000
vt -1.278193 0.000000 0.000000
vt -1.334950 0.000000 0.000000
vt -1.389441 0.050000 0.000000
vt -1.389441 0.000000 0.000000
vt -1.491225 0.050000 0.000000
vt -1.491225 0.000000 0.000000
vt -1.218633 0.050000 0.000000
vt -1.279564 0.050000 0.000000
vt -1.218633 0.000000 0.000000
vt -1.279564 0.000000 0.000000
vt -1.310030 0.050000 0.000000
vt -1.310030 0.000000 0.000000
vt -1.340496 0.050000 0.000000
vt -1.340496 0.000000 0.000000
vt -1.370962 0.050000 0.000000
vt -1.370962 0.000000 0.000000
vt -1.401428 0.050000 0.000000
vt -1.401428 0.000000 0.000000
vt -1.431894 0.050000 0.000000
vt -1.431894 0.000000 0.000000
vt -1.462359 0.050000 0.000000
vt -1.462359 0.000000 0.000000
vt -1.093336 0.050000 0.000000
vt -1.161669 0.050000 0.000000
vt -1.093336 0.000000 0.000000
vt -1.161669 0.000000 0.000000
vt -1.230003 0.050000 0.000000
vt -1.230003 0.000000 0.000000
vt -1.298336 0.050000 0.000000
vt -1.298336 0.000000 0.000000
vt -1.366670 0.050000 0.000000
vt -1.366670 0.000000 0.000000
vt -0.289479 0.050000 0.000000
vt -0.385972 0.050000 0.000000
vt -0.289479 0.000000 0.000000
vt -0.385972 0.000000 0.000000
vt -0.075921 -0.197785 0.000000
vt -0.092629 -0.164977 0.000000
vt -0.115905 -0.211596 0.000000
vt -0.163749 -0.166124 0.000000
vt -0.161980 -0.218256 0.000000
vt -0.206569 -0.231270 0.000000
vt -0.228166 -0.177212 0.000000
vt -0.248375 -0.251182 0.000000
vt -0.284216 -0.197316 0.000000
vt -0.285620 -0.278443 0.000000
vt -0.337090 -0.230882 0.000000
vt -0.316404 -0.313234 0.000000
vt -0.359211 -0.252047 0.000000
vt -0.378070 -0.275930 0.000000
vt -0.029844 -0.191128 0.000000
vt -0.016469 -0.174695 0.000000
vt 0.021252 -0.192013 0.000000
vt 0.076293 -0.200826 0.000000
vt -0.338979 -0.354697 0.000000
vt -0.393380 -0.302380 0.000000
vt -0.404851 -0.331245 0.000000
vt -0.412196 -0.362372 0.000000
vt -0.352442 -0.402280 0.000000
vt -0.415126 -0.395610 0.000000
vt -0.411273 -0.448752 0.000000
vt -0.355888 -0.455431 0.000000
vt -0.399055 -0.500720 0.000000
vt -0.341310 -0.545573 0.000000
vt -0.355357 -0.598521 0.000000
vt -0.304824 -0.634908 0.000000
vt -0.277119 -0.705057 0.000000
vt -0.248389 -0.720629 0.000000
vt -0.173967 -0.799933 0.000000
vt 1.660597 1.184109 0.000000
vt 1.622056 1.196129 0.000000
vt 1.470773 1.032653 0.000000
vt 1.585290 1.200954 0.000000
vt 1.460505 1.071663 0.000000
vt 1.551860 1.199003 0.000000
vt 1.459232 1.104273 0.000000
vt 1.461464 1.119138 0.000000
vt 1.465491 1.132963 0.000000
vt 1.471226 1.145689 0.000000
vt 1.478582 1.157257 0.000000
vt 1.487472 1.167607 0.000000
vt 1.497807 1.176679 0.000000
vt 1.522466 1.190753 0.000000
vt 1.488676 0.994673 0.000000
vt 1.699120 1.165162 0.000000
vt 1.513191 0.958705 0.000000
vt 1.746499 1.131578 0.000000
vt 1.543294 0.925728 0.000000
vt 1.787401 1.090475 0.000000
vt 1.577962 0.896722 0.000000
vt 1.616172 0.872669 0.000000
vt 1.819191 1.044244 0.000000
vt 1.656899 0.854549 0.000000
vt 1.839234 0.995274 0.000000
vt 1.699120 0.843343 0.000000
vt 1.845221 0.959516 0.000000
vt 1.700760 0.843063 0.000000
vt 1.843483 0.927181 0.000000
vt 1.839884 0.912510 0.000000
vt 1.834555 0.898949 0.000000
vt 1.827561 0.886582 0.000000
vt 1.818970 0.875496 0.000000
vt 1.808849 0.865775 0.000000
vt 1.797265 0.857503 0.000000
vt 1.784283 0.850765 0.000000
vt 1.769971 0.845647 0.000000
vt 1.737625 0.840608 0.000000
vt 0.289778 0.077646 0.000000
vt 0.144845 0.038779 0.000000
vt 0.300000 0.000000 0.000000
vt 0.149956 -0.000044 0.000000
vt 0.289778 -0.077646 0.000000
vt 0.144845 -0.038867 0.000000
vt 0.259808 -0.150000 0.000000
vt 0.129860 -0.075044 0.000000
vt 0.212132 -0.212132 0.000000
vt 0.106022 -0.106110 0.000000
vt 0.150000 -0.259808 0.000000
vt 0.074956 -0.129948 0.000000
vt 0.077646 -0.289778 0.000000
vt 0.038779 -0.144933 0.000000
vt 0.000000 -0.300000 0.000000
vt -0.000044 -0.150044 0.000000
vt -0.077646 -0.289778 0.000000
vt -0.038867 -0.144933 0.000000
vt -0.150000 -0.259808 0.000000
vt -0.075044 -0.129948 0.000000
vt -0.212132 -0.212132 0.000000
vt -0.106110 -0.106110 0.000000
vt -0.129948 -0.075044 0.000000
vt 0.129860 0.074956 0.000000
vt 0.259808 0.150000 0.000000
vt 0.106022 0.106022 0.000000
vt 0.212132 0.212132 0.000000
vt 0.150000 0.259808 0.000000
vt 0.074956 0.129860 0.000000
vt 0.077646 0.289778 0.000000
vt 0.038779 0.144845 0.000000
vt 0.000000 0.300000 0.000000
vt -0.000044 0.149956 0.000000
vt -0.077646 0.289778 0.000000
vt -0.038867 0.144845 0.000000
vt -0.150000 0.259808 0.000000
vt -0.075044 0.129860 0.000000
vt -0.212132 0.212132 0.000000
vt -0.106110 0.106022 0.000000
vt -0.259808 0.150000 0.000000
vt -0.129948 0.074956 0.000000
vt -0.289778 0.077646 0.000000
vt -0.144933 0.038779 0.000000
vt -0.300000 0.000000 0.000000
vt -0.150044 -0.000044 0.000000
vt -0.289778 -0.077646 0.000000
vt -0.144933 -0.038867 0.000000
vt -0.259808 -0.150000 0.000000
vt 0.289778 0.077646 0.000000
vt 0.144889 0.038823 0.000000
vt 0.300000 0.000000 0.000000
vt 0.150000 0.000000 0.000000
vt 0.289778 -0.077646 0.000000
vt 0.144889 -0.038823 0.000000
vt 0.129904 -0.075000 0.000000
vt 0.129904 0.075000 0.000000
vt 0.259808 0.150000 0.000000
vt 0.106066 0.106066 0.000000
vt 0.212132 0.212132 0.000000
vt 0.075000 0.129904 0.000000
vt 0.150000 0.259808 0.000000
vt 0.038823 0.144889 0.000000
vt 0.077646 0.289778 0.000000
vt 0.000000 0.150000 0.000000
vt 0.000000 0.300000 0.000000
vt -0.077646 0.289778 0.000000
vt -0.038823 0.144889 0.000000
vt -0.150000 0.259808 0.000000
vt -0.075000 0.129904 0.000000
vt -0.212132 0.212132 0.000000
vt -0.106066 0.106066 0.000000
vt -0.259808 0.150000 0.000000
vt -0.129904 0.075000 0.000000
vt -0.289778 0.077646 0.000000
vt -0.144889 0.038823 0.000000
vt -0.300000 0.000000 0.000000
vt -0.150000 0.000000 0.000000
vt -0.144889 -0.038823 0.000000
vt -0.289778 -0.077646 0.000000
vt -0.129904 -0.075000 0.000000
vt -0.259808 -0.150000 0.000000
vt -0.106066 -0.106066 0.000000
vt -0.212132 -0.212132 0.000000
vt -0.075000 -0.129904 0.000000
vt -0.150000 -0.259808 0.000000
vt -0.038823 -0.144889 0.000000
vt -0.077646 -0.289778 0.000000
vt 0.000000 -0.150000 0.000000
vt 0.000000 -0.300000 0.000000
vt 0.077646 -0.289778 0.000000
vt 0.038823 -0.144889 0.000000
vt 0.150000 -0.259808 0.000000
vt 0.075000 -0.129904 0.000000
vt 0.212132 -0.212132 0.000000
vt 0.106066 -0.106066 0.000000
vt 0.259808 -0.150000 0.000000
vt 1.730610 -0.579321 0.000000
vt -0.000000 1.825000 0.000000
vt 1.618055 -0.844111 0.000000
vt -1.443934 1.443934 0.000000
vt -1.910000 -1.110000 0.000000
vt -1.475000 1.420096 0.000000
vt -1.511177 1.405111 0.000000
vt 1.800152 -0.300132 0.000000
vt 1.824950 -0.013483 0.000000
vt 1.804390 0.273502 0.000000
vt 1.738981 0.553688 0.000000
vt 1.630350 0.820112 0.000000
vt 1.481196 1.066153 0.000000
vt 1.295228 1.285694 0.000000
vt 0.286824 1.802320 0.000000
vt 1.077066 1.473280 0.000000
vt 0.832135 1.624247 0.000000
vt 0.566520 1.734843 0.000000
vt -1.287907 1.825000 0.000000
vt -1.405111 1.511177 0.000000
vt -1.420096 1.475000 0.000000
vt -1.397857 1.876271 0.000000
vt -1.443934 1.656066 0.000000
vt -1.420096 1.625000 0.000000
vt -1.405111 1.588823 0.000000
vt -1.483623 1.903828 0.000000
vt -1.511177 1.694889 0.000000
vt -1.475000 1.679904 0.000000
vt -1.550000 1.700000 0.000000
vt -1.573545 1.909229 0.000000
vt -1.588823 1.694889 0.000000
vt -1.661993 1.892137 0.000000
vt -1.625000 1.679904 0.000000
vt -1.743428 1.853621 0.000000
vt -1.656066 1.656066 0.000000
vt -1.812751 1.796093 0.000000
vt -1.679904 1.625000 0.000000
vt -1.865622 1.723156 0.000000
vt -1.694889 1.588823 0.000000
vt -1.898729 1.639376 0.000000
vt -1.700000 1.550000 0.000000
vt -1.910000 1.550000 0.000000
vt -1.694889 1.511177 0.000000
vt -1.679904 1.475000 0.000000
vt -1.656066 1.443934 0.000000
vt -1.625000 1.420096 0.000000
vt -1.588823 1.405111 0.000000
vt -1.550000 1.400000 0.000000
vt -1.889942 -1.288017 0.000000
vt -1.830775 -1.457107 0.000000
vt -1.735465 -1.608792 0.000000
vt -1.608792 -1.735465 0.000000
vt -1.457107 -1.830775 0.000000
vt -1.288017 -1.889942 0.000000
vt -1.110000 -1.910000 0.000000
vt 1.550000 -1.910000 0.000000
vt 1.420096 -1.625000 0.000000
vt 1.405111 -1.588823 0.000000
vt 1.400000 -1.550000 0.000000
vt 1.639376 -1.898729 0.000000
vt 1.550000 -1.700000 0.000000
vt 1.511177 -1.694889 0.000000
vt 1.475000 -1.679904 0.000000
vt 1.588823 -1.694889 0.000000
vt 1.723156 -1.865622 0.000000
vt 1.625000 -1.679904 0.000000
vt 1.796093 -1.812751 0.000000
vt 1.656066 -1.656066 0.000000
vt 1.853621 -1.743428 0.000000
vt 1.679904 -1.625000 0.000000
vt 1.892137 -1.661993 0.000000
vt 1.694889 -1.588823 0.000000
vt 1.909229 -1.573545 0.000000
vt 1.700000 -1.550000 0.000000
vt 1.903828 -1.483623 0.000000
vt 1.694889 -1.511177 0.000000
vt 1.876271 -1.397857 0.000000
vt 1.679904 -1.475000 0.000000
vt 1.656066 -1.443934 0.000000
vt 1.625000 -1.420096 0.000000
vt 1.588823 -1.405111 0.000000
vt 1.550000 -1.400000 0.000000
vt 1.511177 -1.405111 0.000000
vt 1.475000 -1.420096 0.000000
vt 1.443934 -1.443934 0.000000
vt 1.420096 -1.475000 0.000000
vt 1.405111 -1.511177 0.000000
vt -1.400000 1.550000 0.000000
vt 1.443934 -1.656066 0.000000
vt 0.193185 0.051764 0.000000
vt 0.096593 0.025882 0.000000
vt 0.200000 0.000000 0.000000
vt 0.100000 0.000000 0.000000
vt 0.193185 -0.051764 0.000000
vt 0.096593 -0.025882 0.000000
vt 0.086603 -0.050000 0.000000
vt 0.086603 0.050000 0.000000
vt 0.173205 0.100000 0.000000
vt 0.070711 0.070711 0.000000
vt 0.141421 0.141421 0.000000
vt 0.050000 0.086603 0.000000
vt 0.100000 0.173205 0.000000
vt 0.025882 0.096593 0.000000
vt 0.051764 0.193185 0.000000
vt 0.000000 0.100000 0.000000
vt 0.000000 0.200000 0.000000
vt -0.051764 0.193185 0.000000
vt -0.025882 0.096593 0.000000
vt -0.100000 0.173205 0.000000
vt -0.050000 0.086603 0.000000
vt -0.141421 0.141421 0.000000
vt -0.070711 0.070711 0.000000
vt -0.173205 0.100000 0.000000
vt -0.086603 0.050000 0.000000
vt -0.193185 0.051764 0.000000
vt -0.096593 0.025882 0.000000
vt -0.200000 -0.000000 0.000000
vt -0.100000 -0.000000 0.000000
vt -0.096593 -0.025882 0.000000
vt -0.193185 -0.051764 0.000000
vt -0.086603 -0.050000 0.000000
vt -0.173205 -0.100000 0.000000
vt -0.070711 -0.070711 0.000000
vt -0.141421 -0.141421 0.000000
vt -0.050000 -0.086603 0.000000
vt -0.100000 -0.173205 0.000000
vt -0.025882 -0.096593 0.000000
vt -0.051764 -0.193185 0.000000
vt 0.000000 -0.100000 0.000000
vt 0.000000 -0.200000 0.000000
vt 0.051764 -0.193185 0.000000
vt 0.025882 -0.096593 0.000000
vt 0.100000 -0.173205 0.000000
vt 0.050000 -0.086603 0.000000
vt 0.141421 -0.141421 0.000000
vt 0.070711 -0.070711 0.000000
vt 0.173205 -0.100000 0.000000
vn 0.025882 0.000000 -0.096593
vn 0.025882 0.000000 -0.096593
vn -0.000000 0.000000 -0.100000
vn -0.000000 0.000000 -0.100000
vn -0.025882 0.000000 -0.096593
vn -0.025882 0.000000 -0.096593
vn -0.050000 0.000000 -0.086603
vn -0.050000 0.000000 -0.086603
vn -0.070711 0.000000 -0.070711
vn -0.070711 0.000000 -0.070711
vn -0.086603 0.000000 -0.050000
vn -0.086603 0.000000 -0.050000
vn -0.096593 0.000000 -0.025882
vn -0.096593 0.000000 -0.025882
vn -0.100000 0.000000 -0.000000
vn -0.100000 0.000000 -0.000000
vn -0.096593 0.000000 0.025882
vn -0.096593 0.000000 0.025882
vn -0.086603 0.000000 0.050000
vn -0.086603 0.000000 0.050000
vn -0.070711 0.000000 0.070711
vn -0.070711 0.000000 0.070711
vn -0.050000 0.000000 0.086603
vn -0.050000 0.000000 0.086603
vn -0.025882 0.000000 0.096593
vn -0.025882 0.000000 0.096593
vn -0.000000 0.000000 0.100000
vn -0.000000 0.000000 0.100000
vn 0.025882 0.000000 0.096593
vn 0.025882 0.000000 0.096593
vn 0.050000 0.000000 0.086603
vn 0.050000 0.000000 0.086603
vn 0.070711 0.000000 0.070711
vn 0.070711 0.000000 0.070711
vn 0.086603 0.000000 0.050000
vn 0.086603 0.000000 0.050000
vn 0.096593 0.000000 0.025882
vn 0.096593 0.000000 0.025882
vn 0.100000 0.000000 -0.000000
vn 0.100000 0.000000 -0.000000
vn 0.096593 0.000000 -0.025882
vn 0.096593 0.000000 -0.025882
vn 0.086603 0.000000 -0.050000
vn 0.086603 0.000000 -0.050000
vn 0.070711 0.000000 -0.070711
vn 0.070711 0.000000 -0.070711
vn 0.050000 0.000000 -0.086603
vn 0.050000 0.000000 -0.086603
vn -0.096593 0.025882 0.000000
vn -0.096593 0.025882 0.000000
vn -0.100000 0.000000 0.000000
vn -0.100000 0.000000 0.000000
vn -0.096593 -0.025882 0.000000
vn -0.096593 -0.025882 0.000000
vn -0.086603 -0.050000 0.000000
vn -0.086603 -0.050000 0.000000
vn -0.070711 -0.070711 0.000000
vn -0.070711 -0.070711 0.000000
vn -0.050000 -0.086603 0.000000
vn -0.050000 -0.086603 0.000000
vn -0.025882 -0.096593 0.000000
vn -0.025882 -0.096593 0.000000
vn -0.000000 -0.100000 0.000000
vn -0.000000 -0.100000 0.000000
vn 0.025882 -0.096593 0.000000
vn 0.025882 -0.096593 0.000000
vn 0.050000 -0.086603 0.000000
vn 0.050000 -0.086603 0.000000
vn 0.070711 -0.070711 0.000000
vn 0.070711 -0.070711 0.000000
vn 0.086603 -0.050000 0.000000
vn 0.086603 -0.050000 0.000000
vn 0.096593 -0.025882 0.000000
vn 0.096593 -0.025882 0.000000
vn 0.100000 -0.000000 0.000000
vn 0.100000 -0.000000 0.000000
vn 0.096593 0.025882 0.000000
vn 0.096593 0.025882 0.000000
vn 0.086603 0.050000 0.000000
vn 0.086603 0.050000 0.000000
vn 0.070711 0.070711 0.000000
vn 0.070711 0.070711 0.000000
vn 0.050000 0.086603 0.000000
vn 0.050000 0.086603 0.000000
vn 0.025882 0.096593 0.000000
vn 0.025882 0.096593 0.000000
vn -0.000000 0.100000 0.000000
vn -0.000000 0.100000 0.000000
vn -0.025882 0.096593 0.000000
vn -0.025882 0.096593 0.000000
vn -0.050000 0.086603 0.000000
vn -0.050000 0.086603 0.000000
vn -0.070711 0.070711 0.000000
vn -0.070711 0.070711 0.000000
vn -0.086603 0.050000 0.000000
vn -0.086603 0.050000 0.000000
vn -0.096593 0.025882 0.000000
vn -0.096593 0.025882 0.000000
vn -0.100000 0.000000 0.000000
vn -0.100000 0.000000 0.000000
vn -0.096593 -0.025882 0.000000
vn -0.096593 -0.025882 0.000000
vn -0.086603 -0.050000 0.000000
vn -0.086603 -0.050000 0.000000
vn -0.070711 -0.070711 0.000000
vn -0.070711 -0.070711 0.000000
vn -0.050000 -0.086603 0.000000
vn -0.050000 -0.086603 0.000000
vn -0.025882 -0.096593 0.000000
vn -0.025882 -0.096593 0.000000
vn -0.000000 -0.100000 0.000000
vn -0.000000 -0.100000 0.000000
vn 0.025882 -0.096593 0.000000
vn 0.025882 -0.096593 0.000000
vn 0.050000 -0.086603 0.000000
vn 0.050000 -0.086603 0.000000
vn 0.070711 -0.070711 0.000000
vn 0.070711 -0.070711 0.000000
vn 0.086603 -0.050000 0.000000
vn 0.086603 -0.050000 0.000000
vn 0.096593 -0.025882 0.000000
vn 0.096593 -0.025882 0.000000
vn 0.100000 -0.000000 0.000000
vn 0.100000 -0.000000 0.000000
vn 0.096593 0.025882 0.000000
vn 0.096593 0.025882 0.000000
vn 0.086603 0.050000 0.000000
vn 0.086603 0.050000 0.000000
vn 0.070711 0.070711 0.000000
vn 0.070711 0.070711 0.000000
vn 0.050000 0.086603 0.000000
vn 0.050000 0.086603 0.000000
vn 0.025882 0.096593 0.000000
vn 0.025882 0.096593 0.000000
vn -0.000000 0.100000 0.000000
vn -0.000000 0.100000 0.000000
vn -0.025882 0.096593 0.000000
vn -0.025882 0.096593 0.000000
vn -0.050000 0.086603 0.000000
vn -0.050000 0.086603 0.000000
vn -0.070711 0.070711 0.000000
vn -0.070711 0.070711 0.000000
vn -0.086603 0.050000 0.000000
vn -0.086603 0.050000 0.000000
vn 0.081436 -0.058036 0.000000
vn 0.081436 -0.058036 0.000000
vn 0.091601 -0.040116 0.000000
vn 0.091601 -0.040116 0.000000
vn 0.097878 -0.020493 0.000000
vn 0.097878 -0.020493 0.000000
vn 0.100000 0.000000 0.000000
vn 0.100000 0.000000 0.000000
vn 0.097878 0.020493 0.000000
vn 0.097878 0.020493 0.000000
vn 0.091601 0.040116 0.000000
vn 0.091601 0.040116 0.000000
vn 0.081436 0.058036 0.000000
vn 0.081436 0.058036 0.000000
vn 0.098797 0.015468 0.000000
vn 0.100000 -0.000000 0.000000
vn 0.100000 0.000000 0.000000
vn 0.098797 -0.015468 0.000000
vn 0.098797 -0.015468 0.000000
vn 0.097382 -0.022730 0.000000
vn 0.097382 -0.022730 0.000000
vn 0.096984 -0.024373 0.000000
vn 0.096984 -0.024373 0.000000
vn 0.096582 -0.025920 0.000000
vn 0.096582 -0.025920 0.000000
vn 0.096406 -0.026569 0.000000
vn 0.096406 -0.026569 0.000000
vn 0.096253 -0.027119 0.000000
vn 0.096253 -0.027119 0.000000
vn 0.096148 -0.027487 0.000000
vn 0.096148 -0.027487 0.000000
vn 0.096121 -0.027583 0.000000
vn 0.096121 -0.027583 0.000000
vn 0.096111 -0.027616 0.000000
vn 0.097382 0.022730 0.000000
vn 0.097382 0.022730 0.000000
vn 0.098797 0.015468 0.000000
vn 0.096984 0.024373 0.000000
vn 0.096984 0.024373 0.000000
vn 0.096582 0.025920 0.000000
vn 0.096582 0.025920 0.000000
vn 0.096406 0.026569 0.000000
vn 0.096406 0.026569 0.000000
vn 0.096253 0.027119 0.000000
vn 0.096253 0.027119 0.000000
vn 0.096148 0.027487 0.000000
vn 0.096148 0.027487 0.000000
vn 0.096121 0.027583 0.000000
vn 0.096121 0.027583 0.000000
vn 0.096111 0.027616 0.000000
vn 0.084003 -0.054254 0.000000
vn 0.084003 -0.054254 0.000000
vn 0.094139 -0.033732 0.000000
vn 0.094139 -0.033732 0.000000
vn 0.099343 -0.011444 0.000000
vn 0.099343 -0.011444 0.000000
vn 0.099343 0.011444 0.000000
vn 0.099343 0.011444 0.000000
vn 0.094139 0.033732 0.000000
vn 0.094139 0.033732 0.000000
vn 0.084003 0.054254 0.000000
vn 0.084003 0.054254 0.000000
vn 0.097630 -0.021644 0.000000
vn 0.097630 -0.021644 0.000000
vn 0.099905 0.004362 0.000000
vn 0.099905 0.004362 0.000000
vn 0.095372 0.030071 0.000000
vn 0.095372 0.030071 0.000000
vn 0.084339 0.053730 0.000000
vn 0.084339 0.053730 0.000000
vn 0.067559 0.073728 0.000000
vn 0.067559 0.073728 0.000000
vn 0.046175 0.088701 0.000000
vn 0.046175 0.088701 0.000000
vn 0.021644 0.097630 0.000000
vn 0.021644 0.097630 0.000000
vn -0.004362 0.099905 -0.000000
vn -0.004362 0.099905 -0.000000
vn -0.030071 0.095372 -0.000000
vn -0.030071 0.095372 -0.000000
vn -0.053730 0.084339 -0.000000
vn -0.053730 0.084339 -0.000000
vn -0.073728 0.067559 -0.000000
vn -0.073728 0.067559 -0.000000
vn -0.088701 0.046175 -0.000000
vn -0.088701 0.046175 -0.000000
vn -0.097630 0.021644 -0.000000
vn -0.097630 0.021644 -0.000000
vn 0.025882 -0.000000 0.096593
vn 0.025882 -0.000000 0.096593
vn 0.000000 0.000000 0.100000
vn 0.000000 0.000000 0.100000
vn -0.025882 0.000000 0.096593
vn -0.025882 0.000000 0.096593
vn -0.050000 0.000000 0.086603
vn -0.050000 0.000000 0.086603
vn -0.070711 0.000000 0.070711
vn -0.070711 0.000000 0.070711
vn -0.086603 0.000000 0.050000
vn -0.086603 0.000000 0.050000
vn -0.096593 0.000000 0.025882
vn -0.096593 0.000000 0.025882
vn -0.100000 0.000000 0.000000
vn -0.100000 0.000000 0.000000
vn -0.096593 0.000000 -0.025882
vn -0.096593 0.000000 -0.025882
vn -0.086603 0.000000 -0.050000
vn -0.086603 0.000000 -0.050000
vn -0.070711 0.000000 -0.070711
vn -0.070711 0.000000 -0.070711
vn -0.050000 0.000000 -0.086603
vn -0.050000 0.000000 -0.086603
vn -0.025882 0.000000 -0.096593
vn -0.025882 0.000000 -0.096593
vn -0.000000 0.000000 -0.100000
vn -0.000000 0.000000 -0.100000
vn 0.025882 0.000000 -0.096593
vn 0.025882 0.000000 -0.096593
vn 0.050000 0.000000 -0.086603
vn 0.050000 0.000000 -0.086603
vn 0.070711 0.000000 -0.070711
vn 0.070711 0.000000 -0.070711
vn 0.086603 0.000000 -0.050000
vn 0.086603 0.000000 -0.050000
vn 0.096593 0.000000 -0.025882
vn 0.096593 0.000000 -0.025882
vn 0.100000 -0.000000 0.000000
vn 0.100000 -0.000000 0.000000
vn 0.096593 -0.000000 0.025882
vn 0.096593 -0.000000 0.025882
vn 0.086603 -0.000000 0.050000
vn 0.086603 -0.000000 0.050000
vn 0.070711 -0.000000 0.070711
vn 0.070711 -0.000000 0.070711
vn 0.050000 -0.000000 0.086603
vn 0.050000 -0.000000 0.086603
vn 0.025882 -0.000000 0.096593
vn 0.025882 -0.000000 0.096593
vn 0.000000 0.000000 0.100000
vn 0.000000 0.000000 0.100000
vn -0.025882 0.000000 0.096593
vn -0.025882 0.000000 0.096593
vn -0.050000 0.000000 0.086603
vn -0.050000 0.000000 0.086603
vn -0.070711 0.000000 0.070711
vn -0.070711 0.000000 0.070711
vn -0.086603 0.000000 0.050000
vn -0.086603 0.000000 0.050000
vn -0.096593 0.000000 0.025882
vn -0.096593 0.000000 0.025882
vn -0.100000 0.000000 0.000000
vn -0.100000 0.000000 0.000000
vn -0.096593 0.000000 -0.025882
vn -0.096593 0.000000 -0.025882
vn -0.086603 0.000000 -0.050000
vn -0.086603 0.000000 -0.050000
vn -0.070711 0.000000 -0.070711
vn -0.070711 0.000000 -0.070711
vn -0.050000 0.000000 -0.086603
vn -0.050000 0.000000 -0.086603
vn -0.025882 0.000000 -0.096593
vn -0.025882 0.000000 -0.096593
vn -0.000000 0.000000 -0.100000
vn -0.000000 0.000000 -0.100000
vn 0.025882 0.000000 -0.096593
vn 0.025882 0.000000 -0.096593
vn 0.050000 0.000000 -0.086603
vn 0.050000 0.000000 -0.086603
vn 0.070711 0.000000 -0.070711
vn 0.070711 0.000000 -0.070711
vn 0.086603 0.000000 -0.050000
vn 0.086603 0.000000 -0.050000
vn 0.096593 0.000000 -0.025882
vn 0.096593 0.000000 -0.025882
vn 0.100000 -0.000000 0.000000
vn 0.100000 -0.000000 0.000000
vn 0.096593 -0.000000 0.025882
vn 0.096593 -0.000000 0.025882
vn 0.086603 -0.000000 0.050000
vn 0.086603 -0.000000 0.050000
vn 0.070711 -0.000000 0.070711
vn 0.070711 -0.000000 0.070711
vn 0.050000 -0.000000 0.086603
vn 0.050000 -0.000000 0.086603
vn 0.025882 -0.000000 0.096593
vn 0.025882 -0.000000 0.096593
vn 0.000000 0.000000 0.100000
vn 0.000000 0.000000 0.100000
vn -0.025882 0.000000 0.096593
vn -0.025882 0.000000 0.096593
vn -0.050000 0.000000 0.086603
vn -0.050000 0.000000 0.086603
vn -0.070711 0.000000 0.070711
vn -0.070711 0.000000 0.070711
vn -0.086603 0.000000 0.050000
vn -0.086603 0.000000 0.050000
vn -0.096593 0.000000 0.025882
vn -0.096593 0.000000 0.025882
vn -0.100000 0.000000 0.000000
vn -0.100000 0.000000 0.000000
vn -0.096593 0.000000 -0.025882
vn -0.096593 0.000000 -0.025882
vn -0.086603 0.000000 -0.050000
vn -0.086603 0.000000 -0.050000
vn -0.070711 0.000000 -0.070711
vn -0.070711 0.000000 -0.070711
vn -0.050000 0.000000 -0.086603
vn -0.050000 0.000000 -0.086603
vn -0.025882 0.000000 -0.096593
vn -0.025882 0.000000 -0.096593
vn -0.000000 0.000000 -0.100000
vn -0.000000 0.000000 -0.100000
vn 0.025882 0.000000 -0.096593
vn 0.025882 0.000000 -0.096593
vn 0.050000 0.000000 -0.086603
vn 0.050000 0.000000 -0.086603
vn 0.070711 0.000000 -0.070711
vn 0.070711 0.000000 -0.070711
vn 0.086603 0.000000 -0.050000
vn 0.086603 0.000000 -0.050000
vn 0.096593 0.000000 -0.025882
vn 0.096593 0.000000 -0.025882
vn 0.100000 -0.000000 0.000000
vn 0.100000 -0.000000 0.000000
vn 0.096593 -0.000000 0.025882
vn 0.096593 -0.000000 0.025882
vn 0.086603 -0.000000 0.050000
vn 0.086603 -0.000000 0.050000
vn 0.070711 -0.000000 0.070711
vn 0.070711 -0.000000 0.070711
vn 0.050000 -0.000000 0.086603
vn 0.050000 -0.000000 0.086603
vn -0.030579 0.000000 0.095210
vn -0.016808 0.000000 0.098577
vn -0.023605 0.000000 0.097174
vn -0.020718 0.000000 0.097830
vn -0.018480 0.000000 0.098278
vn -0.017814 0.000000 0.098400
vn -0.017613 0.000000 0.098437
vn -0.002699 0.000000 0.099964
vn 0.000000 0.000000 0.100000
vn 0.011464 -0.000000 0.099341
vn 0.025882 -0.000000 0.096593
vn 0.017799 -0.000000 0.098403
vn 0.018322 -0.000000 0.098307
vn 0.025397 -0.000000 0.096721
vn 0.018322 -0.000000 0.098307
vn 0.017799 -0.000000 0.098403
vn 0.017608 -0.000000 0.098437
vn 0.040870 -0.000000 0.091267
vn 0.025000 -0.000000 0.096825
vn 0.025000 -0.000000 0.096825
vn 0.050000 -0.000000 0.086603
vn 0.055244 -0.000000 0.083355
vn 0.070711 -0.000000 0.070711
vn 0.068130 -0.000000 0.073200
vn 0.079182 -0.000000 0.061075
vn 0.086603 -0.000000 0.050000
vn 0.088103 -0.000000 0.047306
vn 0.094653 -0.000000 0.032263
vn 0.096593 -0.000000 0.025882
vn 0.098654 -0.000000 0.016351
vn 0.100000 -0.000000 0.000000
vn 0.100000 0.000000 -0.000000
vn 0.098654 0.000000 -0.016351
vn 0.096593 0.000000 -0.025882
vn 0.094653 0.000000 -0.032263
vn 0.086603 0.000000 -0.050000
vn 0.088103 0.000000 -0.047306
vn 0.079182 0.000000 -0.061075
vn 0.070711 0.000000 -0.070711
vn 0.068130 0.000000 -0.073200
vn 0.055244 0.000000 -0.083355
vn 0.050000 0.000000 -0.086603
vn 0.040870 0.000000 -0.091267
vn 0.025882 0.000000 -0.096593
vn 0.025397 0.000000 -0.096721
vn 0.025000 0.000000 -0.096825
vn 0.025000 0.000000 -0.096825
vn 0.020074 0.000000 -0.097964
vn 0.011464 0.000000 -0.099341
vn 0.018322 0.000000 -0.098307
vn 0.017799 0.000000 -0.098403
vn 0.017608 0.000000 -0.098438
vn 0.017799 0.000000 -0.098403
vn 0.000000 0.000000 -0.100000
vn -0.002699 0.000000 -0.099964
vn -0.016808 0.000000 -0.098577
vn -0.025882 0.000000 -0.096593
vn -0.017613 0.000000 -0.098437
vn -0.017940 0.000000 -0.098378
vn -0.030579 0.000000 -0.095210
vn -0.023605 0.000000 -0.097174
vn -0.020718 0.000000 -0.097830
vn -0.018480 0.000000 -0.098278
vn -0.017814 0.000000 -0.098400
vn -0.018701 0.000000 -0.098236
vn -0.021044 0.000000 -0.097761
vn -0.023995 0.000000 -0.097079
vn -0.038986 0.000000 -0.092088
vn -0.050000 0.000000 -0.086603
vn -0.055978 0.000000 -0.082864
vn -0.070711 0.000000 -0.070711
vn -0.072188 0.000000 -0.069202
vn -0.086603 0.000000 -0.050000
vn -0.086372 0.000000 -0.050397
vn -0.092084 0.000000 -0.038995
vn -0.096593 0.000000 -0.025882
vn -0.096409 0.000000 -0.026556
vn -0.099095 0.000000 -0.013420
vn -0.100000 0.000000 0.000000
vn -0.100000 0.000000 -0.000000
vn -0.099095 0.000000 0.013420
vn -0.096593 0.000000 0.025882
vn -0.096409 0.000000 0.026556
vn -0.092084 0.000000 0.038995
vn -0.086603 0.000000 0.050000
vn -0.086372 0.000000 0.050397
vn -0.072188 0.000000 0.069202
vn -0.070711 0.000000 0.070711
vn -0.055978 0.000000 0.082864
vn -0.050000 0.000000 0.086603
vn -0.038986 0.000000 0.092088
vn -0.025882 0.000000 0.096593
vn -0.023995 0.000000 0.097079
vn -0.021044 0.000000 0.097761
vn -0.018701 0.000000 0.098236
vn -0.017940 0.000000 0.098378
vn 0.020074 -0.000000 0.097964
vn 0.020074 -0.000000 0.097964
vn 0.020074 0.000000 -0.097964
vn 0.018322 0.000000 -0.098307
vn 0.025882 -0.000000 0.096593
vn 0.025882 -0.000000 0.096593
vn 0.000000 0.000000 0.100000
vn 0.000000 0.000000 0.100000
vn -0.025882 0.000000 0.096593
vn -0.025882 0.000000 0.096593
vn -0.050000 0.000000 0.086603
vn -0.050000 0.000000 0.086603
vn -0.070711 0.000000 0.070711
vn -0.070711 0.000000 0.070711
vn -0.086603 0.000000 0.050000
vn -0.086603 0.000000 0.050000
vn -0.096593 0.000000 0.025882
vn -0.096593 0.000000 0.025882
vn -0.100000 0.000000 0.000000
vn -0.100000 0.000000 0.000000
vn -0.096593 0.000000 -0.025882
vn -0.096593 0.000000 -0.025882
vn -0.086603 0.000000 -0.050000
vn -0.086603 0.000000 -0.050000
vn -0.070711 0.000000 -0.070711
vn -0.070711 0.000000 -0.070711
vn -0.050000 0.000000 -0.086603
vn -0.050000 0.000000 -0.086603
vn -0.025882 0.000000 -0.096593
vn -0.025882 0.000000 -0.096593
vn -0.000000 0.000000 -0.100000
vn -0.000000 0.000000 -0.100000
vn 0.025882 0.000000 -0.096593
vn 0.025882 0.000000 -0.096593
vn 0.050000 0.000000 -0.086603
vn 0.050000 0.000000 -0.086603
vn 0.070711 0.000000 -0.070711
vn 0.070711 0.000000 -0.070711
vn 0.086603 0.000000 -0.050000
vn 0.086603 0.000000 -0.050000
vn 0.096593 0.000000 -0.025882
vn 0.096593 0.000000 -0.025882
vn 0.100000 -0.000000 0.000000
vn 0.100000 -0.000000 0.000000
vn 0.096593 -0.000000 0.025882
vn 0.096593 -0.000000 0.025882
vn 0.086603 -0.000000 0.050000
vn 0.086603 -0.000000 0.050000
vn 0.070711 -0.000000 0.070711
vn 0.070711 -0.000000 0.070711
vn 0.050000 -0.000000 0.086603
vn 0.050000 -0.000000 0.086603
vn 0.025882 0.000000 -0.096593
vn 0.025882 0.000000 -0.096593
vn -0.000000 0.000000 -0.100000
vn -0.000000 0.000000 -0.100000
vn -0.025882 0.000000 -0.096593
vn -0.025882 0.000000 -0.096593
vn -0.050000 0.000000 -0.086603
vn -0.050000 0.000000 -0.086603
vn -0.070711 0.000000 -0.070711
vn -0.070711 0.000000 -0.070711
vn -0.086603 0.000000 -0.050000
vn -0.086603 0.000000 -0.050000
vn -0.096593 0.000000 -0.025882
vn -0.096593 0.000000 -0.025882
vn -0.100000 0.000000 -0.000000
vn -0.100000 0.000000 -0.000000
vn -0.096593 0.000000 0.025882
vn -0.096593 0.000000 0.025882
vn -0.086603 0.000000 0.050000
vn -0.086603 0.000000 0.050000
vn -0.070711 0.000000 0.070711
vn -0.070711 0.000000 0.070711
vn -0.050000 0.000000 0.086603
vn -0.050000 0.000000 0.086603
vn -0.025882 0.000000 0.096593
vn -0.025882 0.000000 0.096593
vn -0.000000 0.000000 0.100000
vn -0.000000 0.000000 0.100000
vn 0.025882 0.000000 0.096593
vn 0.025882 0.000000 0.096593
vn 0.050000 0.000000 0.086603
vn 0.050000 0.000000 0.086603
vn 0.070711 0.000000 0.070711
vn 0.070711 0.000000 0.070711
vn 0.086603 0.000000 0.050000
vn 0.086603 0.000000 0.050000
vn 0.096593 0.000000 0.025882
vn 0.096593 0.000000 0.025882
vn 0.100000 0.000000 -0.000000
vn 0.100000 0.000000 -0.000000
vn 0.096593 0.000000 -0.025882
vn 0.096593 0.000000 -0.025882
vn 0.086603 0.000000 -0.050000
vn 0.086603 0.000000 -0.050000
vn 0.070711 0.000000 -0.070711
vn 0.070711 0.000000 -0.070711
vn 0.050000 0.000000 -0.086603
vn 0.050000 0.000000 -0.086603
vn -0.019509 0.000000 -0.098079
vn -0.000000 0.000000 -0.100000
vn -0.000000 0.000000 -0.100000
vn 0.025000 0.000000 -0.096825
vn 0.025882 0.000000 -0.096593
vn 0.025000 0.000000 -0.096825
vn 0.039126 0.000000 -0.092028
vn 0.014179 0.000000 -0.098990
vn -0.011720 0.000000 -0.099311
vn -0.022229 0.000000 -0.097498
vn -0.036832 0.000000 -0.092970
vn -0.043346 0.000000 -0.090117
vn -0.059473 0.000000 -0.080392
vn -0.062294 0.000000 -0.078227
vn -0.078125 0.000000 -0.062422
vn 0.050000 0.000000 -0.086603
vn 0.061448 0.000000 -0.078893
vn 0.070711 0.000000 -0.070711
vn 0.079649 0.000000 -0.060465
vn 0.086603 0.000000 -0.050000
vn 0.092506 0.000000 -0.037982
vn 0.096593 0.000000 -0.025882
vn 0.099158 0.000000 -0.012950
vn 0.100000 0.000000 -0.000000
vn 0.099158 0.000000 0.012950
vn 0.096593 0.000000 0.025882
vn 0.092506 0.000000 0.037982
vn 0.086603 0.000000 0.050000
vn 0.079649 0.000000 0.060465
vn 0.070711 0.000000 0.070711
vn 0.061448 0.000000 0.078893
vn 0.050000 0.000000 0.086603
vn 0.039126 0.000000 0.092028
vn 0.025882 0.000000 0.096593
vn 0.025000 0.000000 0.096825
vn 0.025000 0.000000 0.096825
vn 0.014179 0.000000 0.098990
vn 0.000000 0.000000 0.100000
vn -0.011720 0.000000 0.099311
vn -0.022229 0.000000 0.097498
vn -0.036832 0.000000 0.092970
vn -0.043346 0.000000 0.090117
vn -0.059473 0.000000 0.080392
vn -0.062294 0.000000 0.078227
vn -0.078125 0.000000 0.062422
vn 0.000000 0.000000 0.100000
vn -0.019509 0.000000 0.098079
vn -0.025882 0.000000 0.096593
vn -0.038268 0.000000 0.092388
vn -0.050000 0.000000 0.086603
vn -0.055557 0.000000 0.083147
vn -0.070711 0.000000 0.070711
vn -0.070711 0.000000 0.070711
vn -0.083147 0.000000 0.055557
vn -0.086603 0.000000 0.050000
vn -0.092388 0.000000 0.038268
vn -0.096593 0.000000 0.025882
vn -0.098079 0.000000 0.019509
vn -0.099518 0.000000 0.009802
vn -0.100000 0.000000 -0.000000
vn -0.100000 0.000000 0.000000
vn -0.099518 0.000000 -0.009802
vn -0.096593 0.000000 -0.025882
vn -0.098079 0.000000 -0.019509
vn -0.092388 0.000000 -0.038268
vn -0.086603 0.000000 -0.050000
vn -0.083147 0.000000 -0.055557
vn -0.070711 0.000000 -0.070711
vn -0.070711 0.000000 -0.070711
vn -0.055557 0.000000 -0.083147
vn -0.050000 0.000000 -0.086603
vn -0.038268 0.000000 -0.092388
vn -0.025882 0.000000 -0.096593
vn -0.000000 0.022229 -0.097498
vn 0.000000 -0.000000 -0.100000
vn 0.000000 -0.019509 -0.098079
vn 0.000000 -0.025882 -0.096593
vn 0.000000 -0.038268 -0.092388
vn 0.000000 -0.050000 -0.086603
vn 0.000000 -0.055557 -0.083147
vn 0.000000 -0.070711 -0.070711
vn 0.000000 -0.070711 -0.070711
vn 0.000000 -0.083147 -0.055557
vn 0.000000 -0.086603 -0.050000
vn 0.000000 -0.092388 -0.038268
vn 0.000000 -0.096593 -0.025882
vn 0.000000 -0.098079 -0.019509
vn 0.000000 -0.099518 -0.009802
vn 0.000000 -0.100000 0.000000
vn 0.000000 -0.100000 0.000000
vn 0.000000 -0.099518 0.009802
vn 0.000000 -0.096593 0.025882
vn 0.000000 -0.098079 0.019509
vn 0.000000 -0.092388 0.038268
vn 0.000000 -0.086603 0.050000
vn 0.000000 -0.083147 0.055557
vn 0.000000 -0.070711 0.070711
vn 0.000000 -0.070711 0.070711
vn 0.000000 -0.055557 0.083147
vn 0.000000 -0.050000 0.086603
vn 0.000000 -0.038268 0.092388
vn 0.000000 -0.025882 0.096593
vn 0.000000 -0.019509 0.098079
vn 0.000000 -0.000000 0.100000
vn -0.000000 0.022229 0.097498
vn -0.000000 0.025882 0.096593
vn -0.000000 0.043346 0.090117
vn -0.000000 0.050000 0.086603
vn -0.000000 0.062294 0.078227
vn -0.000000 0.070711 0.070711
vn -0.000000 0.078125 0.062422
vn -0.000000 0.086603 0.050000
vn -0.000000 0.078125 0.062422
vn -0.000000 0.090070 0.043444
vn -0.000000 0.096593 0.025882
vn -0.000000 0.097486 0.022282
vn -0.000000 0.100000 0.000000
vn -0.000000 0.100000 0.000000
vn -0.000000 0.097486 -0.022282
vn -0.000000 0.096593 -0.025882
vn -0.000000 0.090070 -0.043444
vn -0.000000 0.086603 -0.050000
vn -0.000000 0.078125 -0.062422
vn -0.000000 0.070711 -0.070711
vn -0.000000 0.062294 -0.078227
vn -0.000000 0.050000 -0.086603
vn -0.000000 0.043346 -0.090117
vn -0.000000 0.025882 -0.096593
vn -0.000000 0.078125 -0.062422
vn 0.000000 -0.025397 -0.096721
vn 0.000000 -0.025397 -0.096721
vn 0.000000 -0.025882 -0.096593
vn 0.000000 -0.047564 -0.087964
vn 0.000000 -0.050000 -0.086603
vn 0.000000 -0.067029 -0.074210
vn 0.000000 -0.070711 -0.070711
vn 0.000000 -0.082687 -0.056240
vn 0.000000 -0.086603 -0.050000
vn 0.000000 -0.093647 -0.035075
vn 0.000000 -0.096593 -0.025882
vn 0.000000 -0.099287 -0.011917
vn 0.000000 -0.100000 0.000000
vn 0.000000 -0.099287 0.011917
vn 0.000000 -0.096593 0.025882
vn 0.000000 -0.093647 0.035075
vn 0.000000 -0.086603 0.050000
vn 0.000000 -0.082687 0.056240
vn 0.000000 -0.070711 0.070711
vn 0.000000 -0.067029 0.074210
vn 0.000000 -0.050000 0.086603
vn 0.000000 -0.047564 0.087964
vn 0.000000 -0.025882 0.096593
vn 0.000000 -0.025397 0.096721
vn 0.000000 -0.025397 0.096721
vn 0.000000 -0.015980 0.098715
vn 0.000000 -0.011090 0.099383
vn -0.000000 0.000000 0.100000
vn 0.000000 -0.005799 0.099832
vn 0.000000 -0.002846 0.099959
vn -0.000000 0.000416 0.099999
vn -0.000000 0.003599 0.099935
vn -0.000000 0.006487 0.099789
vn -0.000000 0.011708 0.099312
vn -0.000000 0.025882 0.096593
vn -0.000000 0.016567 0.098618
vn -0.000000 0.035337 0.093548
vn -0.000000 0.050000 0.086603
vn -0.000000 0.053994 0.084170
vn -0.000000 0.070711 0.070711
vn -0.000000 0.071119 0.070300
vn -0.000000 0.085900 0.051197
vn -0.000000 0.086603 0.050000
vn -0.000000 0.091819 0.039614
vn -0.000000 0.096593 0.025882
vn -0.000000 0.096292 0.026977
vn -0.000000 0.099066 0.013633
vn -0.000000 0.100000 0.000000
vn -0.000000 0.100000 0.000000
vn -0.000000 0.099066 -0.013633
vn -0.000000 0.096593 -0.025882
vn -0.000000 0.096292 -0.026977
vn -0.000000 0.091819 -0.039614
vn -0.000000 0.086603 -0.050000
vn -0.000000 0.085900 -0.051197
vn -0.000000 0.070711 -0.070711
vn -0.000000 0.071119 -0.070300
vn -0.000000 0.053994 -0.084170
vn -0.000000 0.050000 -0.086603
vn -0.000000 0.035337 -0.093548
vn -0.000000 0.025882 -0.096593
vn -0.000000 0.016567 -0.098618
vn -0.000000 0.011708 -0.099312
vn -0.000000 0.000000 -0.100000
vn -0.000000 0.006487 -0.099789
vn -0.000000 0.003599 -0.099935
vn -0.000000 0.000416 -0.099999
vn 0.000000 -0.002846 -0.099959
vn 0.000000 -0.005799 -0.099832
vn 0.000000 -0.011090 -0.099383
vn 0.000000 -0.015980 -0.098715
vn 0.096593 0.025882 0.000000
vn 0.096593 0.025882 0.000000
vn 0.100000 0.000000 0.000000
vn 0.100000 0.000000 0.000000
vn 0.096593 -0.025882 0.000000
vn 0.096593 -0.025882 0.000000
vn 0.086603 -0.050000 0.000000
vn 0.086603 -0.050000 0.000000
vn 0.070711 -0.070711 0.000000
vn 0.070711 -0.070711 0.000000
vn 0.050000 -0.086603 0.000000
vn 0.050000 -0.086603 0.000000
vn 0.025882 -0.096593 0.000000
vn 0.025882 -0.096593 0.000000
vn 0.000000 -0.100000 0.000000
vn 0.000000 -0.100000 0.000000
vn -0.025882 -0.096593 0.000000
vn -0.025882 -0.096593 0.000000
vn -0.050000 -0.086603 0.000000
vn -0.050000 -0.086603 0.000000
vn -0.070711 -0.070711 0.000000
vn -0.070711 -0.070711 0.000000
vn -0.086603 -0.050000 0.000000
vn -0.086603 -0.050000 0.000000
vn -0.096593 -0.025882 0.000000
vn -0.096593 -0.025882 0.000000
vn -0.100000 -0.000000 0.000000
vn -0.100000 -0.000000 0.000000
vn -0.096593 0.025882 -0.000000
vn -0.096593 0.025882 -0.000000
vn -0.086603 0.050000 -0.000000
vn -0.086603 0.050000 -0.000000
vn -0.070711 0.070711 -0.000000
vn -0.070711 0.070711 -0.000000
vn -0.050000 0.086603 -0.000000
vn -0.050000 0.086603 -0.000000
vn -0.025882 0.096593 -0.000000
vn -0.025882 0.096593 -0.000000
vn 0.000000 0.100000 0.000000
vn 0.000000 0.100000 0.000000
vn 0.025882 0.096593 0.000000
vn 0.025882 0.096593 0.000000
vn 0.050000 0.086603 0.000000
vn 0.050000 0.086603 0.000000
vn 0.070711 0.070711 0.000000
vn 0.070711 0.070711 0.000000
vn 0.086603 0.050000 0.000000
vn 0.086603 0.050000 0.000000
vn 0.096593 0.025882 0.000000
vn 0.096593 0.025882 0.000000
vn 0.100000 0.000000 0.000000
vn 0.100000 0.000000 0.000000
vn 0.096593 -0.025882 0.000000
vn 0.096593 -0.025882 0.000000
vn 0.086603 -0.050000 0.000000
vn 0.086603 -0.050000 0.000000
vn 0.070711 -0.070711 0.000000
vn 0.070711 -0.070711 0.000000
vn 0.050000 -0.086603 0.000000
vn 0.050000 -0.086603 0.000000
vn 0.025882 -0.096593 0.000000
vn 0.025882 -0.096593 0.000000
vn 0.000000 -0.100000 0.000000
vn 0.000000 -0.100000 0.000000
vn -0.025882 -0.096593 0.000000
vn -0.025882 -0.096593 0.000000
vn -0.050000 -0.086603 0.000000
vn -0.050000 -0.086603 0.000000
vn -0.070711 -0.070711 0.000000
vn -0.070711 -0.070711 0.000000
vn -0.086603 -0.050000 0.000000
vn -0.086603 -0.050000 0.000000
vn -0.096593 -0.025882 0.000000
vn -0.096593 -0.025882 0.000000
vn -0.100000 -0.000000 0.000000
vn -0.100000 -0.000000 0.000000
vn -0.096593 0.025882 -0.000000
vn -0.096593 0.025882 -0.000000
vn -0.086603 0.050000 -0.000000
vn -0.086603 0.050000 -0.000000
vn -0.070711 0.070711 -0.000000
vn -0.070711 0.070711 -0.000000
vn -0.050000 0.086603 -0.000000
vn -0.050000 0.086603 -0.000000
vn -0.025882 0.096593 -0.000000
vn -0.025882 0.096593 -0.000000
vn 0.000000 0.100000 0.000000
vn 0.000000 0.100000 0.000000
vn 0.025882 0.096593 0.000000
vn 0.025882 0.096593 0.000000
vn 0.050000 0.086603 0.000000
vn 0.050000 0.086603 0.000000
vn 0.070711 0.070711 0.000000
vn 0.070711 0.070711 0.000000
vn 0.086603 0.050000 0.000000
vn 0.086603 0.050000 0.000000
vn 0.025882 0.000000 -0.096593
vn 0.025882 0.000000 -0.096593
vn -0.000000 0.000000 -0.100000
vn -0.000000 0.000000 -0.100000
vn -0.025882 0.000000 -0.096593
vn -0.025882 0.000000 -0.096593
vn -0.050000 0.000000 -0.086603
vn -0.050000 0.000000 -0.086603
vn -0.065000 0.000000 -0.075993
vn -0.070711 0.000000 -0.070711
vn -0.076027 0.000000 -0.064961
vn -0.086603 0.000000 -0.050000
vn -0.088553 0.000000 -0.046459
vn -0.092067 0.000000 -0.039034
vn -0.096593 0.000000 -0.025882
vn -0.095569 0.000000 -0.029438
vn -0.097243 0.000000 -0.023320
vn -0.098673 0.000000 -0.016236
vn -0.100000 0.000000 -0.000000
vn -0.099650 0.000000 -0.008360
vn -0.099911 0.000000 -0.004217
vn -0.100000 0.000000 0.000000
vn -0.099911 0.000000 0.004217
vn -0.099650 0.000000 0.008360
vn -0.098673 0.000000 0.016236
vn -0.096593 0.000000 0.025882
vn -0.097243 0.000000 0.023320
vn -0.095569 0.000000 0.029438
vn -0.092067 0.000000 0.039034
vn -0.086603 0.000000 0.050000
vn -0.088553 0.000000 0.046459
vn -0.076027 0.000000 0.064961
vn -0.070711 0.000000 0.070711
vn -0.065000 0.000000 0.075993
vn -0.050000 0.000000 0.086603
vn -0.050000 0.000000 0.086603
vn -0.025882 0.000000 0.096593
vn -0.025882 0.000000 0.096593
vn -0.000000 0.000000 0.100000
vn -0.000000 0.000000 0.100000
vn 0.025882 0.000000 0.096593
vn 0.025882 0.000000 0.096593
vn 0.050000 0.000000 0.086603
vn 0.050000 0.000000 0.086603
vn 0.065000 0.000000 0.075993
vn 0.070711 0.000000 0.070711
vn 0.075851 0.000000 0.065166
vn 0.086603 0.000000 0.050000
vn 0.088568 0.000000 0.046429
vn 0.092151 0.000000 0.038835
vn 0.096593 0.000000 0.025882
vn 0.095759 0.000000 0.028813
vn 0.097350 0.000000 0.022870
vn 0.098726 0.000000 0.015912
vn 0.100000 0.000000 -0.000000
vn 0.099666 0.000000 0.008162
vn 0.099916 0.000000 0.004103
vn 0.100000 0.000000 -0.000000
vn 0.099916 0.000000 -0.004103
vn 0.099666 0.000000 -0.008162
vn 0.098726 0.000000 -0.015912
vn 0.096593 0.000000 -0.025882
vn 0.097350 0.000000 -0.022870
vn 0.095759 0.000000 -0.028813
vn 0.092151 0.000000 -0.038835
vn 0.086603 0.000000 -0.050000
vn 0.088568 0.000000 -0.046429
vn 0.075851 0.000000 -0.065166
vn 0.070711 0.000000 -0.070711
vn 0.065000 0.000000 -0.075993
vn 0.050000 0.000000 -0.086603
vn 0.050000 0.000000 -0.086603
vn 0.070711 0.000000 -0.070711
vn 0.075851 0.000000 -0.065166
vn 0.086603 0.000000 -0.050000
vn 0.088568 0.000000 -0.046429
vn 0.092151 0.000000 -0.038835
vn 0.096593 0.000000 -0.025882
vn 0.095759 0.000000 -0.028813
vn 0.097350 0.000000 -0.022870
vn 0.098726 0.000000 -0.015912
vn 0.100000 0.000000 -0.000000
vn 0.099666 0.000000 -0.008162
vn 0.099916 0.000000 -0.004103
vn 0.100000 0.000000 -0.000000
vn 0.099916 0.000000 0.004103
vn 0.099666 0.000000 0.008162
vn 0.098726 0.000000 0.015912
vn 0.096593 0.000000 0.025882
vn 0.097350 0.000000 0.022870
vn 0.095759 0.000000 0.028813
vn 0.092151 0.000000 0.038835
vn 0.086603 0.000000 0.050000
vn 0.088568 0.000000 0.046429
vn 0.075851 0.000000 0.065166
vn 0.070711 0.000000 0.070711
vn -0.070711 0.000000 0.070711
vn -0.076027 0.000000 0.064961
vn -0.086603 0.000000 0.050000
vn -0.088553 0.000000 0.046459
vn -0.092067 0.000000 0.039034
vn -0.096593 0.000000 0.025882
vn -0.095569 0.000000 0.029438
vn -0.097243 0.000000 0.023320
vn -0.098673 0.000000 0.016236
vn -0.100000 0.000000 -0.000000
vn -0.099650 0.000000 0.008360
vn -0.099911 0.000000 0.004217
vn -0.100000 0.000000 -0.000000
vn -0.099911 0.000000 -0.004217
vn -0.099650 0.000000 -0.008360
vn -0.098673 0.000000 -0.016236
vn -0.096593 0.000000 -0.025882
vn -0.097243 0.000000 -0.023320
vn -0.095569 0.000000 -0.029438
vn -0.092067 0.000000 -0.039034
vn -0.086603 0.000000 -0.050000
vn -0.088553 0.000000 -0.046459
vn -0.076027 0.000000 -0.064961
vn -0.070711 0.000000 -0.070711
vn 0.000000 0.100000 0.000000
vn 0.000000 0.100000 0.000000
vn -0.015038 0.098863 -0.000000
vn -0.015716 0.098757 -0.000000
vn -0.029734 0.095477 -0.000000
vn -0.031042 0.095060 -0.000000
vn -0.043754 0.089920 -0.000000
vn -0.045596 0.089000 -0.000000
vn -0.056779 0.082318 -0.000000
vn -0.059017 0.080728 -0.000000
vn -0.068512 0.072843 -0.000000
vn -0.070971 0.070449 -0.000000
vn -0.078687 0.061712 -0.000000
vn -0.081161 0.058419 -0.000000
vn -0.087072 0.049177 -0.000000
vn -0.089334 0.044938 -0.000000
vn -0.093478 0.035524 -0.000000
vn -0.095287 0.030339 -0.000000
vn -0.097757 0.021063 -0.000000
vn -0.098871 0.014986 -0.000000
vn -0.097757 0.021063 -0.000000
vn -0.098871 0.014986 -0.000000
vn -0.095287 0.030339 -0.000000
vn -0.099215 0.012506 -0.000000
vn -0.099997 -0.000739 0.000000
vn -0.099966 -0.002617 0.000000
vn -0.098638 -0.016446 0.000000
vn -0.098425 -0.017679 0.000000
vn -0.094828 -0.031744 0.000000
vn -0.094627 -0.032337 0.000000
vn -0.088661 -0.046253 0.000000
vn -0.088661 -0.046253 0.000000
vn -0.099215 0.012506 -0.000000
vn -0.099704 0.007686 -0.000000
vn -0.099997 -0.000739 0.000000
vn -0.099959 0.002847 -0.000000
vn -0.099980 -0.001997 0.000000
vn -0.099980 -0.001997 0.000000
vn -0.098638 -0.016446 0.000000
vn -0.098497 -0.017273 0.000000
vn -0.094828 -0.031744 0.000000
vn -0.094694 -0.032141 0.000000
vn -0.088661 -0.046253 0.000000
vn -0.088661 -0.046253 0.000000
vn -0.093478 0.035524 -0.000000
vn -0.089334 0.044938 -0.000000
vn -0.087072 0.049177 -0.000000
vn -0.081161 0.058419 -0.000000
vn -0.078687 0.061712 -0.000000
vn -0.070971 0.070449 -0.000000
vn -0.068512 0.072843 -0.000000
vn -0.059017 0.080728 -0.000000
vn -0.056779 0.082318 -0.000000
vn -0.045596 0.089000 -0.000000
vn -0.043754 0.089920 -0.000000
vn -0.038200 0.092416 -0.000000
vn -0.038200 0.092416 -0.000000
vn -0.031042 0.095060 -0.000000
vn -0.025834 0.096605 -0.000000
vn -0.015716 0.098757 -0.000000
vn -0.018082 0.098352 -0.000000
vn -0.017739 0.098414 -0.000000
vn -0.016703 0.098595 -0.000000
vn -0.014999 0.098869 -0.000000
vn -0.012786 0.099179 -0.000000
vn -0.010091 0.099490 -0.000000
vn -0.006927 0.099760 -0.000000
vn 0.000000 0.100000 0.000000
vn -0.003482 0.099939 -0.000000
vn 0.000000 0.100000 0.000000
vn -0.017739 0.098414 -0.000000
vn -0.016703 0.098595 -0.000000
vn -0.013028 0.099148 -0.000000
vn -0.014999 0.098869 -0.000000
vn -0.012786 0.099179 -0.000000
vn -0.010091 0.099490 -0.000000
vn -0.006927 0.099760 -0.000000
vn 0.000000 0.100000 0.000000
vn -0.003482 0.099939 -0.000000
vn 0.000000 0.100000 0.000000
vn -0.029734 0.095477 -0.000000
vn -0.025834 0.096605 -0.000000
vn -0.015038 0.098863 -0.000000
vn -0.013028 0.099148 -0.000000
vn 0.000000 0.100000 0.000000
vn 0.000000 0.100000 0.000000
vn -0.090631 0.042262 0.000000
vn -0.090631 0.042262 0.000000
vn -0.090631 0.042262 0.000000
vn -0.090631 0.042262 0.000000
vn -0.090631 0.042262 0.000000
vn -0.090631 0.042262 0.000000
vn -0.090631 0.042262 0.000000
vn -0.090631 0.042262 0.000000
vn -0.090631 0.042262 0.000000
vn -0.090631 0.042262 0.000000
vn -0.090631 0.042262 0.000000
vn -0.090631 0.042262 0.000000
vn 0.000000 0.100000 0.000000
vn 0.000000 0.100000 0.000000
vn 0.000000 0.100000 0.000000
vn 0.000000 0.100000 0.000000
vn 0.000000 0.100000 0.000000
vn 0.000000 0.100000 0.000000
vn 0.000000 0.100000 0.000000
vn 0.000000 0.100000 0.000000
vn 0.000000 0.100000 0.000000
vn 0.000000 0.100000 0.000000
vn 0.000000 0.100000 0.000000
vn 0.000000 0.100000 0.000000
vn 0.000000 0.100000 0.000000
vn 0.000000 0.100000 0.000000
vn 0.000000 0.100000 0.000000
vn 0.000000 0.100000 0.000000
vn 0.000000 0.100000 0.000000
vn 0.000000 0.100000 0.000000
vn 0.000000 0.100000 0.000000
vn 0.000000 0.100000 0.000000
vn 0.000000 0.100000 0.000000
vn 0.000000 0.100000 0.000000
vn 0.000000 0.100000 0.000000
vn 0.000000 0.100000 0.000000
vn 0.000000 0.100000 0.000000
vn 0.000000 0.100000 0.000000
vn 0.000000 0.100000 0.000000
vn 0.000000 0.100000 0.000000
vn 0.000000 0.100000 0.000000
vn 0.000000 0.100000 0.000000
vn 0.000000 0.100000 0.000000
vn 0.000000 0.100000 0.000000
vn 0.000000 0.100000 0.000000
vn 0.000000 0.100000 0.000000
vn 0.000000 0.100000 0.000000
vn 0.000000 0.100000 0.000000
vn 0.000000 0.100000 0.000000
vn 0.000000 0.100000 0.000000
vn 0.000000 0.100000 0.000000
vn 0.000000 0.100000 0.000000
vn 0.000000 0.100000 0.000000
vn 0.000000 0.100000 0.000000
vn 0.000000 0.100000 0.000000
vn 0.000000 0.100000 0.000000
vn 0.000000 0.100000 0.000000
vn 0.000000 0.100000 0.000000
vn 0.000000 0.100000 0.000000
vn 0.000000 0.100000 0.000000
vn 0.000000 0.100000 0.000000
vn 0.000000 0.100000 0.000000
vn 0.000000 0.100000 0.000000
vn 0.000000 0.100000 0.000000
vn 0.000000 0.100000 0.000000
vn 0.000000 0.100000 0.000000
vn 0.000000 0.100000 0.000000
vn 0.000000 0.100000 0.000000
vn 0.000000 0.100000 0.000000
vn 0.000000 0.100000 0.000000
vn 0.000000 0.100000 0.000000
vn 0.000000 0.100000 0.000000
vn 0.000000 0.100000 0.000000
vn 0.000000 0.100000 0.000000
vn 0.000000 0.100000 0.000000
vn 0.000000 0.100000 0.000000
vn 0.000000 0.100000 0.000000
vn -0.098285 0.018438 -0.000000
vn -0.098285 0.018438 -0.000000
vn -0.099786 -0.006540 0.000000
vn -0.099786 -0.006540 0.000000
vn -0.095038 -0.031109 0.000000
vn -0.095038 -0.031109 0.000000
vn -0.084339 -0.053730 0.000000
vn -0.084339 -0.053730 0.000000
vn -0.068359 -0.072986 0.000000
vn -0.068359 -0.072986 0.000000
vn -0.048099 -0.087673 0.000000
vn -0.048099 -0.087673 0.000000
vn -0.024827 -0.096869 0.000000
vn -0.024827 -0.096869 0.000000
vn -0.000000 -0.100000 0.000000
vn -0.000000 -0.100000 0.000000
vn -0.042262 0.090631 0.000000
vn -0.042262 0.090631 0.000000
vn -0.042262 0.090631 0.000000
vn -0.042262 0.090631 0.000000
vn -0.042262 0.090631 0.000000
vn -0.042262 0.090631 0.000000
vn 0.100000 0.000000 0.000000
vn 0.100000 0.000000 0.000000
vn 0.096869 0.024827 0.000000
vn 0.096869 0.024827 0.000000
vn 0.087673 0.048099 0.000000
vn 0.087673 0.048099 0.000000
vn 0.072986 0.068359 0.000000
vn 0.072986 0.068359 0.000000
vn 0.053730 0.084339 0.000000
vn 0.053730 0.084339 0.000000
vn 0.031109 0.095038 0.000000
vn 0.031109 0.095038 0.000000
vn 0.006540 0.099786 0.000000
vn 0.006540 0.099786 0.000000
vn -0.018438 0.098285 -0.000000
vn -0.018438 0.098285 -0.000000
vn 0.100000 0.000000 0.000000
vn 0.100000 0.000000 0.000000
vn 0.100000 0.000000 0.000000
vn 0.100000 0.000000 0.000000
vn 0.100000 0.000000 0.000000
vn 0.100000 0.000000 0.000000
vn 0.100000 0.000000 0.000000
vn 0.100000 0.000000 0.000000
vn 0.100000 0.000000 0.000000
vn 0.100000 0.000000 0.000000
vn 0.100000 0.000000 0.000000
vn 0.100000 0.000000 0.000000
vn 0.100000 0.000000 0.000000
vn 0.100000 0.000000 0.000000
vn 0.100000 0.000000 0.000000
vn 0.100000 0.000000 0.000000
vn 0.100000 0.000000 0.000000
vn 0.100000 0.000000 0.000000
vn 0.100000 0.000000 0.000000
vn 0.100000 0.000000 0.000000
vn 0.100000 0.000000 0.000000
vn 0.100000 0.000000 0.000000
vn 0.100000 0.000000 0.000000
vn 0.100000 0.000000 0.000000
vn 0.100000 0.000000 0.000000
vn 0.100000 0.000000 0.000000
vn 0.100000 0.000000 0.000000
vn 0.100000 0.000000 0.000000
vn 0.100000 0.000000 0.000000
vn 0.100000 0.000000 0.000000
vn 0.100000 0.000000 0.000000
vn 0.100000 0.000000 0.000000
vn 0.100000 0.000000 0.000000
vn 0.100000 0.000000 0.000000
vn 0.100000 0.000000 0.000000
vn 0.100000 0.000000 0.000000
vn 0.100000 0.000000 0.000000
vn 0.100000 0.000000 0.000000
vn 0.100000 0.000000 0.000000
vn 0.100000 0.000000 0.000000
vn 0.100000 0.000000 0.000000
vn 0.100000 0.000000 0.000000
vn 0.100000 0.000000 0.000000
vn 0.100000 0.000000 0.000000
vn 0.100000 0.000000 0.000000
vn 0.100000 0.000000 0.000000
vn 0.100000 0.000000 0.000000
vn 0.100000 0.000000 0.000000
vn 0.100000 0.000000 0.000000
vn 0.100000 0.000000 0.000000
vn 0.100000 0.000000 0.000000
vn 0.100000 0.000000 0.000000
vn 0.000000 -0.100000 0.000000
vn 0.022252 -0.097493 0.000000
vn 0.000000 -0.100000 0.000000
vn 0.000000 -0.100000 0.000000
vn 0.022252 -0.097493 0.000000
vn 0.000000 -0.100000 0.000000
vn 0.043388 -0.090097 0.000000
vn 0.043388 -0.090097 0.000000
vn 0.062349 -0.078183 0.000000
vn 0.062349 -0.078183 0.000000
vn 0.078183 -0.062349 0.000000
vn 0.078183 -0.062349 0.000000
vn 0.090097 -0.043388 0.000000
vn 0.090097 -0.043388 0.000000
vn 0.097493 -0.022252 0.000000
vn 0.097493 -0.022252 0.000000
vn 0.100000 0.000000 0.000000
vn 0.000000 -0.100000 0.000000
vn 0.000000 -0.100000 0.000000
vn 0.000000 -0.100000 0.000000
vn 0.000000 -0.100000 0.000000
vn 0.000000 -0.100000 0.000000
vn 0.000000 -0.100000 0.000000
vn 0.000000 -0.100000 0.000000
vn 0.000000 -0.100000 0.000000
vn 0.000000 -0.100000 0.000000
vn 0.000000 -0.100000 0.000000
vn 0.000000 -0.100000 0.000000
vn 0.000000 -0.100000 0.000000
vn 0.000000 -0.100000 0.000000
vn 0.000000 -0.100000 0.000000
vn 0.000000 -0.100000 0.000000
vn 0.000000 -0.100000 0.000000
vn 0.000000 -0.100000 0.000000
vn 0.000000 -0.100000 0.000000
vn 0.000000 -0.100000 0.000000
vn 0.000000 -0.100000 0.000000
vn 0.000000 -0.100000 0.000000
vn 0.000000 -0.100000 0.000000
vn 0.000000 -0.100000 0.000000
vn 0.000000 -0.100000 0.000000
vn 0.000000 -0.100000 0.000000
vn 0.000000 -0.100000 0.000000
vn 0.000000 -0.100000 0.000000
vn 0.000000 -0.100000 0.000000
vn 0.000000 -0.100000 0.000000
vn 0.000000 -0.100000 0.000000
vn 0.000000 -0.100000 0.000000
vn 0.000000 -0.100000 0.000000
vn 0.000000 -0.100000 0.000000
vn 0.000000 -0.100000 0.000000
vn 0.000000 -0.100000 0.000000
vn 0.000000 -0.100000 0.000000
vn 0.000000 -0.100000 0.000000
vn 0.000000 -0.100000 0.000000
vn 0.000000 -0.100000 0.000000
vn 0.000000 -0.100000 0.000000
vn 0.000000 -0.100000 0.000000
vn 0.000000 -0.100000 0.000000
vn 0.000000 -0.100000 0.000000
vn 0.000000 -0.100000 0.000000
vn 0.000000 -0.100000 0.000000
vn 0.000000 -0.100000 0.000000
vn 0.000000 -0.100000 0.000000
vn 0.000000 -0.100000 0.000000
vn 0.000000 -0.100000 0.000000
vn 0.000000 -0.100000 0.000000
vn 0.000000 -0.100000 0.000000
vn 0.000000 -0.100000 0.000000
vn 0.000000 -0.100000 0.000000
vn 0.000000 -0.100000 0.000000
vn 0.000000 -0.100000 0.000000
vn 0.000000 -0.100000 0.000000
vn 0.000000 -0.100000 0.000000
vn 0.000000 -0.100000 0.000000
vn 0.000000 -0.100000 0.000000
vn 0.000000 -0.100000 0.000000
vn 0.000000 -0.100000 0.000000
vn 0.000000 -0.100000 0.000000
vn 0.000000 -0.100000 0.000000
vn 0.000000 -0.100000 0.000000
vn 0.000000 -0.100000 0.000000
vn 0.000000 -0.100000 0.000000
vn 0.000000 -0.100000 0.000000
vn 0.000000 -0.100000 0.000000
vn 0.000000 -0.100000 0.000000
vn 0.000000 -0.100000 0.000000
vn 0.000000 -0.100000 0.000000
vn 0.000000 -0.100000 0.000000
vn 0.000000 -0.100000 0.000000
vn 0.000000 -0.100000 0.000000
vn 0.000000 -0.100000 0.000000
vn 0.000000 -0.100000 0.000000
vn 0.000000 -0.100000 0.000000
vn 0.000000 -0.100000 0.000000
vn 0.000000 -0.100000 0.000000
vn 0.000000 -0.100000 0.000000
vn 0.000000 -0.100000 0.000000
vn 0.000000 -0.100000 0.000000
vn 0.000000 -0.100000 0.000000
vn 0.000000 -0.100000 0.000000
vn 0.000000 -0.100000 0.000000
vn 0.000000 -0.100000 0.000000
vn 0.000000 -0.100000 0.000000
vn 0.000000 -0.100000 0.000000
vn 0.000000 -0.100000 0.000000
vn 0.000000 -0.100000 0.000000
vn 0.000000 -0.100000 0.000000
vn 0.000000 -0.100000 0.000000
vn 0.000000 -0.100000 0.000000
vn 0.000000 -0.100000 0.000000
vn 0.000000 -0.100000 0.000000
vn 0.000000 -0.100000 0.000000
vn 0.000000 -0.100000 0.000000
vn 0.000000 -0.100000 0.000000
vn 0.000000 -0.100000 0.000000
vn 0.000000 -0.100000 0.000000
vn 0.000000 -0.100000 0.000000
vn 0.000000 -0.100000 0.000000
vn 0.000000 -0.100000 0.000000
vn 0.000000 -0.100000 0.000000
vn 0.000000 -0.100000 0.000000
vn 0.000000 -0.100000 0.000000
vn 0.000000 -0.100000 0.000000
vn 0.000000 -0.100000 0.000000
vn 0.000000 -0.100000 0.000000
vn 0.000000 -0.100000 0.000000
vn 0.000000 -0.100000 0.000000
vn 0.000000 -0.100000 0.000000
vn 0.000000 -0.100000 0.000000
vn 0.000000 -0.100000 0.000000
vn 0.000000 -0.100000 0.000000
vn 0.000000 -0.100000 0.000000
vn 0.000000 -0.100000 0.000000
vn 0.000000 -0.100000 0.000000
vn 0.000000 0.000000 0.100000
vn 0.000000 0.000000 0.100000
vn 0.000000 0.000000 0.100000
vn 0.000000 0.000000 0.100000
vn 0.000000 0.000000 0.100000
vn 0.000000 0.000000 0.100000
vn 0.000000 0.000000 0.100000
vn 0.000000 0.000000 0.100000
vn 0.000000 0.000000 0.100000
vn 0.000000 0.000000 0.100000
vn 0.000000 0.000000 0.100000
vn 0.000000 0.000000 0.100000
vn 0.000000 0.000000 0.100000
vn 0.000000 0.000000 0.100000
vn 0.000000 0.000000 0.100000
vn 0.000000 0.000000 0.100000
vn 0.000000 0.000000 0.100000
vn 0.000000 0.000000 0.100000
vn 0.000000 0.000000 0.100000
vn 0.000000 0.000000 0.100000
vn 0.000000 0.000000 0.100000
vn 0.000000 0.000000 0.100000
vn 0.000000 0.000000 0.100000
vn 0.000000 0.000000 0.100000
vn 0.000000 0.000000 0.100000
vn 0.000000 0.000000 0.100000
vn 0.000000 0.000000 0.100000
vn 0.000000 0.000000 0.100000
vn 0.000000 0.000000 0.100000
vn 0.000000 0.000000 0.100000
vn 0.000000 0.000000 0.100000
vn 0.000000 0.000000 0.100000
vn 0.000000 0.000000 0.100000
vn 0.000000 0.000000 0.100000
vn 0.000000 0.000000 0.100000
vn 0.000000 0.000000 0.100000
vn 0.000000 0.000000 0.100000
vn 0.000000 0.000000 0.100000
vn 0.000000 0.000000 0.100000
vn 0.000000 0.000000 0.100000
vn 0.000000 0.000000 0.100000
vn 0.000000 0.000000 0.100000
vn 0.000000 0.000000 0.100000
vn 0.000000 0.000000 0.100000
vn 0.000000 0.000000 0.100000
vn 0.000000 0.000000 0.100000
vn 0.000000 0.000000 0.100000
vn 0.000000 0.000000 0.100000
vn 0.000000 0.000000 0.100000
vn 0.000000 0.000000 0.100000
vn 0.000000 0.000000 0.100000
vn 0.000000 0.000000 0.100000
vn 0.000000 0.000000 0.100000
vn 0.000000 0.000000 0.100000
vn 0.000000 0.000000 0.100000
vn 0.000000 0.000000 0.100000
vn 0.000000 0.000000 0.100000
vn 0.000000 0.000000 0.100000
vn 0.000000 0.000000 0.100000
vn 0.000000 0.000000 0.100000
vn 0.000000 0.000000 0.100000
vn 0.000000 0.000000 0.100000
vn 0.000000 0.000000 0.100000
vn 0.000000 0.000000 0.100000
vn 0.000000 0.000000 0.100000
vn 0.000000 0.000000 0.100000
vn 0.000000 0.000000 0.100000
vn 0.000000 0.000000 0.100000
vn 0.000000 0.000000 0.100000
vn 0.000000 0.000000 0.100000
vn 0.000000 0.000000 0.100000
vn 0.000000 0.000000 0.100000
vn 0.000000 0.000000 0.100000
vn 0.000000 0.000000 0.100000
vn 0.000000 0.000000 0.100000
vn 0.000000 0.000000 0.100000
vn 0.000000 0.000000 0.100000
vn 0.000000 0.000000 0.100000
vn 0.000000 0.000000 0.100000
vn 0.000000 0.000000 0.100000
vn 0.000000 0.000000 0.100000
vn 0.000000 0.000000 0.100000
vn 0.000000 0.000000 0.100000
vn 0.000000 0.000000 0.100000
vn 0.000000 0.000000 0.100000
vn 0.000000 0.000000 0.100000
vn 0.000000 0.000000 0.100000
vn 0.000000 0.000000 0.100000
vn 0.000000 0.000000 0.100000
vn 0.000000 0.000000 0.100000
vn 0.000000 0.000000 0.100000
vn 0.000000 0.000000 0.100000
vn 0.000000 0.000000 0.100000
vn 0.000000 0.000000 0.100000
vn 0.000000 0.000000 0.100000
vn 0.000000 0.000000 0.100000
vn 0.000000 0.000000 0.100000
vn 0.000000 0.000000 0.100000
vn 0.000000 0.000000 0.100000
vn 0.000000 0.000000 0.100000
vn 0.000000 0.000000 0.100000
vn 0.000000 0.000000 0.100000
vn 0.000000 0.000000 0.100000
vn 0.000000 0.000000 0.100000
vn 0.000000 0.000000 0.100000
vn 0.000000 0.000000 0.100000
vn 0.000000 0.000000 0.100000
vn 0.000000 0.000000 0.100000
vn 0.000000 0.000000 0.100000
vn 0.000000 0.000000 0.100000
vn 0.000000 0.000000 0.100000
vn 0.000000 0.000000 0.100000
vn 0.000000 0.000000 0.100000
vn 0.000000 0.000000 0.100000
vn 0.000000 0.000000 0.100000
vn 0.000000 0.000000 0.100000
vn 0.000000 0.000000 0.100000
vn 0.000000 0.000000 0.100000
vn 0.000000 0.000000 0.100000
vn 0.000000 0.000000 0.100000
vn 0.000000 0.000000 0.100000
vn 0.000000 0.000000 0.100000
vn 0.000000 0.000000 0.100000
vn 0.000000 0.000000 0.100000
vn 0.000000 0.000000 0.100000
vn 0.000000 0.000000 0.100000
vn 0.000000 0.000000 0.100000
vn 0.000000 0.000000 0.100000
vn 0.000000 0.000000 0.100000
vn 0.000000 0.000000 0.100000
vn 0.000000 0.000000 0.100000
vn 0.000000 0.000000 0.100000
vn 0.000000 0.000000 0.100000
vn 0.000000 0.000000 0.100000
vn 0.000000 0.000000 0.100000
vn 0.000000 0.000000 0.100000
vn 0.000000 0.000000 0.100000
vn 0.000000 0.000000 0.100000
vn 0.000000 0.000000 0.100000
vn 0.000000 0.000000 0.100000
vn 0.000000 0.000000 0.100000
vn 0.000000 0.000000 0.100000
vn 0.000000 0.000000 0.100000
vn 0.000000 0.000000 0.100000
vn 0.000000 0.000000 0.100000
vn 0.000000 0.000000 0.100000
vn 0.000000 0.000000 0.100000
vn 0.000000 0.000000 0.100000
vn 0.000000 0.000000 0.100000
vn 0.000000 0.000000 0.100000
vn 0.000000 0.000000 0.100000
vn 0.000000 0.000000 0.100000
vn 0.000000 0.000000 0.100000
vn 0.000000 0.000000 0.100000
vn 0.000000 0.000000 0.100000
vn 0.000000 0.000000 0.100000
vn 0.000000 0.000000 0.100000
vn 0.000000 0.000000 0.100000
vn 0.000000 0.000000 0.100000
vn 0.000000 0.000000 0.100000
vn 0.000000 0.000000 0.100000
vn 0.000000 0.000000 0.100000
vn 0.000000 0.000000 0.100000
vn 0.000000 0.000000 0.100000
vn 0.000000 0.000000 0.100000
vn 0.000000 0.000000 0.100000
vn 0.000000 0.000000 0.100000
vn 0.000000 0.000000 0.100000
vn 0.000000 0.000000 0.100000
vn 0.000000 0.000000 0.100000
vn 0.000000 0.000000 0.100000
vn 0.000000 0.000000 0.100000
vn 0.000000 0.000000 0.100000
vn 0.000000 0.000000 0.100000
vn 0.000000 0.000000 0.100000
vn 0.000000 0.000000 0.100000
vn 0.000000 0.000000 0.100000
vn 0.000000 0.000000 0.100000
vn 0.000000 0.000000 0.100000
vn 0.000000 0.000000 0.100000
vn 0.000000 0.000000 0.100000
vn 0.000000 0.000000 0.100000
vn 0.000000 0.000000 0.100000
vn 0.000000 0.000000 0.100000
vn 0.000000 0.000000 0.100000
vn 0.000000 0.000000 0.100000
vn 0.000000 0.000000 0.100000
vn 0.000000 0.000000 0.100000
vn 0.000000 0.000000 0.100000
vn 0.000000 0.000000 0.100000
vn 0.000000 0.000000 0.100000
vn 0.000000 0.000000 0.100000
vn 0.000000 0.000000 0.100000
vn 0.000000 0.000000 0.100000
vn 0.000000 0.000000 0.100000
vn 0.000000 0.000000 0.100000
vn 0.000000 0.000000 0.100000
vn 0.000000 0.000000 0.100000
vn 0.000000 0.000000 0.100000
vn 0.000000 0.000000 0.100000
vn 0.000000 0.000000 0.100000
vn 0.000000 0.000000 0.100000
vn 0.000000 0.000000 0.100000
vn 0.000000 0.000000 0.100000
vn 0.000000 0.000000 0.100000
vn 0.000000 0.000000 0.100000
vn 0.000000 0.000000 0.100000
vn 0.000000 0.000000 0.100000
vn 0.000000 0.000000 0.100000
vn 0.000000 0.000000 0.100000
vn 0.000000 0.000000 0.100000
vn 0.000000 0.000000 0.100000
vn 0.000000 0.000000 0.100000
vn 0.000000 0.000000 0.100000
vn 0.000000 0.000000 0.100000
vn 0.000000 0.000000 0.100000
vn 0.000000 0.000000 0.100000
vn 0.000000 0.000000 0.100000
vn 0.000000 0.000000 0.100000
vn 0.000000 0.000000 0.100000
vn 0.000000 0.000000 0.100000
vn 0.000000 0.000000 0.100000
vn 0.000000 0.000000 0.100000
vn 0.000000 0.000000 0.100000
vn 0.000000 0.000000 0.100000
vn 0.000000 0.000000 0.100000
vn 0.000000 0.000000 0.100000
vn 0.000000 0.000000 0.100000
vn 0.000000 0.000000 0.100000
vn 0.000000 0.000000 0.100000
vn 0.073371 -0.067946 0.000000
vn 0.073371 -0.067946 0.000000
vn 0.081436 -0.058036 0.000000
vn 0.086099 -0.050863 0.000000
vn 0.083491 -0.055038 0.000000
vn 0.085436 -0.051968 0.000000
vn 0.087268 -0.048828 0.000000
vn 0.087268 -0.048828 0.000000
vn 0.094919 -0.031471 0.000000
vn 0.095352 -0.030132 0.000000
vn 0.099431 -0.010652 0.000000
vn 0.099480 -0.010185 0.000000
vn 0.099431 0.010652 0.000000
vn 0.099480 0.010185 0.000000
vn 0.095352 0.030132 0.000000
vn 0.094919 0.031471 0.000000
vn 0.087268 0.048828 0.000000
vn 0.086099 0.050863 0.000000
vn 0.087268 0.048828 0.000000
vn 0.085436 0.051968 0.000000
vn 0.083491 0.055038 0.000000
vn 0.081436 0.058036 0.000000
vn 0.073371 0.067946 0.000000
vn 0.073371 0.067946 0.000000
vn 0.081436 0.058036 0.000000
vn 0.086099 0.050863 0.000000
vn 0.091601 0.040116 0.000000
vn 0.094919 0.031471 0.000000
vn 0.097878 0.020493 0.000000
vn 0.099431 0.010652 0.000000
vn 0.100000 0.000000 0.000000
vn 0.099431 -0.010652 0.000000
vn 0.097878 -0.020493 0.000000
vn 0.094919 -0.031471 0.000000
vn 0.091601 -0.040116 0.000000
vn 0.086099 -0.050863 0.000000
vn 0.081436 -0.058036 0.000000
vn 0.100000 0.000000 0.000000
vn 0.100000 0.000000 0.000000
vn 0.100000 0.000000 0.000000
vn 0.100000 0.000000 0.000000
vn 0.100000 0.000000 0.000000
vn 0.100000 0.000000 0.000000
vn 0.100000 0.000000 0.000000
vn 0.100000 0.000000 0.000000
vn 0.100000 0.000000 0.000000
vn 0.100000 0.000000 0.000000
vn 0.100000 0.000000 0.000000
vn 0.100000 0.000000 0.000000
vn 0.100000 0.000000 0.000000
vn 0.100000 0.000000 0.000000
vn 0.100000 0.000000 0.000000
vn 0.100000 0.000000 0.000000
vn 0.100000 0.000000 0.000000
vn 0.100000 0.000000 0.000000
vn 0.100000 0.000000 0.000000
vn -0.090561 0.042411 -0.000000
vn -0.090561 0.042411 -0.000000
vn -0.085900 0.051197 -0.000000
vn -0.085900 0.051197 -0.000000
vn -0.080390 0.059477 -0.000000
vn -0.080390 0.059477 -0.000000
vn -0.074084 0.067168 -0.000000
vn -0.074084 0.067168 -0.000000
vn -0.067046 0.074195 -0.000000
vn -0.067046 0.074195 -0.000000
vn -0.059344 0.080488 -0.000000
vn -0.059344 0.080488 -0.000000
vn -0.051056 0.085985 -0.000000
vn -0.051056 0.085985 -0.000000
vn 0.000000 0.000000 0.100000
vn 0.000000 0.000000 0.100000
vn 0.000000 0.000000 0.100000
vn 0.000000 0.000000 0.100000
vn 0.000000 0.000000 0.100000
vn 0.000000 0.000000 0.100000
vn 0.000000 0.000000 0.100000
vn 0.000000 0.000000 0.100000
vn 0.000000 0.000000 0.100000
vn 0.000000 0.000000 0.100000
vn 0.000000 0.000000 0.100000
vn 0.000000 0.000000 0.100000
vn 0.000000 0.000000 0.100000
vn 0.000000 0.000000 0.100000
vn 0.000000 0.000000 0.100000
vn 0.000000 0.000000 0.100000
vn 0.000000 0.000000 0.100000
vn 0.000000 0.000000 0.100000
vn 0.000000 0.000000 0.100000
vn 0.000000 0.000000 0.100000
vn 0.000000 0.000000 0.100000
vn 0.000000 0.000000 0.100000
vn 0.000000 0.000000 0.100000
vn -0.000000 0.000000 -0.100000
vn -0.019260 0.000000 -0.098128
vn -0.025882 0.000000 -0.096593
vn -0.038307 0.000000 -0.092372
vn -0.050000 0.000000 -0.086603
vn -0.055819 0.000000 -0.082971
vn -0.070711 0.000000 -0.070711
vn -0.070712 0.000000 -0.070710
vn -0.082973 0.000000 -0.055817
vn -0.086603 0.000000 -0.050000
vn -0.092372 0.000000 -0.038306
vn -0.096593 0.000000 -0.025882
vn -0.098128 0.000000 -0.019260
vn -0.100000 0.000000 0.000000
vn -0.100000 0.000000 0.000000
vn -0.098128 0.000000 0.019260
vn -0.096593 0.000000 0.025882
vn -0.092372 0.000000 0.038306
vn -0.086603 0.000000 0.050000
vn -0.082973 0.000000 0.055817
vn -0.070712 0.000000 0.070710
vn -0.070711 0.000000 0.070711
vn -0.055819 0.000000 0.082971
vn -0.050000 0.000000 0.086603
vn -0.038307 0.000000 0.092372
vn -0.025882 0.000000 0.096593
vn -0.019260 0.000000 0.098128
vn 0.000000 -0.000000 0.100000
vn 0.096916 -0.024644 0.000000
vn 0.096916 -0.024644 0.000000
vn 0.087853 -0.047768 0.000000
vn 0.087853 -0.047768 0.000000
vn 0.073371 0.067946 0.000000
vn 0.073371 0.067946 0.000000
vn 0.087853 0.047768 0.000000
vn 0.087853 0.047768 0.000000
vn 0.096916 0.024644 0.000000
vn 0.096916 0.024644 0.000000
vn 0.000000 0.000000 0.100000
vn 0.000000 0.000000 0.100000
vn 0.000000 0.000000 0.100000
vn 0.000000 0.000000 0.100000
vn 0.000000 0.000000 0.100000
vn 0.000000 0.000000 0.100000
vn 0.000000 0.000000 0.100000
vn 0.000000 0.000000 0.100000
vn 0.000000 0.000000 0.100000
vn 0.000000 0.000000 0.100000
vn 0.000000 0.000000 0.100000
vn 0.000000 0.000000 0.100000
vn 0.000000 0.000000 0.100000
vn 0.000000 0.000000 0.100000
vn 0.000000 0.100000 0.000000
vn 0.000000 0.100000 0.000000
vn 0.000000 0.100000 0.000000
vn 0.000000 0.100000 0.000000
vn 0.000000 0.100000 0.000000
vn 0.000000 0.100000 0.000000
vn 0.000000 0.100000 0.000000
vn 0.000000 0.100000 0.000000
vn 0.000000 0.100000 0.000000
vn 0.000000 0.100000 0.000000
vn 0.000000 0.100000 0.000000
vn 0.000000 0.100000 0.000000
vn 0.000000 0.100000 0.000000
vn 0.000000 0.100000 0.000000
vn 0.000000 0.100000 0.000000
vn 0.000000 0.100000 0.000000
vn 0.000000 0.100000 0.000000
vn 0.000000 0.100000 0.000000
vn 0.000000 0.100000 0.000000
vn 0.000000 0.100000 0.000000
vn 0.000000 0.100000 0.000000
vn 0.000000 0.100000 0.000000
vn 0.100000 0.000000 0.000000
vn 0.100000 0.000000 0.000000
vn 0.100000 0.000000 0.000000
vn 0.100000 0.000000 0.000000
vn -0.000000 0.025000 -0.096825
vn -0.000000 0.008413 -0.099646
vn 0.000000 -0.008413 -0.099646
vn 0.000000 -0.025000 -0.096825
vn 0.100000 0.000000 0.000000
vn 0.100000 0.000000 0.000000
vn 0.100000 0.000000 0.000000
vn 0.100000 0.000000 0.000000
vn -0.000000 0.025000 0.096825
vn -0.000000 0.008413 0.099646
vn 0.000000 -0.008413 0.099646
vn 0.000000 -0.025000 0.096825
vn 0.000000 0.100000 0.000000
vn 0.000000 0.100000 0.000000
vn 0.000000 0.100000 0.000000
vn 0.000000 0.100000 0.000000
vn 0.000000 0.100000 0.000000
vn 0.000000 0.100000 0.000000
vn 0.000000 0.100000 0.000000
vn 0.000000 0.100000 0.000000
vn 0.000000 0.100000 0.000000
vn 0.000000 0.100000 0.000000
vn 0.000000 0.100000 0.000000
vn 0.000000 0.100000 0.000000
vn 0.000000 0.100000 0.000000
vn 0.000000 0.100000 0.000000
vn 0.000000 0.100000 0.000000
vn 0.000000 0.100000 0.000000
vn 0.000000 0.100000 0.000000
vn 0.000000 0.100000 0.000000
vn 0.000000 0.100000 0.000000
vn 0.000000 0.100000 0.000000
vn 0.000000 0.100000 0.000000
vn 0.000000 0.100000 0.000000
vn 0.000000 0.100000 0.000000
vn 0.000000 0.100000 0.000000
vn 0.000000 0.100000 0.000000
vn 0.000000 0.100000 0.000000
vn 0.000000 0.100000 0.000000
vn 0.000000 0.100000 0.000000
vn 0.000000 0.100000 0.000000
vn 0.000000 0.100000 0.000000
vn 0.000000 0.100000 0.000000
vn 0.000000 0.100000 0.000000
vn 0.000000 0.100000 0.000000
vn 0.000000 0.100000 0.000000
vn 0.000000 0.100000 0.000000
vn 0.000000 0.100000 0.000000
vn 0.000000 0.100000 0.000000
vn 0.000000 0.100000 0.000000
vn 0.000000 0.100000 0.000000
vn 0.000000 0.100000 0.000000
vn 0.000000 0.100000 0.000000
vn 0.000000 0.100000 0.000000
vn 0.000000 0.100000 0.000000
vn 0.000000 0.100000 0.000000
vn 0.000000 0.100000 0.000000
vn 0.000000 0.100000 0.000000
vn 0.000000 0.100000 0.000000
vn 0.000000 0.100000 0.000000
vn 0.000000 -0.100000 0.000000
vn 0.000000 -0.100000 0.000000
vn 0.000000 -0.100000 0.000000
vn 0.000000 -0.100000 0.000000
vn 0.000000 -0.100000 0.000000
vn 0.000000 -0.100000 0.000000
vn 0.000000 -0.100000 0.000000
vn 0.000000 -0.100000 0.000000
vn 0.000000 -0.100000 0.000000
vn 0.000000 -0.100000 0.000000
vn 0.000000 -0.100000 0.000000
vn 0.000000 -0.100000 0.000000
vn 0.000000 -0.100000 0.000000
vn 0.000000 -0.100000 0.000000
vn 0.000000 -0.100000 0.000000
vn 0.000000 -0.100000 0.000000
vn 0.000000 -0.100000 0.000000
vn 0.000000 -0.100000 0.000000
vn 0.000000 -0.100000 0.000000
vn 0.000000 -0.100000 0.000000
vn 0.000000 -0.100000 0.000000
vn 0.000000 -0.100000 0.000000
vn 0.000000 -0.100000 0.000000
vn 0.000000 -0.100000 0.000000
vn 0.000000 -0.100000 0.000000
vn 0.000000 -0.100000 0.000000
vn 0.000000 -0.100000 0.000000
vn 0.000000 -0.100000 0.000000
vn 0.000000 -0.100000 0.000000
vn 0.000000 -0.100000 0.000000
vn 0.000000 -0.100000 0.000000
vn 0.000000 -0.100000 0.000000
vn 0.000000 -0.100000 0.000000
vn 0.000000 -0.100000 0.000000
vn 0.000000 -0.100000 0.000000
vn 0.000000 -0.100000 0.000000
vn 0.000000 -0.100000 0.000000
vn 0.000000 -0.100000 0.000000
vn 0.000000 -0.100000 0.000000
vn 0.000000 -0.100000 0.000000
vn 0.000000 -0.100000 0.000000
vn 0.000000 -0.100000 0.000000
vn 0.000000 -0.100000 0.000000
vn 0.000000 -0.100000 0.000000
vn 0.000000 -0.100000 0.000000
vn 0.000000 -0.100000 0.000000
vn 0.000000 -0.100000 0.000000
vn 0.000000 -0.100000 0.000000
vn 0.000000 -0.100000 0.000000
vn 0.000000 -0.100000 0.000000
vn 0.000000 -0.100000 0.000000
vn 0.000000 -0.100000 0.000000
vn 0.000000 -0.100000 0.000000
vn 0.000000 -0.100000 0.000000
vn 0.000000 -0.100000 0.000000
vn 0.000000 -0.100000 0.000000
vn 0.000000 -0.100000 0.000000
vn 0.000000 -0.100000 0.000000
vn 0.000000 -0.100000 0.000000
vn 0.000000 -0.100000 0.000000
vn 0.000000 -0.100000 0.000000
vn 0.000000 -0.100000 0.000000
vn 0.000000 -0.100000 0.000000
vn 0.000000 -0.100000 0.000000
vn 0.000000 -0.100000 0.000000
vn 0.000000 -0.100000 0.000000
vn 0.000000 -0.100000 0.000000
vn 0.000000 -0.100000 0.000000
vn 0.000000 -0.100000 0.000000
vn 0.000000 -0.100000 0.000000
vn 0.000000 -0.100000 0.000000
vn 0.000000 -0.100000 0.000000
vn 0.000000 -0.100000 0.000000
vn 0.000000 -0.100000 0.000000
vn 0.000000 -0.100000 0.000000
vn 0.100000 0.000000 0.000000
vn 0.100000 0.000000 0.000000
vn 0.100000 0.000000 0.000000
vn 0.100000 0.000000 0.000000
vn 0.000000 -0.018028 0.098361
vn 0.000000 -0.006039 0.099817
vn 0.000000 -0.009801 0.099519
vn 0.000000 -0.005253 0.099862
vn -0.000000 0.006039 0.099817
vn 0.000000 -0.002740 0.099962
vn 0.000000 -0.000000 0.100000
vn -0.000000 0.002740 0.099962
vn -0.000000 0.005253 0.099862
vn -0.000000 0.009801 0.099519
vn -0.000000 0.018028 0.098361
vn 0.100000 0.000000 0.000000
vn 0.100000 0.000000 0.000000
vn 0.100000 0.000000 0.000000
vn 0.100000 0.000000 0.000000
vn -0.000000 0.018028 -0.098361
vn -0.000000 0.006039 -0.099817
vn -0.000000 0.009801 -0.099519
vn -0.000000 0.005253 -0.099862
vn 0.000000 -0.006039 -0.099817
vn -0.000000 0.002740 -0.099962
vn 0.000000 -0.000000 -0.100000
vn 0.000000 -0.002740 -0.099962
vn 0.000000 -0.005253 -0.099862
vn 0.000000 -0.009801 -0.099519
vn 0.000000 -0.018028 -0.098361
vn 0.000000 -0.100000 0.000000
vn 0.000000 -0.100000 0.000000
vn 0.000000 -0.100000 0.000000
vn 0.000000 -0.100000 0.000000
vn 0.000000 -0.100000 0.000000
vn 0.000000 -0.100000 0.000000
vn 0.000000 -0.100000 0.000000
vn 0.000000 -0.100000 0.000000
vn 0.000000 -0.100000 0.000000
vn 0.000000 -0.100000 0.000000
vn 0.000000 -0.100000 0.000000
vn 0.000000 -0.100000 0.000000
vn 0.000000 -0.100000 0.000000
vn 0.000000 -0.100000 0.000000
vn 0.000000 -0.100000 0.000000
vn 0.000000 -0.100000 0.000000
vn 0.000000 -0.100000 0.000000
vn 0.000000 -0.100000 0.000000
vn 0.000000 -0.100000 0.000000
vn 0.000000 -0.100000 0.000000
vn 0.000000 -0.100000 0.000000
vn 0.000000 -0.100000 0.000000
vn 0.000000 -0.100000 0.000000
vn 0.000000 -0.100000 0.000000
vn 0.000000 -0.100000 0.000000
vn 0.000000 -0.100000 0.000000
vn 0.000000 -0.100000 0.000000
vn 0.000000 -0.100000 0.000000
vn 0.000000 -0.100000 0.000000
vn 0.000000 -0.100000 0.000000
vn 0.000000 -0.100000 0.000000
vn 0.000000 -0.100000 0.000000
vn 0.000000 -0.100000 0.000000
vn 0.000000 -0.100000 0.000000
vn 0.000000 -0.100000 0.000000
vn 0.000000 -0.100000 0.000000
vn 0.000000 -0.100000 0.000000
vn 0.000000 -0.100000 0.000000
vn 0.000000 -0.100000 0.000000
vn 0.000000 -0.100000 0.000000
vn 0.000000 -0.100000 0.000000
vn 0.000000 -0.100000 0.000000
vn 0.000000 -0.100000 0.000000
vn 0.000000 -0.100000 0.000000
vn 0.000000 -0.100000 0.000000
vn 0.000000 -0.100000 0.000000
vn 0.000000 -0.100000 0.000000
vn 0.000000 -0.100000 0.000000
vn 0.000000 -0.100000 0.000000
vn 0.000000 -0.100000 0.000000
vn 0.000000 -0.100000 0.000000
vn 0.000000 -0.100000 0.000000
vn 0.000000 -0.100000 0.000000
vn 0.000000 -0.100000 0.000000
vn 0.000000 -0.100000 0.000000
vn 0.000000 -0.100000 0.000000
vn 0.000000 -0.100000 0.000000
vn 0.000000 -0.100000 0.000000
vn 0.000000 -0.100000 0.000000
vn 0.000000 -0.100000 0.000000
vn 0.000000 -0.100000 0.000000
vn 0.000000 -0.100000 0.000000
vn 0.000000 -0.100000 0.000000
vn 0.000000 -0.100000 0.000000
vn 0.000000 -0.100000 0.000000
vn 0.000000 -0.100000 0.000000
vn 0.000000 -0.100000 0.000000
vn 0.000000 -0.100000 0.000000
vn 0.000000 -0.100000 0.000000
vn 0.000000 -0.100000 0.000000
vn 0.000000 -0.100000 0.000000
vn 0.000000 -0.100000 0.000000
vn 0.097630 -0.021644 0.000000
vn 0.097630 -0.021644 0.000000
vn 0.099856 -0.005374 0.000000
vn 0.099856 -0.005374 0.000000
vn 0.099389 0.011042 0.000000
vn 0.096241 0.027159 0.000000
vn 0.096241 0.027159 0.000000
vn 0.099389 0.011042 0.000000
vn -0.097630 -0.021644 0.000000
vn -0.097630 -0.021644 0.000000
vn -0.097630 -0.021644 0.000000
vn -0.097630 -0.021644 0.000000
vn -0.097630 -0.021644 0.000000
vn -0.097630 -0.021644 0.000000
vn -0.099905 0.004362 -0.000000
vn -0.099905 0.004362 -0.000000
vn -0.095372 0.030071 -0.000000
vn -0.095372 0.030071 -0.000000
vn -0.084339 0.053730 -0.000000
vn -0.084339 0.053730 -0.000000
vn -0.067559 0.073728 -0.000000
vn -0.067559 0.073728 -0.000000
vn -0.046175 0.088701 -0.000000
vn -0.046175 0.088701 -0.000000
vn -0.021644 0.097630 -0.000000
vn -0.021644 0.097630 -0.000000
vn 0.004362 0.099905 0.000000
vn 0.004362 0.099905 0.000000
vn 0.030071 0.095372 0.000000
vn 0.030071 0.095372 0.000000
vn 0.053730 0.084339 0.000000
vn 0.053730 0.084339 0.000000
vn 0.073728 0.067559 0.000000
vn 0.073728 0.067559 0.000000
vn 0.088701 0.046175 0.000000
vn 0.088701 0.046175 0.000000
vn 0.097630 0.021644 0.000000
vn 0.097630 0.021644 0.000000
vn 0.097630 0.021644 0.000000
vn 0.097630 0.021644 0.000000
vn 0.097630 0.021644 0.000000
vn 0.097630 0.021644 0.000000
vn -0.100000 0.000000 0.000000
vn -0.100000 0.000000 0.000000
vn -0.100000 0.000000 0.000000
vn -0.100000 0.000000 0.000000
vn -0.096593 0.025882 -0.000000
vn -0.096593 0.025882 -0.000000
vn -0.086603 0.050000 -0.000000
vn -0.086603 0.050000 -0.000000
vn -0.070711 0.070711 -0.000000
vn -0.070711 0.070711 -0.000000
vn -0.050000 0.086603 -0.000000
vn -0.050000 0.086603 -0.000000
vn -0.025882 0.096593 -0.000000
vn -0.025882 0.096593 -0.000000
vn -0.000000 0.100000 -0.000000
vn -0.000000 0.100000 -0.000000
vn 0.025882 0.096593 0.000000
vn 0.025882 0.096593 0.000000
vn 0.050000 0.086603 0.000000
vn 0.050000 0.086603 0.000000
vn 0.070711 0.070711 0.000000
vn 0.070711 0.070711 0.000000
vn 0.086603 0.050000 0.000000
vn 0.086603 0.050000 0.000000
vn 0.096593 0.025882 0.000000
vn 0.096593 0.025882 0.000000
vn 0.100000 0.000000 0.000000
vn 0.100000 0.000000 0.000000
vn 0.100000 0.000000 0.000000
vn 0.100000 0.000000 0.000000
vn -0.097630 0.021644 0.000000
vn -0.097630 0.021644 0.000000
vn 0.000000 0.000000 -0.100000
vn 0.000000 0.000000 -0.100000
vn 0.000000 0.000000 -0.100000
vn 0.000000 0.000000 -0.100000
vn 0.000000 0.000000 -0.100000
vn 0.000000 0.000000 -0.100000
vn 0.000000 0.000000 -0.100000
vn 0.000000 0.000000 -0.100000
vn 0.000000 0.000000 -0.100000
vn 0.000000 0.000000 -0.100000
vn 0.000000 0.000000 -0.100000
vn 0.000000 0.000000 -0.100000
vn 0.000000 0.000000 -0.100000
vn 0.000000 0.000000 -0.100000
vn 0.000000 0.000000 -0.100000
vn 0.000000 0.000000 -0.100000
vn 0.000000 0.000000 -0.100000
vn 0.000000 0.000000 -0.100000
vn 0.000000 0.000000 -0.100000
vn 0.000000 0.000000 -0.100000
vn 0.000000 0.000000 -0.100000
vn 0.000000 0.000000 -0.100000
vn 0.000000 0.000000 -0.100000
vn 0.000000 0.000000 -0.100000
vn 0.000000 0.000000 -0.100000
vn 0.000000 0.000000 -0.100000
vn 0.000000 0.000000 -0.100000
vn 0.000000 0.000000 -0.100000
vn 0.000000 0.000000 -0.100000
vn 0.000000 0.000000 -0.100000
vn 0.000000 0.000000 -0.100000
vn 0.000000 0.000000 -0.100000
vn 0.000000 0.000000 -0.100000
vn 0.000000 0.000000 -0.100000
vn 0.000000 0.000000 -0.100000
vn 0.000000 0.000000 -0.100000
vn 0.000000 0.000000 -0.100000
vn 0.000000 0.000000 -0.100000
vn 0.000000 0.000000 -0.100000
vn 0.000000 0.000000 -0.100000
vn 0.000000 0.000000 -0.100000
vn 0.000000 0.000000 -0.100000
vn 0.000000 0.000000 -0.100000
vn 0.000000 0.000000 -0.100000
vn 0.000000 0.000000 -0.100000
vn 0.000000 0.000000 -0.100000
vn 0.000000 0.000000 -0.100000
vn 0.000000 0.000000 -0.100000
vn 0.000000 0.000000 -0.100000
vn 0.000000 0.000000 0.100000
vn 0.000000 0.000000 0.100000
vn 0.000000 0.000000 0.100000
vn 0.000000 0.000000 0.100000
vn 0.000000 0.000000 0.100000
vn 0.000000 0.000000 0.100000
vn 0.000000 0.000000 0.100000
vn 0.000000 0.000000 0.100000
vn 0.000000 0.000000 0.100000
vn 0.000000 0.000000 0.100000
vn 0.000000 0.000000 0.100000
vn 0.000000 0.000000 0.100000
vn 0.000000 0.000000 0.100000
vn 0.000000 0.000000 0.100000
vn 0.000000 0.000000 0.100000
vn 0.000000 0.000000 0.100000
vn 0.000000 0.000000 0.100000
vn 0.000000 0.000000 0.100000
vn 0.000000 0.000000 0.100000
vn 0.000000 0.000000 0.100000
vn 0.000000 0.000000 0.100000
vn 0.000000 0.000000 0.100000
vn 0.000000 0.000000 0.100000
vn 0.000000 0.000000 0.100000
vn 0.000000 0.000000 0.100000
vn 0.000000 0.000000 0.100000
vn 0.000000 0.000000 0.100000
vn 0.000000 0.000000 0.100000
vn 0.000000 0.000000 0.100000
vn 0.000000 0.000000 0.100000
vn 0.000000 0.000000 0.100000
vn 0.000000 0.000000 0.100000
vn 0.000000 0.000000 0.100000
vn 0.000000 0.000000 0.100000
vn 0.000000 0.000000 0.100000
vn 0.000000 0.000000 0.100000
vn 0.000000 0.000000 0.100000
vn 0.000000 0.000000 0.100000
vn 0.000000 0.000000 0.100000
vn 0.000000 0.000000 0.100000
vn 0.000000 0.000000 0.100000
vn 0.000000 0.000000 0.100000
vn 0.000000 0.000000 0.100000
vn 0.000000 0.000000 0.100000
vn 0.000000 0.000000 0.100000
vn 0.000000 0.000000 0.100000
vn 0.000000 0.000000 0.100000
vn 0.000000 0.000000 0.100000
vn 0.000000 0.000000 0.100000
vn 0.074294 0.066936 0.000000
vn 0.074294 0.066936 0.000000
vn 0.059348 0.080485 0.000000
vn 0.059348 0.080485 0.000000
vn 0.041987 0.090758 0.000000
vn 0.041987 0.090758 0.000000
vn 0.022918 0.097338 0.000000
vn 0.022918 0.097338 0.000000
vn 0.002916 0.099957 0.000000
vn 0.002916 0.099957 0.000000
vn -0.017205 0.098509 -0.000000
vn -0.017205 0.098509 -0.000000
vn -0.036626 0.093051 -0.000000
vn -0.036626 0.093051 -0.000000
vn -0.054556 0.083807 -0.000000
vn -0.054556 0.083807 -0.000000
vn -0.070266 0.071153 -0.000000
vn -0.070266 0.071153 -0.000000
vn -0.083117 0.055602 -0.000000
vn -0.083117 0.055602 -0.000000
vn -0.092585 0.037790 -0.000000
vn -0.092585 0.037790 -0.000000
vn -0.098285 0.018439 -0.000000
vn -0.098285 0.018439 -0.000000
vn -0.099986 -0.001662 0.000000
vn -0.099986 -0.001662 0.000000
vn -0.097618 -0.021696 0.000000
vn -0.097618 -0.021696 0.000000
vn -0.091278 -0.040846 0.000000
vn -0.091278 -0.040846 0.000000
vn -0.081223 -0.058334 0.000000
vn -0.081223 -0.058334 0.000000
vn 0.000000 0.000000 -0.100000
vn 0.000000 0.000000 -0.100000
vn 0.000000 0.000000 -0.100000
vn 0.000000 0.000000 -0.100000
vn 0.000000 0.000000 -0.100000
vn 0.000000 0.000000 -0.100000
vn 0.000000 0.000000 -0.100000
vn 0.000000 0.000000 -0.100000
vn 0.000000 0.000000 -0.100000
vn 0.000000 0.000000 -0.100000
vn 0.000000 0.000000 -0.100000
vn 0.000000 0.000000 -0.100000
vn 0.000000 0.000000 -0.100000
vn 0.000000 0.000000 -0.100000
vn 0.000000 0.000000 -0.100000
vn 0.000000 0.000000 -0.100000
vn 0.000000 0.000000 -0.100000
vn 0.000000 0.000000 -0.100000
vn 0.000000 0.000000 -0.100000
vn 0.000000 0.000000 -0.100000
vn 0.000000 0.000000 -0.100000
vn 0.000000 0.000000 -0.100000
vn 0.000000 0.000000 -0.100000
vn 0.000000 0.000000 -0.100000
vn 0.000000 0.000000 -0.100000
vn 0.000000 0.000000 0.100000
vn 0.000000 0.000000 0.100000
vn 0.000000 0.000000 0.100000
vn 0.000000 0.000000 0.100000
vn 0.000000 0.000000 0.100000
vn 0.000000 0.000000 0.100000
vn 0.000000 0.000000 0.100000
vn 0.000000 0.000000 0.100000
vn 0.000000 0.000000 0.100000
vn 0.000000 0.000000 0.100000
vn 0.000000 0.000000 0.100000
vn 0.000000 0.000000 0.100000
vn 0.000000 0.000000 0.100000
vn 0.000000 0.000000 0.100000
vn 0.000000 0.000000 0.100000
vn 0.000000 0.000000 0.100000
vn 0.000000 0.000000 0.100000
vn 0.000000 0.000000 0.100000
vn 0.000000 0.000000 0.100000
vn 0.000000 0.000000 0.100000
vn 0.000000 0.000000 0.100000
vn 0.000000 0.000000 0.100000
vn 0.000000 0.000000 0.100000
vn 0.000000 0.000000 0.100000
vn 0.000000 0.000000 0.100000
vn 0.000000 0.000000 0.100000
vn 0.000000 0.000000 0.100000
vn 0.000000 0.000000 0.100000
vn 0.000000 0.000000 0.100000
vn 0.000000 0.000000 0.100000
vn 0.000000 0.000000 0.100000
vn 0.000000 0.000000 0.100000
vn 0.000000 0.000000 0.100000
vn 0.000000 0.000000 0.100000
vn 0.000000 0.000000 0.100000
vn -0.096111 -0.027616 0.000000
vn -0.096121 -0.027582 0.000000
vn -0.096121 -0.027582 0.000000
vn -0.096150 -0.027480 0.000000
vn -0.096150 -0.027480 0.000000
vn -0.096259 -0.027098 0.000000
vn -0.096259 -0.027098 0.000000
vn -0.096418 -0.026526 0.000000
vn -0.096418 -0.026526 0.000000
vn -0.096604 -0.025841 0.000000
vn -0.096604 -0.025841 0.000000
vn -0.096988 -0.024359 0.000000
vn -0.096988 -0.024359 0.000000
vn -0.097375 -0.022761 0.000000
vn -0.097375 -0.022761 0.000000
vn -0.098774 -0.015609 0.000000
vn -0.098774 -0.015609 0.000000
vn -0.100000 -0.000000 0.000000
vn -0.100000 -0.000000 0.000000
vn -0.098774 0.015609 -0.000000
vn -0.098774 0.015609 -0.000000
vn -0.097375 0.022761 -0.000000
vn -0.097375 0.022761 -0.000000
vn -0.096988 0.024359 -0.000000
vn -0.096988 0.024359 -0.000000
vn -0.096604 0.025841 -0.000000
vn -0.096604 0.025841 -0.000000
vn -0.096418 0.026526 -0.000000
vn -0.096418 0.026526 -0.000000
vn -0.096259 0.027098 -0.000000
vn -0.096259 0.027098 -0.000000
vn -0.096150 0.027480 -0.000000
vn -0.096150 0.027480 -0.000000
vn -0.096121 0.027582 -0.000000
vn -0.096121 0.027582 -0.000000
vn -0.096111 0.027616 -0.000000
vn 0.000000 0.000000 0.100000
vn 0.000000 0.000000 0.100000
vn 0.000000 0.000000 0.100000
vn 0.000000 0.000000 0.100000
vn 0.000000 0.000000 0.100000
vn 0.000000 0.000000 0.100000
vn 0.000000 0.000000 0.100000
vn 0.000000 0.000000 0.100000
vn 0.000000 0.000000 0.100000
vn -0.075240 -0.065871 0.000000
vn -0.075240 -0.065871 0.000000
vn -0.087022 -0.049267 0.000000
vn -0.087022 -0.049267 0.000000
vn -0.095196 -0.030621 0.000000
vn -0.095196 -0.030621 0.000000
vn -0.099425 -0.010706 0.000000
vn -0.099425 -0.010706 0.000000
vn -0.099533 0.009653 -0.000000
vn -0.099533 0.009653 -0.000000
vn -0.095515 0.029612 -0.000000
vn -0.095515 0.029612 -0.000000
vn 0.000000 0.000000 -0.100000
vn 0.000000 0.000000 -0.100000
vn 0.000000 0.000000 -0.100000
vn 0.000000 0.000000 -0.100000
vn 0.000000 0.000000 -0.100000
vn 0.000000 0.000000 -0.100000
vn 0.000000 0.000000 -0.100000
vn 0.000000 0.000000 -0.100000
vn 0.000000 0.000000 -0.100000
vn 0.000000 0.000000 -0.100000
vn 0.000000 0.000000 -0.100000
vn 0.000000 0.000000 0.100000
vn 0.000000 0.000000 0.100000
vn 0.000000 0.000000 0.100000
vn 0.000000 0.000000 0.100000
vn 0.000000 0.000000 0.100000
vn 0.000000 0.000000 0.100000
vn 0.000000 0.000000 0.100000
vn 0.000000 0.000000 0.100000
vn 0.000000 0.000000 0.100000
vn 0.000000 0.000000 0.100000
vn 0.000000 0.000000 0.100000
vn 0.000000 0.000000 0.100000
vn 0.000000 0.000000 0.100000
vn 0.000000 0.000000 0.100000
vn 0.000000 0.000000 0.100000
vn -0.072375 -0.069006 0.000000
vn -0.072375 -0.069006 0.000000
vn -0.085723 -0.051493 0.000000
vn -0.085723 -0.051493 0.000000
vn -0.094915 -0.031482 0.000000
vn -0.094915 -0.031482 0.000000
vn -0.099504 -0.009945 0.000000
vn -0.099504 -0.009945 0.000000
vn -0.099268 0.012074 -0.000000
vn -0.099268 0.012074 -0.000000
vn -0.094219 0.033508 -0.000000
vn -0.094219 0.033508 -0.000000
vn -0.084601 0.053317 -0.000000
vn -0.084601 0.053317 -0.000000
vn 0.000000 0.000000 -0.100000
vn 0.000000 0.000000 -0.100000
vn 0.000000 0.000000 -0.100000
vn 0.000000 0.000000 -0.100000
vn 0.000000 0.000000 -0.100000
vn 0.000000 0.000000 -0.100000
vn 0.000000 0.000000 -0.100000
vn 0.000000 0.000000 -0.100000
vn 0.000000 0.000000 -0.100000
vn 0.000000 0.000000 -0.100000
vn 0.000000 0.000000 -0.100000
vn 0.000000 0.000000 -0.100000
vn 0.000000 0.000000 0.100000
vn 0.000000 0.000000 0.100000
vn 0.000000 0.000000 0.100000
vn 0.000000 0.000000 0.100000
vn 0.000000 0.000000 0.100000
vn 0.000000 0.000000 0.100000
vn 0.000000 0.000000 0.100000
vn 0.000000 0.000000 0.100000
vn 0.000000 0.000000 0.100000
vn 0.000000 0.000000 0.100000
vn 0.000000 0.000000 0.100000
vn 0.000000 0.000000 0.100000
vn 0.000000 0.000000 0.100000
vn 0.000000 0.000000 0.100000
vn 0.000000 0.000000 0.100000
vn 0.000000 0.000000 0.100000
vn 0.000000 0.000000 0.100000
vn -0.017156 -0.098517 0.000000
vn -0.033540 -0.094207 0.000000
vn -0.017156 -0.098517 0.000000
vn -0.033540 -0.094207 0.000000
vn -0.047248 -0.088134 0.000000
vn -0.047248 -0.088134 0.000000
vn -0.058915 -0.080803 0.000000
vn -0.058915 -0.080803 0.000000
vn -0.069138 -0.072249 0.000000
vn -0.069138 -0.072249 0.000000
vn -0.078339 -0.062153 0.000000
vn -0.078339 -0.062153 0.000000
vn -0.086665 -0.049892 0.000000
vn -0.086665 -0.049892 0.000000
vn -0.093824 -0.034599 0.000000
vn -0.093824 -0.034599 0.000000
vn -0.098807 -0.015398 0.000000
vn -0.098807 -0.015398 0.000000
vn -0.017155 -0.098517 0.000000
vn -0.017155 -0.098517 0.000000
vn -0.016466 -0.098635 0.000000
vn -0.016466 -0.098635 0.000000
vn 0.096561 0.025998 0.000000
vn 0.099823 0.005948 0.000000
vn 0.096561 0.025998 0.000000
vn 0.099823 0.005948 0.000000
vn 0.098446 -0.017561 0.000000
vn 0.098446 -0.017561 0.000000
vn 0.095333 -0.030193 0.000000
vn 0.095333 -0.030193 0.000000
vn 0.090306 -0.042952 0.000000
vn 0.090306 -0.042952 0.000000
vn 0.083282 -0.055354 0.000000
vn 0.083282 -0.055354 0.000000
vn 0.074362 -0.066860 0.000000
vn 0.074362 -0.066860 0.000000
vn 0.063840 -0.076970 0.000000
vn 0.063840 -0.076970 0.000000
vn 0.052173 -0.085311 0.000000
vn 0.052173 -0.085311 0.000000
vn 0.039894 -0.091698 0.000000
vn 0.039894 -0.091698 0.000000
vn 0.027518 -0.096139 0.000000
vn 0.027518 -0.096139 0.000000
vn 0.004047 -0.099918 0.000000
vn 0.004047 -0.099918 0.000000
vn -0.016287 -0.098665 0.000000
vn -0.016287 -0.098665 0.000000
vn 0.050405 0.086367 0.000000
vn 0.064615 0.076321 0.000000
vn 0.050405 0.086367 0.000000
vn 0.064615 0.076321 0.000000
vn 0.076767 0.064084 0.000000
vn 0.076767 0.064084 0.000000
vn 0.087655 0.048131 0.000000
vn 0.087655 0.048131 0.000000
vn 0.096584 0.025912 0.000000
vn 0.096584 0.025912 0.000000
vn 0.021515 0.097658 0.000000
vn 0.037286 0.092789 0.000000
vn 0.021515 0.097658 0.000000
vn 0.037286 0.092789 0.000000
vn 0.050405 0.086367 0.000000
vn 0.050405 0.086367 0.000000
vn 0.017960 0.098374 0.000000
vn 0.016430 0.098641 0.000000
vn 0.017960 0.098374 0.000000
vn 0.016430 0.098641 0.000000
vn 0.014872 0.098888 0.000000
vn 0.014872 0.098888 0.000000
vn 0.013288 0.099113 0.000000
vn 0.013288 0.099113 0.000000
vn 0.011677 0.099316 0.000000
vn 0.011677 0.099316 0.000000
vn 0.069965 0.071448 0.000000
vn 0.060265 0.079801 0.000000
vn 0.069965 0.071448 0.000000
vn 0.060265 0.079801 0.000000
vn 0.048812 0.087278 0.000000
vn 0.048812 0.087278 0.000000
vn 0.034943 0.093696 0.000000
vn 0.034943 0.093696 0.000000
vn 0.099705 0.007672 0.000000
vn 0.095328 0.030208 0.000000
vn 0.099705 0.007672 0.000000
vn 0.095328 0.030208 0.000000
vn 0.087921 0.047643 0.000000
vn 0.087921 0.047643 0.000000
vn 0.079258 0.060977 0.000000
vn 0.079258 0.060977 0.000000
vn 0.070008 0.071406 0.000000
vn 0.070008 0.071406 0.000000
vn 0.051545 -0.085692 0.000000
vn 0.062767 -0.077848 0.000000
vn 0.051545 -0.085692 0.000000
vn 0.062767 -0.077848 0.000000
vn 0.073152 -0.068182 0.000000
vn 0.073152 -0.068182 0.000000
vn 0.082237 -0.056896 0.000000
vn 0.082237 -0.056896 0.000000
vn 0.089618 -0.044369 0.000000
vn 0.089618 -0.044369 0.000000
vn 0.095036 -0.031115 0.000000
vn 0.095036 -0.031115 0.000000
vn 0.098422 -0.017695 0.000000
vn 0.098422 -0.017695 0.000000
vn 0.099704 0.007693 0.000000
vn 0.099704 0.007693 0.000000
vn -0.021406 -0.097682 0.000000
vn -0.005471 -0.099850 0.000000
vn -0.021406 -0.097682 0.000000
vn -0.005471 -0.099850 0.000000
vn 0.012026 -0.099274 0.000000
vn 0.012026 -0.099274 0.000000
vn 0.031126 -0.095032 0.000000
vn 0.031126 -0.095032 0.000000
vn 0.051520 -0.085707 0.000000
vn 0.051520 -0.085707 0.000000
vn -0.047212 -0.088154 0.000000
vn -0.035421 -0.093516 0.000000
vn -0.047212 -0.088154 0.000000
vn -0.035421 -0.093516 0.000000
vn -0.021464 -0.097669 0.000000
vn -0.021464 -0.097669 0.000000
vn -0.048271 -0.087578 0.000000
vn -0.047212 -0.088154 0.000000
vn -0.048271 -0.087578 0.000000
vn -0.047212 -0.088154 0.000000
vn -0.096157 -0.027457 0.000000
vn -0.086814 -0.049631 0.000000
vn -0.096157 -0.027457 0.000000
vn -0.086814 -0.049631 0.000000
vn -0.075621 -0.065433 0.000000
vn -0.075621 -0.065433 0.000000
vn -0.063112 -0.077568 0.000000
vn -0.063112 -0.077568 0.000000
vn -0.048271 -0.087578 0.000000
vn -0.048271 -0.087578 0.000000
vn -0.082295 0.056811 0.000000
vn -0.094056 0.033964 0.000000
vn -0.082295 0.056811 0.000000
vn -0.094056 0.033964 0.000000
vn -0.099329 0.011567 0.000000
vn -0.099329 0.011567 0.000000
vn -0.099589 -0.009054 0.000000
vn -0.099589 -0.009054 0.000000
vn -0.096176 -0.027389 0.000000
vn -0.096176 -0.027389 0.000000
vn 0.011602 0.099325 0.000000
vn -0.010817 0.099413 0.000000
vn 0.011602 0.099325 0.000000
vn -0.010817 0.099413 0.000000
vn -0.023302 0.097247 0.000000
vn -0.023302 0.097247 0.000000
vn -0.036261 0.093194 0.000000
vn -0.036261 0.093194 0.000000
vn -0.049219 0.087049 0.000000
vn -0.049219 0.087049 0.000000
vn -0.061587 0.078785 0.000000
vn -0.061587 0.078785 0.000000
vn -0.072753 0.068607 0.000000
vn -0.072753 0.068607 0.000000
vn -0.082204 0.056944 0.000000
vn -0.082204 0.056944 0.000000
vn -0.098847 -0.015144 0.000000
vn -0.099641 0.008461 0.000000
vn -0.098847 -0.015144 0.000000
vn -0.099641 0.008461 0.000000
vn -0.097685 0.021394 0.000000
vn -0.097685 0.021394 0.000000
vn -0.093832 0.034577 0.000000
vn -0.093832 0.034577 0.000000
vn -0.088004 0.047490 0.000000
vn -0.088004 0.047490 0.000000
vn -0.080312 0.059581 0.000000
vn -0.080312 0.059581 0.000000
vn -0.071053 0.070367 0.000000
vn -0.071053 0.070367 0.000000
vn -0.060652 0.079507 0.000000
vn -0.060652 0.079507 0.000000
vn -0.038264 0.092390 0.000000
vn -0.038264 0.092390 0.000000
vn -0.016212 0.098677 0.000000
vn -0.016212 0.098677 0.000000
vn 0.003853 0.099926 0.000000
vn 0.003853 0.099926 0.000000
vn 0.021406 0.097682 0.000000
vn 0.021406 0.097682 0.000000
vn 0.000000 0.000000 0.100000
vn 0.000000 0.000000 0.100000
vn 0.000000 0.000000 0.100000
vn 0.000000 0.000000 0.100000
vn 0.000000 0.000000 0.100000
vn 0.000000 0.000000 0.100000
vn 0.000000 0.000000 0.100000
vn 0.000000 0.000000 0.100000
vn 0.000000 0.000000 0.100000
vn 0.000000 0.000000 0.100000
vn 0.000000 0.000000 0.100000
vn 0.000000 0.000000 0.100000
vn 0.000000 0.000000 0.100000
vn 0.000000 0.000000 0.100000
vn 0.000000 0.000000 0.100000
vn 0.000000 0.000000 0.100000
vn 0.000000 0.000000 0.100000
vn 0.000000 0.000000 0.100000
vn 0.000000 0.000000 0.100000
vn 0.000000 0.000000 0.100000
vn 0.000000 0.000000 0.100000
vn 0.000000 0.000000 0.100000
vn 0.000000 0.000000 0.100000
vn 0.000000 0.000000 0.100000
vn 0.000000 0.000000 0.100000
vn 0.000000 0.000000 0.100000
vn 0.000000 0.000000 0.100000
vn 0.000000 0.000000 0.100000
vn 0.000000 0.000000 0.100000
vn 0.000000 0.000000 0.100000
vn 0.000000 0.000000 0.100000
vn 0.000000 0.000000 0.100000
vn 0.000000 0.000000 0.100000
vn 0.000000 0.000000 0.100000
vn 0.000000 0.000000 0.100000
vn 0.000000 0.000000 0.100000
vn 0.000000 0.000000 0.100000
vn 0.000000 0.000000 0.100000
vn 0.000000 0.000000 0.100000
vn 0.000000 0.000000 0.100000
vn 0.000000 0.000000 0.100000
vn 0.000000 0.000000 0.100000
vn 0.000000 0.000000 0.100000
vn 0.000000 0.000000 0.100000
vn 0.000000 0.000000 0.100000
vn 0.000000 0.000000 0.100000
vn 0.000000 0.000000 0.100000
vn 0.000000 0.000000 0.100000
vn 0.000000 0.000000 0.100000
vn 0.000000 0.000000 0.100000
vn 0.000000 0.000000 0.100000
vn 0.000000 0.000000 0.100000
vn 0.000000 0.000000 0.100000
vn 0.000000 0.000000 0.100000
vn 0.000000 0.000000 0.100000
vn 0.000000 0.000000 0.100000
vn 0.000000 0.000000 0.100000
vn 0.000000 0.000000 0.100000
vn 0.000000 0.000000 0.100000
vn 0.000000 0.000000 0.100000
vn 0.000000 0.000000 0.100000
vn 0.000000 0.000000 0.100000
vn 0.000000 0.000000 0.100000
vn 0.000000 0.000000 0.100000
vn 0.000000 0.000000 0.100000
vn 0.000000 0.000000 0.100000
vn 0.000000 0.000000 0.100000
vn 0.000000 0.000000 0.100000
vn 0.000000 0.000000 0.100000
vn 0.000000 0.000000 0.100000
vn 0.000000 0.000000 0.100000
vn 0.000000 0.000000 0.100000
vn 0.000000 0.000000 0.100000
vn 0.000000 0.000000 0.100000
vn 0.000000 0.000000 0.100000
vn 0.000000 0.000000 0.100000
vn 0.000000 0.000000 0.100000
vn 0.000000 0.000000 0.100000
vn 0.000000 0.000000 0.100000
vn -0.090508 -0.042523 0.000000
vn -0.076963 -0.063849 0.000000
vn -0.090508 -0.042523 0.000000
vn -0.076963 -0.063849 0.000000
vn -0.058076 -0.081407 0.000000
vn -0.058076 -0.081407 0.000000
vn -0.098068 0.019563 0.000000
vn -0.099998 0.000706 0.000000
vn -0.098068 0.019563 0.000000
vn -0.099998 0.000706 0.000000
vn -0.098807 -0.015399 0.000000
vn -0.098807 -0.015399 0.000000
vn -0.095538 -0.029538 0.000000
vn -0.095538 -0.029538 0.000000
vn -0.090526 -0.042485 0.000000
vn -0.090526 -0.042485 0.000000
vn -0.088466 0.046623 0.000000
vn -0.094485 0.032750 0.000000
vn -0.088466 0.046623 0.000000
vn -0.094485 0.032750 0.000000
vn -0.098056 0.019624 0.000000
vn -0.098056 0.019624 0.000000
vn 0.093074 0.036568 0.000000
vn 0.099201 0.012615 0.000000
vn 0.093074 0.036568 0.000000
vn 0.099201 0.012615 0.000000
vn 0.099996 -0.000891 0.000000
vn 0.099996 -0.000891 0.000000
vn 0.098721 -0.015943 0.000000
vn 0.098721 -0.015943 0.000000
vn 0.054326 0.083956 0.000000
vn 0.070574 0.070847 0.000000
vn 0.054326 0.083956 0.000000
vn 0.070574 0.070847 0.000000
vn 0.082912 0.055907 0.000000
vn 0.082912 0.055907 0.000000
vn 0.092473 0.038061 0.000000
vn 0.092473 0.038061 0.000000
vn 0.098933 0.014570 0.000000
vn 0.098933 0.014570 0.000000
vn 0.053879 0.084244 0.000000
vn 0.054327 0.083956 0.000000
vn 0.053879 0.084244 0.000000
vn 0.054327 0.083956 0.000000
vn 0.044783 0.089412 0.000000
vn 0.053786 0.084303 0.000000
vn 0.044783 0.089412 0.000000
vn 0.053786 0.084303 0.000000
vn 0.020649 0.097845 0.000000
vn 0.044783 0.089412 0.000000
vn 0.020649 0.097845 0.000000
vn 0.044783 0.089412 0.000000
vn -0.002384 0.099972 0.000000
vn 0.020851 0.097802 0.000000
vn -0.002384 0.099972 0.000000
vn 0.020851 0.097802 0.000000
vn -0.024889 -0.096853 0.000000
vn -0.015483 -0.098794 0.000000
vn -0.024889 -0.096853 0.000000
vn -0.015483 -0.098794 0.000000
vn 0.008462 -0.099641 0.000000
vn 0.008462 -0.099641 0.000000
vn -0.040196 -0.091566 0.000000
vn -0.024905 -0.096849 0.000000
vn -0.040196 -0.091566 0.000000
vn -0.024905 -0.096849 0.000000
vn -0.053907 -0.084226 0.000000
vn -0.040196 -0.091566 0.000000
vn -0.053907 -0.084226 0.000000
vn -0.040196 -0.091566 0.000000
vn -0.057981 -0.081475 0.000000
vn -0.056642 -0.082412 0.000000
vn -0.057981 -0.081475 0.000000
vn -0.056642 -0.082412 0.000000
vn -0.055284 -0.083329 0.000000
vn -0.055284 -0.083329 0.000000
vn -0.053907 -0.084226 0.000000
vn -0.053907 -0.084226 0.000000
vn 0.000000 0.000000 0.100000
vn 0.000000 0.000000 0.100000
vn 0.000000 0.000000 0.100000
vn 0.000000 0.000000 0.100000
vn 0.000000 0.000000 0.100000
vn 0.000000 0.000000 0.100000
vn 0.000000 0.000000 0.100000
vn 0.000000 0.000000 0.100000
vn 0.000000 0.000000 0.100000
vn 0.000000 0.000000 0.100000
vn 0.000000 0.000000 0.100000
vn 0.000000 0.000000 0.100000
vn 0.000000 0.000000 0.100000
vn 0.000000 0.000000 0.100000
vn 0.000000 0.000000 0.100000
vn 0.000000 0.000000 0.100000
vn 0.000000 0.000000 0.100000
vn 0.000000 0.000000 0.100000
vn 0.000000 0.000000 0.100000
vn 0.000000 0.000000 0.100000
vn 0.000000 0.000000 0.100000
vn 0.000000 0.000000 0.100000
vn 0.000000 0.000000 0.100000
vn 0.000000 0.000000 0.100000
vn 0.000000 0.000000 0.100000
vn 0.000000 0.000000 0.100000
vn -0.001996 0.099980 0.000000
vn -0.014704 0.098913 0.000000
vn -0.001996 0.099980 0.000000
vn -0.014704 0.098913 0.000000
vn -0.028731 0.095784 0.000000
vn -0.028731 0.095784 0.000000
vn -0.043487 0.090049 0.000000
vn -0.043487 0.090049 0.000000
vn -0.057961 0.081489 0.000000
vn -0.057961 0.081489 0.000000
vn 0.005810 0.099831 0.000000
vn 0.005810 0.099831 0.000000
vn 0.085385 0.052051 0.000000
vn 0.070869 0.070552 0.000000
vn 0.085385 0.052051 0.000000
vn 0.070869 0.070552 0.000000
vn 0.053233 0.084654 0.000000
vn 0.053233 0.084654 0.000000
vn 0.032086 0.094713 0.000000
vn 0.032086 0.094713 0.000000
vn 0.019752 0.098030 0.000000
vn 0.019752 0.098030 0.000000
vn 0.005963 0.099822 0.000000
vn 0.005963 0.099822 0.000000
vn 0.095424 0.029905 0.000000
vn 0.085189 0.052372 0.000000
vn 0.095424 0.029905 0.000000
vn 0.085189 0.052372 0.000000
vn -0.031341 -0.094962 0.000000
vn -0.054592 -0.083783 0.000000
vn -0.031341 -0.094962 0.000000
vn -0.054592 -0.083783 0.000000
vn -0.065628 -0.075452 0.000000
vn -0.065628 -0.075452 0.000000
vn -0.076252 -0.064696 0.000000
vn -0.076252 -0.064696 0.000000
vn -0.015052 -0.098861 0.000000
vn -0.030432 -0.095257 0.000000
vn -0.015052 -0.098861 0.000000
vn -0.030432 -0.095257 0.000000
vn -0.043477 -0.090054 0.000000
vn -0.043477 -0.090054 0.000000
vn -0.064512 -0.076408 0.000000
vn -0.064512 -0.076408 0.000000
vn -0.008864 -0.099606 0.000000
vn -0.008864 -0.099606 0.000000
vn 0.057625 -0.081727 0.000000
vn 0.039939 -0.091678 0.000000
vn 0.057625 -0.081727 0.000000
vn 0.039939 -0.091678 0.000000
vn 0.022200 -0.097505 0.000000
vn 0.022200 -0.097505 0.000000
vn 0.005792 -0.099832 0.000000
vn 0.005792 -0.099832 0.000000
vn -0.008682 -0.099622 0.000000
vn -0.008682 -0.099622 0.000000
vn 0.099596 0.008981 0.000000
vn 0.098885 -0.014892 0.000000
vn 0.099596 0.008981 0.000000
vn 0.098885 -0.014892 0.000000
vn 0.091885 -0.039462 0.000000
vn 0.091885 -0.039462 0.000000
vn 0.085789 -0.051383 0.000000
vn 0.085789 -0.051383 0.000000
vn 0.077953 -0.062636 0.000000
vn 0.077953 -0.062636 0.000000
vn 0.068483 -0.072870 0.000000
vn 0.068483 -0.072870 0.000000
vn 0.057603 -0.081743 0.000000
vn 0.057603 -0.081743 0.000000
vn -0.057959 0.081491 0.000000
vn -0.069747 0.071662 0.000000
vn -0.057959 0.081491 0.000000
vn -0.069747 0.071662 0.000000
vn -0.079681 0.060422 0.000000
vn -0.079681 0.060422 0.000000
vn -0.087592 0.048246 0.000000
vn -0.087592 0.048246 0.000000
vn -0.093469 0.035546 0.000000
vn -0.093469 0.035546 0.000000
vn -0.097401 0.022649 0.000000
vn -0.097401 0.022649 0.000000
vn -0.099520 0.009791 0.000000
vn -0.099520 0.009791 0.000000
vn -0.098845 -0.015156 0.000000
vn -0.098845 -0.015156 0.000000
vn 0.000000 0.000000 0.100000
vn 0.000000 0.000000 0.100000
vn 0.000000 0.000000 0.100000
vn 0.000000 0.000000 0.100000
vn 0.000000 0.000000 0.100000
vn 0.000000 0.000000 0.100000
vn 0.000000 0.000000 0.100000
vn 0.000000 0.000000 0.100000
vn 0.000000 0.000000 0.100000
vn 0.000000 0.000000 0.100000
vn 0.000000 0.000000 0.100000
vn 0.000000 0.000000 0.100000
vn 0.000000 0.000000 0.100000
vn 0.000000 0.000000 0.100000
vn 0.000000 0.000000 0.100000
vn 0.000000 0.000000 0.100000
vn 0.000000 0.000000 0.100000
vn 0.000000 0.000000 0.100000
vn 0.000000 0.000000 0.100000
vn 0.000000 0.000000 0.100000
vn 0.000000 0.000000 0.100000
vn 0.000000 0.000000 0.100000
vn 0.000000 0.000000 0.100000
vn 0.000000 0.000000 0.100000
vn 0.000000 0.000000 0.100000
vn 0.000000 0.000000 0.100000
vn 0.000000 0.000000 0.100000
vn 0.000000 0.000000 0.100000
vn 0.000000 0.000000 0.100000
vn 0.000000 0.000000 0.100000
vn 0.000000 0.000000 0.100000
vn 0.000000 0.000000 0.100000
vn 0.000000 0.000000 0.100000
vn 0.000000 0.000000 0.100000
vn 0.000000 0.000000 0.100000
vn -0.042672 0.090438 -0.000000
vn -0.023184 0.097275 -0.000000
vn -0.042672 0.090438 -0.000000
vn -0.023184 0.097275 -0.000000
vn -0.006039 0.099818 -0.000000
vn -0.006039 0.099818 -0.000000
vn 0.008949 0.099599 0.000000
vn 0.008949 0.099599 0.000000
vn 0.022210 0.097502 0.000000
vn 0.022210 0.097502 0.000000
vn -0.067121 0.074126 -0.000000
vn -0.050832 0.086117 -0.000000
vn -0.067121 0.074126 -0.000000
vn -0.050832 0.086117 -0.000000
vn -0.035263 0.093576 -0.000000
vn -0.035263 0.093576 -0.000000
vn -0.020935 0.097784 -0.000000
vn -0.020935 0.097784 -0.000000
vn -0.007871 0.099690 -0.000000
vn -0.007871 0.099690 -0.000000
vn -0.099944 -0.003342 0.000000
vn -0.098577 0.016811 -0.000000
vn -0.099944 -0.003342 0.000000
vn -0.098577 0.016811 -0.000000
vn -0.092614 0.037718 -0.000000
vn -0.092614 0.037718 -0.000000
vn -0.081846 0.057457 -0.000000
vn -0.081846 0.057457 -0.000000
vn -0.067066 0.074176 -0.000000
vn -0.067066 0.074176 -0.000000
vn -0.067228 -0.074029 0.000000
vn -0.078376 -0.062107 0.000000
vn -0.067228 -0.074029 0.000000
vn -0.078376 -0.062107 0.000000
vn -0.088295 -0.046947 0.000000
vn -0.088295 -0.046947 0.000000
vn -0.096128 -0.027556 0.000000
vn -0.096128 -0.027556 0.000000
vn -0.099945 -0.003312 0.000000
vn -0.099945 -0.003312 0.000000
vn 0.086470 0.050230 0.000000
vn 0.074308 0.066921 0.000000
vn 0.086470 0.050230 0.000000
vn 0.074308 0.066921 0.000000
vn 0.060808 0.079387 0.000000
vn 0.060808 0.079387 0.000000
vn 0.099988 -0.001581 0.000000
vn 0.098784 0.015545 0.000000
vn 0.099988 -0.001581 0.000000
vn 0.098784 0.015545 0.000000
vn 0.095492 0.029686 0.000000
vn 0.095492 0.029686 0.000000
vn 0.086473 0.050223 0.000000
vn 0.086473 0.050223 0.000000
vn 0.042709 -0.090421 0.000000
vn 0.064098 -0.076756 0.000000
vn 0.042709 -0.090421 0.000000
vn 0.064098 -0.076756 0.000000
vn 0.073930 -0.067337 0.000000
vn 0.073930 -0.067337 0.000000
vn 0.082689 -0.056236 0.000000
vn 0.082689 -0.056236 0.000000
vn 0.089960 -0.043671 0.000000
vn 0.089960 -0.043671 0.000000
vn 0.095380 -0.030043 0.000000
vn 0.095380 -0.030043 0.000000
vn 0.098729 -0.015895 0.000000
vn 0.098729 -0.015895 0.000000
vn 0.099983 -0.001828 0.000000
vn 0.099983 -0.001828 0.000000
vn -0.019410 -0.098098 0.000000
vn -0.005580 -0.099844 0.000000
vn -0.019410 -0.098098 0.000000
vn -0.005580 -0.099844 0.000000
vn 0.009178 -0.099578 0.000000
vn 0.009178 -0.099578 0.000000
vn 0.025189 -0.096776 0.000000
vn 0.025189 -0.096776 0.000000
vn 0.042807 -0.090374 0.000000
vn 0.042807 -0.090374 0.000000
vn -0.034464 -0.093874 0.000000
vn -0.019398 -0.098101 0.000000
vn -0.034464 -0.093874 0.000000
vn -0.019398 -0.098101 0.000000
vn 0.000000 0.000000 0.100000
vn 0.000000 0.000000 0.100000
vn 0.000000 0.000000 0.100000
vn 0.000000 0.000000 0.100000
vn 0.000000 0.000000 0.100000
vn 0.000000 0.000000 0.100000
vn 0.000000 0.000000 0.100000
vn 0.000000 0.000000 0.100000
vn 0.000000 0.000000 0.100000
vn 0.000000 0.000000 0.100000
vn 0.000000 0.000000 0.100000
vn 0.000000 0.000000 0.100000
vn 0.000000 0.000000 0.100000
vn 0.000000 0.000000 0.100000
vn 0.000000 0.000000 0.100000
vn 0.000000 0.000000 0.100000
vn 0.000000 0.000000 0.100000
vn 0.000000 0.000000 0.100000
vn 0.000000 0.000000 0.100000
vn 0.000000 0.000000 0.100000
vn 0.000000 0.000000 0.100000
vn 0.000000 0.000000 0.100000
vn 0.000000 0.000000 0.100000
vn 0.000000 0.000000 0.100000
vn 0.000000 0.000000 0.100000
vn 0.000000 0.000000 0.100000
vn 0.000000 0.000000 0.100000
vn 0.000000 0.000000 0.100000
vn 0.000000 0.000000 0.100000
vn 0.000000 0.000000 0.100000
vn 0.000000 0.000000 0.100000
vn 0.000000 0.000000 0.100000
vn 0.000000 0.000000 0.100000
vn 0.000000 0.000000 0.100000
vn 0.000000 0.000000 0.100000
vn 0.000000 0.000000 0.100000
vn 0.000000 0.000000 0.100000
vn 0.000000 0.000000 0.100000
vn 0.000000 0.000000 0.100000
vn 0.000000 0.000000 0.100000
vn 0.000000 0.000000 0.100000
vn 0.000000 0.000000 0.100000
vn 0.000000 0.000000 0.100000
vn 0.000000 0.000000 0.100000
vn 0.000000 0.000000 0.100000
vn 0.000000 0.000000 0.100000
vn 0.000000 0.000000 0.100000
vn 0.000000 0.000000 0.100000
vn 0.000000 0.000000 0.100000
vn 0.000000 0.000000 0.100000
vn 0.000000 0.000000 0.100000
vn 0.000000 0.000000 0.100000
vn 0.000000 0.000000 0.100000
vn 0.000000 0.000000 0.100000
vn 0.000000 0.000000 0.100000
vn 0.000000 0.000000 0.100000
vn 0.000000 0.000000 0.100000
vn 0.000000 0.000000 0.100000
vn 0.000000 0.000000 0.100000
vn 0.000000 0.000000 0.100000
vn 0.000000 0.000000 0.100000
vn 0.000000 0.000000 0.100000
vn 0.000000 0.000000 0.100000
vn 0.000000 0.000000 0.100000
vn 0.000000 0.000000 0.100000
vn 0.000000 0.000000 0.100000
vn 0.000000 0.000000 0.100000
vn 0.000000 0.000000 0.100000
vn 0.000000 0.000000 0.100000
vn 0.000000 0.000000 0.100000
vn 0.000000 0.000000 0.100000
vn 0.000000 0.000000 0.100000
vn 0.000000 0.000000 0.100000
vn 0.000000 0.000000 0.100000
vn 0.000000 0.000000 0.100000
vn 0.000000 0.000000 0.100000
vn 0.000000 0.000000 0.100000
vn 0.000000 0.000000 0.100000
vn 0.000000 0.000000 0.100000
vn 0.000000 0.000000 0.100000
vn 0.000000 0.000000 0.100000
vn 0.000000 0.000000 0.100000
vn 0.000000 0.000000 0.100000
vn 0.000000 0.000000 0.100000
vn 0.000000 0.000000 0.100000
vn 0.000000 0.000000 0.100000
vn 0.000000 0.000000 0.100000
vn 0.000000 0.000000 0.100000
vn 0.000000 0.000000 0.100000
vn 0.000000 0.000000 0.100000
vn 0.000000 0.000000 0.100000
vn 0.000000 0.000000 0.100000
vn 0.000000 0.000000 0.100000
vn 0.000000 0.000000 0.100000
vn 0.000000 0.000000 0.100000
vn 0.000000 0.000000 0.100000
vn 0.000000 0.000000 0.100000
vn 0.000000 0.000000 0.100000
vn 0.000000 0.000000 0.100000
vn 0.000000 0.000000 0.100000
vn 0.000000 0.000000 0.100000
vn 0.000000 0.000000 0.100000
vn 0.000000 0.000000 0.100000
vn 0.000000 0.000000 0.100000
vn 0.000000 0.000000 0.100000
vn 0.000000 0.000000 0.100000
vn 0.000000 0.000000 0.100000
vn 0.000000 0.000000 0.100000
vn 0.000000 0.000000 0.100000
vn 0.000000 0.000000 0.100000
vn 0.000000 0.000000 0.100000
vn 0.000000 0.000000 0.100000
vn 0.000000 0.000000 0.100000
vn 0.000000 0.000000 0.100000
vn 0.000000 0.000000 0.100000
vn 0.000000 0.000000 0.100000
vn 0.000000 0.000000 0.100000
vn 0.000000 0.000000 0.100000
vn 0.000000 0.000000 0.100000
vn 0.000000 0.000000 0.100000
vn 0.000000 0.000000 0.100000
vn 0.000000 0.000000 0.100000
vn 0.000000 0.000000 0.100000
vn 0.000000 0.000000 0.100000
vn 0.000000 0.000000 0.100000
vn 0.000000 0.000000 0.100000
vn 0.000000 0.000000 0.100000
vn 0.000000 0.000000 0.100000
vn 0.000000 0.000000 0.100000
vn 0.000000 0.000000 0.100000
vn 0.000000 0.000000 0.100000
vn 0.000000 0.000000 0.100000
vn 0.000000 0.000000 0.100000
vn 0.000000 0.000000 0.100000
vn 0.000000 0.000000 0.100000
vn 0.000000 0.000000 0.100000
vn 0.000000 0.000000 0.100000
vn 0.000000 0.000000 0.100000
vn 0.000000 0.000000 0.100000
vn 0.000000 0.000000 0.100000
vn 0.000000 0.000000 0.100000
vn 0.000000 0.000000 0.100000
vn 0.000000 0.000000 0.100000
vn 0.000000 0.000000 0.100000
vn 0.000000 0.000000 0.100000
vn 0.000000 0.000000 0.100000
vn 0.000000 0.000000 0.100000
vn 0.000000 0.000000 0.100000
vn 0.000000 0.000000 0.100000
vn 0.000000 0.000000 0.100000
vn 0.000000 0.000000 0.100000
vn 0.000000 0.000000 0.100000
vn 0.000000 0.000000 0.100000
vn 0.000000 0.000000 0.100000
vn 0.000000 0.000000 0.100000
vn 0.000000 0.000000 0.100000
vn 0.000000 0.000000 0.100000
vn 0.000000 0.000000 0.100000
vn 0.000000 0.000000 0.100000
vn 0.000000 0.000000 0.100000
vn 0.000000 0.000000 0.100000
vn 0.000000 0.000000 0.100000
vn 0.000000 0.000000 0.100000
vn 0.000000 0.000000 0.100000
vn 0.000000 0.000000 0.100000
vn 0.000000 0.000000 0.100000
vn 0.000000 0.000000 0.100000
vn 0.000000 0.000000 -0.100000
vn 0.000000 0.000000 -0.100000
vn 0.000000 0.000000 -0.100000
vn 0.000000 0.000000 -0.100000
vn 0.000000 0.000000 -0.100000
vn 0.000000 0.000000 -0.100000
vn 0.000000 0.000000 -0.100000
vn 0.000000 0.000000 -0.100000
vn 0.000000 0.000000 -0.100000
vn 0.000000 0.000000 -0.100000
vn 0.000000 0.000000 -0.100000
vn 0.000000 0.000000 -0.100000
vn 0.000000 0.000000 -0.100000
vn 0.000000 0.000000 -0.100000
vn 0.000000 0.000000 -0.100000
vn 0.000000 0.000000 -0.100000
vn 0.000000 0.000000 -0.100000
vn 0.000000 0.000000 -0.100000
vn 0.000000 0.000000 -0.100000
vn 0.000000 0.000000 -0.100000
vn 0.000000 0.000000 -0.100000
vn 0.000000 0.000000 -0.100000
vn 0.000000 0.000000 -0.100000
vn 0.000000 0.000000 -0.100000
vn 0.000000 0.000000 -0.100000
vn 0.000000 0.000000 -0.100000
vn 0.000000 0.000000 -0.100000
vn 0.000000 0.000000 -0.100000
vn 0.000000 0.000000 -0.100000
vn 0.000000 0.000000 -0.100000
vn 0.000000 0.000000 -0.100000
vn 0.000000 0.000000 -0.100000
vn 0.000000 0.000000 -0.100000
vn 0.000000 0.000000 -0.100000
vn 0.000000 0.000000 -0.100000
vn 0.000000 0.000000 -0.100000
vn 0.000000 0.000000 -0.100000
vn 0.000000 0.000000 -0.100000
vn 0.000000 0.000000 -0.100000
vn 0.000000 0.000000 -0.100000
vn 0.000000 0.000000 -0.100000
vn 0.000000 0.000000 -0.100000
vn 0.000000 0.000000 -0.100000
vn 0.000000 0.000000 -0.100000
vn 0.000000 0.000000 -0.100000
vn 0.000000 0.000000 -0.100000
vn 0.000000 0.000000 -0.100000
vn 0.000000 0.000000 -0.100000
vn 0.000000 0.000000 -0.100000
vn 0.000000 0.000000 -0.100000
vn 0.000000 0.000000 -0.100000
vn 0.000000 0.000000 -0.100000
vn 0.000000 0.000000 -0.100000
vn 0.000000 0.000000 -0.100000
vn 0.000000 0.000000 -0.100000
vn 0.000000 0.000000 -0.100000
vn 0.000000 0.000000 -0.100000
vn 0.000000 0.000000 -0.100000
vn 0.000000 0.000000 -0.100000
vn 0.000000 0.000000 -0.100000
vn 0.000000 0.000000 -0.100000
vn 0.000000 0.000000 -0.100000
vn 0.000000 0.000000 -0.100000
vn 0.000000 0.000000 -0.100000
vn 0.000000 0.000000 -0.100000
vn 0.000000 0.000000 -0.100000
vn 0.000000 0.000000 -0.100000
vn 0.000000 0.000000 -0.100000
vn 0.000000 0.000000 -0.100000
vn 0.000000 0.000000 -0.100000
vn 0.000000 0.000000 -0.100000
vn 0.000000 0.000000 -0.100000
vn 0.000000 0.000000 -0.100000
vn 0.000000 0.000000 -0.100000
vn 0.000000 0.000000 -0.100000
vn 0.000000 0.000000 -0.100000
vn 0.000000 0.000000 -0.100000
vn 0.000000 0.000000 -0.100000
vn 0.000000 0.000000 -0.100000
vn 0.000000 0.000000 -0.100000
vn 0.000000 0.000000 -0.100000
vn 0.000000 0.000000 -0.100000
vn 0.000000 0.000000 -0.100000
vn 0.000000 0.000000 -0.100000
vn 0.000000 0.000000 -0.100000
vn 0.000000 0.000000 -0.100000
vn 0.000000 0.000000 -0.100000
vn 0.000000 0.000000 -0.100000
vn 0.000000 0.000000 -0.100000
vn 0.000000 0.100000 0.000000
vn 0.000000 0.100000 0.000000
vn 0.000000 0.100000 0.000000
vn 0.000000 0.100000 0.000000
vn 0.000000 0.100000 0.000000
vn 0.000000 0.100000 0.000000
vn 0.000000 0.100000 0.000000
vn 0.000000 0.100000 0.000000
vn 0.000000 0.100000 0.000000
vn 0.000000 0.100000 0.000000
vn 0.000000 0.100000 0.000000
vn 0.000000 0.100000 0.000000
vn 0.000000 0.100000 0.000000
vn 0.000000 0.100000 0.000000
vn 0.000000 0.100000 0.000000
vn 0.000000 0.100000 0.000000
vn 0.000000 0.100000 0.000000
vn 0.000000 0.100000 0.000000
vn 0.000000 0.100000 0.000000
vn 0.000000 0.100000 0.000000
vn 0.000000 0.100000 0.000000
vn 0.000000 0.100000 0.000000
vn 0.000000 0.100000 0.000000
vn 0.000000 0.100000 0.000000
vn 0.000000 0.100000 0.000000
vn 0.000000 0.100000 0.000000
vn 0.000000 0.100000 0.000000
vn 0.000000 0.100000 0.000000
vn 0.000000 0.100000 0.000000
vn 0.000000 0.100000 0.000000
vn 0.000000 0.100000 0.000000
vn 0.000000 0.100000 0.000000
vn 0.000000 0.100000 0.000000
vn 0.000000 0.100000 0.000000
vn 0.000000 0.100000 0.000000
vn 0.000000 0.100000 0.000000
vn 0.000000 0.100000 0.000000
vn 0.000000 0.100000 0.000000
vn 0.000000 0.100000 0.000000
vn 0.000000 0.100000 0.000000
vn 0.000000 0.100000 0.000000
vn 0.000000 0.100000 0.000000
vn 0.000000 0.100000 0.000000
vn 0.000000 0.100000 0.000000
vn 0.000000 0.100000 0.000000
vn 0.000000 0.100000 0.000000
vn 0.000000 0.100000 0.000000
vn 0.000000 0.100000 0.000000
f 733/1519/1475 779/1520/1476 732/1521/1477
f 732/1521/1477 779/1520/1476 756/1522/1478
f 732/1521/1477 756/1522/1478 755/1523/1479
f 755/1523/1479 756/1522/1478 757/1524/1480
f 755/1523/1479 757/1524/1480 754/1525/1481
f 754/1525/1481 757/1524/1480 758/1526/1482
f 754/1525/1481 758/1526/1482 753/1527/1483
f 753/1527/1483 758/1526/1482 759/1528/1484
f 753/1527/1483 759/1528/1484 752/1529/1485
f 752/1529/1485 759/1528/1484 760/1530/1486
f 752/1529/1485 760/1530/1486 751/1531/1487
f 751/1531/1487 760/1530/1486 761/1532/1488
f 751/1531/1487 761/1532/1488 750/1533/1489
f 750/1533/1489 761/1532/1488 762/1534/1490
f 750/1533/1489 762/1534/1490 749/1535/1491
f 749/1535/1491 762/1534/1490 763/1536/1492
f 749/1535/1491 763/1536/1492 748/1537/1493
f 748/1537/1493 763/1536/1492 764/1538/1494
f 748/1537/1493 764/1538/1494 747/1539/1495
f 747/1539/1495 764/1538/1494 765/1540/1496
f 747/1539/1495 765/1540/1496 746/1541/1497
f 746/1541/1497 765/1540/1496 766/1542/1498
f 746/1541/1497 766/1542/1498 745/1543/1499
f 745/1543/1499 766/1542/1498 767/1544/1500
f 745/1543/1499 767/1544/1500 744/1545/1501
f 744/1545/1501 767/1544/1500 768/1546/1502
f 744/1547/1501 768/1548/1502 743/1549/1503
f 743/1549/1503 768/1548/1502 769/1550/1504
f 743/1549/1503 769/1550/1504 742/1551/1505
f 742/1551/1505 769/1550/1504 770/1552/1506
f 742/1551/1505 770/1552/1506 741/1553/1507
f 741/1553/1507 770/1552/1506 771/1554/1508
f 741/1553/1507 771/1554/1508 740/1555/1509
f 740/1555/1509 771/1554/1508 772/1556/1510
f 740/1555/1509 772/1556/1510 739/1557/1511
f 739/1557/1511 772/1556/1510 773/1558/1512
f 739/1557/1511 773/1558/1512 738/1559/1513
f 738/1559/1513 773/1558/1512 774/1560/1514
f 738/1559/1513 774/1560/1514 737/1561/1515
f 737/1561/1515 774/1560/1514 775/1562/1516
f 737/1561/1515 775/1562/1516 736/1563/1517
f 736/1563/1517 775/1562/1516 776/1564/1518
f 736/1563/1517 776/1564/1518 735/1565/1519
f 735/1565/1519 776/1564/1518 777/1566/1520
f 735/1565/1519 777/1566/1520 734/1567/1521
f 734/1567/1521 777/1566/1520 778/1568/1522
f 734/1567/1521 778/1568/1522 733/1519/1475
f 733/1519/1475 778/1568/1522 779/1520/1476
f 781/1569/1523 827/1570/1524 780/1571/1525
f 780/1571/1525 827/1570/1524 804/1572/1526
f 780/1571/1525 804/1572/1526 803/1573/1527
f 803/1573/1527 804/1572/1526 805/1574/1528
f 803/1573/1527 805/1574/1528 802/1575/1529
f 802/1575/1529 805/1574/1528 806/1576/1530
f 802/1575/1529 806/1576/1530 801/1577/1531
f 801/1577/1531 806/1576/1530 807/1578/1532
f 801/1577/1531 807/1578/1532 800/1579/1533
f 800/1579/1533 807/1578/1532 808/1580/1534
f 800/1579/1533 808/1580/1534 799/1581/1535
f 799/1581/1535 808/1580/1534 809/1582/1536
f 799/1581/1535 809/1582/1536 798/1583/1537
f 798/1583/1537 809/1582/1536 810/1584/1538
f 798/1583/1537 810/1584/1538 797/1585/1539
f 797/1585/1539 810/1584/1538 811/1586/1540
f 797/1585/1539 811/1586/1540 796/1587/1541
f 796/1587/1541 811/1586/1540 812/1588/1542
f 796/1587/1541 812/1588/1542 795/1589/1543
f 795/1589/1543 812/1588/1542 813/1590/1544
f 795/1589/1543 813/1590/1544 794/1591/1545
f 794/1591/1545 813/1590/1544 814/1592/1546
f 794/1591/1545 814/1592/1546 793/1593/1547
f 793/1593/1547 814/1592/1546 815/1594/1548
f 793/1593/1547 815/1594/1548 792/1595/1549
f 792/1595/1549 815/1594/1548 816/1596/1550
f 792/1597/1549 816/1598/1550 791/1599/1551
f 791/1599/1551 816/1598/1550 817/1600/1552
f 791/1599/1551 817/1600/1552 790/1601/1553
f 790/1601/1553 817/1600/1552 818/1602/1554
f 790/1601/1553 818/1602/1554 789/1603/1555
f 789/1603/1555 818/1602/1554 819/1604/1556
f 789/1603/1555 819/1604/1556 788/1605/1557
f 788/1605/1557 819/1604/1556 820/1606/1558
f 788/1605/1557 820/1606/1558 787/1607/1559
f 787/1607/1559 820/1606/1558 821/1608/1560
f 787/1607/1559 821/1608/1560 786/1609/1561
f 786/1609/1561 821/1608/1560 822/1610/1562
f 786/1609/1561 822/1610/1562 785/1611/1563
f 785/1611/1563 822/1610/1562 823/1612/1564
f 785/1611/1563 823/1612/1564 784/1613/1565
f 784/1613/1565 823/1612/1564 824/1614/1566
f 784/1613/1565 824/1614/1566 783/1615/1567
f 783/1615/1567 824/1614/1566 825/1616/1568
f 783/1615/1567 825/1616/1568 782/1617/1569
f 782/1617/1569 825/1616/1568 826/1618/1570
f 782/1617/1569 826/1618/1570 781/1569/1523
f 781/1569/1523 826/1618/1570 827/1570/1524
f 829/1619/1571 875/1620/1572 828/1621/1573
f 828/1621/1573 875/1620/1572 852/1622/1574
f 828/1621/1573 852/1622/1574 851/1623/1575
f 851/1623/1575 852/1622/1574 853/1624/1576
f 851/1623/1575 853/1624/1576 850/1625/1577
f 850/1625/1577 853/1624/1576 854/1626/1578
f 850/1625/1577 854/1626/1578 849/1627/1579
f 849/1627/1579 854/1626/1578 855/1628/1580
f 849/1627/1579 855/1628/1580 848/1629/1581
f 848/1629/1581 855/1628/1580 856/1630/1582
f 848/1629/1581 856/1630/1582 847/1631/1583
f 847/1631/1583 856/1630/1582 857/1632/1584
f 847/1631/1583 857/1632/1584 846/1633/1585
f 846/1633/1585 857/1632/1584 858/1634/1586
f 846/1633/1585 858/1634/1586 845/1635/1587
f 845/1635/1587 858/1634/1586 859/1636/1588
f 845/1635/1587 859/1636/1588 844/1637/1589
f 844/1637/1589 859/1636/1588 860/1638/1590
f 844/1637/1589 860/1638/1590 843/1639/1591
f 843/1639/1591 860/1638/1590 861/1640/1592
f 843/1639/1591 861/1640/1592 842/1641/1593
f 842/1641/1593 861/1640/1592 862/1642/1594
f 842/1641/1593 862/1642/1594 841/1643/1595
f 841/1643/1595 862/1642/1594 863/1644/1596
f 841/1643/1595 863/1644/1596 840/1645/1597
f 840/1645/1597 863/1644/1596 864/1646/1598
f 840/1647/1597 864/1648/1598 839/1649/1599
f 839/1649/1599 864/1648/1598 865/1650/1600
f 839/1649/1599 865/1650/1600 838/1651/1601
f 838/1651/1601 865/1650/1600 866/1652/1602
f 838/1651/1601 866/1652/1602 837/1653/1603
f 837/1653/1603 866/1652/1602 867/1654/1604
f 837/1653/1603 867/1654/1604 836/1655/1605
f 836/1655/1605 867/1654/1604 868/1656/1606
f 836/1655/1605 868/1656/1606 835/1657/1607
f 835/1657/1607 868/1656/1606 869/1658/1608
f 835/1657/1607 869/1658/1608 834/1659/1609
f 834/1659/1609 869/1658/1608 870/1660/1610
f 834/1659/1609 870/1660/1610 833/1661/1611
f 833/1661/1611 870/1660/1610 871/1662/1612
f 833/1661/1611 871/1662/1612 832/1663/1613
f 832/1663/1613 871/1662/1612 872/1664/1614
f 832/1663/1613 872/1664/1614 831/1665/1615
f 831/1665/1615 872/1664/1614 873/1666/1616
f 831/1665/1615 873/1666/1616 830/1667/1617
f 830/1667/1617 873/1666/1616 874/1668/1618
f 830/1667/1617 874/1668/1618 829/1619/1571
f 829/1619/1571 874/1668/1618 875/1620/1572
f 889/1669/1619 876/1670/1620 888/1671/1621
f 888/1671/1621 876/1670/1620 877/1672/1622
f 888/1671/1621 877/1672/1622 887/1673/1623
f 887/1673/1623 877/1672/1622 878/1674/1624
f 887/1673/1623 878/1674/1624 886/1675/1625
f 886/1675/1625 878/1674/1624 879/1676/1626
f 886/1675/1625 879/1676/1626 885/1677/1627
f 885/1677/1627 879/1676/1626 880/1678/1628
f 885/1677/1627 880/1678/1628 884/1679/1629
f 884/1679/1629 880/1678/1628 881/1680/1630
f 884/1679/1629 881/1680/1630 883/1681/1631
f 883/1681/1631 881/1680/1630 882/1682/1632
f 891/1683/1633 908/1684/1634 890/1685/1635
f 890/1685/1635 908/1684/1634 909/1686/1636
f 890/1685/1635 909/1686/1636 925/1687/1637
f 925/1687/1637 909/1686/1636 924/1688/1638
f 924/1688/1638 909/1686/1636 910/1689/1639
f 924/1688/1638 910/1689/1639 923/1690/1640
f 923/1690/1640 910/1689/1639 911/1691/1641
f 923/1690/1640 911/1691/1641 922/1692/1642
f 922/1692/1642 911/1691/1641 912/1693/1643
f 922/1692/1642 912/1693/1643 921/1694/1644
f 921/1694/1644 912/1693/1643 913/1695/1645
f 921/1694/1644 913/1695/1645 920/1696/1646
f 920/1696/1646 913/1695/1645 914/1697/1647
f 920/1696/1646 914/1697/1647 919/1698/1648
f 919/1698/1648 914/1697/1647 915/1699/1649
f 919/1698/1648 915/1699/1649 918/1700/1650
f 918/1700/1650 915/1699/1649 916/1701/1651
f 918/1700/1650 916/1701/1651 917/1702/1652
f 892/1703/1653 906/1704/1654 891/1683/1633
f 891/1683/1633 906/1704/1654 907/1705/1655
f 891/1683/1633 907/1705/1655 908/1684/1634
f 906/1704/1654 892/1703/1653 905/1706/1656
f 905/1706/1656 892/1703/1653 893/1707/1657
f 905/1706/1656 893/1707/1657 904/1708/1658
f 904/1708/1658 893/1707/1657 894/1709/1659
f 904/1708/1658 894/1709/1659 903/1710/1660
f 903/1710/1660 894/1709/1659 895/1711/1661
f 903/1710/1660 895/1711/1661 902/1712/1662
f 902/1712/1662 895/1711/1661 896/1713/1663
f 902/1712/1662 896/1713/1663 901/1714/1664
f 901/1714/1664 896/1713/1663 897/1715/1665
f 901/1714/1664 897/1715/1665 900/1716/1666
f 900/1716/1666 897/1715/1665 898/1717/1667
f 900/1716/1666 898/1717/1667 899/1718/1668
f 937/1719/1669 926/1720/1670 936/1721/1671
f 936/1721/1671 926/1720/1670 927/1722/1672
f 936/1721/1671 927/1722/1672 935/1723/1673
f 935/1723/1673 927/1722/1672 928/1724/1674
f 935/1723/1673 928/1724/1674 934/1725/1675
f 934/1725/1675 928/1724/1674 929/1726/1676
f 934/1725/1675 929/1726/1676 933/1727/1677
f 933/1727/1677 929/1726/1676 930/1728/1678
f 933/1727/1677 930/1728/1678 932/1729/1679
f 932/1729/1679 930/1728/1678 931/1730/1680
f 963/1731/1681 938/1732/1682 962/1733/1683
f 962/1733/1683 938/1732/1682 939/1734/1684
f 962/1733/1683 939/1734/1684 961/1735/1685
f 961/1735/1685 939/1734/1684 940/1736/1686
f 961/1735/1685 940/1736/1686 960/1737/1687
f 960/1737/1687 940/1736/1686 941/1738/1688
f 960/1737/1687 941/1738/1688 959/1739/1689
f 959/1739/1689 941/1738/1688 942/1740/1690
f 959/1739/1689 942/1740/1690 958/1741/1691
f 958/1741/1691 942/1740/1690 943/1742/1692
f 958/1741/1691 943/1742/1692 957/1743/1693
f 957/1743/1693 943/1742/1692 944/1744/1694
f 957/1743/1693 944/1744/1694 956/1745/1695
f 956/1745/1695 944/1744/1694 945/1746/1696
f 956/1745/1695 945/1746/1696 955/1747/1697
f 955/1747/1697 945/1746/1696 946/1748/1698
f 955/1747/1697 946/1748/1698 954/1749/1699
f 954/1749/1699 946/1748/1698 947/1750/1700
f 954/1749/1699 947/1750/1700 953/1751/1701
f 953/1751/1701 947/1750/1700 948/1752/1702
f 953/1751/1701 948/1752/1702 952/1753/1703
f 952/1753/1703 948/1752/1702 949/1754/1704
f 952/1753/1703 949/1754/1704 951/1755/1705
f 951/1755/1705 949/1754/1704 950/1756/1706
f 965/1757/1707 1011/1758/1708 964/1759/1709
f 964/1759/1709 1011/1758/1708 988/1760/1710
f 964/1759/1709 988/1760/1710 987/1761/1711
f 987/1761/1711 988/1760/1710 989/1762/1712
f 987/1761/1711 989/1762/1712 986/1763/1713
f 986/1763/1713 989/1762/1712 990/1764/1714
f 986/1763/1713 990/1764/1714 985/1765/1715
f 985/1765/1715 990/1764/1714 991/1766/1716
f 985/1765/1715 991/1766/1716 984/1767/1717
f 984/1767/1717 991/1766/1716 992/1768/1718
f 984/1767/1717 992/1768/1718 983/1769/1719
f 983/1769/1719 992/1768/1718 993/1770/1720
f 983/1769/1719 993/1770/1720 982/1771/1721
f 982/1771/1721 993/1770/1720 994/1772/1722
f 982/1771/1721 994/1772/1722 981/1773/1723
f 981/1773/1723 994/1772/1722 995/1774/1724
f 981/1773/1723 995/1774/1724 980/1775/1725
f 980/1775/1725 995/1774/1724 996/1776/1726
f 980/1775/1725 996/1776/1726 979/1777/1727
f 979/1777/1727 996/1776/1726 997/1778/1728
f 979/1777/1727 997/1778/1728 978/1779/1729
f 978/1779/1729 997/1778/1728 998/1780/1730
f 978/1779/1729 998/1780/1730 977/1781/1731
f 977/1781/1731 998/1780/1730 999/1782/1732
f 977/1781/1731 999/1782/1732 976/1783/1733
f 976/1783/1733 999/1782/1732 1000/1784/1734
f 976/1785/1733 1000/1786/1734 975/1787/1735
f 975/1787/1735 1000/1786/1734 1001/1788/1736
f 975/1787/1735 1001/1788/1736 974/1789/1737
f 974/1789/1737 1001/1788/1736 1002/1790/1738
f 974/1789/1737 1002/1790/1738 973/1791/1739
f 973/1791/1739 1002/1790/1738 1003/1792/1740
f 973/1791/1739 1003/1792/1740 972/1793/1741
f 972/1793/1741 1003/1792/1740 1004/1794/1742
f 972/1793/1741 1004/1794/1742 971/1795/1743
f 971/1795/1743 1004/1794/1742 1005/1796/1744
f 971/1795/1743 1005/1796/1744 970/1797/1745
f 970/1797/1745 1005/1796/1744 1006/1798/1746
f 970/1797/1745 1006/1798/1746 969/1799/1747
f 969/1799/1747 1006/1798/1746 1007/1800/1748
f 969/1799/1747 1007/1800/1748 968/1801/1749
f 968/1801/1749 1007/1800/1748 1008/1802/1750
f 968/1801/1749 1008/1802/1750 967/1803/1751
f 967/1803/1751 1008/1802/1750 1009/1804/1752
f 967/1803/1751 1009/1804/1752 966/1805/1753
f 966/1805/1753 1009/1804/1752 1010/1806/1754
f 966/1805/1753 1010/1806/1754 965/1757/1707
f 965/1757/1707 1010/1806/1754 1011/1758/1708
f 1013/1807/1755 1053/1808/1756 1012/1809/1757
f 1012/1809/1757 1053/1808/1756 1054/1810/1758
f 1012/1809/1757 1054/1810/1758 1035/1811/1759
f 1035/1811/1759 1054/1810/1758 1055/1812/1760
f 1035/1811/1759 1055/1812/1760 1034/1813/1761
f 1034/1813/1761 1055/1812/1760 1056/1814/1762
f 1034/1813/1761 1056/1814/1762 1033/1815/1763
f 1033/1815/1763 1056/1814/1762 1057/1816/1764
f 1033/1815/1763 1057/1816/1764 1032/1817/1765
f 1032/1817/1765 1057/1816/1764 1058/1818/1766
f 1032/1817/1765 1058/1818/1766 1031/1819/1767
f 1031/1819/1767 1058/1818/1766 1059/1820/1768
f 1031/1819/1767 1059/1820/1768 1030/1821/1769
f 1030/1821/1769 1059/1820/1768 1036/1822/1770
f 1030/1821/1769 1036/1822/1770 1029/1823/1771
f 1029/1823/1771 1036/1822/1770 1037/1824/1772
f 1029/1823/1771 1037/1824/1772 1028/1825/1773
f 1028/1825/1773 1037/1824/1772 1038/1826/1774
f 1028/1825/1773 1038/1826/1774 1027/1827/1775
f 1027/1827/1775 1038/1826/1774 1039/1828/1776
f 1027/1827/1775 1039/1828/1776 1026/1829/1777
f 1026/1829/1777 1039/1828/1776 1040/1830/1778
f 1026/1829/1777 1040/1830/1778 1025/1831/1779
f 1025/1831/1779 1040/1830/1778 1041/1832/1780
f 1025/1831/1779 1041/1832/1780 1024/1833/1781
f 1024/1833/1781 1041/1832/1780 1042/1834/1782
f 1024/1835/1781 1042/1836/1782 1023/1837/1783
f 1023/1837/1783 1042/1836/1782 1043/1838/1784
f 1023/1837/1783 1043/1838/1784 1022/1839/1785
f 1022/1839/1785 1043/1838/1784 1044/1840/1786
f 1022/1839/1785 1044/1840/1786 1021/1841/1787
f 1021/1841/1787 1044/1840/1786 1045/1842/1788
f 1021/1841/1787 1045/1842/1788 1020/1843/1789
f 1020/1843/1789 1045/1842/1788 1046/1844/1790
f 1020/1843/1789 1046/1844/1790 1019/1845/1791
f 1019/1845/1791 1046/1844/1790 1047/1846/1792
f 1019/1845/1791 1047/1846/1792 1018/1847/1793
f 1018/1847/1793 1047/1846/1792 1048/1848/1794
f 1018/1847/1793 1048/1848/1794 1017/1849/1795
f 1017/1849/1795 1048/1848/1794 1049/1850/1796
f 1017/1849/1795 1049/1850/1796 1016/1851/1797
f 1016/1851/1797 1049/1850/1796 1050/1852/1798
f 1016/1851/1797 1050/1852/1798 1015/1853/1799
f 1015/1853/1799 1050/1852/1798 1051/1854/1800
f 1015/1853/1799 1051/1854/1800 1014/1855/1801
f 1014/1855/1801 1051/1854/1800 1052/1856/1802
f 1014/1855/1801 1052/1856/1802 1013/1807/1755
f 1013/1807/1755 1052/1856/1802 1053/1808/1756
f 1061/1857/1803 1107/1858/1804 1060/1859/1805
f 1060/1859/1805 1107/1858/1804 1084/1860/1806
f 1060/1859/1805 1084/1860/1806 1083/1861/1807
f 1083/1861/1807 1084/1860/1806 1085/1862/1808
f 1083/1861/1807 1085/1862/1808 1082/1863/1809
f 1082/1863/1809 1085/1862/1808 1086/1864/1810
f 1082/1863/1809 1086/1864/1810 1081/1865/1811
f 1081/1865/1811 1086/1864/1810 1087/1866/1812
f 1081/1865/1811 1087/1866/1812 1080/1867/1813
f 1080/1867/1813 1087/1866/1812 1088/1868/1814
f 1080/1867/1813 1088/1868/1814 1079/1869/1815
f 1079/1869/1815 1088/1868/1814 1089/1870/1816
f 1079/1869/1815 1089/1870/1816 1078/1871/1817
f 1078/1871/1817 1089/1870/1816 1090/1872/1818
f 1078/1871/1817 1090/1872/1818 1077/1873/1819
f 1077/1873/1819 1090/1872/1818 1091/1874/1820
f 1077/1873/1819 1091/1874/1820 1076/1875/1821
f 1076/1875/1821 1091/1874/1820 1092/1876/1822
f 1076/1875/1821 1092/1876/1822 1075/1877/1823
f 1075/1877/1823 1092/1876/1822 1093/1878/1824
f 1075/1877/1823 1093/1878/1824 1074/1879/1825
f 1074/1879/1825 1093/1878/1824 1094/1880/1826
f 1074/1879/1825 1094/1880/1826 1073/1881/1827
f 1073/1881/1827 1094/1880/1826 1095/1882/1828
f 1073/1881/1827 1095/1882/1828 1072/1883/1829
f 1072/1883/1829 1095/1882/1828 1096/1884/1830
f 1072/1885/1829 1096/1886/1830 1071/1887/1831
f 1071/1887/1831 1096/1886/1830 1097/1888/1832
f 1071/1887/1831 1097/1888/1832 1070/1889/1833
f 1070/1889/1833 1097/1888/1832 1098/1890/1834
f 1070/1889/1833 1098/1890/1834 1069/1891/1835
f 1069/1891/1835 1098/1890/1834 1099/1892/1836
f 1069/1891/1835 1099/1892/1836 1068/1893/1837
f 1068/1893/1837 1099/1892/1836 1100/1894/1838
f 1068/1893/1837 1100/1894/1838 1067/1895/1839
f 1067/1895/1839 1100/1894/1838 1101/1896/1840
f 1067/1895/1839 1101/1896/1840 1066/1897/1841
f 1066/1897/1841 1101/1896/1840 1102/1898/1842
f 1066/1897/1841 1102/1898/1842 1065/1899/1843
f 1065/1899/1843 1102/1898/1842 1103/1900/1844
f 1065/1899/1843 1103/1900/1844 1064/1901/1845
f 1064/1901/1845 1103/1900/1844 1104/1902/1846
f 1064/1901/1845 1104/1902/1846 1063/1903/1847
f 1063/1903/1847 1104/1902/1846 1105/1904/1848
f 1063/1903/1847 1105/1904/1848 1062/1905/1849
f 1062/1905/1849 1105/1904/1848 1106/1906/1850
f 1062/1905/1849 1106/1906/1850 1061/1857/1803
f 1061/1857/1803 1106/1906/1850 1107/1858/1804
f 1108/1907/1851 1109/1908/1852 1165/1909/1853
f 1165/1909/1853 1109/1908/1852 1164/1910/1854
f 1164/1910/1854 1109/1908/1852 1163/1911/1855
f 1163/1911/1855 1109/1908/1852 1162/1912/1856
f 1162/1912/1856 1109/1908/1852 1161/1913/1857
f 1161/1913/1857 1109/1908/1852 1110/1914/1858
f 1161/1913/1857 1110/1914/1858 1184/1915/1859
f 1184/1915/1859 1110/1914/1858 1111/1916/1860
f 1184/1915/1859 1111/1916/1860 1183/1917/1861
f 1183/1917/1861 1111/1916/1860 1196/1918/1862
f 1183/1917/1861 1196/1918/1862 1197/1919/1863
f 1112/1920/1864 1193/1921/1865 1111/1916/1860
f 1111/1916/1860 1193/1921/1865 1194/1922/1866
f 1111/1916/1860 1194/1922/1866 1195/1923/1867
f 1113/1924/1868 1183/1917/1861 1112/1920/1864
f 1112/1920/1864 1183/1917/1861 1190/1925/1869
f 1112/1920/1864 1190/1925/1869 1191/1926/1870
f 1183/1917/1861 1113/1924/1868 1182/1927/1871
f 1182/1927/1871 1113/1924/1868 1114/1928/1872
f 1182/1927/1871 1114/1928/1872 1181/1929/1873
f 1181/1929/1873 1114/1928/1872 1115/1930/1874
f 1181/1929/1873 1115/1930/1874 1116/1931/1875
f 1181/1929/1873 1116/1931/1875 1180/1932/1876
f 1180/1932/1876 1116/1931/1875 1117/1933/1877
f 1180/1932/1876 1117/1933/1877 1118/1934/1878
f 1180/1932/1876 1118/1934/1878 1179/1935/1879
f 1179/1935/1879 1118/1934/1878 1119/1936/1880
f 1179/1935/1879 1119/1936/1880 1178/1937/1881
f 1178/1937/1881 1119/1936/1880 1120/1938/1882
f 1178/1937/1881 1120/1938/1882 1121/1939/1883
f 1178/1937/1881 1121/1939/1883 1177/1940/1884
f 1177/1940/1884 1121/1939/1883 1122/1941/1885
f 1177/1940/1884 1122/1941/1885 1176/1942/1886
f 1176/1942/1886 1122/1941/1885 1123/1943/1887
f 1176/1942/1886 1123/1943/1887 1124/1944/1888
f 1176/1942/1886 1124/1944/1888 1175/1945/1889
f 1175/1945/1889 1124/1944/1888 1125/1946/1890
f 1175/1945/1889 1125/1946/1890 1126/1947/1891
f 1175/1945/1889 1126/1947/1891 1174/1948/1892
f 1174/1948/1892 1126/1947/1891 1127/1949/1893
f 1174/1948/1892 1127/1949/1893 1173/1950/1894
f 1173/1950/1894 1127/1949/1893 1128/1951/1895
f 1173/1950/1894 1128/1951/1895 1200/1952/1896
f 1200/1952/1896 1128/1951/1895 1199/1953/1897
f 1199/1953/1897 1128/1951/1895 1207/1954/1898
f 1207/1954/1898 1128/1951/1895 1129/1955/1899
f 1207/1954/1898 1129/1955/1899 1206/1956/1900
f 1206/1956/1900 1129/1955/1899 1205/1957/1901
f 1205/1957/1901 1129/1955/1899 1204/1958/1902
f 1204/1958/1902 1129/1955/1899 1203/1959/1903
f 1203/1959/1903 1129/1955/1899 1172/1960/1904
f 1203/1959/1903 1172/1960/1904 1173/1950/1894
f 1129/1961/1899 1130/1962/1905 1172/1963/1904
f 1172/1963/1904 1130/1962/1905 1131/1964/1906
f 1172/1963/1904 1131/1964/1906 1171/1965/1907
f 1171/1965/1907 1131/1964/1906 1137/1966/1908
f 1171/1965/1907 1137/1966/1908 1138/1967/1909
f 1132/1968/1910 1133/1969/1911 1131/1964/1906
f 1131/1964/1906 1133/1969/1911 1134/1970/1912
f 1131/1964/1906 1134/1970/1912 1135/1971/1913
f 1135/1971/1913 1136/1972/1914 1131/1964/1906
f 1131/1964/1906 1136/1972/1914 1137/1966/1908
f 1138/1967/1909 1139/1973/1915 1171/1965/1907
f 1171/1965/1907 1139/1973/1915 1140/1974/1916
f 1171/1965/1907 1140/1974/1916 1141/1975/1917
f 1141/1975/1917 1142/1976/1918 1171/1965/1907
f 1171/1965/1907 1142/1976/1918 1170/1977/1919
f 1170/1977/1919 1142/1976/1918 1143/1978/1920
f 1170/1977/1919 1143/1978/1920 1169/1979/1921
f 1169/1979/1921 1143/1978/1920 1144/1980/1922
f 1169/1979/1921 1144/1980/1922 1168/1981/1923
f 1168/1981/1923 1144/1980/1922 1145/1982/1924
f 1168/1981/1923 1145/1982/1924 1146/1983/1925
f 1168/1981/1923 1146/1983/1925 1167/1984/1926
f 1167/1984/1926 1146/1983/1925 1147/1985/1927
f 1167/1984/1926 1147/1985/1927 1148/1986/1928
f 1167/1984/1926 1148/1986/1928 1166/1987/1929
f 1166/1987/1929 1148/1986/1928 1149/1988/1930
f 1166/1987/1929 1149/1988/1930 1150/1989/1931
f 1166/1987/1929 1150/1989/1931 1189/1990/1932
f 1189/1990/1932 1150/1989/1931 1151/1991/1933
f 1189/1990/1932 1151/1991/1933 1152/1992/1934
f 1189/1990/1932 1152/1992/1934 1188/1993/1935
f 1188/1993/1935 1152/1992/1934 1153/1994/1936
f 1188/1993/1935 1153/1994/1936 1154/1995/1937
f 1188/1993/1935 1154/1995/1937 1187/1996/1938
f 1187/1996/1938 1154/1995/1937 1155/1997/1939
f 1187/1996/1938 1155/1997/1939 1186/1998/1940
f 1186/1998/1940 1155/1997/1939 1156/1999/1941
f 1186/1998/1940 1156/1999/1941 1185/2000/1942
f 1185/2000/1942 1156/1999/1941 1157/2001/1943
f 1185/2000/1942 1157/2001/1943 1158/2002/1944
f 1158/2002/1944 1159/2003/1945 1185/2000/1942
f 1185/2000/1942 1159/2003/1945 1160/2004/1946
f 1185/2000/1942 1160/2004/1946 1184/1915/1859
f 1184/1915/1859 1160/2004/1946 1161/1913/1857
f 1191/1926/1870 1192/2005/1947 1112/1920/1864
f 1112/1920/1864 1192/2005/1947 1193/1921/1865
f 1195/1923/1867 1196/1918/1862 1111/1916/1860
f 1197/1919/1863 1198/2006/1948 1183/1917/1861
f 1183/1917/1861 1198/2006/1948 1190/1925/1869
f 1200/1952/1896 1201/2007/1949 1173/1950/1894
f 1173/1950/1894 1201/2007/1949 1202/2008/1950
f 1173/1950/1894 1202/2008/1950 1203/1959/1903
f 1209/2009/1951 1255/2010/1952 1208/2011/1953
f 1208/2011/1953 1255/2010/1952 1232/2012/1954
f 1208/2011/1953 1232/2012/1954 1231/2013/1955
f 1231/2013/1955 1232/2012/1954 1233/2014/1956
f 1231/2013/1955 1233/2014/1956 1230/2015/1957
f 1230/2015/1957 1233/2014/1956 1234/2016/1958
f 1230/2015/1957 1234/2016/1958 1229/2017/1959
f 1229/2017/1959 1234/2016/1958 1235/2018/1960
f 1229/2017/1959 1235/2018/1960 1228/2019/1961
f 1228/2019/1961 1235/2018/1960 1236/2020/1962
f 1228/2019/1961 1236/2020/1962 1227/2021/1963
f 1227/2021/1963 1236/2020/1962 1237/2022/1964
f 1227/2021/1963 1237/2022/1964 1226/2023/1965
f 1226/2023/1965 1237/2022/1964 1238/2024/1966
f 1226/2023/1965 1238/2024/1966 1225/2025/1967
f 1225/2025/1967 1238/2024/1966 1239/2026/1968
f 1225/2025/1967 1239/2026/1968 1224/2027/1969
f 1224/2027/1969 1239/2026/1968 1240/2028/1970
f 1224/2027/1969 1240/2028/1970 1223/2029/1971
f 1223/2029/1971 1240/2028/1970 1241/2030/1972
f 1223/2029/1971 1241/2030/1972 1222/2031/1973
f 1222/2031/1973 1241/2030/1972 1242/2032/1974
f 1222/2031/1973 1242/2032/1974 1221/2033/1975
f 1221/2033/1975 1242/2032/1974 1243/2034/1976
f 1221/2033/1975 1243/2034/1976 1220/2035/1977
f 1220/2035/1977 1243/2034/1976 1244/2036/1978
f 1220/2037/1977 1244/2038/1978 1219/2039/1979
f 1219/2039/1979 1244/2038/1978 1245/2040/1980
f 1219/2039/1979 1245/2040/1980 1218/2041/1981
f 1218/2041/1981 1245/2040/1980 1246/2042/1982
f 1218/2041/1981 1246/2042/1982 1217/2043/1983
f 1217/2043/1983 1246/2042/1982 1247/2044/1984
f 1217/2043/1983 1247/2044/1984 1216/2045/1985
f 1216/2045/1985 1247/2044/1984 1248/2046/1986
f 1216/2045/1985 1248/2046/1986 1215/2047/1987
f 1215/2047/1987 1248/2046/1986 1249/2048/1988
f 1215/2047/1987 1249/2048/1988 1214/2049/1989
f 1214/2049/1989 1249/2048/1988 1250/2050/1990
f 1214/2049/1989 1250/2050/1990 1213/2051/1991
f 1213/2051/1991 1250/2050/1990 1251/2052/1992
f 1213/2051/1991 1251/2052/1992 1212/2053/1993
f 1212/2053/1993 1251/2052/1992 1252/2054/1994
f 1212/2053/1993 1252/2054/1994 1211/2055/1995
f 1211/2055/1995 1252/2054/1994 1253/2056/1996
f 1211/2055/1995 1253/2056/1996 1210/2057/1997
f 1210/2057/1997 1253/2056/1996 1254/2058/1998
f 1210/2057/1997 1254/2058/1998 1209/2009/1951
f 1209/2009/1951 1254/2058/1998 1255/2010/1952
f 1257/2059/1999 1303/2060/2000 1256/2061/2001
f 1256/2061/2001 1303/2060/2000 1280/2062/2002
f 1256/2061/2001 1280/2062/2002 1279/2063/2003
f 1279/2063/2003 1280/2062/2002 1281/2064/2004
f 1279/2063/2003 1281/2064/2004 1278/2065/2005
f 1278/2065/2005 1281/2064/2004 1282/2066/2006
f 1278/2065/2005 1282/2066/2006 1277/2067/2007
f 1277/2067/2007 1282/2066/2006 1283/2068/2008
f 1277/2067/2007 1283/2068/2008 1276/2069/2009
f 1276/2069/2009 1283/2068/2008 1284/2070/2010
f 1276/2069/2009 1284/2070/2010 1275/2071/2011
f 1275/2071/2011 1284/2070/2010 1285/2072/2012
f 1275/2071/2011 1285/2072/2012 1274/2073/2013
f 1274/2073/2013 1285/2072/2012 1286/2074/2014
f 1274/2073/2013 1286/2074/2014 1273/2075/2015
f 1273/2075/2015 1286/2074/2014 1287/2076/2016
f 1273/2075/2015 1287/2076/2016 1272/2077/2017
f 1272/2077/2017 1287/2076/2016 1288/2078/2018
f 1272/2077/2017 1288/2078/2018 1271/2079/2019
f 1271/2079/2019 1288/2078/2018 1289/2080/2020
f 1271/2079/2019 1289/2080/2020 1270/2081/2021
f 1270/2081/2021 1289/2080/2020 1290/2082/2022
f 1270/2081/2021 1290/2082/2022 1269/2083/2023
f 1269/2083/2023 1290/2082/2022 1291/2084/2024
f 1269/2083/2023 1291/2084/2024 1268/2085/2025
f 1268/2085/2025 1291/2084/2024 1292/2086/2026
f 1268/2087/2025 1292/2088/2026 1267/2089/2027
f 1267/2089/2027 1292/2088/2026 1293/2090/2028
f 1267/2089/2027 1293/2090/2028 1266/2091/2029
f 1266/2091/2029 1293/2090/2028 1294/2092/2030
f 1266/2091/2029 1294/2092/2030 1265/2093/2031
f 1265/2093/2031 1294/2092/2030 1295/2094/2032
f 1265/2093/2031 1295/2094/2032 1264/2095/2033
f 1264/2095/2033 1295/2094/2032 1296/2096/2034
f 1264/2095/2033 1296/2096/2034 1263/2097/2035
f 1263/2097/2035 1296/2096/2034 1297/2098/2036
f 1263/2097/2035 1297/2098/2036 1262/2099/2037
f 1262/2099/2037 1297/2098/2036 1298/2100/2038
f 1262/2099/2037 1298/2100/2038 1261/2101/2039
f 1261/2101/2039 1298/2100/2038 1299/2102/2040
f 1261/2101/2039 1299/2102/2040 1260/2103/2041
f 1260/2103/2041 1299/2102/2040 1300/2104/2042
f 1260/2103/2041 1300/2104/2042 1259/2105/2043
f 1259/2105/2043 1300/2104/2042 1301/2106/2044
f 1259/2105/2043 1301/2106/2044 1258/2107/2045
f 1258/2107/2045 1301/2106/2044 1302/2108/2046
f 1258/2107/2045 1302/2108/2046 1257/2059/1999
f 1257/2059/1999 1302/2108/2046 1303/2060/2000
f 1352/2109/2047 1304/2110/2048 1353/2111/2049
f 1353/2111/2049 1304/2110/2048 1305/2112/2050
f 1353/2111/2049 1305/2112/2050 1376/2113/2051
f 1376/2113/2051 1305/2112/2050 1306/2114/2052
f 1376/2113/2051 1306/2114/2052 1315/2115/2053
f 1315/2115/2053 1306/2114/2052 1314/2116/2054
f 1314/2116/2054 1306/2114/2052 1304/2110/2048
f 1314/2116/2054 1304/2110/2048 1313/2117/2055
f 1313/2117/2055 1304/2110/2048 1307/2118/2056
f 1313/2117/2055 1307/2118/2056 1312/2119/2057
f 1312/2119/2057 1307/2118/2056 1308/2120/2058
f 1312/2119/2057 1308/2120/2058 1311/2121/2059
f 1311/2121/2059 1308/2120/2058 1309/2122/2060
f 1311/2121/2059 1309/2122/2060 1310/2123/2061
f 1376/2113/2051 1315/2115/2053 1375/2124/2062
f 1375/2124/2062 1315/2115/2053 1316/2125/2063
f 1375/2124/2062 1316/2125/2063 1374/2126/2064
f 1374/2126/2064 1316/2125/2063 1317/2127/2065
f 1374/2126/2064 1317/2127/2065 1373/2128/2066
f 1373/2128/2066 1317/2127/2065 1318/2129/2067
f 1373/2128/2066 1318/2129/2067 1372/2130/2068
f 1372/2130/2068 1318/2129/2067 1319/2131/2069
f 1372/2130/2068 1319/2131/2069 1371/2132/2070
f 1371/2132/2070 1319/2131/2069 1320/2133/2071
f 1371/2132/2070 1320/2133/2071 1370/2134/2072
f 1370/2134/2072 1320/2133/2071 1321/2135/2073
f 1370/2134/2072 1321/2135/2073 1369/2136/2074
f 1369/2136/2074 1321/2135/2073 1322/2137/2075
f 1369/2136/2074 1322/2137/2075 1368/2138/2076
f 1368/2138/2076 1322/2137/2075 1323/2139/2077
f 1368/2138/2076 1323/2139/2077 1367/2140/2078
f 1367/2140/2078 1323/2139/2077 1324/2141/2079
f 1367/2140/2078 1324/2141/2079 1366/2142/2080
f 1366/2142/2080 1324/2141/2079 1334/2143/2081
f 1366/2142/2080 1334/2143/2081 1335/2144/2082
f 1324/2141/2079 1325/2145/2083 1334/2143/2081
f 1334/2143/2081 1325/2145/2083 1333/2146/2084
f 1333/2147/2084 1325/2148/2083 1326/2149/2085
f 1333/2147/2084 1326/2149/2085 1332/2150/2086
f 1332/2150/2086 1326/2149/2085 1327/2151/2087
f 1332/2150/2086 1327/2151/2087 1331/2152/2088
f 1331/2152/2088 1327/2151/2087 1328/2153/2089
f 1331/2152/2088 1328/2153/2089 1330/2154/2090
f 1330/2154/2090 1328/2153/2089 1329/2155/2091
f 1366/2142/2080 1335/2144/2082 1365/2156/2092
f 1365/2156/2092 1335/2144/2082 1333/2146/2084
f 1365/2157/2092 1333/2147/2084 1336/2158/2093
f 1365/2157/2092 1336/2158/2093 1364/2159/2094
f 1364/2159/2094 1336/2158/2093 1337/2160/2095
f 1364/2159/2094 1337/2160/2095 1363/2161/2096
f 1363/2161/2096 1337/2160/2095 1338/2162/2097
f 1363/2161/2096 1338/2162/2097 1362/2163/2098
f 1362/2163/2098 1338/2162/2097 1339/2164/2099
f 1362/2163/2098 1339/2164/2099 1340/2165/2100
f 1362/2163/2098 1340/2165/2100 1361/2166/2101
f 1361/2166/2101 1340/2165/2100 1341/2167/2102
f 1361/2166/2101 1341/2167/2102 1360/2168/2103
f 1360/2168/2103 1341/2167/2102 1342/2169/2104
f 1360/2168/2103 1342/2169/2104 1343/2170/2105
f 1360/2168/2103 1343/2170/2105 1359/2171/2106
f 1359/2171/2106 1343/2170/2105 1344/2172/2107
f 1359/2171/2106 1344/2172/2107 1345/2173/2108
f 1359/2171/2106 1345/2173/2108 1358/2174/2109
f 1358/2174/2109 1345/2173/2108 1346/2175/2110
f 1358/2174/2109 1346/2175/2110 1347/2176/2111
f 1358/2174/2109 1347/2176/2111 1357/2177/2112
f 1357/2177/2112 1347/2176/2111 1348/2178/2113
f 1357/2177/2112 1348/2178/2113 1356/2179/2114
f 1356/2179/2114 1348/2178/2113 1349/2180/2115
f 1356/2179/2114 1349/2180/2115 1350/2181/2116
f 1356/2179/2114 1350/2181/2116 1355/2182/2117
f 1355/2182/2117 1350/2181/2116 1351/2183/2118
f 1355/2182/2117 1351/2183/2118 1354/2184/2119
f 1354/2184/2119 1351/2183/2118 1352/2109/2047
f 1354/2184/2119 1352/2109/2047 1353/2111/2049
f 1307/2185/2120 1304/2186/2048 1390/2187/2121
f 1390/2187/2121 1304/2186/2048 1352/2188/2122
f 1390/2187/2121 1352/2188/2122 1389/2189/2123
f 1389/2189/2123 1352/2188/2122 1351/2190/2124
f 1389/2189/2123 1351/2190/2124 1388/2191/2125
f 1388/2191/2125 1351/2190/2124 1350/2192/2126
f 1388/2191/2125 1350/2192/2126 1387/2193/2127
f 1387/2193/2127 1350/2192/2126 1349/2194/2128
f 1387/2193/2127 1349/2194/2128 1348/2195/2129
f 1387/2193/2127 1348/2195/2129 1386/2196/2130
f 1386/2196/2130 1348/2195/2129 1347/2197/2131
f 1386/2196/2130 1347/2197/2131 1385/2198/2132
f 1385/2198/2132 1347/2197/2131 1346/2199/2133
f 1385/2198/2132 1346/2199/2133 1345/2200/2134
f 1385/2198/2132 1345/2200/2134 1384/2201/2135
f 1384/2201/2135 1345/2200/2134 1344/2202/2136
f 1384/2201/2135 1344/2202/2136 1343/2203/2137
f 1384/2201/2135 1343/2203/2137 1407/2204/2138
f 1407/2204/2138 1343/2203/2137 1342/2205/2139
f 1407/2204/2138 1342/2205/2139 1341/2206/2140
f 1407/2204/2138 1341/2206/2140 1406/2207/2141
f 1406/2207/2141 1341/2206/2140 1340/2208/2142
f 1406/2207/2141 1340/2208/2142 1405/2209/2143
f 1405/2209/2143 1340/2208/2142 1339/2210/2144
f 1405/2209/2143 1339/2210/2144 1338/2211/2145
f 1405/2209/2143 1338/2211/2145 1404/2212/2146
f 1404/2212/2146 1338/2211/2145 1337/2213/2147
f 1404/2212/2146 1337/2213/2147 1403/2214/2148
f 1403/2214/2148 1337/2213/2147 1336/2215/2149
f 1403/2214/2148 1336/2215/2149 1402/2216/2150
f 1402/2216/2150 1336/2215/2149 1333/2217/2084
f 1402/2216/2150 1333/2217/2084 1332/2218/2151
f 1402/2216/2150 1332/2218/2151 1401/2219/2152
f 1401/2219/2152 1332/2218/2151 1331/2220/2153
f 1401/2219/2152 1331/2220/2153 1400/2221/2154
f 1400/2221/2154 1331/2220/2153 1330/2222/2155
f 1400/2221/2154 1330/2222/2155 1399/2223/2156
f 1399/2223/2156 1330/2222/2155 1329/2224/2157
f 1399/2223/2156 1329/2224/2157 1398/2225/2158
f 1398/2225/2158 1329/2224/2157 1377/2226/2159
f 1398/2225/2158 1377/2226/2159 1378/2227/2160
f 1398/2225/2158 1378/2227/2160 1397/2228/2161
f 1397/2228/2161 1378/2227/2160 1379/2229/2162
f 1397/2228/2161 1379/2229/2162 1396/2230/2163
f 1396/2230/2163 1379/2229/2162 1380/2231/2164
f 1396/2232/2163 1380/2233/2164 1381/2234/2165
f 1396/2232/2163 1381/2234/2165 1395/2235/2166
f 1395/2235/2166 1381/2234/2165 1382/2236/2167
f 1395/2235/2166 1382/2236/2167 1394/2237/2168
f 1394/2237/2168 1382/2236/2167 1310/2238/2169
f 1394/2237/2168 1310/2238/2169 1393/2239/2170
f 1393/2239/2170 1310/2238/2169 1309/2240/2171
f 1393/2239/2170 1309/2240/2171 1392/2241/2172
f 1392/2241/2172 1309/2240/2171 1308/2242/2173
f 1392/2241/2172 1308/2242/2173 1391/2243/2174
f 1391/2243/2174 1308/2242/2173 1307/2185/2120
f 1391/2243/2174 1307/2185/2120 1390/2187/2121
f 1382/2236/2167 1383/2244/2175 1310/2238/2169
f 1132/2245/2176 1408/2246/2177 1425/2247/2178
f 1425/2247/2178 1408/2246/2177 1409/2248/2179
f 1425/2247/2178 1409/2248/2179 1424/2249/2180
f 1424/2249/2180 1409/2248/2179 1410/2250/2181
f 1424/2249/2180 1410/2250/2181 1423/2251/2182
f 1423/2251/2182 1410/2250/2181 1411/2252/2183
f 1423/2251/2182 1411/2252/2183 1422/2253/2184
f 1422/2253/2184 1411/2252/2183 1412/2254/2185
f 1422/2253/2184 1412/2254/2185 1421/2255/2186
f 1421/2255/2186 1412/2254/2185 1413/2256/2187
f 1421/2255/2186 1413/2256/2187 1420/2257/2188
f 1420/2257/2188 1413/2256/2187 1414/2258/2189
f 1420/2257/2188 1414/2258/2189 1443/2259/2190
f 1443/2259/2190 1414/2258/2189 1415/2260/2191
f 1443/2259/2190 1415/2260/2191 1442/2261/2192
f 1442/2261/2192 1415/2260/2191 1416/2262/2193
f 1442/2261/2192 1416/2262/2193 1441/2263/2194
f 1441/2263/2194 1416/2262/2193 1417/2264/2195
f 1441/2263/2194 1417/2264/2195 1440/2265/2196
f 1440/2265/2196 1417/2264/2195 1418/2266/2197
f 1440/2265/2196 1418/2266/2197 1439/2267/2198
f 1439/2267/2198 1418/2266/2197 1419/2268/2199
f 1439/2267/2198 1419/2268/2199 1108/2269/2200
f 1108/2269/2200 1165/2270/2201 1439/2267/2198
f 1439/2267/2198 1165/2270/2201 1164/2271/2202
f 1439/2267/2198 1164/2271/2202 1438/2272/2203
f 1438/2272/2203 1164/2271/2202 1163/2273/2204
f 1438/2272/2203 1163/2273/2204 1162/2274/2205
f 1162/2274/2205 1161/2275/2206 1438/2272/2203
f 1438/2272/2203 1161/2275/2206 1160/2276/2207
f 1438/2272/2203 1160/2276/2207 1159/2277/2208
f 1159/2277/2208 1158/2278/2209 1438/2272/2203
f 1438/2272/2203 1158/2278/2209 1437/2279/2210
f 1437/2279/2210 1158/2278/2209 1157/2280/2211
f 1437/2279/2210 1157/2280/2211 1156/2281/2212
f 1437/2279/2210 1156/2281/2212 1436/2282/2213
f 1436/2282/2213 1156/2281/2212 1155/2283/2214
f 1436/2282/2213 1155/2283/2214 1435/2284/2215
f 1435/2284/2215 1155/2283/2214 1154/2285/2216
f 1435/2284/2215 1154/2285/2216 1153/2286/2217
f 1435/2284/2215 1153/2286/2217 1434/2287/2218
f 1434/2287/2218 1153/2286/2217 1152/2288/2219
f 1434/2287/2218 1152/2288/2219 1433/2289/2220
f 1433/2289/2220 1152/2288/2219 1151/2290/2221
f 1433/2289/2220 1151/2290/2221 1150/2291/2222
f 1433/2289/2220 1150/2291/2222 1432/2292/2223
f 1432/2292/2223 1150/2291/2222 1149/2293/2224
f 1432/2294/2223 1149/2295/2224 1148/2296/2225
f 1432/2294/2223 1148/2296/2225 1431/2297/2226
f 1431/2297/2226 1148/2296/2225 1147/2298/2227
f 1431/2297/2226 1147/2298/2227 1146/2299/2228
f 1431/2297/2226 1146/2299/2228 1430/2300/2229
f 1430/2300/2229 1146/2299/2228 1145/2301/2230
f 1430/2300/2229 1145/2301/2230 1429/2302/2231
f 1429/2302/2231 1145/2301/2230 1144/2303/2232
f 1429/2302/2231 1144/2303/2232 1143/2304/2233
f 1429/2302/2231 1143/2304/2233 1428/2305/2234
f 1428/2305/2234 1143/2304/2233 1142/2306/2235
f 1428/2305/2234 1142/2306/2235 1427/2307/2236
f 1427/2307/2236 1142/2306/2235 1141/2308/2237
f 1427/2307/2236 1141/2308/2237 1140/2309/2238
f 1427/2307/2236 1140/2309/2238 1426/2310/2239
f 1426/2310/2239 1140/2309/2238 1139/2311/2240
f 1426/2310/2239 1139/2311/2240 1138/2312/2241
f 1138/2312/2241 1137/2313/2242 1426/2310/2239
f 1426/2310/2239 1137/2313/2242 1136/2314/2243
f 1426/2310/2239 1136/2314/2243 1135/2315/2244
f 1135/2315/2244 1134/2316/2245 1426/2310/2239
f 1426/2310/2239 1134/2316/2245 1425/2247/2178
f 1425/2247/2178 1134/2316/2245 1133/2317/2246
f 1425/2247/2178 1133/2317/2246 1132/2245/2176
f 1445/2318/2247 1491/2319/2248 1444/2320/2249
f 1444/2320/2249 1491/2319/2248 1468/2321/2250
f 1444/2320/2249 1468/2321/2250 1467/2322/2251
f 1467/2322/2251 1468/2321/2250 1469/2323/2252
f 1467/2322/2251 1469/2323/2252 1466/2324/2253
f 1466/2324/2253 1469/2323/2252 1470/2325/2254
f 1466/2324/2253 1470/2325/2254 1465/2326/2255
f 1465/2326/2255 1470/2325/2254 1471/2327/2256
f 1465/2326/2255 1471/2327/2256 1464/2328/2257
f 1464/2328/2257 1471/2327/2256 1472/2329/2258
f 1464/2328/2257 1472/2329/2258 1463/2330/2259
f 1463/2330/2259 1472/2329/2258 1473/2331/2260
f 1463/2330/2259 1473/2331/2260 1462/2332/2261
f 1462/2332/2261 1473/2331/2260 1474/2333/2262
f 1462/2332/2261 1474/2333/2262 1461/2334/2263
f 1461/2334/2263 1474/2333/2262 1475/2335/2264
f 1461/2334/2263 1475/2335/2264 1460/2336/2265
f 1460/2336/2265 1475/2335/2264 1476/2337/2266
f 1460/2336/2265 1476/2337/2266 1459/2338/2267
f 1459/2338/2267 1476/2337/2266 1477/2339/2268
f 1459/2338/2267 1477/2339/2268 1458/2340/2269
f 1458/2340/2269 1477/2339/2268 1478/2341/2270
f 1458/2340/2269 1478/2341/2270 1457/2342/2271
f 1457/2342/2271 1478/2341/2270 1479/2343/2272
f 1457/2342/2271 1479/2343/2272 1456/2344/2273
f 1456/2344/2273 1479/2343/2272 1480/2345/2274
f 1456/2346/2273 1480/2347/2274 1455/2348/2275
f 1455/2348/2275 1480/2347/2274 1481/2349/2276
f 1455/2348/2275 1481/2349/2276 1454/2350/2277
f 1454/2350/2277 1481/2349/2276 1482/2351/2278
f 1454/2350/2277 1482/2351/2278 1453/2352/2279
f 1453/2352/2279 1482/2351/2278 1483/2353/2280
f 1453/2352/2279 1483/2353/2280 1452/2354/2281
f 1452/2354/2281 1483/2353/2280 1484/2355/2282
f 1452/2354/2281 1484/2355/2282 1451/2356/2283
f 1451/2356/2283 1484/2355/2282 1485/2357/2284
f 1451/2356/2283 1485/2357/2284 1450/2358/2285
f 1450/2358/2285 1485/2357/2284 1486/2359/2286
f 1450/2358/2285 1486/2359/2286 1449/2360/2287
f 1449/2360/2287 1486/2359/2286 1487/2361/2288
f 1449/2360/2287 1487/2361/2288 1448/2362/2289
f 1448/2362/2289 1487/2361/2288 1488/2363/2290
f 1448/2362/2289 1488/2363/2290 1447/2364/2291
f 1447/2364/2291 1488/2363/2290 1489/2365/2292
f 1447/2364/2291 1489/2365/2292 1446/2366/2293
f 1446/2366/2293 1489/2365/2292 1490/2367/2294
f 1446/2366/2293 1490/2367/2294 1445/2318/2247
f 1445/2318/2247 1490/2367/2294 1491/2319/2248
f 1493/2368/2295 1539/2369/2296 1492/2370/2297
f 1492/2370/2297 1539/2369/2296 1516/2371/2298
f 1492/2370/2297 1516/2371/2298 1515/2372/2299
f 1515/2372/2299 1516/2371/2298 1517/2373/2300
f 1515/2372/2299 1517/2373/2300 1514/2374/2301
f 1514/2374/2301 1517/2373/2300 1518/2375/2302
f 1514/2374/2301 1518/2375/2302 1513/2376/2303
f 1513/2376/2303 1518/2375/2302 1519/2377/2304
f 1513/2376/2303 1519/2377/2304 1512/2378/2305
f 1512/2378/2305 1519/2377/2304 1520/2379/2306
f 1512/2378/2305 1520/2379/2306 1511/2380/2307
f 1511/2380/2307 1520/2379/2306 1521/2381/2308
f 1511/2380/2307 1521/2381/2308 1510/2382/2309
f 1510/2382/2309 1521/2381/2308 1522/2383/2310
f 1510/2382/2309 1522/2383/2310 1509/2384/2311
f 1509/2384/2311 1522/2383/2310 1523/2385/2312
f 1509/2384/2311 1523/2385/2312 1508/2386/2313
f 1508/2386/2313 1523/2385/2312 1524/2387/2314
f 1508/2386/2313 1524/2387/2314 1507/2388/2315
f 1507/2388/2315 1524/2387/2314 1525/2389/2316
f 1507/2388/2315 1525/2389/2316 1506/2390/2317
f 1506/2390/2317 1525/2389/2316 1526/2391/2318
f 1506/2390/2317 1526/2391/2318 1505/2392/2319
f 1505/2392/2319 1526/2391/2318 1527/2393/2320
f 1505/2392/2319 1527/2393/2320 1504/2394/2321
f 1504/2394/2321 1527/2393/2320 1528/2395/2322
f 1504/2396/2321 1528/2397/2322 1503/2398/2323
f 1503/2398/2323 1528/2397/2322 1529/2399/2324
f 1503/2398/2323 1529/2399/2324 1502/2400/2325
f 1502/2400/2325 1529/2399/2324 1530/2401/2326
f 1502/2400/2325 1530/2401/2326 1501/2402/2327
f 1501/2402/2327 1530/2401/2326 1531/2403/2328
f 1501/2402/2327 1531/2403/2328 1500/2404/2329
f 1500/2404/2329 1531/2403/2328 1532/2405/2330
f 1500/2404/2329 1532/2405/2330 1499/2406/2331
f 1499/2406/2331 1532/2405/2330 1533/2407/2332
f 1499/2406/2331 1533/2407/2332 1498/2408/2333
f 1498/2408/2333 1533/2407/2332 1534/2409/2334
f 1498/2408/2333 1534/2409/2334 1497/2410/2335
f 1497/2410/2335 1534/2409/2334 1535/2411/2336
f 1497/2410/2335 1535/2411/2336 1496/2412/2337
f 1496/2412/2337 1535/2411/2336 1536/2413/2338
f 1496/2412/2337 1536/2413/2338 1495/2414/2339
f 1495/2414/2339 1536/2413/2338 1537/2415/2340
f 1495/2414/2339 1537/2415/2340 1494/2416/2341
f 1494/2416/2341 1537/2415/2340 1538/2417/2342
f 1494/2416/2341 1538/2417/2342 1493/2368/2295
f 1493/2368/2295 1538/2417/2342 1539/2369/2296
f 1541/2418/2343 1623/2419/2344 1540/2420/2345
f 1540/2420/2345 1623/2419/2344 1600/2421/2346
f 1540/2420/2345 1600/2421/2346 1563/2422/2347
f 1563/2422/2347 1600/2421/2346 1601/2423/2348
f 1563/2422/2347 1601/2423/2348 1562/2424/2349
f 1562/2424/2349 1601/2423/2348 1602/2425/2350
f 1562/2424/2349 1602/2425/2350 1591/2426/2351
f 1591/2426/2351 1602/2425/2350 1603/2427/2352
f 1591/2426/2351 1603/2427/2352 1590/2428/2353
f 1590/2428/2353 1603/2427/2352 1604/2429/2354
f 1590/2428/2353 1604/2429/2354 1589/2430/2355
f 1589/2430/2355 1604/2429/2354 1588/2431/2356
f 1588/2431/2356 1604/2429/2354 1605/2432/2357
f 1588/2431/2356 1605/2432/2357 1587/2433/2358
f 1587/2433/2358 1605/2432/2357 1586/2434/2359
f 1586/2434/2359 1605/2432/2357 1585/2435/2360
f 1585/2435/2360 1605/2432/2357 1606/2436/2361
f 1585/2435/2360 1606/2436/2361 1584/2437/2362
f 1584/2437/2362 1606/2436/2361 1583/2438/2363
f 1583/2438/2363 1606/2436/2361 1582/2439/2364
f 1582/2439/2364 1606/2436/2361 1581/2440/2365
f 1581/2440/2365 1606/2436/2361 1580/2441/2366
f 1580/2441/2366 1606/2436/2361 1579/2442/2367
f 1579/2442/2367 1606/2436/2361 1607/2443/2368
f 1579/2442/2367 1607/2443/2368 1578/2444/2369
f 1578/2444/2369 1607/2443/2368 1577/2445/2370
f 1577/2445/2370 1607/2443/2368 1576/2446/2371
f 1576/2446/2371 1607/2443/2368 1608/2447/2372
f 1576/2446/2371 1608/2447/2372 1575/2448/2373
f 1575/2448/2373 1608/2447/2372 1574/2449/2374
f 1574/2449/2374 1608/2447/2372 1609/2450/2375
f 1574/2449/2374 1609/2450/2375 1573/2451/2376
f 1573/2451/2376 1609/2450/2375 1610/2452/2377
f 1573/2451/2376 1610/2452/2377 1554/2453/2378
f 1554/2453/2378 1610/2452/2377 1553/2454/2379
f 1553/2454/2379 1610/2452/2377 1611/2455/2380
f 1553/2454/2379 1611/2455/2380 1552/2456/2381
f 1552/2456/2381 1611/2455/2380 1612/2457/2382
f 1552/2458/2381 1612/2459/2382 1551/2460/2383
f 1551/2460/2383 1612/2459/2382 1613/2461/2384
f 1551/2460/2383 1613/2461/2384 1550/2462/2385
f 1550/2462/2385 1613/2461/2384 1614/2463/2386
f 1550/2462/2385 1614/2463/2386 890/2464/2387
f 890/2464/2387 1614/2463/2386 1615/2465/2388
f 890/2464/2387 1615/2465/2388 891/2466/2389
f 891/2466/2389 1615/2465/2388 1616/2467/2390
f 891/2466/2389 1616/2467/2390 892/2468/2391
f 892/2468/2391 1616/2467/2390 893/2469/2392
f 893/2469/2392 1616/2467/2390 1617/2470/2393
f 893/2469/2392 1617/2470/2393 894/2471/2394
f 894/2471/2394 1617/2470/2393 895/2472/2395
f 895/2472/2395 1617/2470/2393 896/2473/2396
f 896/2473/2396 1617/2470/2393 1618/2474/2397
f 896/2473/2396 1618/2474/2397 897/2475/2398
f 897/2475/2398 1618/2474/2397 898/2476/2399
f 898/2476/2399 1618/2474/2397 899/2477/2400
f 899/2477/2400 1618/2474/2397 900/2478/2401
f 900/2478/2401 1618/2474/2397 901/2479/2402
f 901/2479/2402 1618/2474/2397 902/2480/2403
f 902/2480/2403 1618/2474/2397 1619/2481/2404
f 902/2480/2403 1619/2481/2404 903/2482/2405
f 903/2482/2405 1619/2481/2404 904/2483/2406
f 904/2483/2406 1619/2481/2404 905/2484/2407
f 905/2484/2407 1619/2481/2404 1620/2485/2408
f 905/2484/2407 1620/2485/2408 906/2486/2409
f 906/2486/2409 1620/2485/2408 907/2487/2410
f 907/2487/2410 1620/2485/2408 1621/2488/2411
f 907/2487/2410 1621/2488/2411 908/2489/2412
f 908/2489/2412 1621/2488/2411 1622/2490/2413
f 908/2489/2412 1622/2490/2413 1542/2491/2414
f 1542/2491/2414 1622/2490/2413 1541/2418/2343
f 1541/2418/2343 1622/2490/2413 1623/2419/2344
f 1542/2491/2414 1543/2492/2415 908/2489/2412
f 908/2489/2412 1543/2492/2415 909/2493/2416
f 909/2493/2416 1543/2492/2415 1544/2494/2417
f 909/2493/2416 1544/2494/2417 910/2495/2418
f 910/2495/2418 1544/2494/2417 911/2496/2419
f 911/2496/2419 1544/2494/2417 1545/2497/2420
f 911/2496/2419 1545/2497/2420 912/2498/2421
f 912/2498/2421 1545/2497/2420 913/2499/2422
f 913/2499/2422 1545/2497/2420 914/2500/2423
f 914/2500/2423 1545/2497/2420 1546/2501/2424
f 914/2500/2423 1546/2501/2424 915/2502/2425
f 915/2502/2425 1546/2501/2424 916/2503/2426
f 916/2503/2426 1546/2501/2424 917/2504/2427
f 917/2504/2427 1546/2501/2424 918/2505/2428
f 918/2505/2428 1546/2501/2424 919/2506/2429
f 919/2506/2429 1546/2501/2424 920/2507/2430
f 920/2507/2430 1546/2501/2424 1547/2508/2431
f 920/2507/2430 1547/2508/2431 921/2509/2432
f 921/2509/2432 1547/2508/2431 922/2510/2433
f 922/2510/2433 1547/2508/2431 923/2511/2434
f 923/2511/2434 1547/2508/2431 1548/2512/2435
f 923/2511/2434 1548/2512/2435 924/2513/2436
f 924/2513/2436 1548/2512/2435 925/2514/2437
f 925/2514/2437 1548/2512/2435 1549/2515/2438
f 925/2514/2437 1549/2515/2438 890/2464/2387
f 890/2464/2387 1549/2515/2438 1550/2462/2385
f 1554/2453/2378 1555/2516/2439 1573/2451/2376
f 1573/2451/2376 1555/2516/2439 1572/2517/2440
f 1572/2517/2440 1555/2516/2439 1556/2518/2441
f 1572/2517/2440 1556/2518/2441 1571/2519/2442
f 1571/2519/2442 1556/2518/2441 1570/2520/2443
f 1570/2520/2443 1556/2518/2441 1557/2521/2444
f 1570/2520/2443 1557/2521/2444 1569/2522/2445
f 1569/2522/2445 1557/2521/2444 1568/2523/2446
f 1568/2523/2446 1557/2521/2444 1567/2524/2447
f 1567/2524/2447 1557/2521/2444 1558/2525/2448
f 1567/2524/2447 1558/2525/2448 1566/2526/2449
f 1566/2526/2449 1558/2525/2448 1565/2527/2450
f 1565/2527/2450 1558/2525/2448 1564/2528/2451
f 1564/2528/2451 1558/2525/2448 1599/2529/2452
f 1599/2529/2452 1558/2525/2448 1598/2530/2453
f 1598/2530/2453 1558/2525/2448 1597/2531/2454
f 1597/2531/2454 1558/2525/2448 1559/2532/2455
f 1597/2531/2454 1559/2532/2455 1596/2533/2456
f 1596/2533/2456 1559/2532/2455 1595/2534/2457
f 1595/2534/2457 1559/2532/2455 1594/2535/2458
f 1594/2535/2458 1559/2532/2455 1560/2536/2459
f 1594/2535/2458 1560/2536/2459 1593/2537/2460
f 1593/2537/2460 1560/2536/2459 1592/2538/2461
f 1592/2538/2461 1560/2536/2459 1561/2539/2462
f 1592/2538/2461 1561/2539/2462 1591/2426/2351
f 1591/2426/2351 1561/2539/2462 1562/2424/2349
f 1624/2540/2463 1625/2541/2464 1709/2542/2465
f 1709/2542/2465 1625/2541/2464 1626/2543/2466
f 1709/2542/2465 1626/2543/2466 1708/2544/2467
f 1708/2544/2467 1626/2543/2466 1627/2545/2468
f 1708/2544/2467 1627/2545/2468 1707/2546/2469
f 1707/2546/2469 1627/2545/2468 1628/2547/2470
f 1707/2546/2469 1628/2547/2470 1706/2548/2471
f 1706/2548/2471 1628/2547/2470 1629/2549/2472
f 1706/2548/2471 1629/2549/2472 1705/2550/2473
f 1705/2550/2473 1629/2549/2472 1630/2551/2474
f 1705/2550/2473 1630/2551/2474 1704/2552/2475
f 1704/2552/2475 1630/2551/2474 1631/2553/2476
f 1704/2552/2475 1631/2553/2476 1703/2554/2477
f 1703/2554/2477 1631/2553/2476 1632/2555/2478
f 1703/2554/2477 1632/2555/2478 1702/2556/2479
f 1702/2556/2479 1632/2555/2478 1633/2557/2480
f 1702/2556/2479 1633/2557/2480 1701/2558/2481
f 1701/2558/2481 1633/2557/2480 1634/2559/2482
f 1701/2558/2481 1634/2559/2482 1700/2560/2483
f 1700/2560/2483 1634/2559/2482 1656/2561/2484
f 1700/2560/2483 1656/2561/2484 1657/2562/2485
f 1656/2561/2484 1634/2559/2482 1643/2563/2486
f 1643/2563/2486 1634/2559/2482 1635/2564/2487
f 1643/2563/2486 1635/2564/2487 1642/2565/2488
f 1642/2565/2488 1635/2564/2487 1636/2566/2489
f 1642/2565/2488 1636/2566/2489 1641/2567/2490
f 1641/2567/2490 1636/2566/2489 1637/2568/2491
f 1641/2567/2490 1637/2568/2491 1640/2569/2492
f 1640/2569/2492 1637/2568/2491 1638/2570/2493
f 1640/2569/2492 1638/2570/2493 1639/2571/2494
f 1643/2563/2486 1644/2572/2495 1656/2561/2484
f 1656/2561/2484 1644/2572/2495 1645/2573/2496
f 1656/2561/2484 1645/2573/2496 1655/2574/2497
f 1655/2574/2497 1645/2573/2496 1646/2575/2498
f 1655/2574/2497 1646/2575/2498 1647/2576/2499
f 1647/2576/2499 1648/2577/2500 1655/2574/2497
f 1655/2574/2497 1648/2577/2500 1654/2578/2501
f 1654/2578/2501 1648/2577/2500 1649/2579/2502
f 1654/2578/2501 1649/2579/2502 1653/2580/2503
f 1653/2580/2503 1649/2579/2502 1650/2581/2504
f 1653/2580/2503 1650/2581/2504 1652/2582/2505
f 1652/2582/2505 1650/2581/2504 1651/2583/2506
f 1700/2560/2483 1657/2562/2485 1699/2584/2507
f 1699/2584/2507 1657/2562/2485 1658/2585/2508
f 1699/2584/2507 1658/2585/2508 1698/2586/2509
f 1698/2586/2509 1658/2585/2508 1659/2587/2510
f 1698/2586/2509 1659/2587/2510 1697/2588/2511
f 1697/2588/2511 1659/2587/2510 1660/2589/2512
f 1697/2588/2511 1660/2589/2512 1696/2590/2513
f 1696/2590/2513 1660/2589/2512 1661/2591/2514
f 1696/2590/2513 1661/2591/2514 1695/2592/2515
f 1695/2592/2515 1661/2591/2514 1662/2593/2516
f 1695/2592/2515 1662/2593/2516 1694/2594/2517
f 1694/2594/2517 1662/2593/2516 1686/2595/2518
f 1694/2594/2517 1686/2595/2518 1687/2596/2519
f 1662/2593/2516 1663/2597/2520 1686/2595/2518
f 1686/2595/2518 1663/2597/2520 1685/2598/2521
f 1685/2598/2521 1663/2597/2520 1664/2599/2522
f 1685/2598/2521 1664/2599/2522 1674/2600/2523
f 1674/2600/2523 1664/2599/2522 1673/2601/2524
f 1673/2601/2524 1664/2599/2522 1672/2602/2525
f 1672/2602/2525 1664/2599/2522 1671/2603/2526
f 1671/2603/2526 1664/2599/2522 1670/2604/2527
f 1670/2604/2527 1664/2599/2522 1669/2605/2528
f 1669/2605/2528 1664/2599/2522 1668/2606/2529
f 1668/2606/2529 1664/2599/2522 1665/2607/2530
f 1668/2606/2529 1665/2607/2530 1667/2608/2531
f 1667/2608/2531 1665/2607/2530 1666/2609/2532
f 1674/2600/2523 1675/2610/2533 1685/2598/2521
f 1685/2598/2521 1675/2610/2533 1676/2611/2534
f 1685/2598/2521 1676/2611/2534 1684/2612/2535
f 1684/2612/2535 1676/2611/2534 1677/2613/2536
f 1684/2612/2535 1677/2613/2536 1678/2614/2537
f 1678/2614/2537 1679/2615/2538 1684/2612/2535
f 1684/2612/2535 1679/2615/2538 1680/2616/2539
f 1684/2612/2535 1680/2616/2539 1683/2617/2540
f 1683/2617/2540 1680/2616/2539 1681/2618/2541
f 1683/2617/2540 1681/2618/2541 1682/2619/2542
f 1694/2594/2517 1687/2596/2519 1693/2620/2543
f 1693/2620/2543 1687/2596/2519 1688/2621/2544
f 1693/2620/2543 1688/2621/2544 1692/2622/2545
f 1692/2622/2545 1688/2621/2544 1689/2623/2546
f 1692/2622/2545 1689/2623/2546 1691/2624/2547
f 1691/2624/2547 1689/2623/2546 1690/2625/2548
f 1639/2626/2549 1638/2627/2550 1717/2628/2551
f 1717/2628/2551 1638/2627/2550 1710/2629/2552
f 1717/2628/2551 1710/2629/2552 1716/2630/2553
f 1716/2630/2553 1710/2629/2552 1711/2631/2554
f 1716/2630/2553 1711/2631/2554 1714/2632/2555
f 1714/2632/2555 1711/2631/2554 1652/2633/2556
f 1714/2632/2555 1652/2633/2556 1651/2634/2557
f 1711/2631/2554 1712/2635/2558 1652/2633/2556
f 1652/2633/2556 1712/2635/2558 1713/2636/2559
f 1714/2632/2555 1715/2637/2560 1716/2630/2553
f 1719/2638/2561 1358/2639/2562 1718/2640/2563
f 1718/2640/2563 1358/2639/2562 1357/2641/2564
f 1718/2640/2563 1357/2641/2564 1356/2642/2565
f 1625/2643/2464 1366/2644/2566 1719/2638/2561
f 1719/2638/2561 1366/2644/2566 1365/2645/2567
f 1719/2638/2561 1365/2645/2567 1364/2646/2568
f 1624/2647/2463 1720/2648/2569 1625/2643/2464
f 1625/2643/2464 1720/2648/2569 1369/2649/2570
f 1625/2643/2464 1369/2649/2570 1368/2650/2571
f 1369/2649/2570 1720/2648/2569 1370/2651/2572
f 1370/2651/2572 1720/2648/2569 1721/2652/2573
f 1370/2651/2572 1721/2652/2573 1371/2653/2574
f 1371/2653/2574 1721/2652/2573 1722/2654/2575
f 1371/2653/2574 1722/2654/2575 1372/2655/2576
f 1372/2655/2576 1722/2654/2575 1373/2656/2577
f 1373/2656/2577 1722/2654/2575 1374/2657/2578
f 1374/2657/2578 1722/2654/2575 1375/2658/2579
f 1375/2658/2579 1722/2654/2575 1376/2659/2580
f 1376/2659/2580 1722/2654/2575 1353/2660/2581
f 1353/2660/2581 1722/2654/2575 1723/2661/2582
f 1353/2660/2581 1723/2661/2582 1354/2662/2583
f 1354/2662/2583 1723/2661/2582 1355/2663/2584
f 1355/2663/2584 1723/2661/2582 1718/2640/2563
f 1355/2663/2584 1718/2640/2563 1356/2642/2565
f 1691/2664/2547 1690/2665/2548 1721/2652/2573
f 1721/2652/2573 1690/2665/2548 1722/2654/2575
f 1683/2666/2540 1289/2667/2585 1723/2661/2582
f 1723/2661/2582 1289/2667/2585 1288/2668/2586
f 1723/2661/2582 1288/2668/2586 1287/2669/2587
f 1289/2667/2585 1683/2666/2540 1290/2670/2588
f 1290/2670/2588 1683/2666/2540 1682/2671/2542
f 1290/2670/2588 1682/2671/2542 1291/2672/2589
f 1291/2672/2589 1682/2671/2542 1292/2673/2590
f 1292/2673/2590 1682/2671/2542 1293/2674/2591
f 1293/2674/2591 1682/2671/2542 1724/2675/2592
f 1293/2674/2591 1724/2675/2592 1294/2676/2593
f 1294/2676/2593 1724/2675/2592 1725/2677/2594
f 1294/2676/2593 1725/2677/2594 1295/2678/2595
f 1295/2678/2595 1725/2677/2594 1726/2679/2596
f 1295/2678/2595 1726/2679/2596 1296/2680/2597
f 1296/2680/2597 1726/2679/2596 1727/2681/2598
f 1296/2680/2597 1727/2681/2598 1297/2682/2599
f 1297/2682/2599 1727/2681/2598 1728/2683/2600
f 1297/2682/2599 1728/2683/2600 1298/2684/2601
f 1298/2684/2601 1728/2683/2600 1729/2685/2602
f 1298/2684/2601 1729/2685/2602 1730/2686/2603
f 1298/2684/2601 1730/2686/2603 1299/2687/2604
f 1299/2687/2604 1730/2686/2603 1731/2688/2605
f 1299/2687/2604 1731/2688/2605 1300/2689/2606
f 1300/2689/2606 1731/2688/2605 1732/2690/2607
f 1300/2689/2606 1732/2690/2607 1301/2691/2608
f 1301/2691/2608 1732/2690/2607 1733/2692/2609
f 1301/2691/2608 1733/2692/2609 1302/2693/2610
f 1302/2693/2610 1733/2692/2609 1734/2694/2611
f 1302/2693/2610 1734/2694/2611 1303/2695/2612
f 1303/2695/2612 1734/2694/2611 1666/2696/2532
f 1303/2695/2612 1666/2696/2532 1280/2697/2613
f 1280/2697/2613 1666/2696/2532 1281/2698/2614
f 1281/2698/2614 1666/2696/2532 1665/2699/2530
f 1281/2698/2614 1665/2699/2530 1282/2700/2615
f 1282/2700/2615 1665/2699/2530 1283/2701/2616
f 1283/2701/2616 1665/2699/2530 1718/2640/2563
f 1283/2701/2616 1718/2640/2563 1284/2702/2617
f 1284/2702/2617 1718/2640/2563 1285/2703/2618
f 1285/2703/2618 1718/2640/2563 1286/2704/2619
f 1286/2704/2619 1718/2640/2563 1723/2661/2582
f 1286/2704/2619 1723/2661/2582 1287/2669/2587
f 1368/2650/2571 1367/2705/2620 1625/2643/2464
f 1625/2643/2464 1367/2705/2620 1366/2644/2566
f 1364/2646/2568 1363/2706/2621 1719/2638/2561
f 1719/2638/2561 1363/2706/2621 1362/2707/2622
f 1719/2638/2561 1362/2707/2622 1361/2708/2623
f 1361/2708/2623 1360/2709/2624 1719/2638/2561
f 1719/2638/2561 1360/2709/2624 1359/2710/2625
f 1719/2638/2561 1359/2710/2625 1358/2639/2562
f 1711/2711/2554 1710/2712/2552 1750/2713/2626
f 1750/2713/2626 1710/2712/2552 1735/2714/2627
f 1750/2713/2626 1735/2714/2627 1749/2715/2628
f 1749/2715/2628 1735/2714/2627 1736/2716/2629
f 1749/2715/2628 1736/2716/2629 1748/2717/2630
f 1748/2717/2630 1736/2716/2629 1737/2718/2631
f 1748/2717/2630 1737/2718/2631 1747/2719/2632
f 1747/2719/2632 1737/2718/2631 1738/2720/2633
f 1747/2719/2632 1738/2720/2633 1746/2721/2634
f 1746/2721/2634 1738/2720/2633 1739/2722/2635
f 1746/2721/2634 1739/2722/2635 1745/2723/2636
f 1745/2723/2636 1739/2722/2635 1740/2724/2637
f 1745/2723/2636 1740/2724/2637 1744/2725/2638
f 1744/2725/2638 1740/2724/2637 1741/2726/2639
f 1744/2725/2638 1741/2726/2639 1743/2727/2640
f 1743/2727/2640 1741/2726/2639 1742/2728/2641
f 1754/2729/2642 1751/2730/2643 1718/2731/2644
f 1718/2731/2644 1751/2730/2643 1752/2732/2645
f 1718/2731/2644 1752/2732/2645 1719/2733/2646
f 1718/2731/2644 1753/2734/2647 1754/2729/2642
f 1755/2735/2648 1756/2736/2649 1770/2737/2650
f 1770/2737/2650 1756/2736/2649 1757/2738/2651
f 1770/2737/2650 1757/2738/2651 1769/2739/2652
f 1769/2739/2652 1757/2738/2651 1758/2740/2653
f 1769/2739/2652 1758/2740/2653 1768/2741/2654
f 1768/2741/2654 1758/2740/2653 1759/2742/2655
f 1768/2741/2654 1759/2742/2655 1767/2743/2656
f 1767/2743/2656 1759/2742/2655 1760/2744/2657
f 1767/2743/2656 1760/2744/2657 1766/2745/2658
f 1766/2745/2658 1760/2744/2657 1761/2746/2659
f 1766/2745/2658 1761/2746/2659 1765/2747/2660
f 1765/2747/2660 1761/2746/2659 1762/2748/2661
f 1765/2747/2660 1762/2748/2661 1764/2749/2662
f 1764/2749/2662 1762/2748/2661 1763/2750/2663
f 1764/2749/2662 1763/2750/2663 1751/2751/2643
f 1751/2751/2643 1763/2750/2663 1752/2752/2645
f 1772/2753/2664 1432/2754/2665 1771/2755/2666
f 1771/2755/2666 1432/2754/2665 1431/2756/2667
f 1771/2755/2666 1431/2756/2667 1430/2757/2668
f 1756/2758/2649 1401/2759/2669 1772/2753/2664
f 1772/2753/2664 1401/2759/2669 1400/2760/2670
f 1772/2753/2664 1400/2760/2670 1440/2761/2671
f 1440/2761/2671 1400/2760/2670 1399/2762/2672
f 1440/2761/2671 1399/2762/2672 1441/2763/2673
f 1441/2763/2673 1399/2762/2672 1398/2764/2674
f 1441/2763/2673 1398/2764/2674 1442/2765/2675
f 1442/2765/2675 1398/2764/2674 1397/2766/2676
f 1442/2765/2675 1397/2766/2676 1443/2767/2677
f 1443/2767/2677 1397/2766/2676 1396/2768/2678
f 1443/2767/2677 1396/2768/2678 1420/2769/2679
f 1420/2769/2679 1396/2768/2678 1774/2770/2680
f 1420/2769/2679 1774/2770/2680 1421/2771/2681
f 1421/2771/2681 1774/2770/2680 1422/2772/2682
f 1422/2772/2682 1774/2770/2680 1423/2773/2683
f 1423/2773/2683 1774/2770/2680 1424/2774/2684
f 1424/2774/2684 1774/2770/2680 1771/2755/2666
f 1424/2774/2684 1771/2755/2666 1425/2775/2685
f 1425/2775/2685 1771/2755/2666 1426/2776/2686
f 1426/2776/2686 1771/2755/2666 1427/2777/2687
f 1427/2777/2687 1771/2755/2666 1428/2778/2688
f 1428/2778/2688 1771/2755/2666 1429/2779/2689
f 1429/2779/2689 1771/2755/2666 1430/2757/2668
f 1755/2780/2648 1386/2781/2690 1756/2758/2649
f 1756/2758/2649 1386/2781/2690 1385/2782/2691
f 1756/2758/2649 1385/2782/2691 1384/2783/2692
f 1773/2784/2693 1774/2770/2680 1755/2780/2648
f 1755/2780/2648 1774/2770/2680 1389/2785/2694
f 1755/2780/2648 1389/2785/2694 1388/2786/2695
f 1440/2761/2671 1439/2787/2696 1772/2753/2664
f 1772/2753/2664 1439/2787/2696 1438/2788/2697
f 1772/2753/2664 1438/2788/2697 1437/2789/2698
f 1437/2789/2698 1436/2790/2699 1772/2753/2664
f 1772/2753/2664 1436/2790/2699 1435/2791/2700
f 1772/2753/2664 1435/2791/2700 1434/2792/2701
f 1434/2792/2701 1433/2793/2702 1772/2753/2664
f 1772/2753/2664 1433/2793/2702 1432/2754/2665
f 1384/2783/2692 1407/2794/2703 1756/2758/2649
f 1756/2758/2649 1407/2794/2703 1406/2795/2704
f 1756/2758/2649 1406/2795/2704 1405/2796/2705
f 1405/2796/2705 1404/2797/2706 1756/2758/2649
f 1756/2758/2649 1404/2797/2706 1403/2798/2707
f 1756/2758/2649 1403/2798/2707 1402/2799/2708
f 1402/2799/2708 1401/2759/2669 1756/2758/2649
f 1396/2768/2678 1395/2800/2709 1774/2770/2680
f 1774/2770/2680 1395/2800/2709 1394/2801/2710
f 1774/2770/2680 1394/2801/2710 1393/2802/2711
f 1393/2802/2711 1392/2803/2712 1774/2770/2680
f 1774/2770/2680 1392/2803/2712 1391/2804/2713
f 1774/2770/2680 1391/2804/2713 1390/2805/2714
f 1390/2805/2714 1389/2785/2694 1774/2770/2680
f 1388/2786/2695 1387/2806/2715 1755/2780/2648
f 1755/2780/2648 1387/2806/2715 1386/2781/2690
f 1775/2807/2716 1776/2808/2717 1166/2809/2718
f 1166/2809/2718 1776/2808/2717 1036/2810/2719
f 1036/2810/2719 1776/2808/2717 1788/2811/2720
f 1036/2810/2719 1788/2811/2720 1789/2812/2721
f 1788/2811/2720 1776/2808/2717 1787/2813/2722
f 1787/2813/2722 1776/2808/2717 1777/2814/2723
f 1787/2813/2722 1777/2814/2723 1786/2815/2724
f 1786/2815/2724 1777/2814/2723 1778/2816/2725
f 1786/2815/2724 1778/2816/2725 1785/2817/2726
f 1785/2817/2726 1778/2816/2725 1779/2818/2727
f 1785/2817/2726 1779/2818/2727 1784/2819/2728
f 1784/2819/2728 1779/2818/2727 1780/2820/2729
f 1784/2819/2728 1780/2820/2729 1783/2821/2730
f 1783/2821/2730 1780/2820/2729 1781/2822/2731
f 1783/2821/2730 1781/2822/2731 1771/2823/2666
f 1771/2823/2666 1781/2822/2731 1772/2824/2664
f 1771/2823/2666 1782/2825/2732 1783/2821/2730
f 1742/2826/2641 1007/2827/2733 1743/2828/2640
f 1743/2828/2640 1007/2827/2733 1006/2829/2734
f 1743/2828/2640 1006/2829/2734 1005/2830/2735
f 1775/2831/2716 1085/2832/2736 1742/2826/2641
f 1742/2826/2641 1085/2832/2736 1084/2833/2737
f 1742/2826/2641 1084/2833/2737 1107/2834/2738
f 1166/2835/2718 1189/2836/2739 1775/2831/2716
f 1775/2831/2716 1189/2836/2739 1188/2837/2740
f 1775/2831/2716 1188/2837/2740 1187/2838/2741
f 1187/2838/2741 1186/2839/2742 1775/2831/2716
f 1775/2831/2716 1186/2839/2742 1185/2840/2743
f 1775/2831/2716 1185/2840/2743 1184/2841/2744
f 1184/2841/2744 1183/2842/2745 1775/2831/2716
f 1775/2831/2716 1183/2842/2745 1182/2843/2746
f 1775/2831/2716 1182/2843/2746 1086/2844/2747
f 1086/2844/2747 1182/2843/2746 1181/2845/2748
f 1086/2844/2747 1181/2845/2748 1087/2846/2749
f 1087/2846/2749 1181/2845/2748 1180/2847/2750
f 1087/2846/2749 1180/2847/2750 1088/2848/2751
f 1088/2848/2751 1180/2847/2750 1179/2849/2752
f 1088/2848/2751 1179/2849/2752 1089/2850/2753
f 1089/2850/2753 1179/2849/2752 1178/2851/2754
f 1089/2850/2753 1178/2851/2754 1090/2852/2755
f 1090/2852/2755 1178/2851/2754 1091/2853/2756
f 1091/2853/2756 1178/2851/2754 1177/2854/2757
f 1091/2853/2756 1177/2854/2757 1092/2855/2758
f 1092/2855/2758 1177/2854/2757 1176/2856/2759
f 1092/2855/2758 1176/2856/2759 1232/2857/2760
f 1232/2857/2760 1176/2856/2759 1233/2858/2761
f 1233/2858/2761 1176/2856/2759 1175/2859/2762
f 1233/2858/2761 1175/2859/2762 1051/2860/2763
f 1051/2860/2763 1175/2859/2762 1052/2861/2764
f 1052/2861/2764 1175/2859/2762 1174/2862/2765
f 1052/2861/2764 1174/2862/2765 1053/2863/2766
f 1053/2863/2766 1174/2862/2765 1173/2864/2767
f 1053/2863/2766 1173/2864/2767 1054/2865/2768
f 1054/2865/2768 1173/2864/2767 1172/2866/2769
f 1054/2865/2768 1172/2866/2769 1055/2867/2770
f 1055/2867/2770 1172/2866/2769 1171/2868/2771
f 1055/2867/2770 1171/2868/2771 1056/2869/2772
f 1056/2869/2772 1171/2868/2771 1170/2870/2773
f 1056/2869/2772 1170/2870/2773 1057/2871/2774
f 1057/2871/2774 1170/2870/2773 1169/2872/2775
f 1057/2871/2774 1169/2872/2775 1058/2873/2776
f 1058/2873/2776 1169/2872/2775 1168/2874/2777
f 1058/2873/2776 1168/2874/2777 1059/2875/2778
f 1059/2875/2778 1168/2874/2777 1167/2876/2779
f 1059/2875/2778 1167/2876/2779 1036/2877/2719
f 1036/2877/2719 1167/2876/2779 1166/2835/2718
f 1233/2858/2761 1051/2860/2763 1234/2878/2780
f 1234/2878/2780 1051/2860/2763 1050/2879/2781
f 1234/2878/2780 1050/2879/2781 1235/2880/2782
f 1235/2880/2782 1050/2879/2781 1049/2881/2783
f 1235/2880/2782 1049/2881/2783 1048/2882/2784
f 1235/2880/2782 1048/2882/2784 1236/2883/2785
f 1236/2883/2785 1048/2882/2784 1047/2884/2786
f 1236/2883/2785 1047/2884/2786 1237/2885/2787
f 1237/2885/2787 1047/2884/2786 1046/2886/2788
f 1237/2885/2787 1046/2886/2788 1238/2887/2789
f 1238/2887/2789 1046/2886/2788 1045/2888/2790
f 1238/2887/2789 1045/2888/2790 1239/2889/2791
f 1239/2889/2791 1045/2888/2790 1044/2890/2792
f 1239/2889/2791 1044/2890/2792 1240/2891/2793
f 1240/2891/2793 1044/2890/2792 1043/2892/2794
f 1240/2891/2793 1043/2892/2794 1789/2893/2721
f 1789/2893/2721 1043/2892/2794 1042/2894/2795
f 1789/2893/2721 1042/2894/2795 1041/2895/2796
f 1041/2895/2796 1040/2896/2797 1789/2893/2721
f 1789/2893/2721 1040/2896/2797 1039/2897/2798
f 1789/2893/2721 1039/2897/2798 1038/2898/2799
f 1038/2898/2799 1037/2899/2800 1789/2893/2721
f 1789/2893/2721 1037/2899/2800 1036/2877/2719
f 1743/2828/2640 1244/2900/2801 1789/2893/2721
f 1789/2893/2721 1244/2900/2801 1243/2901/2802
f 1789/2893/2721 1243/2901/2802 1242/2902/2803
f 1011/2903/2804 1097/2904/2805 988/2905/2806
f 988/2905/2806 1097/2904/2805 1096/2906/2807
f 988/2905/2806 1096/2906/2807 989/2907/2808
f 989/2907/2808 1096/2906/2807 1095/2908/2809
f 989/2907/2808 1095/2908/2809 990/2909/2810
f 990/2909/2810 1095/2908/2809 1094/2910/2811
f 990/2909/2810 1094/2910/2811 991/2911/2812
f 991/2911/2812 1094/2910/2811 1093/2912/2813
f 991/2911/2812 1093/2912/2813 1255/2913/2814
f 1255/2913/2814 1093/2912/2813 1092/2855/2758
f 1255/2913/2814 1092/2855/2758 1232/2857/2760
f 1097/2904/2805 1011/2903/2804 1098/2914/2815
f 1098/2914/2815 1011/2903/2804 1010/2915/2816
f 1098/2914/2815 1010/2915/2816 1099/2916/2817
f 1099/2916/2817 1010/2915/2816 1009/2917/2818
f 1099/2916/2817 1009/2917/2818 1100/2918/2819
f 1100/2918/2819 1009/2917/2818 1008/2919/2820
f 1100/2918/2819 1008/2919/2820 1742/2826/2641
f 1742/2826/2641 1008/2919/2820 1007/2827/2733
f 1005/2830/2735 1004/2920/2821 1743/2828/2640
f 1743/2828/2640 1004/2920/2821 1003/2921/2822
f 1743/2828/2640 1003/2921/2822 1002/2922/2823
f 1002/2922/2823 1001/2923/2824 1743/2828/2640
f 1743/2828/2640 1001/2923/2824 1000/2924/2825
f 1743/2828/2640 1000/2924/2825 999/2925/2826
f 998/2926/2827 1248/2927/2828 999/2925/2826
f 999/2925/2826 1248/2927/2828 1247/2928/2829
f 999/2925/2826 1247/2928/2829 1743/2828/2640
f 1743/2828/2640 1247/2928/2829 1246/2929/2830
f 1743/2828/2640 1246/2929/2830 1245/2930/2831
f 1248/2927/2828 998/2926/2827 1249/2931/2832
f 1249/2931/2832 998/2926/2827 997/2932/2833
f 1249/2931/2832 997/2932/2833 1250/2933/2834
f 1250/2933/2834 997/2932/2833 996/2934/2835
f 1250/2933/2834 996/2934/2835 1251/2935/2836
f 1251/2935/2836 996/2934/2835 995/2936/2837
f 1251/2935/2836 995/2936/2837 1252/2937/2838
f 1252/2937/2838 995/2936/2837 994/2938/2839
f 1252/2937/2838 994/2938/2839 1253/2939/2840
f 1253/2939/2840 994/2938/2839 993/2940/2841
f 1253/2939/2840 993/2940/2841 992/2941/2842
f 1253/2939/2840 992/2941/2842 1254/2942/2843
f 1254/2942/2843 992/2941/2842 991/2911/2812
f 1254/2942/2843 991/2911/2812 1255/2913/2814
f 1107/2834/2738 1106/2943/2844 1742/2826/2641
f 1742/2826/2641 1106/2943/2844 1105/2944/2845
f 1742/2826/2641 1105/2944/2845 1104/2945/2846
f 1104/2945/2846 1103/2946/2847 1742/2826/2641
f 1742/2826/2641 1103/2946/2847 1102/2947/2848
f 1742/2826/2641 1102/2947/2848 1101/2948/2849
f 1101/2948/2849 1100/2918/2819 1742/2826/2641
f 1086/2844/2747 1085/2832/2736 1775/2831/2716
f 1245/2930/2831 1244/2900/2801 1743/2828/2640
f 1242/2902/2803 1241/2949/2850 1789/2893/2721
f 1789/2893/2721 1241/2949/2850 1240/2891/2793
f 1791/2950/2851 1783/2951/2852 1790/2952/2853
f 1790/2952/2853 1783/2951/2852 1782/2953/2854
f 1790/2952/2853 1782/2953/2854 1806/2954/2855
f 1792/2955/2856 1858/2956/2857 1791/2950/2851
f 1791/2950/2851 1858/2956/2857 1859/2957/2858
f 1791/2950/2851 1859/2957/2858 1787/2958/2859
f 1787/2958/2859 1859/2957/2858 1860/2959/2860
f 1787/2958/2859 1860/2959/2860 1788/2960/2861
f 1788/2960/2861 1860/2959/2860 1789/2961/2862
f 1789/2961/2862 1860/2959/2860 1882/2962/2863
f 1789/2961/2862 1882/2962/2863 1883/2963/2864
f 1793/2964/2865 1856/2965/2866 1792/2955/2856
f 1792/2955/2856 1856/2965/2866 1857/2966/2867
f 1792/2955/2856 1857/2966/2867 1858/2956/2857
f 1794/2967/2868 1854/2968/2869 1793/2964/2865
f 1793/2964/2865 1854/2968/2869 1855/2969/2870
f 1793/2964/2865 1855/2969/2870 1856/2965/2866
f 1854/2968/2869 1794/2967/2868 1853/2970/2871
f 1853/2970/2871 1794/2967/2868 1795/2971/2872
f 1853/2970/2871 1795/2971/2872 1852/2972/2873
f 1852/2972/2873 1795/2971/2872 1851/2973/2874
f 1851/2973/2874 1795/2971/2872 1850/2974/2875
f 1850/2974/2875 1795/2971/2872 1754/2975/2876
f 1850/2974/2875 1754/2975/2876 1849/2976/2877
f 1849/2976/2877 1754/2975/2876 1800/2977/2878
f 1849/2976/2877 1800/2977/2878 1874/2978/2879
f 1874/2978/2879 1800/2977/2878 1910/2979/2880
f 1874/2978/2879 1910/2979/2880 1873/2980/2881
f 1873/2980/2881 1910/2979/2880 1911/2981/2882
f 1873/2980/2881 1911/2981/2882 1872/2982/2883
f 1872/2982/2883 1911/2981/2882 1912/2983/2884
f 1872/2982/2883 1912/2983/2884 1871/2984/2885
f 1871/2984/2885 1912/2983/2884 1913/2985/2886
f 1871/2984/2885 1913/2985/2886 1914/2986/2887
f 1795/2971/2872 1796/2987/2888 1754/2975/2876
f 1754/2975/2876 1796/2987/2888 820/2988/2889
f 1754/2975/2876 820/2988/2889 819/2989/2890
f 820/2988/2889 1796/2987/2888 821/2990/2891
f 821/2990/2891 1796/2987/2888 1797/2991/2892
f 821/2990/2891 1797/2991/2892 1773/2992/2893
f 1773/2992/2893 1797/2991/2892 1798/2993/2894
f 1773/2992/2893 1798/2993/2894 1799/2994/2895
f 1755/2995/2896 826/2996/2897 1773/2992/2893
f 1773/2992/2893 826/2996/2897 825/2997/2898
f 1773/2992/2893 825/2997/2898 824/2998/2899
f 1770/2999/2900 804/3000/2901 1755/2995/2896
f 1755/2995/2896 804/3000/2901 827/3001/2902
f 1755/2995/2896 827/3001/2902 826/2996/2897
f 804/3000/2901 1770/2999/2900 805/3002/2903
f 805/3002/2903 1770/2999/2900 1769/3003/2904
f 805/3002/2903 1769/3003/2904 806/3004/2905
f 806/3004/2905 1769/3003/2904 1768/3005/2906
f 806/3004/2905 1768/3005/2906 807/3006/2907
f 807/3006/2907 1768/3005/2906 1767/3007/2908
f 807/3006/2907 1767/3007/2908 808/3008/2909
f 808/3008/2909 1767/3007/2908 1766/3009/2910
f 808/3008/2909 1766/3009/2910 809/3010/2911
f 809/3010/2911 1766/3009/2910 1765/3011/2912
f 809/3010/2911 1765/3011/2912 810/3012/2913
f 810/3012/2913 1765/3011/2912 1764/3013/2914
f 810/3012/2913 1764/3013/2914 811/3014/2915
f 811/3014/2915 1764/3013/2914 1751/3015/2916
f 811/3014/2915 1751/3015/2916 812/3016/2917
f 812/3016/2917 1751/3015/2916 813/3017/2918
f 813/3017/2918 1751/3015/2916 814/3018/2919
f 814/3018/2919 1751/3015/2916 1754/2975/2876
f 814/3018/2919 1754/2975/2876 815/3019/2920
f 815/3019/2920 1754/2975/2876 816/3020/2921
f 816/3020/2921 1754/2975/2876 817/3021/2922
f 817/3021/2922 1754/2975/2876 818/3022/2923
f 818/3022/2923 1754/2975/2876 819/2989/2890
f 1800/2977/2878 1801/3023/2924 1910/2979/2880
f 1910/2979/2880 1801/3023/2924 1942/3024/2925
f 1942/3024/2925 1801/3023/2924 1941/3025/2926
f 1941/3025/2926 1801/3023/2924 1802/3026/2927
f 1941/3025/2926 1802/3026/2927 1940/3027/2928
f 1940/3027/2928 1802/3026/2927 1939/3028/2929
f 1939/3028/2929 1802/3026/2927 1803/3029/2930
f 1939/3028/2929 1803/3029/2930 1938/3030/2931
f 1938/3030/2931 1803/3029/2930 1937/3031/2932
f 1937/3031/2932 1803/3029/2930 1804/3032/2933
f 1937/3031/2932 1804/3032/2933 1936/3033/2934
f 1936/3033/2934 1804/3032/2933 1935/3034/2935
f 1935/3034/2935 1804/3032/2933 1934/3035/2936
f 1934/3035/2936 1804/3032/2933 1933/3036/2937
f 1933/3036/2937 1804/3032/2933 1805/3037/2938
f 1933/3036/2937 1805/3037/2938 1932/3038/2939
f 1932/3038/2939 1805/3037/2938 1931/3039/2940
f 1931/3039/2940 1805/3037/2938 1893/3040/2941
f 1931/3039/2940 1893/3040/2941 1930/3041/2942
f 1930/3041/2942 1893/3040/2941 1929/3042/2943
f 1929/3042/2943 1893/3040/2941 1928/3043/2944
f 1928/3043/2944 1893/3040/2941 1894/3044/2945
f 1928/3043/2944 1894/3044/2945 1927/3045/2946
f 1927/3045/2946 1894/3044/2945 1895/3046/2947
f 1927/3045/2946 1895/3046/2947 1926/3047/2948
f 1926/3047/2948 1895/3046/2947 1896/3048/2949
f 1926/3047/2948 1896/3048/2949 1823/3049/2950
f 1823/3049/2950 1896/3048/2949 1822/3050/2951
f 1822/3050/2951 1896/3048/2949 1821/3051/2952
f 1821/3051/2952 1896/3048/2949 1897/3052/2953
f 1821/3051/2952 1897/3052/2953 1820/3053/2954
f 1820/3053/2954 1897/3052/2953 1898/3054/2955
f 1820/3053/2954 1898/3054/2955 1819/3055/2956
f 1819/3055/2956 1898/3054/2955 1899/3056/2957
f 1819/3055/2956 1899/3056/2957 1818/3057/2958
f 1818/3057/2958 1899/3056/2957 1817/3058/2959
f 1817/3058/2959 1899/3056/2957 1816/3059/2960
f 1816/3059/2960 1899/3056/2957 1815/3060/2961
f 1815/3060/2961 1899/3056/2957 1900/3061/2962
f 1815/3060/2961 1900/3061/2962 1901/3062/2963
f 1805/3037/2938 1712/3063/2964 1893/3040/2941
f 1893/3040/2941 1712/3063/2964 855/3064/2965
f 1893/3040/2941 855/3064/2965 1892/3065/2966
f 1892/3065/2966 855/3064/2965 854/3066/2967
f 1892/3065/2966 854/3066/2967 1891/3067/2968
f 1891/3067/2968 854/3066/2967 853/3068/2969
f 1891/3067/2968 853/3068/2969 852/3069/2970
f 1711/3070/2971 860/3071/2972 1712/3063/2964
f 1712/3063/2964 860/3071/2972 859/3072/2973
f 1712/3063/2964 859/3072/2973 858/3073/2974
f 1750/3074/2975 863/3075/2976 1711/3070/2971
f 1711/3070/2971 863/3075/2976 862/3076/2977
f 1711/3070/2971 862/3076/2977 861/3077/2978
f 863/3075/2976 1750/3074/2975 864/3078/2979
f 864/3078/2979 1750/3074/2975 1749/3079/2980
f 864/3078/2979 1749/3079/2980 865/3080/2981
f 865/3080/2981 1749/3079/2980 1748/3081/2982
f 865/3080/2981 1748/3081/2982 866/3082/2983
f 866/3082/2983 1748/3081/2982 1747/3083/2984
f 866/3082/2983 1747/3083/2984 867/3084/2985
f 867/3084/2985 1747/3083/2984 1746/3085/2986
f 867/3084/2985 1746/3085/2986 868/3086/2987
f 868/3086/2987 1746/3085/2986 1745/3087/2988
f 868/3086/2987 1745/3087/2988 869/3088/2989
f 869/3088/2989 1745/3087/2988 1744/3089/2990
f 869/3088/2989 1744/3089/2990 870/3090/2991
f 870/3090/2991 1744/3089/2990 1743/3091/2992
f 870/3090/2991 1743/3091/2992 871/3092/2993
f 871/3092/2993 1743/3091/2992 872/3093/2994
f 872/3093/2994 1743/3091/2992 1789/2961/2862
f 872/3093/2994 1789/2961/2862 873/3094/2995
f 873/3094/2995 1789/2961/2862 874/3095/2996
f 874/3095/2996 1789/2961/2862 1888/3096/2997
f 874/3095/2996 1888/3096/2997 1889/3097/2998
f 1787/2958/2859 1786/3098/2999 1791/2950/2851
f 1791/2950/2851 1786/3098/2999 1785/3099/3000
f 1791/2950/2851 1785/3099/3000 1784/3100/3001
f 1784/3100/3001 1783/2951/2852 1791/2950/2851
f 1806/2954/2855 1807/3101/3002 1790/2952/2853
f 1809/3102/3003 1907/3103/3004 1808/3104/3005
f 1808/3104/3005 1907/3103/3004 1908/3105/3006
f 1808/3104/3005 1908/3105/3006 1848/3106/3007
f 1848/3106/3007 1908/3105/3006 1909/3107/3008
f 1848/3106/3007 1909/3107/3008 1847/3108/3009
f 1847/3108/3009 1909/3107/3008 1875/3109/3010
f 1847/3108/3009 1875/3109/3010 1863/3110/3011
f 1863/3110/3011 1875/3109/3010 1862/3111/3012
f 1862/3111/3012 1875/3109/3010 1876/3112/3013
f 1862/3111/3012 1876/3112/3013 1877/3113/3014
f 1907/3103/3004 1809/3102/3003 1906/3114/3015
f 1906/3114/3015 1809/3102/3003 1810/3115/3016
f 1906/3114/3015 1810/3115/3016 1905/3116/3017
f 1905/3116/3017 1810/3115/3016 1811/3117/3018
f 1905/3116/3017 1811/3117/3018 1904/3118/3019
f 1904/3118/3019 1811/3117/3018 1812/3119/3020
f 1904/3118/3019 1812/3119/3020 1903/3120/3021
f 1903/3120/3021 1812/3119/3020 1813/3121/3022
f 1903/3120/3021 1813/3121/3022 1902/3122/3023
f 1902/3122/3023 1813/3121/3022 1814/3123/3024
f 1902/3122/3023 1814/3123/3024 1901/3062/2963
f 1901/3062/2963 1814/3123/3024 1815/3060/2961
f 1926/3047/2948 1823/3049/2950 1925/3124/3025
f 1925/3124/3025 1823/3049/2950 1824/3125/3026
f 1925/3124/3025 1824/3125/3026 1825/3126/3027
f 1925/3124/3025 1825/3126/3027 1924/3127/3028
f 1924/3127/3028 1825/3126/3027 1826/3128/3029
f 1924/3127/3028 1826/3128/3029 1923/3129/3030
f 1923/3129/3030 1826/3128/3029 1827/3130/3031
f 1923/3129/3030 1827/3130/3031 1922/3131/3032
f 1922/3131/3032 1827/3130/3031 1828/3132/3033
f 1922/3131/3032 1828/3132/3033 1921/3133/3034
f 1921/3133/3034 1828/3132/3033 1920/3134/3035
f 1920/3134/3035 1828/3132/3033 1829/3135/3036
f 1920/3134/3035 1829/3135/3036 1919/3136/3037
f 1919/3136/3037 1829/3135/3036 1830/3137/3038
f 1919/3136/3037 1830/3137/3038 1831/3138/3039
f 1919/3136/3037 1831/3138/3039 1918/3139/3040
f 1918/3139/3040 1831/3138/3039 1832/3140/3041
f 1918/3139/3040 1832/3140/3041 1917/3141/3042
f 1917/3141/3042 1832/3140/3041 1833/3142/3043
f 1917/3141/3042 1833/3142/3043 1916/3143/3044
f 1916/3143/3044 1833/3142/3043 1834/3144/3045
f 1916/3143/3044 1834/3144/3045 1915/3145/3046
f 1915/3145/3046 1834/3144/3045 1835/3146/3047
f 1915/3145/3046 1835/3146/3047 1914/2986/2887
f 1914/2986/2887 1835/3146/3047 1836/3147/3048
f 1914/2986/2887 1836/3147/3048 1871/2984/2885
f 1871/2984/2885 1836/3147/3048 1837/3148/3049
f 1871/2984/2885 1837/3148/3049 1870/3149/3050
f 1870/3149/3050 1837/3148/3049 1838/3150/3051
f 1870/3149/3050 1838/3150/3051 1839/3151/3052
f 1870/3149/3050 1839/3151/3052 1869/3152/3053
f 1869/3152/3053 1839/3151/3052 1840/3153/3054
f 1869/3152/3053 1840/3153/3054 1841/3154/3055
f 1842/3155/3056 1867/3156/3057 1841/3154/3055
f 1841/3154/3055 1867/3156/3057 1868/3157/3058
f 1841/3154/3055 1868/3157/3058 1869/3152/3053
f 1867/3156/3057 1842/3155/3056 1866/3158/3059
f 1866/3158/3059 1842/3155/3056 1843/3159/3060
f 1866/3158/3059 1843/3159/3060 1865/3160/3061
f 1865/3160/3061 1843/3159/3060 1844/3161/3062
f 1865/3160/3061 1844/3161/3062 1864/3162/3063
f 1864/3162/3063 1844/3161/3062 1845/3163/3064
f 1864/3162/3063 1845/3163/3064 1863/3110/3011
f 1863/3110/3011 1845/3163/3064 1846/3164/3065
f 1863/3110/3011 1846/3164/3065 1847/3108/3009
f 1861/3165/3066 1878/3166/3067 1860/2959/2860
f 1860/2959/2860 1878/3166/3067 1879/3167/3068
f 1860/2959/2860 1879/3167/3068 1880/3168/3069
f 1878/3166/3067 1861/3165/3066 1877/3113/3014
f 1877/3113/3014 1861/3165/3066 1862/3111/3012
f 1880/3168/3069 1881/3169/3070 1860/2959/2860
f 1860/2959/2860 1881/3169/3070 1882/2962/2863
f 1883/2963/2864 1884/3170/3071 1789/2961/2862
f 1789/2961/2862 1884/3170/3071 1885/3171/3072
f 1789/2961/2862 1885/3171/3072 1886/3172/3073
f 1886/3172/3073 1887/3173/3074 1789/2961/2862
f 1789/2961/2862 1887/3173/3074 1888/3096/2997
f 874/3095/2996 1889/3097/2998 875/3174/3075
f 875/3174/3075 1889/3097/2998 1890/3175/3076
f 875/3174/3075 1890/3175/3076 852/3069/2970
f 852/3069/2970 1890/3175/3076 1891/3067/2968
f 824/2998/2899 823/3176/3077 1773/2992/2893
f 1773/2992/2893 823/3176/3077 822/3177/3078
f 1773/2992/2893 822/3177/3078 821/2990/2891
f 861/3077/2978 860/3071/2972 1711/3070/2971
f 858/3073/2974 857/3178/3079 1712/3063/2964
f 1712/3063/2964 857/3178/3079 856/3179/3080
f 1712/3063/2964 856/3179/3080 855/3064/2965
f 1950/3180/3081 1797/3181/3082 883/3182/3083
f 883/3182/3083 1797/3181/3082 1796/3183/3084
f 883/3182/3083 1796/3183/3084 1958/3184/3085
f 1958/3184/3085 1796/3183/3084 1957/3185/3086
f 1957/3185/3086 1796/3183/3084 931/3186/3087
f 931/3186/3087 1796/3183/3084 932/3187/3088
f 932/3187/3088 1796/3183/3084 1795/3188/3089
f 932/3187/3088 1795/3188/3089 1956/3189/3090
f 1956/3189/3090 1795/3188/3089 1794/3190/3091
f 1956/3189/3090 1794/3190/3091 1955/3191/3092
f 1955/3191/3092 1794/3190/3091 1793/3192/3093
f 1955/3191/3092 1793/3192/3093 1954/3193/3094
f 1954/3194/3094 1793/3195/3093 1953/3196/3095
f 1953/3196/3095 1793/3195/3093 1792/3197/3096
f 1953/3196/3095 1792/3197/3096 937/3198/3097
f 937/3198/3097 1792/3197/3096 1791/3199/3098
f 937/3198/3097 1791/3199/3098 926/3200/3099
f 926/3200/3099 1791/3199/3098 1952/3201/3100
f 1952/3201/3100 1791/3199/3098 1951/3202/3101
f 1951/3202/3101 1791/3199/3098 889/3203/3102
f 889/3203/3102 1791/3199/3098 1790/3204/3103
f 889/3203/3102 1790/3204/3103 1943/3205/3104
f 889/3203/3102 1943/3205/3104 876/3206/3105
f 876/3206/3105 1943/3205/3104 1944/3207/3106
f 876/3206/3105 1944/3207/3106 1963/3208/3107
f 1963/3208/3107 1944/3207/3106 1945/3209/3108
f 1963/3208/3107 1945/3209/3108 1962/3210/3109
f 1962/3210/3109 1945/3209/3108 1946/3211/3110
f 1962/3210/3109 1946/3211/3110 1961/3212/3111
f 1961/3213/3111 1946/3214/3110 1947/3215/3112
f 1961/3213/3111 1947/3215/3112 1960/3216/3113
f 1960/3216/3113 1947/3215/3112 1948/3217/3114
f 1960/3216/3113 1948/3217/3114 1959/3218/3115
f 1959/3218/3115 1948/3217/3114 1949/3219/3116
f 1959/3218/3115 1949/3219/3116 882/3220/3117
f 882/3220/3117 1949/3219/3116 1950/3180/3081
f 882/3220/3117 1950/3180/3081 883/3182/3083
f 1408/3221/3118 1419/3222/3119 1409/3223/3120
f 1409/3223/3120 1419/3222/3119 1418/3224/3121
f 1409/3223/3120 1418/3224/3121 1417/3225/3122
f 1409/3223/3120 1417/3225/3122 1410/3226/3123
f 1410/3226/3123 1417/3225/3122 1416/3227/3124
f 1410/3226/3123 1416/3227/3124 1411/3228/3125
f 1411/3228/3125 1416/3227/3124 1415/3229/3126
f 1411/3228/3125 1415/3229/3126 1412/3230/3127
f 1412/3230/3127 1415/3229/3126 1414/3231/3128
f 1412/3230/3127 1414/3231/3128 1413/3232/3129
f 1383/3233/3130 1382/3234/3131 1377/3235/3132
f 1377/3235/3132 1382/3234/3131 1378/3236/3133
f 1378/3236/3133 1382/3234/3131 1379/3237/3134
f 1379/3237/3134 1382/3234/3131 1381/3238/3135
f 1379/3237/3134 1381/3238/3135 1380/3239/3136
f 1713/3240/3137 1712/3241/3138 1969/3242/3139
f 1969/3242/3139 1712/3241/3138 1805/3243/3140
f 1969/3242/3139 1805/3243/3140 1968/3244/3141
f 1968/3244/3141 1805/3243/3140 1804/3245/3142
f 1968/3244/3141 1804/3245/3142 1967/3246/3143
f 1967/3246/3143 1804/3245/3142 1803/3247/3144
f 1967/3246/3143 1803/3247/3144 1966/3248/3145
f 1966/3248/3145 1803/3247/3144 1802/3249/3146
f 1966/3248/3145 1802/3249/3146 1965/3250/3147
f 1965/3250/3147 1802/3249/3146 1801/3251/3148
f 1965/3250/3147 1801/3251/3148 1964/3252/3149
f 1964/3252/3149 1801/3251/3148 1800/3253/3150
f 1964/3252/3149 1800/3253/3150 1753/3254/2647
f 1753/3254/2647 1800/3253/3150 1754/3255/2642
f 1664/3256/3151 1964/3257/3152 1665/3258/3153
f 1665/3258/3153 1964/3257/3152 1753/3259/3154
f 1665/3258/3153 1753/3259/3154 1718/3260/3155
f 1964/3257/3152 1664/3256/3151 1965/3261/3156
f 1965/3261/3156 1664/3256/3151 1663/3262/3157
f 1965/3261/3156 1663/3262/3157 1662/3263/3158
f 1965/3261/3156 1662/3263/3158 1966/3264/3159
f 1966/3264/3159 1662/3263/3158 1661/3265/3160
f 1966/3264/3159 1661/3265/3160 1660/3266/3161
f 1660/3266/3161 1659/3267/3162 1966/3264/3159
f 1966/3264/3159 1659/3267/3162 1967/3268/3163
f 1967/3268/3163 1659/3267/3162 1658/3269/3164
f 1967/3268/3163 1658/3269/3164 1657/3270/3165
f 1967/3268/3163 1657/3270/3165 1968/3271/3166
f 1968/3271/3166 1657/3270/3165 1656/3272/3167
f 1968/3271/3166 1656/3272/3167 1969/3273/3168
f 1969/3273/3168 1656/3272/3167 1655/3274/3169
f 1969/3273/3168 1655/3274/3169 1654/3275/3170
f 1969/3273/3168 1654/3275/3170 1713/3276/3171
f 1713/3276/3171 1654/3275/3170 1653/3277/3172
f 1713/3276/3171 1653/3277/3172 1652/3278/3173
f 1682/3279/3174 1681/3280/3175 1724/3281/3176
f 1724/3281/3176 1681/3280/3175 1680/3282/3177
f 1724/3281/3176 1680/3282/3177 1725/3283/3178
f 1725/3283/3178 1680/3282/3177 1679/3284/3179
f 1725/3283/3178 1679/3284/3179 1726/3285/3180
f 1726/3285/3180 1679/3284/3179 1678/3286/3181
f 1726/3285/3180 1678/3286/3181 1677/3287/3182
f 1726/3285/3180 1677/3287/3182 1727/3288/3183
f 1727/3288/3183 1677/3287/3182 1676/3289/3184
f 1727/3288/3183 1676/3289/3184 1728/3290/3185
f 1728/3290/3185 1676/3289/3184 1675/3291/3186
f 1728/3290/3185 1675/3291/3186 1729/3292/3187
f 1729/3292/3187 1675/3291/3186 1674/3293/3188
f 1729/3292/3187 1674/3293/3188 1673/3294/3189
f 1729/3292/3187 1673/3294/3189 1730/3295/3190
f 1730/3295/3190 1673/3294/3189 1672/3296/3191
f 1730/3295/3190 1672/3296/3191 1731/3297/3192
f 1731/3297/3192 1672/3296/3191 1671/3298/3193
f 1731/3297/3192 1671/3298/3193 1670/3299/3194
f 1731/3297/3192 1670/3299/3194 1732/3300/3195
f 1732/3300/3195 1670/3299/3194 1669/3301/3196
f 1732/3300/3195 1669/3301/3196 1733/3302/3197
f 1733/3302/3197 1669/3301/3196 1668/3303/3198
f 1733/3302/3197 1668/3303/3198 1734/3304/3199
f 1734/3304/3199 1668/3303/3198 1667/3305/3200
f 1734/3304/3199 1667/3305/3200 1666/3306/3201
f 1774/3307/2680 1773/3308/2693 1971/3309/3202
f 1971/3309/3202 1773/3308/2693 1799/3310/3203
f 1971/3309/3202 1799/3310/3203 1970/3311/3204
f 1970/3311/3204 1799/3310/3203 1798/3312/3205
f 1970/3311/3204 1798/3312/3205 1950/3313/3081
f 1950/3313/3081 1798/3312/3205 1797/3314/3082
f 1943/3315/3206 1790/3316/3207 1973/3317/3208
f 1973/3317/3208 1790/3316/3207 1807/3318/3209
f 1973/3317/3208 1807/3318/3209 1972/3319/3210
f 1972/3319/3210 1807/3318/3209 1806/3320/3211
f 1972/3319/3210 1806/3320/3211 1771/3321/2666
f 1771/3321/2666 1806/3320/3211 1782/3322/2732
f 1774/3323/3212 1971/3324/3213 1771/3325/3214
f 1771/3325/3214 1971/3324/3213 1972/3326/3215
f 1972/3326/3215 1971/3324/3213 1970/3327/3216
f 1972/3326/3215 1970/3327/3216 1973/3328/3217
f 1973/3328/3217 1970/3327/3216 1950/3329/3218
f 1973/3328/3217 1950/3329/3218 1943/3330/3219
f 1943/3330/3219 1950/3329/3218 1949/3331/3220
f 1943/3330/3219 1949/3331/3220 1944/3332/3221
f 1944/3332/3221 1949/3331/3220 1945/3333/3222
f 1945/3333/3222 1949/3331/3220 1948/3334/3223
f 1945/3333/3222 1948/3334/3223 1946/3335/3224
f 1946/3335/3224 1948/3334/3223 1947/3336/3225
f 1310/3337/3226 1383/3338/3227 1311/3339/3228
f 1311/3339/3228 1383/3338/3227 1312/3340/3229
f 1312/3340/3229 1383/3338/3227 1313/3341/3230
f 1313/3341/3230 1383/3338/3227 1314/3342/3231
f 1314/3342/3231 1383/3338/3227 1315/3343/3232
f 1315/3343/3232 1383/3338/3227 1316/3344/3233
f 1316/3344/3233 1383/3338/3227 1317/3345/3234
f 1317/3345/3234 1383/3338/3227 1318/3346/3235
f 1318/3346/3235 1383/3338/3227 1319/3347/3236
f 1319/3347/3236 1383/3338/3227 1377/3348/3237
f 1319/3347/3236 1377/3348/3237 1320/3349/3238
f 1320/3349/3238 1377/3348/3237 1321/3350/3239
f 1321/3350/3239 1377/3348/3237 1322/3351/3240
f 1322/3351/3240 1377/3348/3237 1323/3352/3241
f 1323/3352/3241 1377/3348/3237 1324/3353/3242
f 1324/3353/3242 1377/3348/3237 1325/3354/3243
f 1325/3354/3243 1377/3348/3237 1326/3355/3244
f 1326/3355/3244 1377/3348/3237 1327/3356/3245
f 1327/3356/3245 1377/3348/3237 1328/3357/3246
f 1328/3357/3246 1377/3348/3237 1329/3358/3247
f 1306/3359/3248 1305/3360/3249 1975/3361/3250
f 1975/3361/3250 1305/3360/3249 1974/3362/3251
f 1306/3363/3252 1975/3364/3253 1304/3365/2048
f 1304/3365/2048 1975/3364/3253 1974/3366/3254
f 1304/3365/2048 1974/3366/3254 1305/3367/3255
f 1335/3368/3256 1334/3369/3257 1977/3370/3258
f 1977/3370/3258 1334/3369/3257 1976/3371/3259
f 1334/3372/3260 1333/3373/2084 1976/3374/3261
f 1976/3374/3261 1333/3373/2084 1977/3375/3262
f 1977/3375/3262 1333/3373/2084 1335/3376/3263
f 1279/3377/3264 757/3378/3265 1256/3379/3266
f 1256/3379/3266 757/3378/3265 756/3380/3267
f 1256/3379/3266 756/3380/3267 1257/3381/3268
f 1257/3381/3268 756/3380/3267 779/3382/3269
f 1257/3381/3268 779/3382/3269 778/3383/3270
f 757/3378/3265 1279/3377/3264 758/3384/3271
f 758/3384/3271 1279/3377/3264 1278/3385/3272
f 758/3384/3271 1278/3385/3272 759/3386/3273
f 759/3386/3273 1278/3385/3272 1277/3387/3274
f 759/3386/3273 1277/3387/3274 760/3388/3275
f 760/3388/3275 1277/3387/3274 1276/3389/3276
f 760/3388/3275 1276/3389/3276 761/3390/3277
f 761/3390/3277 1276/3389/3276 1275/3391/3278
f 761/3390/3277 1275/3391/3278 762/3392/3279
f 762/3392/3279 1275/3391/3278 1274/3393/3280
f 762/3392/3279 1274/3393/3280 1273/3394/3281
f 762/3392/3279 1273/3394/3281 763/3395/3282
f 763/3395/3282 1273/3394/3281 1272/3396/3283
f 763/3395/3282 1272/3396/3283 764/3397/3284
f 764/3397/3284 1272/3396/3283 1271/3398/3285
f 764/3397/3284 1271/3398/3285 765/3399/3286
f 765/3399/3286 1271/3398/3285 1270/3400/3287
f 765/3399/3286 1270/3400/3287 766/3401/3288
f 766/3401/3288 1270/3400/3287 1269/3402/3289
f 766/3401/3288 1269/3402/3289 767/3403/3290
f 767/3403/3290 1269/3402/3289 1268/3404/3291
f 767/3403/3290 1268/3404/3291 768/3405/3292
f 768/3405/3292 1268/3404/3291 769/3406/3293
f 769/3406/3293 1268/3404/3291 1267/3407/3294
f 769/3406/3293 1267/3407/3294 770/3408/3295
f 770/3408/3295 1267/3407/3294 1266/3409/3296
f 770/3408/3295 1266/3409/3296 771/3410/3297
f 771/3410/3297 1266/3409/3296 1265/3411/3298
f 771/3410/3297 1265/3411/3298 772/3412/3299
f 772/3412/3299 1265/3411/3298 1264/3413/3300
f 772/3412/3299 1264/3413/3300 773/3414/3301
f 773/3414/3301 1264/3413/3300 1263/3415/3302
f 773/3414/3301 1263/3415/3302 774/3416/3303
f 774/3416/3303 1263/3415/3302 1262/3417/3304
f 774/3416/3303 1262/3417/3304 1261/3418/3305
f 774/3416/3303 1261/3418/3305 775/3419/3306
f 775/3419/3306 1261/3418/3305 1260/3420/3307
f 775/3419/3306 1260/3420/3307 776/3421/3308
f 776/3421/3308 1260/3420/3307 1259/3422/3309
f 776/3421/3308 1259/3422/3309 777/3423/3310
f 777/3423/3310 1259/3422/3309 1258/3424/3311
f 777/3423/3310 1258/3424/3311 778/3383/3270
f 778/3383/3270 1258/3424/3311 1257/3381/3268
f 1231/3425/3312 1553/3426/3313 1208/3427/3314
f 1208/3427/3314 1553/3426/3313 1552/3428/3315
f 1208/3427/3314 1552/3428/3315 1209/3429/3316
f 1209/3429/3316 1552/3428/3315 1551/3430/3317
f 1209/3429/3316 1551/3430/3317 1550/3431/3318
f 1553/3426/3313 1231/3425/3312 1554/3432/3319
f 1554/3432/3319 1231/3425/3312 1230/3433/3320
f 1554/3432/3319 1230/3433/3320 1555/3434/3321
f 1555/3434/3321 1230/3433/3320 1229/3435/3322
f 1555/3434/3321 1229/3435/3322 1556/3436/3323
f 1556/3436/3323 1229/3435/3322 1228/3437/3324
f 1556/3436/3323 1228/3437/3324 1557/3438/3325
f 1557/3438/3325 1228/3437/3324 1227/3439/3326
f 1557/3438/3325 1227/3439/3326 1558/3440/3327
f 1558/3440/3327 1227/3439/3326 1226/3441/3328
f 1558/3440/3327 1226/3441/3328 1225/3442/3329
f 1558/3440/3327 1225/3442/3329 1559/3443/3330
f 1559/3443/3330 1225/3442/3329 1224/3444/3331
f 1559/3443/3330 1224/3444/3331 1560/3445/3332
f 1560/3445/3332 1224/3444/3331 1223/3446/3333
f 1560/3445/3332 1223/3446/3333 1561/3447/3334
f 1561/3447/3334 1223/3446/3333 1222/3448/3335
f 1561/3447/3334 1222/3448/3335 1562/3449/3336
f 1562/3449/3336 1222/3448/3335 1221/3450/3337
f 1562/3449/3336 1221/3450/3337 1563/3451/3338
f 1563/3451/3338 1221/3450/3337 1220/3452/3339
f 1563/3451/3338 1220/3452/3339 1540/3453/3340
f 1540/3453/3340 1220/3452/3339 1541/3454/3341
f 1541/3454/3341 1220/3452/3339 1219/3455/3342
f 1541/3454/3341 1219/3455/3342 1542/3456/3343
f 1542/3456/3343 1219/3455/3342 1218/3457/3344
f 1542/3456/3343 1218/3457/3344 1543/3458/3345
f 1543/3458/3345 1218/3457/3344 1217/3459/3346
f 1543/3458/3345 1217/3459/3346 1544/3460/3347
f 1544/3460/3347 1217/3459/3346 1216/3461/3348
f 1544/3460/3347 1216/3461/3348 1545/3462/3349
f 1545/3462/3349 1216/3461/3348 1215/3463/3350
f 1545/3462/3349 1215/3463/3350 1546/3464/3351
f 1546/3464/3351 1215/3463/3350 1214/3465/3352
f 1546/3464/3351 1214/3465/3352 1213/3466/3353
f 1546/3464/3351 1213/3466/3353 1547/3467/3354
f 1547/3467/3354 1213/3466/3353 1212/3468/3355
f 1547/3467/3354 1212/3468/3355 1548/3469/3356
f 1548/3469/3356 1212/3468/3355 1211/3470/3357
f 1548/3469/3356 1211/3470/3357 1549/3471/3358
f 1549/3471/3358 1211/3470/3357 1210/3472/3359
f 1549/3471/3358 1210/3472/3359 1550/3431/3318
f 1550/3431/3318 1210/3472/3359 1209/3429/3316
f 1108/3473/3360 1419/3474/3361 1109/3475/3362
f 1109/3475/3362 1419/3474/3361 1110/3476/3363
f 1110/3476/3363 1419/3474/3361 1111/3477/3364
f 1111/3477/3364 1419/3474/3361 1112/3478/3365
f 1112/3478/3365 1419/3474/3361 1113/3479/3366
f 1113/3479/3366 1419/3474/3361 1408/3480/3367
f 1113/3479/3366 1408/3480/3367 1127/3481/3368
f 1127/3481/3368 1408/3480/3367 1128/3482/3369
f 1128/3482/3369 1408/3480/3367 1129/3483/3370
f 1129/3483/3370 1408/3480/3367 1130/3484/3371
f 1130/3484/3371 1408/3480/3367 1131/3485/3372
f 1131/3485/3372 1408/3480/3367 1132/3486/3373
f 1113/3479/3366 1127/3481/3368 1114/3487/3374
f 1114/3487/3374 1127/3481/3368 1126/3488/3375
f 1114/3487/3374 1126/3488/3375 1115/3489/3376
f 1115/3489/3376 1126/3488/3375 1125/3490/3377
f 1115/3489/3376 1125/3490/3377 1116/3491/3378
f 1116/3491/3378 1125/3490/3377 1124/3492/3379
f 1116/3491/3378 1124/3492/3379 1117/3493/3380
f 1117/3493/3380 1124/3492/3379 1123/3494/3381
f 1117/3493/3380 1123/3494/3381 1118/3495/3382
f 1118/3495/3382 1123/3494/3381 1122/3496/3383
f 1118/3495/3382 1122/3496/3383 1119/3497/3384
f 1119/3497/3384 1122/3496/3383 1121/3498/3385
f 1119/3497/3384 1121/3498/3385 1120/3499/3386
f 1191/3500/3387 1190/3501/3388 1979/3502/3389
f 1979/3502/3389 1190/3501/3388 1978/3503/3390
f 1191/3504/3391 1979/3505/3392 1192/3506/3393
f 1192/3506/3393 1979/3505/3392 1193/3507/3394
f 1193/3507/3394 1979/3505/3392 1978/3508/3395
f 1193/3507/3394 1978/3508/3395 1194/3509/3396
f 1194/3509/3396 1978/3508/3395 1195/3510/3397
f 1195/3510/3397 1978/3508/3395 1196/3511/3398
f 1196/3511/3398 1978/3508/3395 1197/3512/3399
f 1197/3512/3399 1978/3508/3395 1198/3513/3400
f 1198/3513/3400 1978/3508/3395 1190/3514/3401
f 1200/3515/3402 1199/3516/3403 1981/3517/3404
f 1981/3517/3404 1199/3516/3403 1980/3518/3405
f 1200/3519/3406 1981/3520/3407 1201/3521/3408
f 1201/3521/3408 1981/3520/3407 1202/3522/3409
f 1202/3522/3409 1981/3520/3407 1980/3523/3410
f 1202/3522/3409 1980/3523/3410 1203/3524/3411
f 1203/3524/3411 1980/3523/3410 1204/3525/3412
f 1204/3525/3412 1980/3523/3410 1205/3526/3413
f 1205/3526/3413 1980/3523/3410 1206/3527/3414
f 1206/3527/3414 1980/3523/3410 1207/3528/3415
f 1207/3528/3415 1980/3523/3410 1199/3529/3416
f 1083/3530/3417 1073/3531/3418 1060/3532/3419
f 1060/3532/3419 1073/3531/3418 1072/3533/3420
f 1060/3532/3419 1072/3533/3420 1061/3534/3421
f 1061/3534/3421 1072/3533/3420 1071/3535/3422
f 1061/3534/3421 1071/3535/3422 1062/3536/3423
f 1062/3536/3423 1071/3535/3422 1070/3537/3424
f 1062/3536/3423 1070/3537/3424 1063/3538/3425
f 1063/3538/3425 1070/3537/3424 1069/3539/3426
f 1063/3538/3425 1069/3539/3426 1064/3540/3427
f 1064/3540/3427 1069/3539/3426 1068/3541/3428
f 1064/3540/3427 1068/3541/3428 1065/3542/3429
f 1065/3542/3429 1068/3541/3428 1067/3543/3430
f 1065/3542/3429 1067/3543/3430 1066/3544/3431
f 1073/3531/3418 1083/3530/3417 1074/3545/3432
f 1074/3545/3432 1083/3530/3417 1082/3546/3433
f 1074/3545/3432 1082/3546/3433 1075/3547/3434
f 1075/3547/3434 1082/3546/3433 1081/3548/3435
f 1075/3547/3434 1081/3548/3435 1076/3549/3436
f 1076/3549/3436 1081/3548/3435 1080/3550/3437
f 1076/3549/3436 1080/3550/3437 1077/3551/3438
f 1077/3551/3438 1080/3550/3437 1079/3552/3439
f 1077/3551/3438 1079/3552/3439 1078/3553/3440
f 1035/3554/3441 1025/3555/3442 1012/3556/3443
f 1012/3556/3443 1025/3555/3442 1024/3557/3444
f 1012/3556/3443 1024/3557/3444 1013/3558/3445
f 1013/3558/3445 1024/3557/3444 1023/3559/3446
f 1013/3558/3445 1023/3559/3446 1014/3560/3447
f 1014/3560/3447 1023/3559/3446 1022/3561/3448
f 1014/3560/3447 1022/3561/3448 1015/3562/3449
f 1015/3562/3449 1022/3561/3448 1021/3563/3450
f 1015/3562/3449 1021/3563/3450 1016/3564/3451
f 1016/3564/3451 1021/3563/3450 1020/3565/3452
f 1016/3564/3451 1020/3565/3452 1017/3566/3453
f 1017/3566/3453 1020/3565/3452 1019/3567/3454
f 1017/3566/3453 1019/3567/3454 1018/3568/3455
f 1025/3555/3442 1035/3554/3441 1026/3569/3456
f 1026/3569/3456 1035/3554/3441 1034/3570/3457
f 1026/3569/3456 1034/3570/3457 1027/3571/3458
f 1027/3571/3458 1034/3570/3457 1033/3572/3459
f 1027/3571/3458 1033/3572/3459 1028/3573/3460
f 1028/3573/3460 1033/3572/3459 1032/3574/3461
f 1028/3573/3460 1032/3574/3461 1029/3575/3462
f 1029/3575/3462 1032/3574/3461 1031/3576/3463
f 1029/3575/3462 1031/3576/3463 1030/3577/3464
f 987/3578/3465 977/3579/3466 964/3580/3467
f 964/3580/3467 977/3579/3466 976/3581/3468
f 964/3580/3467 976/3581/3468 965/3582/3469
f 965/3582/3469 976/3581/3468 975/3583/3470
f 965/3582/3469 975/3583/3470 966/3584/3471
f 966/3584/3471 975/3583/3470 974/3585/3472
f 966/3584/3471 974/3585/3472 967/3586/3473
f 967/3586/3473 974/3585/3472 973/3587/3474
f 967/3586/3473 973/3587/3474 968/3588/3475
f 968/3588/3475 973/3587/3474 972/3589/3476
f 968/3588/3475 972/3589/3476 969/3590/3477
f 969/3590/3477 972/3589/3476 971/3591/3478
f 969/3590/3477 971/3591/3478 970/3592/3479
f 977/3579/3466 987/3578/3465 978/3593/3480
f 978/3593/3480 987/3578/3465 986/3594/3481
f 978/3593/3480 986/3594/3481 979/3595/3482
f 979/3595/3482 986/3594/3481 985/3596/3483
f 979/3595/3482 985/3596/3483 980/3597/3484
f 980/3597/3484 985/3596/3483 984/3598/3485
f 980/3597/3484 984/3598/3485 981/3599/3486
f 981/3599/3486 984/3598/3485 983/3600/3487
f 981/3599/3486 983/3600/3487 982/3601/3488
f 963/3602/1681 1982/3603/3489 938/3604/1682
f 938/3604/1682 1982/3603/3489 1983/3605/3490
f 1983/3606/3490 1982/3607/3489 1987/3608/3491
f 1987/3608/3491 1982/3607/3489 1984/3609/3492
f 1987/3608/3491 1984/3609/3492 1985/3610/3493
f 1723/3611/3494 1722/3612/3495 1985/3610/3493
f 1985/3610/3493 1722/3612/3495 1986/3613/3496
f 1985/3610/3493 1986/3613/3496 1987/3608/3491
f 1686/3614/3497 1988/3615/3498 1687/3616/3499
f 1687/3616/3499 1988/3615/3498 1989/3617/3500
f 1989/3618/3501 1988/3619/3502 2013/3620/3503
f 2013/3620/3503 1988/3619/3502 1990/3621/3504
f 2013/3620/3503 1990/3621/3504 2012/3622/3505
f 2012/3622/3505 1990/3621/3504 1991/3623/3506
f 2012/3622/3505 1991/3623/3506 2011/3624/3507
f 2011/3624/3507 1991/3623/3506 1992/3625/3508
f 2011/3624/3507 1992/3625/3508 2010/3626/3509
f 2010/3626/3509 1992/3625/3508 1993/3627/3510
f 2010/3626/3509 1993/3627/3510 2009/3628/3511
f 2009/3628/3511 1993/3627/3510 1994/3629/3512
f 2009/3628/3511 1994/3629/3512 2008/3630/3513
f 2008/3630/3513 1994/3629/3512 1995/3631/3514
f 2008/3630/3513 1995/3631/3514 2007/3632/3515
f 2007/3632/3515 1995/3631/3514 1996/3633/3516
f 2007/3632/3515 1996/3633/3516 2006/3634/3517
f 2006/3634/3517 1996/3633/3516 1997/3635/3518
f 2006/3634/3517 1997/3635/3518 2005/3636/3519
f 2005/3636/3519 1997/3635/3518 1998/3637/3520
f 2005/3636/3519 1998/3637/3520 2004/3638/3521
f 2004/3638/3521 1998/3637/3520 1999/3639/3522
f 2004/3638/3521 1999/3639/3522 2003/3640/3523
f 2003/3640/3523 1999/3639/3522 2000/3641/3524
f 2003/3640/3523 2000/3641/3524 2002/3642/3525
f 2002/3642/3525 2000/3641/3524 2001/3643/3526
f 2001/3644/3527 2014/3645/3528 2002/3646/3529
f 2002/3646/3529 2014/3645/3528 2015/3647/3530
f 2014/3648/3531 2016/3649/3532 2015/3650/3533
f 2015/3650/3533 2016/3649/3532 2017/3651/3534
f 2017/3652/3534 2016/3653/3532 2041/3654/3535
f 2041/3654/3535 2016/3653/3532 2018/3655/3536
f 2041/3654/3535 2018/3655/3536 2040/3656/3537
f 2040/3656/3537 2018/3655/3536 2019/3657/3538
f 2040/3656/3537 2019/3657/3538 2039/3658/3539
f 2039/3658/3539 2019/3657/3538 2020/3659/3540
f 2039/3658/3539 2020/3659/3540 2038/3660/3541
f 2038/3660/3541 2020/3659/3540 2021/3661/3542
f 2038/3660/3541 2021/3661/3542 2037/3662/3543
f 2037/3662/3543 2021/3661/3542 2022/3663/3544
f 2037/3662/3543 2022/3663/3544 2036/3664/3545
f 2036/3664/3545 2022/3663/3544 2023/3665/3546
f 2036/3664/3545 2023/3665/3546 2035/3666/3547
f 2035/3666/3547 2023/3665/3546 2024/3667/3548
f 2035/3666/3547 2024/3667/3548 2034/3668/3549
f 2034/3668/3549 2024/3667/3548 2025/3669/3550
f 2034/3668/3549 2025/3669/3550 2033/3670/3551
f 2033/3670/3551 2025/3669/3550 2026/3671/3552
f 2033/3670/3551 2026/3671/3552 2032/3672/3553
f 2032/3672/3553 2026/3671/3552 2027/3673/3554
f 2032/3672/3553 2027/3673/3554 2031/3674/3555
f 2031/3674/3555 2027/3673/3554 2028/3675/3556
f 2031/3674/3555 2028/3675/3556 2030/3676/3557
f 2030/3676/3557 2028/3675/3556 2029/3677/3558
f 2029/3678/3558 2042/3679/3559 2030/3680/3557
f 2030/3680/3557 2042/3679/3559 2043/3681/3560
f 2042/3682/3561 951/3683/1705 2043/3684/3562
f 2043/3684/3562 951/3683/1705 950/3685/1706
f 1983/3686/3563 2043/3687/3564 938/3688/3565
f 938/3688/3565 2043/3687/3564 950/3689/3566
f 938/3688/3565 950/3689/3566 939/3690/3567
f 939/3690/3567 950/3689/3566 940/3691/3568
f 940/3691/3568 950/3689/3566 949/3692/3569
f 940/3691/3568 949/3692/3569 941/3693/3570
f 941/3693/3570 949/3692/3569 948/3694/3571
f 941/3693/3570 948/3694/3571 942/3695/3572
f 942/3695/3572 948/3694/3571 947/3696/3573
f 942/3695/3572 947/3696/3573 943/3697/3574
f 943/3697/3574 947/3696/3573 946/3698/3575
f 943/3697/3574 946/3698/3575 944/3699/3576
f 944/3699/3576 946/3698/3575 945/3700/3577
f 1983/3686/3563 1987/3701/3578 2043/3687/3564
f 2043/3687/3564 1987/3701/3578 1986/3702/3579
f 2043/3687/3564 1986/3702/3579 1722/3703/3580
f 1722/3703/3580 1690/3704/3581 2043/3687/3564
f 2043/3687/3564 1690/3704/3581 2015/3705/3582
f 2043/3687/3564 2015/3705/3582 2030/3706/3583
f 2030/3706/3583 2015/3705/3582 2017/3707/3584
f 2030/3706/3583 2017/3707/3584 2031/3708/3585
f 2031/3708/3585 2017/3707/3584 2041/3709/3586
f 2031/3708/3585 2041/3709/3586 2032/3710/3587
f 2032/3710/3587 2041/3709/3586 2040/3711/3588
f 2032/3710/3587 2040/3711/3588 2033/3712/3589
f 2033/3712/3589 2040/3711/3588 2039/3713/3590
f 2033/3712/3589 2039/3713/3590 2034/3714/3591
f 2034/3714/3591 2039/3713/3590 2038/3715/3592
f 2034/3714/3591 2038/3715/3592 2035/3716/3593
f 2035/3716/3593 2038/3715/3592 2037/3717/3594
f 2035/3716/3593 2037/3717/3594 2036/3718/3595
f 1690/3704/3581 1689/3719/3596 2015/3705/3582
f 2015/3705/3582 1689/3719/3596 1688/3720/3597
f 2015/3705/3582 1688/3720/3597 1989/3721/3598
f 1989/3721/3598 1688/3720/3597 1687/3722/3599
f 2015/3705/3582 1989/3721/3598 2002/3723/3600
f 2002/3723/3600 1989/3721/3598 2013/3724/3601
f 2002/3723/3600 2013/3724/3601 2012/3725/3602
f 2002/3723/3600 2012/3725/3602 2003/3726/3603
f 2003/3726/3603 2012/3725/3602 2011/3727/3604
f 2003/3726/3603 2011/3727/3604 2004/3728/3605
f 2004/3728/3605 2011/3727/3604 2010/3729/3606
f 2004/3728/3605 2010/3729/3606 2005/3730/3607
f 2005/3730/3607 2010/3729/3606 2009/3731/3608
f 2005/3730/3607 2009/3731/3608 2006/3732/3609
f 2006/3732/3609 2009/3731/3608 2008/3733/3610
f 2006/3732/3609 2008/3733/3610 2007/3734/3611
f 1984/3735/3612 1982/3736/3613 2042/3737/3614
f 2042/3737/3614 1982/3736/3613 963/3738/3615
f 2042/3737/3614 963/3738/3615 951/3739/3616
f 951/3739/3616 963/3738/3615 962/3740/3617
f 951/3739/3616 962/3740/3617 961/3741/3618
f 951/3739/3616 961/3741/3618 952/3742/3619
f 952/3742/3619 961/3741/3618 960/3743/3620
f 952/3742/3619 960/3743/3620 953/3744/3621
f 953/3744/3621 960/3743/3620 959/3745/3622
f 953/3744/3621 959/3745/3622 954/3746/3623
f 954/3746/3623 959/3745/3622 958/3747/3624
f 954/3746/3623 958/3747/3624 955/3748/3625
f 955/3748/3625 958/3747/3624 957/3749/3626
f 955/3748/3625 957/3749/3626 956/3750/3627
f 2029/3751/3628 2016/3752/3629 2042/3737/3614
f 2042/3737/3614 2016/3752/3629 2014/3753/3630
f 2042/3737/3614 2014/3753/3630 1683/3754/3631
f 1683/3754/3631 2014/3753/3630 1684/3755/3632
f 1684/3755/3632 2014/3753/3630 1685/3756/3633
f 1685/3756/3633 2014/3753/3630 1988/3757/3634
f 1685/3756/3633 1988/3757/3634 1686/3758/3635
f 2016/3752/3629 2029/3751/3628 2018/3759/3636
f 2018/3759/3636 2029/3751/3628 2028/3760/3637
f 2018/3759/3636 2028/3760/3637 2019/3761/3638
f 2019/3761/3638 2028/3760/3637 2027/3762/3639
f 2019/3761/3638 2027/3762/3639 2020/3763/3640
f 2020/3763/3640 2027/3762/3639 2026/3764/3641
f 2020/3763/3640 2026/3764/3641 2021/3765/3642
f 2021/3765/3642 2026/3764/3641 2025/3766/3643
f 2021/3765/3642 2025/3766/3643 2022/3767/3644
f 2022/3767/3644 2025/3766/3643 2024/3768/3645
f 2022/3767/3644 2024/3768/3645 2023/3769/3646
f 2014/3753/3630 2001/3770/3647 1988/3757/3634
f 1988/3757/3634 2001/3770/3647 1990/3771/3648
f 1990/3771/3648 2001/3770/3647 1991/3772/3649
f 1991/3772/3649 2001/3770/3647 2000/3773/3650
f 1991/3772/3649 2000/3773/3650 1992/3774/3651
f 1992/3774/3651 2000/3773/3650 1999/3775/3652
f 1992/3774/3651 1999/3775/3652 1993/3776/3653
f 1993/3776/3653 1999/3775/3652 1998/3777/3654
f 1993/3776/3653 1998/3777/3654 1994/3778/3655
f 1994/3778/3655 1998/3777/3654 1997/3779/3656
f 1994/3778/3655 1997/3779/3656 1995/3780/3657
f 1995/3780/3657 1997/3779/3656 1996/3781/3658
f 1683/3754/3631 1723/3782/3659 2042/3737/3614
f 2042/3737/3614 1723/3782/3659 1985/3783/3660
f 2042/3737/3614 1985/3783/3660 1984/3735/3612
f 1721/3784/3661 1720/3785/3662 2071/3786/3663
f 2071/3786/3663 1720/3785/3662 2044/3787/3664
f 2071/3786/3663 2044/3787/3664 2070/3788/3665
f 2070/3788/3665 2044/3787/3664 2045/3789/3666
f 2070/3788/3665 2045/3789/3666 2069/3790/3667
f 2069/3790/3667 2045/3789/3666 2046/3791/3668
f 2069/3790/3667 2046/3791/3668 2068/3792/3669
f 2068/3792/3669 2046/3791/3668 2047/3793/3670
f 2068/3792/3669 2047/3793/3670 2067/3794/3671
f 2067/3794/3671 2047/3793/3670 2048/3795/3672
f 2067/3794/3671 2048/3795/3672 2066/3796/3673
f 2066/3796/3673 2048/3795/3672 2049/3797/3674
f 2066/3796/3673 2049/3797/3674 2065/3798/3675
f 2065/3798/3675 2049/3797/3674 2050/3799/3676
f 2065/3798/3675 2050/3799/3676 2064/3800/3677
f 2064/3800/3677 2050/3799/3676 2051/3801/3678
f 2064/3800/3677 2051/3801/3678 2063/3802/3679
f 2063/3802/3679 2051/3801/3678 2052/3803/3680
f 2063/3802/3679 2052/3803/3680 2062/3804/3681
f 2062/3804/3681 2052/3803/3680 2053/3805/3682
f 2062/3804/3681 2053/3805/3682 2061/3806/3683
f 2061/3806/3683 2053/3805/3682 2054/3807/3684
f 2061/3806/3683 2054/3807/3684 2060/3808/3685
f 2060/3808/3685 2054/3807/3684 2055/3809/3686
f 2060/3808/3685 2055/3809/3686 2059/3810/3687
f 2059/3810/3687 2055/3809/3686 2056/3811/3688
f 2059/3810/3687 2056/3811/3688 2058/3812/3689
f 2058/3812/3689 2056/3811/3688 2057/3813/3690
f 2058/3812/3689 2057/3813/3690 1700/3814/3691
f 1700/3814/3691 2057/3813/3690 1701/3815/3692
f 1720/3816/3693 1624/3817/3694 2044/3818/3695
f 2044/3818/3695 1624/3817/3694 1709/3819/3696
f 2044/3818/3695 1709/3819/3696 2045/3820/3697
f 2045/3820/3697 1709/3819/3696 1708/3821/3698
f 2045/3820/3697 1708/3821/3698 2046/3822/3699
f 2046/3822/3699 1708/3821/3698 2047/3823/3700
f 2047/3823/3700 1708/3821/3698 1707/3824/3701
f 2047/3823/3700 1707/3824/3701 2048/3825/3702
f 2048/3825/3702 1707/3824/3701 2049/3826/3703
f 2049/3826/3703 1707/3824/3701 1706/3827/3704
f 2049/3826/3703 1706/3827/3704 2050/3828/3705
f 2050/3828/3705 1706/3827/3704 2051/3829/3706
f 2051/3829/3706 1706/3827/3704 1705/3830/3707
f 2051/3829/3706 1705/3830/3707 2052/3831/3708
f 2052/3831/3708 1705/3830/3707 2053/3832/3709
f 2053/3832/3709 1705/3830/3707 1704/3833/3710
f 2053/3832/3709 1704/3833/3710 2054/3834/3711
f 2054/3834/3711 1704/3833/3710 2055/3835/3712
f 2055/3835/3712 1704/3833/3710 1703/3836/3713
f 2055/3835/3712 1703/3836/3713 2056/3837/3714
f 2056/3837/3714 1703/3836/3713 1702/3838/3715
f 2056/3837/3714 1702/3838/3715 2057/3839/3716
f 2057/3839/3716 1702/3838/3715 1701/3840/3717
f 1721/3841/3718 2071/3842/3719 1691/3843/3720
f 1691/3843/3720 2071/3842/3719 1692/3844/3721
f 1692/3844/3721 2071/3842/3719 2070/3845/3722
f 1692/3844/3721 2070/3845/3722 1693/3846/3723
f 1693/3846/3723 2070/3845/3722 2069/3847/3724
f 1693/3846/3723 2069/3847/3724 2068/3848/3725
f 1693/3846/3723 2068/3848/3725 1694/3849/3726
f 1694/3849/3726 2068/3848/3725 2067/3850/3727
f 1694/3849/3726 2067/3850/3727 2066/3851/3728
f 1694/3849/3726 2066/3851/3728 1695/3852/3729
f 1695/3852/3729 2066/3851/3728 2065/3853/3730
f 1695/3852/3729 2065/3853/3730 2064/3854/3731
f 1695/3852/3729 2064/3854/3731 1696/3855/3732
f 1696/3855/3732 2064/3854/3731 2063/3856/3733
f 1696/3855/3732 2063/3856/3733 2062/3857/3734
f 1696/3855/3732 2062/3857/3734 1697/3858/3735
f 1697/3858/3735 2062/3857/3734 2061/3859/3736
f 1697/3858/3735 2061/3859/3736 2060/3860/3737
f 1697/3858/3735 2060/3860/3737 1698/3861/3738
f 1698/3861/3738 2060/3860/3737 2059/3862/3739
f 1698/3861/3738 2059/3862/3739 1699/3863/3740
f 1699/3863/3740 2059/3862/3739 2058/3864/3741
f 1699/3863/3740 2058/3864/3741 1700/3865/3742
f 932/3866/3743 1956/3867/3744 933/3868/3745
f 933/3868/3745 1956/3867/3744 1953/3869/3746
f 933/3868/3745 1953/3869/3746 936/3870/3747
f 936/3870/3747 1953/3869/3746 937/3871/3748
f 1955/3872/3749 1954/3873/3750 1956/3867/3744
f 1956/3867/3744 1954/3873/3750 1953/3869/3746
f 936/3870/3747 935/3874/3751 933/3868/3745
f 933/3868/3745 935/3874/3751 934/3875/3752
f 1564/3876/3753 1599/3877/3754 1565/3878/3755
f 1565/3878/3755 1599/3877/3754 1566/3879/3756
f 1566/3879/3756 1599/3877/3754 1598/3880/3757
f 1566/3879/3756 1598/3880/3757 1567/3881/3758
f 1567/3881/3758 1598/3880/3757 1597/3882/3759
f 1567/3881/3758 1597/3882/3759 1568/3883/3760
f 1568/3883/3760 1597/3882/3759 1596/3884/3761
f 1568/3883/3760 1596/3884/3761 1569/3885/3762
f 1569/3885/3762 1596/3884/3761 1595/3886/3763
f 1569/3885/3762 1595/3886/3763 1570/3887/3764
f 1570/3887/3764 1595/3886/3763 1594/3888/3765
f 1570/3887/3764 1594/3888/3765 1571/3889/3766
f 1571/3889/3766 1594/3888/3765 1593/3890/3767
f 1571/3889/3766 1593/3890/3767 1572/3891/3768
f 1572/3891/3768 1593/3890/3767 1592/3892/3769
f 1572/3891/3768 1592/3892/3769 1591/3893/3770
f 1572/3891/3768 1591/3893/3770 1573/3894/3771
f 1573/3894/3771 1591/3893/3770 1590/3895/3772
f 1573/3894/3771 1590/3895/3772 1574/3896/3773
f 1574/3896/3773 1590/3895/3772 1575/3897/3774
f 1575/3897/3774 1590/3895/3772 1589/3898/3775
f 1575/3897/3774 1589/3898/3775 1576/3899/3776
f 1576/3899/3776 1589/3898/3775 1588/3900/3777
f 1576/3899/3776 1588/3900/3777 1577/3901/3778
f 1577/3901/3778 1588/3900/3777 1587/3902/3779
f 1577/3901/3778 1587/3902/3779 1578/3903/3780
f 1578/3903/3780 1587/3902/3779 1586/3904/3781
f 1578/3903/3780 1586/3904/3781 1579/3905/3782
f 1579/3905/3782 1586/3904/3781 1585/3906/3783
f 1579/3905/3782 1585/3906/3783 1580/3907/3784
f 1580/3907/3784 1585/3906/3783 1584/3908/3785
f 1580/3907/3784 1584/3908/3785 1581/3909/3786
f 1581/3909/3786 1584/3908/3785 1583/3910/3787
f 1581/3909/3786 1583/3910/3787 1582/3911/3788
f 1651/3912/3789 1650/3913/3790 1714/3914/3791
f 1714/3914/3791 1650/3913/3790 2075/3915/3792
f 2075/3915/3792 1650/3913/3790 2074/3916/3793
f 2074/3916/3793 1650/3913/3790 1649/3917/3794
f 2074/3916/3793 1649/3917/3794 2073/3918/3795
f 2073/3918/3795 1649/3917/3794 2072/3919/3796
f 2072/3919/3796 1649/3917/3794 1648/3920/3797
f 1715/3921/3798 1714/3922/3799 2079/3923/3800
f 2079/3923/3800 1714/3922/3799 2075/3924/3801
f 2079/3923/3800 2075/3924/3801 2078/3925/3802
f 2078/3925/3802 2075/3924/3801 2074/3926/3803
f 2078/3925/3802 2074/3926/3803 2077/3927/3804
f 2077/3927/3804 2074/3926/3803 2073/3928/3805
f 2077/3927/3804 2073/3928/3805 2076/3929/3806
f 2076/3929/3806 2073/3928/3805 2072/3930/3807
f 2076/3929/3806 2072/3930/3807 1647/3931/3808
f 1647/3931/3808 2072/3930/3807 1648/3932/3809
f 1643/3933/3810 1642/3934/3811 2084/3935/3812
f 2084/3935/3812 1642/3934/3811 2083/3936/3813
f 2083/3936/3813 1642/3934/3811 1641/3937/3814
f 2083/3936/3813 1641/3937/3814 2082/3938/3815
f 2082/3938/3815 1641/3937/3814 2081/3939/3816
f 2081/3939/3816 1641/3937/3814 2080/3940/3817
f 2080/3940/3817 1641/3937/3814 1640/3941/3818
f 2080/3940/3817 1640/3941/3818 1717/3942/3819
f 1717/3942/3819 1640/3941/3818 1639/3943/3820
f 1644/3944/3821 2085/3945/3822 1645/3946/3823
f 1645/3946/3823 2085/3945/3822 1646/3947/3824
f 1646/3947/3824 2085/3945/3822 1647/3948/3825
f 1647/3948/3825 2085/3945/3822 2076/3949/3826
f 2076/3949/3826 2085/3945/3822 2086/3950/3827
f 2076/3949/3826 2086/3950/3827 2087/3951/3828
f 2076/3949/3826 2087/3951/3828 2077/3952/3829
f 2077/3952/3829 2087/3951/3828 2088/3953/3830
f 2077/3952/3829 2088/3953/3830 2078/3954/3831
f 2078/3954/3831 2088/3953/3830 2089/3955/3832
f 2078/3954/3831 2089/3955/3832 2079/3956/3833
f 2079/3956/3833 2089/3955/3832 1716/3957/3834
f 2079/3956/3833 1716/3957/3834 1715/3958/3835
f 1717/3959/3836 1716/3960/3837 2080/3961/3838
f 2080/3961/3838 1716/3960/3837 2089/3962/3839
f 2080/3961/3838 2089/3962/3839 2081/3963/3840
f 2081/3963/3840 2089/3962/3839 2088/3964/3841
f 2081/3963/3840 2088/3964/3841 2082/3965/3842
f 2082/3965/3842 2088/3964/3841 2087/3966/3843
f 2082/3965/3842 2087/3966/3843 2083/3967/3844
f 2083/3967/3844 2087/3966/3843 2086/3968/3845
f 2083/3967/3844 2086/3968/3845 2084/3969/3846
f 2084/3969/3846 2086/3968/3845 2085/3970/3847
f 2084/3969/3846 2085/3970/3847 1643/3971/3848
f 1643/3971/3848 2085/3970/3847 1644/3972/3849
f 882/3973/3850 881/3974/3851 1959/3975/3852
f 1959/3975/3852 881/3974/3851 1963/3976/3853
f 1959/3975/3852 1963/3976/3853 1962/3977/3854
f 1963/3976/3853 881/3974/3851 877/3978/3855
f 877/3978/3855 881/3974/3851 880/3979/3856
f 877/3978/3855 880/3979/3856 878/3980/3857
f 878/3980/3857 880/3979/3856 879/3981/3858
f 877/3978/3855 876/3982/3859 1963/3976/3853
f 1961/3983/3860 1960/3984/3861 1962/3977/3854
f 1962/3977/3854 1960/3984/3861 1959/3975/3852
f 926/3985/3862 1952/3986/3863 927/3987/3864
f 927/3987/3864 1952/3986/3863 1951/3988/3865
f 927/3987/3864 1951/3988/3865 889/3989/3866
f 889/3989/3866 888/3990/3867 927/3987/3864
f 927/3987/3864 888/3990/3867 928/3991/3868
f 928/3991/3868 888/3990/3867 887/3992/3869
f 928/3991/3868 887/3992/3869 886/3993/3870
f 928/3991/3868 886/3993/3870 929/3994/3871
f 929/3994/3871 886/3993/3870 885/3995/3872
f 929/3994/3871 885/3995/3872 884/3996/3873
f 929/3994/3871 884/3996/3873 930/3997/3874
f 930/3997/3874 884/3996/3873 883/3998/3875
f 930/3997/3874 883/3998/3875 1958/3999/3876
f 1958/3999/3876 1957/4000/3877 930/3997/3874
f 930/3997/3874 1957/4000/3877 931/4001/3878
f 2090/4002/3879 2091/4003/3880 2107/4004/3881
f 2107/4004/3881 2091/4003/3880 2106/4005/3882
f 2106/4005/3882 2091/4003/3880 2092/4006/3883
f 2106/4005/3882 2092/4006/3883 2105/4007/3884
f 2105/4007/3884 2092/4006/3883 2093/4008/3885
f 2105/4007/3884 2093/4008/3885 2104/4009/3886
f 2104/4009/3886 2093/4008/3885 2094/4010/3887
f 2104/4009/3886 2094/4010/3887 2103/4011/3888
f 2103/4011/3888 2094/4010/3887 2095/4012/3889
f 2103/4011/3888 2095/4012/3889 2102/4013/3890
f 2102/4013/3890 2095/4012/3889 2096/4014/3891
f 2102/4013/3890 2096/4014/3891 2101/4015/3892
f 2101/4015/3892 2096/4014/3891 2097/4016/3893
f 2101/4015/3892 2097/4016/3893 2100/4017/3894
f 2100/4017/3894 2097/4016/3893 2098/4018/3895
f 2100/4017/3894 2098/4018/3895 2099/4019/3896
f 2090/4020/3897 2107/4021/3898 2108/4022/3899
f 2108/4022/3899 2107/4021/3898 2109/4023/3900
f 2110/4024/3901 2111/4025/3902 2133/4026/3903
f 2133/4026/3903 2111/4025/3902 2132/4027/3904
f 2132/4027/3904 2111/4025/3902 2112/4028/3905
f 2132/4027/3904 2112/4028/3905 2131/4029/3906
f 2131/4029/3906 2112/4028/3905 2113/4030/3907
f 2131/4029/3906 2113/4030/3907 2130/4031/3908
f 2130/4031/3908 2113/4030/3907 2114/4032/3909
f 2130/4031/3908 2114/4032/3909 2129/4033/3910
f 2129/4033/3910 2114/4032/3909 2115/4034/3911
f 2129/4033/3910 2115/4034/3911 2128/4035/3912
f 2128/4035/3912 2115/4034/3911 2116/4036/3913
f 2128/4035/3912 2116/4036/3913 2127/4037/3914
f 2127/4037/3914 2116/4036/3913 2117/4038/3915
f 2127/4037/3914 2117/4038/3915 2126/4039/3916
f 2126/4039/3916 2117/4038/3915 2118/4040/3917
f 2126/4039/3916 2118/4040/3917 2125/4041/3918
f 2125/4041/3918 2118/4040/3917 2119/4042/3919
f 2125/4041/3918 2119/4042/3919 2124/4043/3920
f 2124/4043/3920 2119/4042/3919 2120/4044/3921
f 2124/4043/3920 2120/4044/3921 2123/4045/3922
f 2123/4045/3922 2120/4044/3921 2121/4046/3923
f 2123/4045/3922 2121/4046/3923 2122/4047/3924
f 2122/4047/3924 2121/4046/3923 2108/4048/3925
f 2122/4047/3924 2108/4048/3925 2109/4049/3926
f 2134/4050/3927 2135/4051/3928 2141/4052/3929
f 2141/4052/3929 2135/4051/3928 2140/4053/3930
f 2140/4053/3930 2135/4051/3928 2136/4054/3931
f 2140/4053/3930 2136/4054/3931 2139/4055/3932
f 2139/4055/3932 2136/4054/3931 2137/4056/3933
f 2139/4055/3932 2137/4056/3933 2138/4057/3934
f 2138/4057/3934 2137/4056/3933 2110/4058/3935
f 2138/4057/3934 2110/4058/3935 2133/4059/3936
f 2142/4060/3937 2143/4061/3938 2145/4062/3939
f 2145/4062/3939 2143/4061/3938 2144/4063/3940
f 2144/4063/3940 2143/4061/3938 2134/4064/3941
f 2144/4063/3940 2134/4064/3941 2141/4065/3942
f 1819/4066/3943 1818/4067/3944 2150/4068/3945
f 2150/4068/3945 1818/4067/3944 2149/4069/3946
f 2149/4069/3946 1818/4067/3944 1817/4070/3947
f 2149/4069/3946 1817/4070/3947 2148/4071/3948
f 2148/4071/3948 1817/4070/3947 1816/4072/3949
f 2148/4071/3948 1816/4072/3949 2147/4073/3950
f 2147/4073/3950 1816/4072/3949 1815/4074/3951
f 2147/4073/3950 1815/4074/3951 2146/4075/3952
f 1823/4076/3953 1822/4077/3954 2154/4078/3955
f 2154/4078/3955 1822/4077/3954 2153/4079/3956
f 2153/4079/3956 1822/4077/3954 1821/4080/3957
f 2153/4079/3956 1821/4080/3957 2152/4081/3958
f 2152/4081/3958 1821/4080/3957 1820/4082/3959
f 2152/4081/3958 1820/4082/3959 2151/4083/3960
f 2151/4083/3960 1820/4082/3959 1819/4084/3943
f 2151/4083/3960 1819/4084/3943 2150/4085/3945
f 1827/4086/3961 1826/4087/3962 2158/4088/3963
f 2158/4088/3963 1826/4087/3962 2157/4089/3964
f 2157/4089/3964 1826/4087/3962 1825/4090/3965
f 2157/4089/3964 1825/4090/3965 2156/4091/3966
f 2156/4091/3966 1825/4090/3965 1824/4092/3967
f 2156/4091/3966 1824/4092/3967 2155/4093/3968
f 2155/4093/3968 1824/4092/3967 1823/4094/3969
f 2155/4093/3968 1823/4094/3969 2154/4095/3970
f 1834/4096/3971 1833/4097/3972 2165/4098/3973
f 2165/4098/3973 1833/4097/3972 2164/4099/3974
f 2164/4099/3974 1833/4097/3972 1832/4100/3975
f 2164/4099/3974 1832/4100/3975 2163/4101/3976
f 2163/4101/3976 1832/4100/3975 1831/4102/3977
f 2163/4101/3976 1831/4102/3977 2162/4103/3978
f 2162/4103/3978 1831/4102/3977 1830/4104/3979
f 2162/4103/3978 1830/4104/3979 2161/4105/3980
f 2161/4105/3980 1830/4104/3979 1829/4106/3981
f 2161/4105/3980 1829/4106/3981 2160/4107/3982
f 2160/4107/3982 1829/4106/3981 1828/4108/3983
f 2160/4107/3982 1828/4108/3983 2159/4109/3984
f 2159/4109/3984 1828/4108/3983 1827/4110/3985
f 2159/4109/3984 1827/4110/3985 2158/4111/3986
f 1838/4112/3987 1837/4113/3988 2169/4114/3989
f 2169/4114/3989 1837/4113/3988 2168/4115/3990
f 2168/4115/3990 1837/4113/3988 1836/4116/3991
f 2168/4115/3990 1836/4116/3991 2167/4117/3992
f 2167/4117/3992 1836/4116/3991 1835/4118/3993
f 2167/4117/3992 1835/4118/3993 2166/4119/3994
f 2166/4119/3994 1835/4118/3993 1834/4120/3995
f 2166/4119/3994 1834/4120/3995 2165/4121/3996
f 1840/4122/3997 1839/4123/3998 2171/4124/3999
f 2171/4124/3999 1839/4123/3998 2170/4125/4000
f 2170/4125/4000 1839/4123/3998 1838/4126/4001
f 2170/4125/4000 1838/4126/4001 2169/4127/4002
f 1841/4128/4003 1840/4129/4004 2172/4130/4005
f 2172/4130/4005 1840/4129/4004 2171/4131/4006
f 1845/4132/4007 1844/4133/4008 2176/4134/4009
f 2176/4134/4009 1844/4133/4008 2175/4135/4010
f 2175/4135/4010 1844/4133/4008 1843/4136/4011
f 2175/4135/4010 1843/4136/4011 2174/4137/4012
f 2174/4137/4012 1843/4136/4011 1842/4138/4013
f 2174/4137/4012 1842/4138/4013 2173/4139/4014
f 2173/4139/4014 1842/4138/4013 1841/4140/4015
f 2173/4139/4014 1841/4140/4015 2172/4141/4016
f 1808/4142/4017 1848/4143/4018 2180/4144/4019
f 2180/4144/4019 1848/4143/4018 2179/4145/4020
f 2179/4145/4020 1848/4143/4018 1847/4146/4021
f 2179/4145/4020 1847/4146/4021 2178/4147/4022
f 2178/4147/4022 1847/4146/4021 1846/4148/4023
f 2178/4147/4022 1846/4148/4023 2177/4149/4024
f 2177/4149/4024 1846/4148/4023 1845/4150/4025
f 2177/4149/4024 1845/4150/4025 2176/4151/4026
f 1815/4152/4027 1814/4153/4028 2146/4154/4029
f 2146/4154/4029 1814/4153/4028 2186/4155/4030
f 2186/4155/4030 1814/4153/4028 1813/4156/4031
f 2186/4155/4030 1813/4156/4031 2185/4157/4032
f 2185/4157/4032 1813/4156/4031 1812/4158/4033
f 2185/4157/4032 1812/4158/4033 2184/4159/4034
f 2184/4159/4034 1812/4158/4033 1811/4160/4035
f 2184/4159/4034 1811/4160/4035 2183/4161/4036
f 2183/4161/4036 1811/4160/4035 1810/4162/4037
f 2183/4161/4036 1810/4162/4037 2182/4163/4038
f 2182/4163/4038 1810/4162/4037 1809/4164/4039
f 2182/4163/4038 1809/4164/4039 2181/4165/4040
f 2181/4165/4040 1809/4164/4039 1808/4166/4041
f 2181/4165/4040 1808/4166/4041 2180/4167/4042
f 2098/4168/4043 2187/4169/4044 2099/4170/4045
f 2099/4170/4045 2187/4169/4044 2206/4171/4046
f 2206/4171/4046 2187/4169/4044 2188/4172/4047
f 2206/4171/4046 2188/4172/4047 2205/4173/4048
f 2205/4173/4048 2188/4172/4047 2189/4174/4049
f 2205/4173/4048 2189/4174/4049 2204/4175/4050
f 2204/4175/4050 2189/4174/4049 2190/4176/4051
f 2204/4175/4050 2190/4176/4051 2203/4177/4052
f 2203/4177/4052 2190/4176/4051 2191/4178/4053
f 2203/4177/4052 2191/4178/4053 2202/4179/4054
f 2202/4179/4054 2191/4178/4053 2192/4180/4055
f 2202/4179/4054 2192/4180/4055 2201/4181/4056
f 2201/4181/4056 2192/4180/4055 2193/4182/4057
f 2201/4181/4056 2193/4182/4057 2200/4183/4058
f 2200/4183/4058 2193/4182/4057 2194/4184/4059
f 2200/4183/4058 2194/4184/4059 2199/4185/4060
f 2199/4185/4060 2194/4184/4059 2195/4186/4061
f 2199/4185/4060 2195/4186/4061 2198/4187/4062
f 2198/4187/4062 2195/4186/4061 2196/4188/4063
f 2198/4187/4062 2196/4188/4063 2197/4189/4064
f 2197/4189/4064 2196/4188/4063 2142/4190/4065
f 2197/4189/4064 2142/4190/4065 2145/4191/4066
f 2149/4192/4067 2122/4193/4068 2150/4194/4069
f 2150/4194/4069 2122/4193/4068 2109/4195/4070
f 2150/4194/4069 2109/4195/4070 2151/4196/4071
f 2151/4196/4071 2109/4195/4070 2107/4197/4072
f 2151/4196/4071 2107/4197/4072 2106/4198/4073
f 2149/4192/4067 2148/4199/4074 2122/4193/4068
f 2122/4193/4068 2148/4199/4074 2147/4200/4075
f 2122/4193/4068 2147/4200/4075 2146/4201/4076
f 2146/4201/4076 2186/4202/4077 2122/4193/4068
f 2122/4193/4068 2186/4202/4077 2123/4203/4078
f 2123/4203/4078 2186/4202/4077 2185/4204/4079
f 2123/4203/4078 2185/4204/4079 2184/4205/4080
f 2123/4203/4078 2184/4205/4080 2124/4206/4081
f 2124/4206/4081 2184/4205/4080 2183/4207/4082
f 2124/4206/4081 2183/4207/4082 2182/4208/4083
f 2124/4206/4081 2182/4208/4083 2125/4209/4084
f 2125/4209/4084 2182/4208/4083 2181/4210/4085
f 2125/4209/4084 2181/4210/4085 2180/4211/4086
f 2125/4209/4084 2180/4211/4086 2126/4212/4087
f 2126/4212/4087 2180/4211/4086 2179/4213/4088
f 2126/4212/4087 2179/4213/4088 2127/4214/4089
f 2127/4214/4089 2179/4213/4088 2178/4215/4090
f 2127/4214/4089 2178/4215/4090 2128/4216/4091
f 2128/4216/4091 2178/4215/4090 2129/4217/4092
f 2129/4217/4092 2178/4215/4090 2177/4218/4093
f 2129/4217/4092 2177/4218/4093 2130/4219/4094
f 2130/4219/4094 2177/4218/4093 2131/4220/4095
f 2131/4220/4095 2177/4218/4093 2176/4221/4096
f 2131/4220/4095 2176/4221/4096 2132/4222/4097
f 2132/4222/4097 2176/4221/4096 2175/4223/4098
f 2132/4222/4097 2175/4223/4098 2133/4224/4099
f 2133/4224/4099 2175/4223/4098 2138/4225/4100
f 2138/4225/4100 2175/4223/4098 2174/4226/4101
f 2138/4225/4100 2174/4226/4101 2139/4227/4102
f 2139/4227/4102 2174/4226/4101 2173/4228/4103
f 2139/4227/4102 2173/4228/4103 2140/4229/4104
f 2140/4229/4104 2173/4228/4103 2141/4230/4105
f 2141/4230/4105 2173/4228/4103 2172/4231/4106
f 2141/4230/4105 2172/4231/4106 2144/4232/4107
f 2144/4232/4107 2172/4231/4106 2171/4233/4108
f 2144/4232/4107 2171/4233/4108 2145/4234/4109
f 2145/4234/4109 2171/4233/4108 2170/4235/4110
f 2145/4234/4109 2170/4235/4110 2197/4236/4111
f 2197/4236/4111 2170/4235/4110 2169/4237/4112
f 2197/4236/4111 2169/4237/4112 2198/4238/4113
f 2198/4238/4113 2169/4237/4112 2168/4239/4114
f 2198/4238/4113 2168/4239/4114 2199/4240/4115
f 2199/4240/4115 2168/4239/4114 2167/4241/4116
f 2199/4240/4115 2167/4241/4116 2200/4242/4117
f 2200/4242/4117 2167/4241/4116 2166/4243/4118
f 2200/4242/4117 2166/4243/4118 2201/4244/4119
f 2201/4244/4119 2166/4243/4118 2165/4245/4120
f 2201/4244/4119 2165/4245/4120 2202/4246/4121
f 2202/4246/4121 2165/4245/4120 2164/4247/4122
f 2202/4246/4121 2164/4247/4122 2203/4248/4123
f 2203/4248/4123 2164/4247/4122 2163/4249/4124
f 2203/4248/4123 2163/4249/4124 2162/4250/4125
f 2203/4248/4123 2162/4250/4125 2204/4251/4126
f 2204/4251/4126 2162/4250/4125 2161/4252/4127
f 2204/4251/4126 2161/4252/4127 2160/4253/4128
f 2204/4251/4126 2160/4253/4128 2205/4254/4129
f 2205/4254/4129 2160/4253/4128 2159/4255/4130
f 2205/4254/4129 2159/4255/4130 2206/4256/4131
f 2206/4256/4131 2159/4255/4130 2158/4257/4132
f 2206/4256/4131 2158/4257/4132 2099/4258/4133
f 2099/4258/4133 2158/4257/4132 2157/4259/4134
f 2099/4258/4133 2157/4259/4134 2100/4260/4135
f 2100/4260/4135 2157/4259/4134 2156/4261/4136
f 2100/4260/4135 2156/4261/4136 2101/4262/4137
f 2101/4262/4137 2156/4261/4136 2155/4263/4138
f 2101/4262/4137 2155/4263/4138 2102/4264/4139
f 2102/4264/4139 2155/4263/4138 2154/4265/4140
f 2102/4264/4139 2154/4265/4140 2103/4266/4141
f 2103/4266/4141 2154/4265/4140 2104/4267/4142
f 2104/4267/4142 2154/4265/4140 2153/4268/4143
f 2104/4267/4142 2153/4268/4143 2105/4269/4144
f 2105/4269/4144 2153/4268/4143 2152/4270/4145
f 2105/4269/4144 2152/4270/4145 2106/4198/4073
f 2106/4198/4073 2152/4270/4145 2151/4196/4071
f 1854/4271/4146 1853/4272/4147 2209/4273/4148
f 2209/4273/4148 1853/4272/4147 2208/4274/4149
f 2208/4274/4149 1853/4272/4147 1852/4275/4150
f 2208/4274/4149 1852/4275/4150 2207/4276/4151
f 1858/4277/4152 1857/4278/4153 2213/4279/4154
f 2213/4279/4154 1857/4278/4153 2212/4280/4155
f 2212/4280/4155 1857/4278/4153 1856/4281/4156
f 2212/4280/4155 1856/4281/4156 2211/4282/4157
f 2211/4282/4157 1856/4281/4156 1855/4283/4158
f 2211/4282/4157 1855/4283/4158 2210/4284/4159
f 2210/4284/4159 1855/4283/4158 1854/4285/4160
f 2210/4284/4159 1854/4285/4160 2209/4286/4161
f 1860/4287/4162 1859/4288/4163 2215/4289/4164
f 2215/4289/4164 1859/4288/4163 2214/4290/4165
f 2214/4290/4165 1859/4288/4163 1858/4291/4166
f 2214/4290/4165 1858/4291/4166 2213/4292/4167
f 1863/4293/4168 1862/4294/4169 2218/4295/4170
f 2218/4295/4170 1862/4294/4169 2217/4296/4171
f 2217/4296/4171 1862/4294/4169 1861/4297/4172
f 2217/4296/4171 1861/4297/4172 2216/4298/4173
f 2216/4298/4173 1861/4297/4172 1860/4299/4174
f 2216/4298/4173 1860/4299/4174 2215/4300/4175
f 1867/4301/4176 1866/4302/4177 2222/4303/4178
f 2222/4303/4178 1866/4302/4177 2221/4304/4179
f 2221/4304/4179 1866/4302/4177 1865/4305/4180
f 2221/4304/4179 1865/4305/4180 2220/4306/4181
f 2220/4306/4181 1865/4305/4180 1864/4307/4182
f 2220/4306/4181 1864/4307/4182 2219/4308/4183
f 2219/4308/4183 1864/4307/4182 1863/4309/4184
f 2219/4308/4183 1863/4309/4184 2218/4310/4185
f 1868/4311/4186 1867/4312/4187 2223/4313/4188
f 2223/4313/4188 1867/4312/4187 2222/4314/4189
f 1869/4315/4190 1868/4316/4191 2224/4317/4192
f 2224/4317/4192 1868/4316/4191 2223/4318/4193
f 1870/4319/4194 1869/4320/4195 2225/4321/4196
f 2225/4321/4196 1869/4320/4195 2224/4322/4197
f 1871/4323/4198 1870/4324/4199 2226/4325/4200
f 2226/4325/4200 1870/4324/4199 2225/4326/4201
f 1873/4327/4202 1872/4328/4203 2228/4329/4204
f 2228/4329/4204 1872/4328/4203 2227/4330/4205
f 2227/4330/4205 1872/4328/4203 1871/4331/4206
f 2227/4330/4205 1871/4331/4206 2226/4332/4207
f 1874/4333/4208 1873/4334/4209 2229/4335/4210
f 2229/4335/4210 1873/4334/4209 2228/4336/4211
f 1849/4337/4212 1874/4338/4213 2230/4339/4214
f 2230/4339/4214 1874/4338/4213 2229/4340/4215
f 1852/4341/4216 1851/4342/4217 2207/4343/4218
f 2207/4343/4218 1851/4342/4217 2232/4344/4219
f 2232/4344/4219 1851/4342/4217 1850/4345/4220
f 2232/4344/4219 1850/4345/4220 2231/4346/4221
f 2231/4346/4221 1850/4345/4220 1849/4347/4222
f 2231/4346/4221 1849/4347/4222 2230/4348/4223
f 2208/4349/4224 2219/4350/4225 2209/4351/4226
f 2209/4351/4226 2219/4350/4225 2218/4352/4227
f 2209/4351/4226 2218/4352/4227 2210/4353/4228
f 2210/4353/4228 2218/4352/4227 2211/4354/4229
f 2211/4354/4229 2218/4352/4227 2217/4355/4230
f 2211/4354/4229 2217/4355/4230 2212/4356/4231
f 2212/4356/4231 2217/4355/4230 2213/4357/4232
f 2213/4357/4232 2217/4355/4230 2216/4358/4233
f 2213/4357/4232 2216/4358/4233 2214/4359/4234
f 2214/4359/4234 2216/4358/4233 2215/4360/4235
f 2207/4361/4236 2221/4362/4237 2208/4349/4224
f 2208/4349/4224 2221/4362/4237 2220/4363/4238
f 2208/4349/4224 2220/4363/4238 2219/4350/4225
f 2221/4362/4237 2207/4361/4236 2222/4364/4239
f 2222/4364/4239 2207/4361/4236 2232/4365/4240
f 2222/4364/4239 2232/4365/4240 2231/4366/4241
f 2231/4366/4241 2230/4367/4242 2222/4364/4239
f 2222/4364/4239 2230/4367/4242 2223/4368/4243
f 2223/4368/4243 2230/4367/4242 2229/4369/4244
f 2223/4368/4243 2229/4369/4244 2224/4370/4245
f 2224/4370/4245 2229/4369/4244 2228/4371/4246
f 2224/4370/4245 2228/4371/4246 2225/4372/4247
f 2225/4372/4247 2228/4371/4246 2227/4373/4248
f 2225/4372/4247 2227/4373/4248 2226/4374/4249
f 1886/4375/4250 1885/4376/4251 2237/4377/4252
f 2237/4377/4252 1885/4376/4251 2236/4378/4253
f 2236/4378/4253 1885/4376/4251 1884/4379/4254
f 2236/4378/4253 1884/4379/4254 2235/4380/4255
f 2235/4380/4255 1884/4379/4254 1883/4381/4256
f 2235/4380/4255 1883/4381/4256 2234/4382/4257
f 2234/4382/4257 1883/4381/4256 1882/4383/4258
f 2234/4382/4257 1882/4383/4258 2233/4384/4259
f 1887/4385/4260 1886/4386/4250 2238/4387/4261
f 2238/4387/4261 1886/4386/4250 2237/4388/4252
f 1892/4389/4262 1891/4390/4263 2243/4391/4264
f 2243/4391/4264 1891/4390/4263 2242/4392/4265
f 2242/4392/4265 1891/4390/4263 1890/4393/4266
f 2242/4392/4265 1890/4393/4266 2241/4394/4267
f 2241/4394/4267 1890/4393/4266 1889/4395/4268
f 2241/4394/4267 1889/4395/4268 2240/4396/4269
f 2240/4396/4269 1889/4395/4268 1888/4397/4270
f 2240/4396/4269 1888/4397/4270 2239/4398/4271
f 2239/4398/4271 1888/4397/4270 1887/4399/4272
f 2239/4398/4271 1887/4399/4272 2238/4400/4273
f 1893/4401/4274 1892/4402/4275 2244/4403/4276
f 2244/4403/4276 1892/4402/4275 2243/4404/4277
f 1896/4405/4278 1895/4406/4279 2247/4407/4280
f 2247/4407/4280 1895/4406/4279 2246/4408/4281
f 2246/4408/4281 1895/4406/4279 1894/4409/4282
f 2246/4408/4281 1894/4409/4282 2245/4410/4283
f 2245/4410/4283 1894/4409/4282 1893/4411/4284
f 2245/4410/4283 1893/4411/4284 2244/4412/4285
f 1899/4413/4286 1898/4414/4287 2250/4415/4288
f 2250/4415/4288 1898/4414/4287 2249/4416/4289
f 2249/4416/4289 1898/4414/4287 1897/4417/4290
f 2249/4416/4289 1897/4417/4290 2248/4418/4291
f 2248/4418/4291 1897/4417/4290 1896/4419/4292
f 2248/4418/4291 1896/4419/4292 2247/4420/4293
f 1900/4421/4294 1899/4422/4286 2251/4423/4295
f 2251/4423/4295 1899/4422/4286 2250/4424/4288
f 1904/4425/4296 1903/4426/4297 2255/4427/4298
f 2255/4427/4298 1903/4426/4297 2254/4428/4299
f 2254/4428/4299 1903/4426/4297 1902/4429/4300
f 2254/4428/4299 1902/4429/4300 2253/4430/4301
f 2253/4430/4301 1902/4429/4300 1901/4431/4302
f 2253/4430/4301 1901/4431/4302 2252/4432/4303
f 2252/4432/4303 1901/4431/4302 1900/4433/4304
f 2252/4432/4303 1900/4433/4304 2251/4434/4305
f 1875/4435/4306 1909/4436/4307 2261/4437/4308
f 2261/4437/4308 1909/4436/4307 2260/4438/4309
f 2260/4438/4309 1909/4436/4307 1908/4439/4310
f 2260/4438/4309 1908/4439/4310 2259/4440/4311
f 2259/4440/4311 1908/4439/4310 1907/4441/4312
f 2259/4440/4311 1907/4441/4312 2258/4442/4313
f 2258/4442/4313 1907/4441/4312 1906/4443/4314
f 2258/4442/4313 1906/4443/4314 2257/4444/4315
f 2257/4444/4315 1906/4443/4314 1905/4445/4316
f 2257/4444/4315 1905/4445/4316 2256/4446/4317
f 2256/4446/4317 1905/4445/4316 1904/4447/4318
f 2256/4446/4317 1904/4447/4318 2255/4448/4319
f 1882/4449/4320 1881/4450/4321 2233/4451/4322
f 2233/4451/4322 1881/4450/4321 2267/4452/4323
f 2267/4452/4323 1881/4450/4321 1880/4453/4324
f 2267/4452/4323 1880/4453/4324 2266/4454/4325
f 2266/4454/4325 1880/4453/4324 1879/4455/4326
f 2266/4454/4325 1879/4455/4326 2265/4456/4327
f 2265/4456/4327 1879/4455/4326 1878/4457/4328
f 2265/4456/4327 1878/4457/4328 2264/4458/4329
f 2264/4458/4329 1878/4457/4328 1877/4459/4330
f 2264/4458/4329 1877/4459/4330 2263/4460/4331
f 2263/4460/4331 1877/4459/4330 1876/4461/4332
f 2263/4460/4331 1876/4461/4332 2262/4462/4333
f 2262/4462/4333 1876/4461/4332 1875/4463/4334
f 2262/4462/4333 1875/4463/4334 2261/4464/4335
f 2238/4465/4336 2237/4466/4337 2251/4467/4338
f 2251/4467/4338 2237/4466/4337 2236/4468/4339
f 2251/4467/4338 2236/4468/4339 2235/4469/4340
f 2251/4467/4338 2235/4469/4340 2252/4470/4341
f 2252/4470/4341 2235/4469/4340 2234/4471/4342
f 2252/4470/4341 2234/4471/4342 2233/4472/4343
f 2252/4470/4341 2233/4472/4343 2253/4473/4344
f 2253/4473/4344 2233/4472/4343 2267/4474/4345
f 2253/4473/4344 2267/4474/4345 2254/4475/4346
f 2254/4475/4346 2267/4474/4345 2266/4476/4347
f 2254/4475/4346 2266/4476/4347 2255/4477/4348
f 2255/4477/4348 2266/4476/4347 2265/4478/4349
f 2255/4477/4348 2265/4478/4349 2256/4479/4350
f 2256/4479/4350 2265/4478/4349 2257/4480/4351
f 2257/4480/4351 2265/4478/4349 2264/4481/4352
f 2257/4480/4351 2264/4481/4352 2258/4482/4353
f 2258/4482/4353 2264/4481/4352 2263/4483/4354
f 2258/4482/4353 2263/4483/4354 2259/4484/4355
f 2259/4484/4355 2263/4483/4354 2262/4485/4356
f 2259/4484/4355 2262/4485/4356 2260/4486/4357
f 2260/4486/4357 2262/4485/4356 2261/4487/4358
f 2251/4467/4338 2250/4488/4359 2238/4465/4336
f 2238/4465/4336 2250/4488/4359 2239/4489/4360
f 2239/4489/4360 2250/4488/4359 2249/4490/4361
f 2239/4489/4360 2249/4490/4361 2240/4491/4362
f 2240/4491/4362 2249/4490/4361 2248/4492/4363
f 2240/4491/4362 2248/4492/4363 2241/4493/4364
f 2241/4493/4364 2248/4492/4363 2247/4494/4365
f 2241/4493/4364 2247/4494/4365 2242/4495/4366
f 2242/4495/4366 2247/4494/4365 2246/4496/4367
f 2242/4495/4366 2246/4496/4367 2243/4497/4368
f 2243/4497/4368 2246/4496/4367 2245/4498/4369
f 2243/4497/4368 2245/4498/4369 2244/4499/4370
f 1914/4500/4371 1913/4501/4372 2272/4502/4373
f 2272/4502/4373 1913/4501/4372 2271/4503/4374
f 2271/4503/4374 1913/4501/4372 1912/4504/4375
f 2271/4503/4374 1912/4504/4375 2270/4505/4376
f 2270/4505/4376 1912/4504/4375 1911/4506/4377
f 2270/4505/4376 1911/4506/4377 2269/4507/4378
f 2269/4507/4378 1911/4506/4377 1910/4508/4379
f 2269/4507/4378 1910/4508/4379 2268/4509/4380
f 1918/4510/4381 1917/4511/4382 2276/4512/4383
f 2276/4512/4383 1917/4511/4382 2275/4513/4384
f 2275/4513/4384 1917/4511/4382 1916/4514/4385
f 2275/4513/4384 1916/4514/4385 2274/4515/4386
f 2274/4515/4386 1916/4514/4385 1915/4516/4387
f 2274/4515/4386 1915/4516/4387 2273/4517/4388
f 2273/4517/4388 1915/4516/4387 1914/4518/4389
f 2273/4517/4388 1914/4518/4389 2272/4519/4390
f 1922/4520/4391 1921/4521/4392 2280/4522/4393
f 2280/4522/4393 1921/4521/4392 2279/4523/4394
f 2279/4523/4394 1921/4521/4392 1920/4524/4395
f 2279/4523/4394 1920/4524/4395 2278/4525/4396
f 2278/4525/4396 1920/4524/4395 1919/4526/4397
f 2278/4525/4396 1919/4526/4397 2277/4527/4398
f 2277/4527/4398 1919/4526/4397 1918/4528/4399
f 2277/4527/4398 1918/4528/4399 2276/4529/4400
f 1926/4530/4401 1925/4531/4402 2284/4532/4403
f 2284/4532/4403 1925/4531/4402 2283/4533/4404
f 2283/4533/4404 1925/4531/4402 1924/4534/4405
f 2283/4533/4404 1924/4534/4405 2282/4535/4406
f 2282/4535/4406 1924/4534/4405 1923/4536/4407
f 2282/4535/4406 1923/4536/4407 2281/4537/4408
f 2281/4537/4408 1923/4536/4407 1922/4538/4409
f 2281/4537/4408 1922/4538/4409 2280/4539/4410
f 1928/4540/4411 1927/4541/4412 2286/4542/4413
f 2286/4542/4413 1927/4541/4412 2285/4543/4414
f 2285/4543/4414 1927/4541/4412 1926/4544/4415
f 2285/4543/4414 1926/4544/4415 2284/4545/4416
f 1931/4546/4417 1930/4547/4418 2289/4548/4419
f 2289/4548/4419 1930/4547/4418 2288/4549/4420
f 2288/4549/4420 1930/4547/4418 1929/4550/4421
f 2288/4549/4420 1929/4550/4421 2287/4551/4422
f 2287/4551/4422 1929/4550/4421 1928/4552/4423
f 2287/4551/4422 1928/4552/4423 2286/4553/4424
f 1938/4554/4425 1937/4555/4426 2296/4556/4427
f 2296/4556/4427 1937/4555/4426 2295/4557/4428
f 2295/4557/4428 1937/4555/4426 1936/4558/4429
f 2295/4557/4428 1936/4558/4429 2294/4559/4430
f 2294/4559/4430 1936/4558/4429 1935/4560/4431
f 2294/4559/4430 1935/4560/4431 2293/4561/4432
f 2293/4561/4432 1935/4560/4431 1934/4562/4433
f 2293/4561/4432 1934/4562/4433 2292/4563/4434
f 2292/4563/4434 1934/4562/4433 1933/4564/4435
f 2292/4563/4434 1933/4564/4435 2291/4565/4436
f 2291/4565/4436 1933/4564/4435 1932/4566/4437
f 2291/4565/4436 1932/4566/4437 2290/4567/4438
f 2290/4567/4438 1932/4566/4437 1931/4568/4439
f 2290/4567/4438 1931/4568/4439 2289/4569/4440
f 1942/4570/4441 1941/4571/4442 2300/4572/4443
f 2300/4572/4443 1941/4571/4442 2299/4573/4444
f 2299/4573/4444 1941/4571/4442 1940/4574/4445
f 2299/4573/4444 1940/4574/4445 2298/4575/4446
f 2298/4575/4446 1940/4574/4445 1939/4576/4447
f 2298/4575/4446 1939/4576/4447 2297/4577/4448
f 2297/4577/4448 1939/4576/4447 1938/4578/4449
f 2297/4577/4448 1938/4578/4449 2296/4579/4450
f 1910/4580/4451 1942/4581/4452 2268/4582/4453
f 2268/4582/4453 1942/4581/4452 2300/4583/4454
f 2271/4584/4455 2299/4585/4456 2272/4586/4457
f 2272/4586/4457 2299/4585/4456 2298/4587/4458
f 2272/4586/4457 2298/4587/4458 2273/4588/4459
f 2273/4588/4459 2298/4587/4458 2274/4589/4460
f 2274/4589/4460 2298/4587/4458 2297/4590/4461
f 2274/4589/4460 2297/4590/4461 2275/4591/4462
f 2275/4591/4462 2297/4590/4461 2296/4592/4463
f 2275/4591/4462 2296/4592/4463 2276/4593/4464
f 2276/4593/4464 2296/4592/4463 2295/4594/4465
f 2276/4593/4464 2295/4594/4465 2277/4595/4466
f 2277/4595/4466 2295/4594/4465 2294/4596/4467
f 2277/4595/4466 2294/4596/4467 2293/4597/4468
f 2271/4584/4455 2270/4598/4469 2299/4585/4456
f 2299/4585/4456 2270/4598/4469 2300/4599/4470
f 2300/4599/4470 2270/4598/4469 2269/4600/4471
f 2300/4599/4470 2269/4600/4471 2268/4601/4472
f 2277/4595/4466 2293/4597/4468 2278/4602/4473
f 2278/4602/4473 2293/4597/4468 2292/4603/4474
f 2278/4602/4473 2292/4603/4474 2291/4604/4475
f 2291/4604/4475 2290/4605/4476 2278/4602/4473
f 2278/4602/4473 2290/4605/4476 2279/4606/4477
f 2279/4606/4477 2290/4605/4476 2289/4607/4478
f 2279/4606/4477 2289/4607/4478 2288/4608/4479
f 2279/4606/4477 2288/4608/4479 2280/4609/4480
f 2280/4609/4480 2288/4608/4479 2287/4610/4481
f 2280/4609/4480 2287/4610/4481 2281/4611/4482
f 2281/4611/4482 2287/4610/4481 2286/4612/4483
f 2281/4611/4482 2286/4612/4483 2282/4613/4484
f 2282/4613/4484 2286/4612/4483 2285/4614/4485
f 2282/4613/4484 2285/4614/4485 2283/4615/4486
f 2283/4615/4486 2285/4614/4485 2284/4616/4487
f 2143/4617/4488 2142/4618/4489 2097/4619/4490
f 2097/4619/4490 2142/4618/4489 2196/4620/4491
f 2097/4619/4490 2196/4620/4491 2098/4621/4492
f 2098/4621/4492 2196/4620/4491 2195/4622/4493
f 2098/4621/4492 2195/4622/4493 2187/4623/4494
f 2187/4623/4494 2195/4622/4493 2188/4624/4495
f 2188/4624/4495 2195/4622/4493 2189/4625/4496
f 2189/4625/4496 2195/4622/4493 2190/4626/4497
f 2190/4626/4497 2195/4622/4493 2191/4627/4498
f 2191/4627/4498 2195/4622/4493 2192/4628/4499
f 2192/4628/4499 2195/4622/4493 2193/4629/4500
f 2193/4629/4500 2195/4622/4493 2194/4630/4501
f 2097/4619/4490 2096/4631/4502 2143/4617/4488
f 2143/4617/4488 2096/4631/4502 2134/4632/4503
f 2134/4632/4503 2096/4631/4502 2095/4633/4504
f 2134/4632/4503 2095/4633/4504 2135/4634/4505
f 2135/4634/4505 2095/4633/4504 2094/4635/4506
f 2135/4634/4505 2094/4635/4506 2136/4636/4507
f 2136/4636/4507 2094/4635/4506 2093/4637/4508
f 2136/4636/4507 2093/4637/4508 2092/4638/4509
f 2136/4636/4507 2092/4638/4509 2137/4639/4510
f 2137/4639/4510 2092/4638/4509 2091/4640/4511
f 2137/4639/4510 2091/4640/4511 2110/4641/4512
f 2110/4641/4512 2091/4640/4511 2090/4642/4513
f 2110/4641/4512 2090/4642/4513 2111/4643/4514
f 2111/4643/4514 2090/4642/4513 2108/4644/4515
f 2111/4643/4514 2108/4644/4515 2112/4645/4516
f 2112/4645/4516 2108/4644/4515 2113/4646/4517
f 2113/4646/4517 2108/4644/4515 2114/4647/4518
f 2114/4647/4518 2108/4644/4515 2115/4648/4519
f 2115/4648/4519 2108/4644/4515 2116/4649/4520
f 2116/4649/4520 2108/4644/4515 2117/4650/4521
f 2117/4650/4521 2108/4644/4515 2118/4651/4522
f 2118/4651/4522 2108/4644/4515 2119/4652/4523
f 2119/4652/4523 2108/4644/4515 2120/4653/4524
f 2120/4653/4524 2108/4644/4515 2121/4654/4525
f 851/4655/4526 1457/4656/4527 828/4657/4528
f 828/4657/4528 1457/4656/4527 1456/4658/4529
f 828/4657/4528 1456/4658/4529 829/4659/4530
f 829/4659/4530 1456/4658/4529 1455/4660/4531
f 829/4659/4530 1455/4660/4531 830/4661/4532
f 830/4661/4532 1455/4660/4531 1454/4662/4533
f 830/4661/4532 1454/4662/4533 831/4663/4534
f 831/4663/4534 1454/4662/4533 1453/4664/4535
f 831/4663/4534 1453/4664/4535 832/4665/4536
f 832/4665/4536 1453/4664/4535 1452/4666/4537
f 832/4665/4536 1452/4666/4537 833/4667/4538
f 833/4667/4538 1452/4666/4537 1451/4668/4539
f 833/4667/4538 1451/4668/4539 834/4669/4540
f 834/4669/4540 1451/4668/4539 1450/4670/4541
f 834/4669/4540 1450/4670/4541 835/4671/4542
f 835/4671/4542 1450/4670/4541 1449/4672/4543
f 835/4671/4542 1449/4672/4543 836/4673/4544
f 836/4673/4544 1449/4672/4543 1448/4674/4545
f 836/4673/4544 1448/4674/4545 837/4675/4546
f 837/4675/4546 1448/4674/4545 1447/4676/4547
f 837/4675/4546 1447/4676/4547 1446/4677/4548
f 1457/4656/4527 851/4655/4526 1458/4678/4549
f 1458/4678/4549 851/4655/4526 850/4679/4550
f 1458/4678/4549 850/4679/4550 1459/4680/4551
f 1459/4680/4551 850/4679/4550 849/4681/4552
f 1459/4680/4551 849/4681/4552 848/4682/4553
f 1459/4680/4551 848/4682/4553 1460/4683/4554
f 1460/4683/4554 848/4682/4553 847/4684/4555
f 1460/4683/4554 847/4684/4555 1461/4685/4556
f 1461/4685/4556 847/4684/4555 846/4686/4557
f 1461/4685/4556 846/4686/4557 1462/4687/4558
f 1462/4687/4558 846/4686/4557 845/4688/4559
f 1462/4687/4558 845/4688/4559 1463/4689/4560
f 1463/4689/4560 845/4688/4559 844/4690/4561
f 1463/4689/4560 844/4690/4561 1464/4691/4562
f 1464/4691/4562 844/4690/4561 843/4692/4563
f 1464/4691/4562 843/4692/4563 1465/4693/4564
f 1465/4693/4564 843/4692/4563 842/4694/4565
f 1465/4693/4564 842/4694/4565 1466/4695/4566
f 1466/4695/4566 842/4694/4565 841/4696/4567
f 1466/4695/4566 841/4696/4567 1467/4697/4568
f 1467/4697/4568 841/4696/4567 840/4698/4569
f 1467/4697/4568 840/4698/4569 1444/4699/4570
f 1444/4699/4570 840/4698/4569 839/4700/4571
f 1444/4699/4570 839/4700/4571 1445/4701/4572
f 1445/4701/4572 839/4700/4571 838/4702/4573
f 1445/4701/4572 838/4702/4573 1446/4677/4548
f 1446/4677/4548 838/4702/4573 837/4675/4546
f 803/4703/4574 1505/4704/4575 780/4705/4576
f 780/4705/4576 1505/4704/4575 1504/4706/4577
f 780/4705/4576 1504/4706/4577 781/4707/4578
f 781/4707/4578 1504/4706/4577 1503/4708/4579
f 781/4707/4578 1503/4708/4579 1502/4709/4580
f 1505/4704/4575 803/4703/4574 1506/4710/4581
f 1506/4710/4581 803/4703/4574 802/4711/4582
f 1506/4710/4581 802/4711/4582 1507/4712/4583
f 1507/4712/4583 802/4711/4582 801/4713/4584
f 1507/4712/4583 801/4713/4584 1508/4714/4585
f 1508/4714/4585 801/4713/4584 800/4715/4586
f 1508/4714/4585 800/4715/4586 1509/4716/4587
f 1509/4716/4587 800/4715/4586 799/4717/4588
f 1509/4716/4587 799/4717/4588 1510/4718/4589
f 1510/4718/4589 799/4717/4588 798/4719/4590
f 1510/4718/4589 798/4719/4590 797/4720/4591
f 1510/4718/4589 797/4720/4591 1511/4721/4592
f 1511/4721/4592 797/4720/4591 796/4722/4593
f 1511/4721/4592 796/4722/4593 1512/4723/4594
f 1512/4723/4594 796/4722/4593 795/4724/4595
f 1512/4723/4594 795/4724/4595 1513/4725/4596
f 1513/4725/4596 795/4724/4595 794/4726/4597
f 1513/4725/4596 794/4726/4597 1514/4727/4598
f 1514/4727/4598 794/4726/4597 793/4728/4599
f 1514/4727/4598 793/4728/4599 1515/4729/4600
f 1515/4729/4600 793/4728/4599 792/4730/4601
f 1515/4729/4600 792/4730/4601 1492/4731/4602
f 1492/4731/4602 792/4730/4601 1493/4732/4603
f 1493/4732/4603 792/4730/4601 791/4733/4604
f 1493/4732/4603 791/4733/4604 1494/4734/4605
f 1494/4734/4605 791/4733/4604 790/4735/4606
f 1494/4734/4605 790/4735/4606 1495/4736/4607
f 1495/4736/4607 790/4735/4606 789/4737/4608
f 1495/4736/4607 789/4737/4608 1496/4738/4609
f 1496/4738/4609 789/4737/4608 788/4739/4610
f 1496/4738/4609 788/4739/4610 1497/4740/4611
f 1497/4740/4611 788/4739/4610 787/4741/4612
f 1497/4740/4611 787/4741/4612 1498/4742/4613
f 1498/4742/4613 787/4741/4612 786/4743/4614
f 1498/4742/4613 786/4743/4614 785/4744/4615
f 1498/4742/4613 785/4744/4615 1499/4745/4616
f 1499/4745/4616 785/4744/4615 784/4746/4617
f 1499/4745/4616 784/4746/4617 1500/4747/4618
f 1500/4747/4618 784/4746/4617 783/4748/4619
f 1500/4747/4618 783/4748/4619 1501/4749/4620
f 1501/4749/4620 783/4748/4619 782/4750/4621
f 1501/4749/4620 782/4750/4621 1502/4709/4580
f 1502/4709/4580 782/4750/4621 781/4707/4578
f 1637/4751/4622 1625/4752/4623 1638/4753/4624
f 1638/4753/4624 1625/4752/4623 1537/4754/4625
f 1638/4753/4624 1537/4754/4625 1772/4755/4626
f 1772/4755/4626 1537/4754/4625 1536/4756/4627
f 1772/4755/4626 1536/4756/4627 1535/4757/4628
f 1637/4751/4622 1636/4758/4629 1625/4752/4623
f 1625/4752/4623 1636/4758/4629 1635/4759/4630
f 1625/4752/4623 1635/4759/4630 1634/4760/4631
f 1634/4760/4631 1633/4761/4632 1625/4752/4623
f 1625/4752/4623 1633/4761/4632 1632/4762/4633
f 1625/4752/4623 1632/4762/4633 1631/4763/4634
f 1631/4763/4634 1630/4764/4635 1625/4752/4623
f 1625/4752/4623 1630/4764/4635 1626/4765/4636
f 1626/4765/4636 1630/4764/4635 1629/4766/4637
f 1626/4765/4636 1629/4766/4637 1628/4767/4638
f 1628/4767/4638 1627/4768/4639 1626/4765/4636
f 1719/4769/4640 1539/4770/4641 1625/4752/4623
f 1625/4752/4623 1539/4770/4641 1538/4771/4642
f 1625/4752/4623 1538/4771/4642 1537/4754/4625
f 1752/4772/4643 1519/4773/4644 1719/4769/4640
f 1719/4769/4640 1519/4773/4644 1518/4774/4645
f 1719/4769/4640 1518/4774/4645 1517/4775/4646
f 1763/4776/4647 1521/4777/4648 1752/4772/4643
f 1752/4772/4643 1521/4777/4648 1520/4778/4649
f 1752/4772/4643 1520/4778/4649 1519/4773/4644
f 1521/4777/4648 1763/4776/4647 1522/4779/4650
f 1522/4779/4650 1763/4776/4647 1762/4780/4651
f 1522/4779/4650 1762/4780/4651 1523/4781/4652
f 1523/4781/4652 1762/4780/4651 1761/4782/4653
f 1523/4781/4652 1761/4782/4653 1524/4783/4654
f 1524/4783/4654 1761/4782/4653 1760/4784/4655
f 1524/4783/4654 1760/4784/4655 1525/4785/4656
f 1525/4785/4656 1760/4784/4655 1759/4786/4657
f 1525/4785/4656 1759/4786/4657 1526/4787/4658
f 1526/4787/4658 1759/4786/4657 1758/4788/4659
f 1526/4787/4658 1758/4788/4659 1527/4789/4660
f 1527/4789/4660 1758/4788/4659 1757/4790/4661
f 1527/4789/4660 1757/4790/4661 1528/4791/4662
f 1528/4791/4662 1757/4790/4661 1756/4792/4663
f 1528/4791/4662 1756/4792/4663 1529/4793/4664
f 1529/4793/4664 1756/4792/4663 1530/4794/4665
f 1530/4794/4665 1756/4792/4663 1531/4795/4666
f 1531/4795/4666 1756/4792/4663 1532/4796/4667
f 1532/4796/4667 1756/4792/4663 1772/4755/4626
f 1532/4796/4667 1772/4755/4626 1533/4797/4668
f 1533/4797/4668 1772/4755/4626 1534/4798/4669
f 1534/4798/4669 1772/4755/4626 1535/4757/4628
f 1781/4799/4670 1780/4800/4671 1772/4755/4626
f 1772/4755/4626 1780/4800/4671 1779/4801/4672
f 1772/4755/4626 1779/4801/4672 1778/4802/4673
f 1778/4802/4673 1777/4803/4674 1772/4755/4626
f 1772/4755/4626 1777/4803/4674 1776/4804/4675
f 1772/4755/4626 1776/4804/4675 1775/4805/4676
f 1742/4806/4677 1482/4807/4678 1775/4805/4676
f 1775/4805/4676 1482/4807/4678 1481/4808/4679
f 1775/4805/4676 1481/4808/4679 1480/4809/4680
f 1741/4810/4681 1486/4811/4682 1742/4806/4677
f 1742/4806/4677 1486/4811/4682 1485/4812/4683
f 1742/4806/4677 1485/4812/4683 1484/4813/4684
f 1486/4811/4682 1741/4810/4681 1487/4814/4685
f 1487/4814/4685 1741/4810/4681 1740/4815/4686
f 1487/4814/4685 1740/4815/4686 1488/4816/4687
f 1488/4816/4687 1740/4815/4686 1739/4817/4688
f 1488/4816/4687 1739/4817/4688 1489/4818/4689
f 1489/4818/4689 1739/4817/4688 1738/4819/4690
f 1489/4818/4689 1738/4819/4690 1490/4820/4691
f 1490/4820/4691 1738/4819/4690 1737/4821/4692
f 1490/4820/4691 1737/4821/4692 1491/4822/4693
f 1491/4822/4693 1737/4821/4692 1736/4823/4694
f 1491/4822/4693 1736/4823/4694 1468/4824/4695
f 1468/4824/4695 1736/4823/4694 1735/4825/4696
f 1468/4824/4695 1735/4825/4696 1469/4826/4697
f 1469/4826/4697 1735/4825/4696 1710/4827/4698
f 1469/4826/4697 1710/4827/4698 1470/4828/4699
f 1470/4828/4699 1710/4827/4698 1471/4829/4700
f 1471/4829/4700 1710/4827/4698 1472/4830/4701
f 1472/4830/4701 1710/4827/4698 1638/4753/4624
f 1472/4830/4701 1638/4753/4624 1473/4831/4702
f 1473/4831/4702 1638/4753/4624 1474/4832/4703
f 1474/4832/4703 1638/4753/4624 1475/4833/4704
f 1475/4833/4704 1638/4753/4624 1476/4834/4705
f 1476/4834/4705 1638/4753/4624 1477/4835/4706
f 1477/4835/4706 1638/4753/4624 1478/4836/4707
f 1478/4836/4707 1638/4753/4624 1775/4805/4676
f 1478/4836/4707 1775/4805/4676 1479/4837/4708
f 1479/4837/4708 1775/4805/4676 1480/4809/4680
f 1517/4775/4646 1516/4838/4709 1719/4769/4640
f 1719/4769/4640 1516/4838/4709 1539/4770/4641
f 1484/4813/4684 1483/4839/4710 1742/4806/4677
f 1742/4806/4677 1483/4839/4710 1482/4807/4678
f 1772/4755/4626 1775/4805/4676 1638/4753/4624
f 755/4840/4711 1601/4841/4712 732/4842/4713
f 732/4842/4713 1601/4841/4712 1600/4843/4714
f 732/4842/4713 1600/4843/4714 733/4844/4715
f 733/4844/4715 1600/4843/4714 1623/4845/4716
f 733/4844/4715 1623/4845/4716 1622/4846/4717
f 1601/4841/4712 755/4840/4711 1602/4847/4718
f 1602/4847/4718 755/4840/4711 754/4848/4719
f 1602/4847/4718 754/4848/4719 1603/4849/4720
f 1603/4849/4720 754/4848/4719 753/4850/4721
f 1603/4849/4720 753/4850/4721 1604/4851/4722
f 1604/4851/4722 753/4850/4721 752/4852/4723
f 1604/4851/4722 752/4852/4723 1605/4853/4724
f 1605/4853/4724 752/4852/4723 751/4854/4725
f 1605/4853/4724 751/4854/4725 1606/4855/4726
f 1606/4855/4726 751/4854/4725 750/4856/4727
f 1606/4855/4726 750/4856/4727 749/4857/4728
f 1606/4855/4726 749/4857/4728 1607/4858/4729
f 1607/4858/4729 749/4857/4728 748/4859/4730
f 1607/4858/4729 748/4859/4730 1608/4860/4731
f 1608/4860/4731 748/4859/4730 747/4861/4732
f 1608/4860/4731 747/4861/4732 1609/4862/4733
f 1609/4862/4733 747/4861/4732 746/4863/4734
f 1609/4862/4733 746/4863/4734 1610/4864/4735
f 1610/4864/4735 746/4863/4734 745/4865/4736
f 1610/4864/4735 745/4865/4736 1611/4866/4737
f 1611/4866/4737 745/4865/4736 744/4867/4738
f 1611/4866/4737 744/4867/4738 1612/4868/4739
f 1612/4868/4739 744/4867/4738 1613/4869/4740
f 1613/4869/4740 744/4867/4738 743/4870/4741
f 1613/4869/4740 743/4870/4741 1614/4871/4742
f 1614/4871/4742 743/4870/4741 742/4872/4743
f 1614/4871/4742 742/4872/4743 1615/4873/4744
f 1615/4873/4744 742/4872/4743 741/4874/4745
f 1615/4873/4744 741/4874/4745 1616/4875/4746
f 1616/4875/4746 741/4874/4745 740/4876/4747
f 1616/4875/4746 740/4876/4747 1617/4877/4748
f 1617/4877/4748 740/4876/4747 739/4878/4749
f 1617/4877/4748 739/4878/4749 1618/4879/4750
f 1618/4879/4750 739/4878/4749 738/4880/4751
f 1618/4879/4750 738/4880/4751 737/4881/4752
f 1618/4879/4750 737/4881/4752 1619/4882/4753
f 1619/4882/4753 737/4881/4752 736/4883/4754
f 1619/4882/4753 736/4883/4754 1620/4884/4755
f 1620/4884/4755 736/4883/4754 735/4885/4756
f 1620/4884/4755 735/4885/4756 1621/4886/4757
f 1621/4886/4757 735/4885/4756 734/4887/4758
f 1621/4886/4757 734/4887/4758 1622/4846/4717
f 1622/4846/4717 734/4887/4758 733/4844/4715
# 2300 vertices
# 4887 texture params
# 4758 normals
# 4632 facets

# 3 groups
